item_id,order_id,product_id,quantity,unit_price
1,10979,469,2,1716.73
2,14962,136,5,5846.66
3,11130,92,1,8797.95
4,7474,428,5,1211.53
5,8255,320,4,7113.73
6,7585,420,1,968.02
7,7945,341,2,6881.86
8,12577,362,3,9726.31
9,1704,231,1,1578.47
10,3102,254,1,8610.26
11,10062,210,3,4078.3
12,7392,180,4,7937.75
13,6040,254,4,8610.26
14,9177,214,3,8463.2
15,640,114,3,3570.81
16,8509,101,2,6090.24
17,5903,442,3,722.71
18,8153,44,5,3917.55
19,8890,140,4,621.76
20,13757,12,1,3492.99
21,1944,208,4,8638.99
22,1253,213,2,3800.6
23,2667,108,4,1734.18
24,914,238,3,8127.0
25,5807,392,5,557.07
26,3768,63,2,5383.93
27,4240,104,4,4430.26
28,538,275,5,8842.88
29,12559,258,3,9737.13
30,975,381,5,3904.17
31,9720,291,5,5087.5
32,4960,143,2,5350.83
33,14798,485,3,8787.67
34,13758,393,2,9148.93
35,9236,406,1,5823.84
36,13761,96,5,2678.45
37,3244,403,1,4023.58
38,14006,190,4,1021.97
39,4666,414,4,8456.47
40,12295,458,1,1066.87
41,7556,266,2,4135.03
42,7671,385,3,9715.08
43,5506,144,4,1912.27
44,9852,3,5,6914.47
45,1223,242,4,7663.19
46,12373,430,5,5913.18
47,8537,312,3,7979.12
48,8528,481,5,4000.0
49,4627,297,5,6822.62
50,11530,63,4,5383.93
51,12297,15,5,3870.03
52,8977,292,5,6604.75
53,177,465,5,9276.0
54,2419,164,2,8667.88
55,13258,86,4,4357.67
56,2880,46,4,8792.03
57,3211,264,2,9277.81
58,9171,67,4,9629.35
59,8776,444,3,7201.79
60,890,210,5,4078.3
61,5128,499,5,3186.27
62,10077,408,3,8941.62
63,3362,415,4,2187.71
64,2508,149,1,938.71
65,9352,183,5,5880.7
66,9227,189,3,8899.99
67,4426,239,5,1994.61
68,350,18,5,1342.37
69,10106,488,5,6635.81
70,14496,302,2,256.64
71,14803,424,1,9131.51
72,3704,419,1,2984.31
73,8955,24,5,8996.96
74,3394,169,3,1462.57
75,381,385,4,9715.08
76,94,487,2,6550.82
77,6611,402,4,2303.92
78,12839,222,3,9786.82
79,1293,380,1,4507.23
80,9024,310,4,5989.12
81,8704,319,5,3953.51
82,7725,497,5,4248.99
83,14912,114,3,3570.81
84,11285,322,5,6758.75
85,7292,332,2,2539.39
86,9523,341,2,6881.86
87,2443,386,2,3146.12
88,1245,174,4,7399.81
89,9826,183,4,5880.7
90,13794,459,4,1906.15
91,182,370,2,8466.61
92,11664,459,5,1906.15
93,4527,473,1,4297.32
94,10779,95,3,3387.4
95,10055,371,5,2310.72
96,1707,381,4,3904.17
97,9175,172,3,8002.21
98,14486,193,2,1281.1
99,9520,455,3,1899.28
100,6783,91,3,7135.75
101,1824,248,4,5592.3
102,10019,136,5,5846.66
103,14729,53,1,7460.59
104,9220,272,2,4556.48
105,4625,495,1,6702.94
106,3772,223,1,6357.32
107,3261,396,3,8634.83
108,14892,154,3,7802.63
109,412,298,3,8878.51
110,3941,435,3,9744.01
111,4879,393,3,9148.93
112,2649,51,2,8177.56
113,6506,261,5,980.67
114,14180,203,5,8511.61
115,9081,491,4,7055.9
116,4513,266,3,4135.03
117,6484,284,2,9324.98
118,13086,10,4,395.33
119,4285,338,3,9668.48
120,11142,424,1,9131.51
121,12782,457,5,9921.34
122,812,145,1,6422.41
123,546,478,4,6425.58
124,13590,424,1,9131.51
125,4366,333,1,3312.61
126,9364,471,5,3581.14
127,11501,287,4,200.71
128,3448,160,3,451.76
129,6067,192,3,8165.24
130,13028,354,2,7095.06
131,14143,152,2,9565.43
132,7711,261,2,980.67
133,7210,273,2,6942.27
134,11608,468,2,4653.8
135,14272,216,4,3464.18
136,10955,378,3,3236.96
137,242,465,1,9276.0
138,11832,471,1,3581.14
139,8731,44,4,3917.55
140,223,104,2,4430.26
141,1222,208,2,8638.99
142,11174,429,2,4716.21
143,4321,6,3,2683.41
144,12831,159,4,1801.45
145,1391,384,4,7551.73
146,13126,462,2,9857.56
147,9703,321,1,9739.1
148,11992,6,3,2683.41
149,9179,374,2,9108.7
150,4402,466,4,2173.99
151,6248,494,3,3573.94
152,11230,436,5,6908.99
153,11856,256,2,8632.64
154,4546,142,2,6545.75
155,452,39,2,3738.32
156,11984,382,1,2606.69
157,6276,22,1,1658.35
158,14088,342,4,6063.95
159,13907,229,5,1133.55
160,4133,480,4,5205.62
161,7344,14,4,7643.58
162,4431,258,4,9737.13
163,5371,317,5,9246.11
164,4083,410,1,9139.34
165,12106,319,2,3953.51
166,14817,402,2,2303.92
167,2445,314,4,9504.99
168,8295,234,3,5838.32
169,4168,431,4,7429.75
170,9654,303,5,9299.69
171,9470,41,2,6972.61
172,4205,425,5,3696.53
173,5137,51,1,8177.56
174,1027,359,3,4809.77
175,12435,336,5,7047.79
176,3024,243,4,3831.51
177,8857,131,2,884.97
178,6517,253,4,6781.48
179,4806,146,1,4918.85
180,3887,91,3,7135.75
181,4103,223,5,6357.32
182,2296,494,4,3573.94
183,1372,320,2,7113.73
184,13355,363,3,6816.26
185,2476,125,2,2911.91
186,11508,276,3,2146.27
187,5723,66,1,6722.57
188,11301,464,4,8934.52
189,10603,342,3,6063.95
190,13524,47,1,6387.23
191,1901,65,5,7934.0
192,10235,464,1,8934.52
193,10369,460,2,4289.39
194,2789,143,5,5350.83
195,11181,30,4,7899.0
196,1351,459,2,1906.15
197,7424,188,4,5330.51
198,277,498,4,6884.43
199,13309,14,1,7643.58
200,12217,416,2,6564.11
201,569,14,5,7643.58
202,3133,285,1,3933.55
203,2445,85,2,2064.18
204,2805,463,5,7898.4
205,6554,499,1,3186.27
206,3936,371,5,2310.72
207,13752,359,2,4809.77
208,10303,409,5,5767.52
209,3603,288,5,6906.22
210,2380,324,2,2208.08
211,8404,426,1,3257.04
212,6234,104,1,4430.26
213,9991,66,4,6722.57
214,10062,342,2,6063.95
215,10460,144,1,1912.27
216,4452,235,5,8300.53
217,8274,439,3,3081.57
218,10990,71,5,1415.95
219,324,168,3,1657.22
220,9453,387,1,7256.07
221,7822,330,3,9882.58
222,11311,66,4,6722.57
223,5131,435,2,9744.01
224,7482,418,1,4286.55
225,6180,65,5,7934.0
226,3312,124,5,8055.13
227,7716,61,5,1207.44
228,6628,101,3,6090.24
229,9268,380,2,4507.23
230,3473,174,4,7399.81
231,2602,196,2,3830.25
232,14857,145,1,6422.41
233,2538,486,4,9524.97
234,6044,21,2,9286.01
235,12751,229,2,1133.55
236,7700,290,5,1424.2
237,7748,68,2,4687.17
238,4547,373,1,5173.76
239,13388,131,4,884.97
240,2284,48,3,1838.87
241,10911,267,3,9197.24
242,10635,36,1,5763.51
243,2743,291,1,5087.5
244,4842,243,2,3831.51
245,6775,37,2,5308.22
246,12361,243,4,3831.51
247,14997,181,3,5638.45
248,3133,390,4,1940.5
249,5512,263,3,2663.77
250,380,125,5,2911.91
251,3902,219,4,6055.1
252,8258,403,3,4023.58
253,5711,303,5,9299.69
254,183,383,4,5157.46
255,4320,341,4,6881.86
256,10031,173,4,3149.12
257,13818,419,4,2984.31
258,1152,293,2,8242.9
259,2816,328,1,8910.25
260,5275,193,3,1281.1
261,9227,88,3,8219.74
262,5309,439,4,3081.57
263,3558,53,2,7460.59
264,4573,75,2,8352.41
265,230,142,3,6545.75
266,5818,112,1,8874.43
267,5282,325,5,4799.01
268,11170,456,2,8200.2
269,4893,128,4,1686.89
270,3587,283,5,5067.19
271,13728,309,3,6463.56
272,5455,422,4,9215.56
273,9179,452,3,7515.99
274,3862,284,2,9324.98
275,11973,62,3,2223.61
276,4738,26,2,482.02
277,9968,39,3,3738.32
278,6648,239,1,1994.61
279,8758,372,1,1234.45
280,12429,416,5,6564.11
281,6107,498,1,6884.43
282,1224,16,2,8266.92
283,4339,210,4,4078.3
284,13690,197,5,6070.18
285,3527,463,1,7898.4
286,3267,480,5,5205.62
287,6274,244,1,1081.56
288,12094,355,4,8627.33
289,12942,233,1,4748.37
290,816,327,5,9601.35
291,11242,438,4,9206.62
292,1896,483,1,9066.19
293,604,462,3,9857.56
294,9024,469,4,1716.73
295,330,277,1,2568.61
296,8409,343,3,3581.46
297,11238,114,1,3570.81
298,7395,20,2,5418.04
299,14521,134,1,5480.33
300,11379,329,2,1250.04
301,3483,127,1,5911.04
302,3150,307,1,4019.4
303,7910,406,5,5823.84
304,1520,358,5,3041.52
305,8303,495,3,6702.94
306,9280,309,1,6463.56
307,7070,254,3,8610.26
308,9110,439,3,3081.57
309,771,442,1,722.71
310,5602,463,5,7898.4
311,4840,33,4,968.15
312,5924,384,3,7551.73
313,10323,253,2,6781.48
314,13078,364,3,9723.49
315,1425,442,2,722.71
316,1624,409,4,5767.52
317,14433,404,1,3218.34
318,4250,282,2,6977.05
319,3259,188,2,5330.51
320,12024,500,1,9839.38
321,4399,406,1,5823.84
322,698,386,3,3146.12
323,14482,253,3,6781.48
324,7198,20,4,5418.04
325,8282,69,4,8226.4
326,6888,245,1,8611.56
327,12115,228,1,604.91
328,14825,112,5,8874.43
329,13262,288,3,6906.22
330,5706,424,4,9131.51
331,12276,469,2,1716.73
332,4579,373,5,5173.76
333,11379,172,4,8002.21
334,7759,376,2,258.42
335,12168,214,1,8463.2
336,14032,500,2,9839.38
337,4616,247,5,1511.4
338,11467,28,4,966.94
339,7898,419,3,2984.31
340,10458,22,1,1658.35
341,227,227,4,5782.67
342,10174,401,4,276.76
343,12049,416,3,6564.11
344,6157,244,4,1081.56
345,1339,110,2,1178.02
346,3403,148,1,6826.23
347,11752,136,4,5846.66
348,1655,205,3,4022.8
349,11686,386,4,3146.12
350,8433,222,2,9786.82
351,13058,54,3,7895.72
352,9038,220,5,4181.4
353,14188,462,3,9857.56
354,3791,17,4,7305.81
355,8368,176,2,8922.31
356,12632,401,4,276.76
357,7710,110,5,1178.02
358,14381,287,2,200.71
359,8418,303,3,9299.69
360,5400,145,2,6422.41
361,5705,284,1,9324.98
362,10572,75,1,8352.41
363,5906,324,3,2208.08
364,12840,341,2,6881.86
365,13034,239,3,1994.61
366,2958,291,1,5087.5
367,6341,459,3,1906.15
368,5522,136,5,5846.66
369,2435,365,2,1850.05
370,518,387,3,7256.07
371,1937,215,4,5828.57
372,11657,367,5,2146.49
373,7376,460,4,4289.39
374,14570,233,3,4748.37
375,14522,89,1,2158.02
376,4103,104,3,4430.26
377,7569,200,5,2884.6
378,3919,26,3,482.02
379,422,48,4,1838.87
380,9327,458,1,1066.87
381,3482,9,1,9075.61
382,3396,461,2,798.26
383,11619,110,3,1178.02
384,10593,112,4,8874.43
385,5574,28,3,966.94
386,1237,303,1,9299.69
387,125,191,2,647.57
388,448,345,3,7840.69
389,11377,319,1,3953.51
390,6485,136,5,5846.66
391,2321,382,5,2606.69
392,4796,442,4,722.71
393,6275,255,2,8283.02
394,7114,60,5,8583.96
395,13624,467,5,2506.92
396,8585,139,2,8246.2
397,11573,53,2,7460.59
398,11301,26,4,482.02
399,8873,457,3,9921.34
400,8925,164,4,8667.88
401,3975,137,4,2848.21
402,14070,72,1,879.52
403,42,21,4,9286.01
404,9367,28,1,966.94
405,8962,454,1,3126.41
406,624,415,1,2187.71
407,8903,472,1,8162.55
408,6869,284,4,9324.98
409,8583,434,5,3167.56
410,9311,429,5,4716.21
411,73,104,4,4430.26
412,4842,18,1,1342.37
413,3182,244,4,1081.56
414,9703,186,3,7246.03
415,8851,294,1,1759.3
416,8749,72,1,879.52
417,12608,210,5,4078.3
418,13210,318,5,1060.93
419,13952,251,1,2903.35
420,1818,33,3,968.15
421,256,319,2,3953.51
422,9783,290,4,1424.2
423,9429,321,3,9739.1
424,10260,319,3,3953.51
425,1512,315,4,7046.48
426,2821,206,2,2172.19
427,4229,129,1,6571.12
428,9381,391,4,245.15
429,2603,348,5,3047.9
430,11662,217,5,9900.58
431,9579,172,3,8002.21
432,5047,44,3,3917.55
433,14441,470,3,7905.83
434,5598,2,5,732.43
435,4874,449,4,7816.26
436,5607,177,3,1840.37
437,13006,13,3,7258.78
438,9461,494,5,3573.94
439,11850,70,2,8962.34
440,13785,267,5,9197.24
441,3992,261,3,980.67
442,13008,426,5,3257.04
443,943,247,4,1511.4
444,3485,234,1,5838.32
445,566,414,4,8456.47
446,8980,455,1,1899.28
447,8197,35,2,1741.5
448,2601,164,1,8667.88
449,3139,163,3,1948.49
450,3608,154,2,7802.63
451,6166,116,4,2672.92
452,12222,170,1,2257.83
453,9328,375,1,6848.53
454,8484,32,3,5922.14
455,12322,324,5,2208.08
456,4151,117,2,3613.97
457,7132,454,3,3126.41
458,8629,229,5,1133.55
459,10605,327,3,9601.35
460,134,438,3,9206.62
461,11261,87,5,2322.38
462,13853,351,4,5555.13
463,8104,330,3,9882.58
464,11518,188,2,5330.51
465,2703,240,5,9176.21
466,8696,369,3,8266.36
467,4717,115,3,8618.7
468,2428,19,4,5022.81
469,2983,142,1,6545.75
470,5279,193,4,1281.1
471,9888,316,4,5796.51
472,13460,81,4,3619.81
473,7637,386,3,3146.12
474,13138,441,2,2052.86
475,14366,256,3,8632.64
476,12019,122,3,8180.09
477,7557,242,5,7663.19
478,11973,488,3,6635.81
479,8409,182,2,576.46
480,3015,492,5,9608.88
481,9119,43,2,3765.59
482,10068,116,1,2672.92
483,7273,307,4,4019.4
484,9316,66,1,6722.57
485,13595,12,5,3492.99
486,7280,193,2,1281.1
487,13679,293,3,8242.9
488,477,419,4,2984.31
489,8776,277,4,2568.61
490,8358,402,2,2303.92
491,4813,264,2,9277.81
492,6508,382,3,2606.69
493,13510,244,2,1081.56
494,14512,447,1,2000.99
495,14414,73,4,9210.64
496,13248,395,5,5403.61
497,3342,57,2,6056.87
498,9562,364,2,9723.49
499,9672,261,1,980.67
500,12498,494,3,3573.94
501,3662,359,2,4809.77
502,2313,396,4,8634.83
503,1741,57,5,6056.87
504,1894,235,3,8300.53
505,14225,413,2,202.63
506,1370,134,3,5480.33
507,6555,158,5,9478.85
508,8011,293,3,8242.9
509,2750,85,3,2064.18
510,4449,223,4,6357.32
511,1209,95,1,3387.4
512,2602,276,1,2146.27
513,5035,487,1,6550.82
514,12218,231,5,1578.47
515,7275,215,5,5828.57
516,12570,492,1,9608.88
517,11835,471,4,3581.14
518,6199,287,3,200.71
519,13652,104,4,4430.26
520,9432,1,1,6315.21
521,2480,206,5,2172.19
522,6620,399,4,5584.71
523,7316,445,4,4601.52
524,3883,250,1,9260.34
525,1238,234,4,5838.32
526,11726,254,4,8610.26
527,12284,364,2,9723.49
528,1718,402,3,2303.92
529,7008,156,3,7160.7
530,6850,465,2,9276.0
531,12047,244,5,1081.56
532,8371,72,2,879.52
533,8874,278,4,8996.64
534,3457,86,1,4357.67
535,14750,193,1,1281.1
536,10664,371,3,2310.72
537,11781,128,4,1686.89
538,2529,395,4,5403.61
539,1751,300,3,1815.98
540,12167,365,1,1850.05
541,3287,322,5,6758.75
542,9485,447,5,2000.99
543,357,353,3,3759.57
544,3694,315,5,7046.48
545,122,66,5,6722.57
546,341,157,1,7290.81
547,7638,147,4,8276.67
548,12598,304,3,466.87
549,9191,135,4,5819.88
550,9117,356,1,2763.96
551,2269,167,4,4172.77
552,3307,430,2,5913.18
553,4642,98,1,4922.59
554,10209,375,4,6848.53
555,3319,86,3,4357.67
556,7126,259,5,6946.2
557,10807,91,3,7135.75
558,12375,63,5,5383.93
559,4930,23,3,1685.18
560,8633,203,4,8511.61
561,6681,407,4,5006.35
562,6566,365,4,1850.05
563,7159,443,2,9035.35
564,5903,141,2,1098.86
565,1816,282,3,6977.05
566,4375,275,5,8842.88
567,4040,484,3,322.48
568,5268,84,5,8556.86
569,4169,288,2,6906.22
570,9026,30,3,7899.0
571,13800,145,1,6422.41
572,3311,9,4,9075.61
573,7020,74,3,199.13
574,461,35,1,1741.5
575,3298,489,5,3207.62
576,8332,63,2,5383.93
577,6499,359,2,4809.77
578,2904,463,5,7898.4
579,1203,154,3,7802.63
580,8457,183,1,5880.7
581,7263,160,1,451.76
582,8965,142,1,6545.75
583,8428,113,5,9827.8
584,11626,455,3,1899.28
585,5949,167,1,4172.77
586,13196,81,2,3619.81
587,9720,271,5,9644.3
588,5160,14,5,7643.58
589,12263,422,1,9215.56
590,421,367,1,2146.49
591,8234,79,5,9929.03
592,1540,148,2,6826.23
593,1002,447,1,2000.99
594,7142,386,5,3146.12
595,6227,9,5,9075.61
596,4711,314,2,9504.99
597,2058,105,3,328.39
598,10910,93,4,2028.54
599,3872,51,1,8177.56
600,12947,214,5,8463.2
601,14614,207,3,4423.45
602,2558,499,3,3186.27
603,2032,134,3,5480.33
604,11423,480,2,5205.62
605,11648,384,4,7551.73
606,1447,158,4,9478.85
607,10914,486,2,9524.97
608,9710,103,2,4032.63
609,14827,203,3,8511.61
610,14646,353,3,3759.57
611,5188,415,3,2187.71
612,8275,59,5,3468.76
613,6371,232,3,3261.51
614,6303,191,1,647.57
615,730,225,5,1137.36
616,4765,443,4,9035.35
617,6616,365,1,1850.05
618,12280,212,3,1848.43
619,3538,485,5,8787.67
620,7716,434,5,3167.56
621,7428,342,2,6063.95
622,13563,241,4,9266.89
623,3149,83,1,9659.08
624,11968,333,4,3312.61
625,13296,96,2,2678.45
626,10222,312,2,7979.12
627,6641,487,1,6550.82
628,4137,313,4,4182.64
629,11431,237,1,5827.48
630,966,244,3,1081.56
631,422,452,5,7515.99
632,10022,466,4,2173.99
633,1495,190,2,1021.97
634,10674,249,3,745.94
635,12660,152,1,9565.43
636,10915,269,5,1141.26
637,8895,235,4,8300.53
638,4825,259,3,6946.2
639,12442,103,1,4032.63
640,12105,2,2,732.43
641,8187,381,3,3904.17
642,11513,256,3,8632.64
643,8307,320,3,7113.73
644,14157,120,3,8117.66
645,10598,306,1,9402.04
646,13000,231,5,1578.47
647,532,47,5,6387.23
648,14795,229,3,1133.55
649,9953,277,2,2568.61
650,11512,156,4,7160.7
651,10555,135,1,5819.88
652,3824,170,2,2257.83
653,9872,65,4,7934.0
654,3640,342,5,6063.95
655,7063,376,2,258.42
656,13559,425,5,3696.53
657,935,365,5,1850.05
658,5365,405,4,3026.74
659,14725,168,5,1657.22
660,11899,113,1,9827.8
661,11535,228,2,604.91
662,8974,349,1,4111.82
663,10186,442,1,722.71
664,9819,315,2,7046.48
665,10311,432,2,226.39
666,12972,269,1,1141.26
667,10228,413,1,202.63
668,13832,457,1,9921.34
669,6794,282,2,6977.05
670,5885,170,2,2257.83
671,10431,481,2,4000.0
672,8081,112,5,8874.43
673,13884,51,3,8177.56
674,5641,30,3,7899.0
675,2841,398,3,4962.95
676,6226,336,4,7047.79
677,6861,254,3,8610.26
678,4036,123,1,4560.68
679,5800,84,1,8556.86
680,11168,255,1,8283.02
681,14814,220,5,4181.4
682,7165,98,2,4922.59
683,1369,444,1,7201.79
684,13595,177,2,1840.37
685,13464,91,3,7135.75
686,10714,410,5,9139.34
687,13754,468,4,4653.8
688,905,476,5,7708.58
689,2378,160,5,451.76
690,10217,274,5,9374.58
691,1026,269,2,1141.26
692,949,113,3,9827.8
693,7628,292,3,6604.75
694,7248,224,2,3104.98
695,7050,468,3,4653.8
696,3883,164,5,8667.88
697,3105,97,3,509.52
698,14156,128,1,1686.89
699,7165,355,4,8627.33
700,12090,359,2,4809.77
701,3599,429,1,4716.21
702,4968,367,1,2146.49
703,12429,482,4,6578.94
704,13450,149,2,938.71
705,14695,159,4,1801.45
706,76,325,1,4799.01
707,11326,292,2,6604.75
708,3172,12,4,3492.99
709,13174,313,3,4182.64
710,8623,464,1,8934.52
711,3391,447,4,2000.99
712,10756,439,2,3081.57
713,557,261,4,980.67
714,13176,323,5,1809.66
715,12804,194,5,1359.67
716,11665,29,5,3941.11
717,1538,411,1,1314.33
718,5808,150,2,5507.66
719,3117,123,5,4560.68
720,12012,354,4,7095.06
721,12578,77,4,7226.24
722,14835,60,1,8583.96
723,11884,263,1,2663.77
724,4668,297,4,6822.62
725,13206,240,2,9176.21
726,14076,405,5,3026.74
727,5333,198,3,946.71
728,14727,26,1,482.02
729,2788,467,5,2506.92
730,1114,417,2,1315.86
731,4904,40,2,5521.2
732,12593,346,3,5073.33
733,14476,406,2,5823.84
734,11979,192,4,8165.24
735,6531,4,3,1038.64
736,13409,172,1,8002.21
737,12127,406,3,5823.84
738,14429,29,2,3941.11
739,8842,312,3,7979.12
740,8218,409,4,5767.52
741,11815,144,3,1912.27
742,7810,472,1,8162.55
743,4507,365,2,1850.05
744,9979,10,2,395.33
745,7370,119,1,3230.43
746,14599,90,4,7785.19
747,7574,175,5,8623.47
748,5375,423,2,5539.86
749,8797,416,5,6564.11
750,13738,478,2,6425.58
751,8427,243,2,3831.51
752,11618,170,1,2257.83
753,14061,3,5,6914.47
754,9149,188,5,5330.51
755,10159,41,2,6972.61
756,11699,147,2,8276.67
757,7369,225,4,1137.36
758,9057,35,3,1741.5
759,2502,285,1,3933.55
760,13160,290,5,1424.2
761,1882,475,4,4830.58
762,5481,418,3,4286.55
763,1390,103,2,4032.63
764,5403,268,1,5811.88
765,5364,55,1,4706.61
766,5745,229,3,1133.55
767,4769,258,3,9737.13
768,13504,318,1,1060.93
769,10978,6,2,2683.41
770,9859,174,2,7399.81
771,13049,330,5,9882.58
772,2464,216,3,3464.18
773,905,17,5,7305.81
774,7568,123,1,4560.68
775,14790,7,4,6834.18
776,928,430,4,5913.18
777,8849,141,3,1098.86
778,5694,265,1,6606.49
779,10653,111,3,5010.75
780,3049,422,1,9215.56
781,11846,159,1,1801.45
782,8029,330,1,9882.58
783,9904,208,1,8638.99
784,14111,252,2,4660.57
785,6778,66,1,6722.57
786,13448,226,1,2025.32
787,805,119,3,3230.43
788,530,353,2,3759.57
789,8161,148,5,6826.23
790,5244,152,2,9565.43
791,8741,487,3,6550.82
792,8690,2,3,732.43
793,9059,138,2,9993.87
794,1332,343,4,3581.46
795,8506,282,1,6977.05
796,6042,127,4,5911.04
797,338,190,1,1021.97
798,6806,478,3,6425.58
799,7036,36,5,5763.51
800,12970,101,2,6090.24
801,7938,311,3,7839.59
802,11081,100,5,9593.58
803,3534,465,4,9276.0
804,12770,26,4,482.02
805,537,23,5,1685.18
806,7247,280,3,7595.69
807,6590,321,1,9739.1
808,3198,462,2,9857.56
809,13195,275,2,8842.88
810,299,112,5,8874.43
811,2602,320,2,7113.73
812,3182,142,3,6545.75
813,8118,35,4,1741.5
814,1533,72,2,879.52
815,8484,8,2,6565.53
816,1418,184,1,3270.76
817,653,188,2,5330.51
818,2675,24,5,8996.96
819,6100,236,2,8664.5
820,9972,235,5,8300.53
821,10128,481,4,4000.0
822,14024,218,3,2942.56
823,7167,383,3,5157.46
824,6635,491,4,7055.9
825,8448,57,2,6056.87
826,1907,49,4,7978.95
827,14165,376,5,258.42
828,5382,427,3,3259.85
829,8492,398,2,4962.95
830,2520,319,5,3953.51
831,5940,50,5,9478.54
832,8714,266,3,4135.03
833,4972,106,3,6259.39
834,6426,86,3,4357.67
835,14823,326,1,8400.33
836,5855,44,3,3917.55
837,4560,45,3,1218.3
838,8328,275,5,8842.88
839,6662,250,4,9260.34
840,12132,465,4,9276.0
841,3083,80,3,7702.5
842,2866,215,2,5828.57
843,12417,164,2,8667.88
844,8000,11,2,1837.72
845,12139,378,1,3236.96
846,10491,264,5,9277.81
847,11477,110,2,1178.02
848,14516,266,4,4135.03
849,3517,458,1,1066.87
850,2128,296,4,3030.48
851,2504,18,4,1342.37
852,2594,164,3,8667.88
853,5981,258,5,9737.13
854,8564,117,5,3613.97
855,898,451,2,5360.01
856,1614,346,1,5073.33
857,12549,142,4,6545.75
858,6749,26,2,482.02
859,11486,467,2,2506.92
860,3864,365,4,1850.05
861,11397,485,5,8787.67
862,4531,370,5,8466.61
863,10163,216,4,3464.18
864,3131,63,5,5383.93
865,10966,460,4,4289.39
866,14880,283,1,5067.19
867,11695,59,3,3468.76
868,11255,68,4,4687.17
869,14048,220,1,4181.4
870,12805,123,4,4560.68
871,6696,340,4,3757.64
872,4196,125,5,2911.91
873,6869,482,2,6578.94
874,616,101,1,6090.24
875,10398,478,4,6425.58
876,269,285,4,3933.55
877,2930,413,4,202.63
878,8305,110,4,1178.02
879,14378,469,2,1716.73
880,8017,425,5,3696.53
881,11403,78,4,3697.4
882,10267,432,3,226.39
883,14957,5,5,6386.27
884,10507,93,4,2028.54
885,7534,412,5,6068.19
886,14986,415,3,2187.71
887,9862,130,5,2180.26
888,8019,287,2,200.71
889,2643,418,1,4286.55
890,10224,365,4,1850.05
891,13114,457,1,9921.34
892,11121,105,4,328.39
893,5516,201,3,7769.45
894,14163,340,3,3757.64
895,4176,107,5,1494.13
896,9141,489,2,3207.62
897,11685,102,2,9476.14
898,770,392,3,557.07
899,7181,249,1,745.94
900,9297,235,1,8300.53
901,7078,14,1,7643.58
902,14212,389,4,3380.61
903,12120,341,4,6881.86
904,13378,344,2,4696.35
905,11311,267,2,9197.24
906,3673,394,1,6388.25
907,4092,261,1,980.67
908,12423,481,4,4000.0
909,2122,305,2,4723.38
910,368,124,5,8055.13
911,1215,332,3,2539.39
912,14205,381,1,3904.17
913,12332,251,1,2903.35
914,10259,472,4,8162.55
915,10886,45,5,1218.3
916,12363,47,4,6387.23
917,3908,468,4,4653.8
918,893,227,3,5782.67
919,2799,97,4,509.52
920,5659,125,1,2911.91
921,4501,213,1,3800.6
922,1264,46,4,8792.03
923,6489,447,1,2000.99
924,11468,97,5,509.52
925,13595,55,1,4706.61
926,12712,398,2,4962.95
927,798,51,1,8177.56
928,9753,484,3,322.48
929,7846,273,3,6942.27
930,4208,232,1,3261.51
931,6857,54,5,7895.72
932,14111,288,3,6906.22
933,3946,61,3,1207.44
934,3486,499,5,3186.27
935,6958,499,3,3186.27
936,9862,67,2,9629.35
937,10882,207,4,4423.45
938,13603,348,1,3047.9
939,8517,196,5,3830.25
940,4646,435,3,9744.01
941,3924,420,4,968.02
942,14950,88,5,8219.74
943,13713,179,4,748.02
944,14458,117,4,3613.97
945,11740,246,3,6536.29
946,1396,288,1,6906.22
947,131,263,3,2663.77
948,5964,153,4,8748.36
949,529,345,2,7840.69
950,11159,391,4,245.15
951,9626,168,1,1657.22
952,133,18,4,1342.37
953,6289,277,1,2568.61
954,1024,330,5,9882.58
955,8447,156,2,7160.7
956,5065,319,1,3953.51
957,3369,321,2,9739.1
958,6517,54,4,7895.72
959,2752,91,4,7135.75
960,4568,336,5,7047.79
961,6965,425,5,3696.53
962,1254,50,1,9478.54
963,7168,269,2,1141.26
964,762,277,1,2568.61
965,6364,82,5,6679.0
966,3494,49,3,7978.95
967,2939,28,2,966.94
968,4362,365,5,1850.05
969,7321,75,5,8352.41
970,3453,374,4,9108.7
971,4509,100,3,9593.58
972,1116,82,1,6679.0
973,1147,184,5,3270.76
974,1894,354,1,7095.06
975,13688,200,5,2884.6
976,11320,443,2,9035.35
977,12125,188,1,5330.51
978,5432,324,1,2208.08
979,7700,176,3,8922.31
980,12836,31,2,5680.54
981,2852,117,3,3613.97
982,9467,483,5,9066.19
983,10390,259,4,6946.2
984,496,222,5,9786.82
985,9610,491,2,7055.9
986,10296,461,5,798.26
987,2190,212,2,1848.43
988,3550,492,3,9608.88
989,11439,227,2,5782.67
990,14262,434,2,3167.56
991,7273,142,2,6545.75
992,7246,239,4,1994.61
993,12847,124,2,8055.13
994,1043,266,2,4135.03
995,8307,74,1,199.13
996,3375,263,3,2663.77
997,13601,365,5,1850.05
998,12590,82,1,6679.0
999,5282,409,1,5767.52
1000,12930,136,2,5846.66
1001,14286,112,4,8874.43
1002,12547,264,3,9277.81
1003,7444,171,1,9757.17
1004,12785,402,3,2303.92
1005,12504,70,1,8962.34
1006,6385,385,2,9715.08
1007,1487,278,5,8996.64
1008,6749,415,3,2187.71
1009,13813,259,4,6946.2
1010,3895,275,3,8842.88
1011,1957,416,4,6564.11
1012,14289,430,4,5913.18
1013,9765,79,3,9929.03
1014,5863,497,3,4248.99
1015,10430,90,5,7785.19
1016,1603,59,5,3468.76
1017,1462,290,1,1424.2
1018,14106,426,5,3257.04
1019,5981,58,1,7243.02
1020,7391,145,2,6422.41
1021,3849,415,3,2187.71
1022,6297,361,4,5463.67
1023,9983,415,3,2187.71
1024,11216,60,1,8583.96
1025,2375,76,4,704.92
1026,6032,376,2,258.42
1027,9481,120,1,8117.66
1028,5084,227,5,5782.67
1029,2077,223,1,6357.32
1030,7962,120,4,8117.66
1031,11437,16,3,8266.92
1032,2514,159,5,1801.45
1033,3549,73,4,9210.64
1034,2364,272,1,4556.48
1035,874,470,5,7905.83
1036,2803,157,2,7290.81
1037,6151,338,1,9668.48
1038,14182,336,1,7047.79
1039,10530,62,3,2223.61
1040,670,66,5,6722.57
1041,9446,309,5,6463.56
1042,2524,416,1,6564.11
1043,4394,479,3,9565.21
1044,2764,466,5,2173.99
1045,5367,287,4,200.71
1046,610,17,4,7305.81
1047,12106,397,5,5628.09
1048,4169,249,3,745.94
1049,5988,322,1,6758.75
1050,480,461,5,798.26
1051,6639,109,3,796.13
1052,1223,184,4,3270.76
1053,6882,445,3,4601.52
1054,38,288,4,6906.22
1055,6969,124,5,8055.13
1056,7225,218,4,2942.56
1057,4274,175,3,8623.47
1058,11223,238,1,8127.0
1059,8088,488,3,6635.81
1060,1670,322,3,6758.75
1061,4020,277,1,2568.61
1062,11173,394,4,6388.25
1063,1412,209,2,9837.59
1064,12343,415,3,2187.71
1065,6723,455,5,1899.28
1066,7738,418,3,4286.55
1067,7088,315,1,7046.48
1068,12225,191,1,647.57
1069,7090,471,5,3581.14
1070,12432,44,2,3917.55
1071,3988,348,1,3047.9
1072,2588,13,5,7258.78
1073,4691,182,1,576.46
1074,732,360,5,8818.48
1075,7666,233,2,4748.37
1076,888,319,2,3953.51
1077,7372,231,2,1578.47
1078,8489,261,4,980.67
1079,11364,178,2,9950.37
1080,11011,54,1,7895.72
1081,1855,47,1,6387.23
1082,35,184,2,3270.76
1083,8652,302,1,256.64
1084,8960,34,1,4719.44
1085,11457,455,4,1899.28
1086,1802,157,4,7290.81
1087,5994,288,2,6906.22
1088,2132,292,4,6604.75
1089,13444,206,4,2172.19
1090,11638,349,4,4111.82
1091,4235,430,2,5913.18
1092,14229,29,2,3941.11
1093,14785,279,4,5378.36
1094,13424,450,3,6116.29
1095,4401,164,1,8667.88
1096,3306,32,2,5922.14
1097,6889,229,5,1133.55
1098,6464,268,1,5811.88
1099,13400,164,3,8667.88
1100,12620,391,3,245.15
1101,3174,75,3,8352.41
1102,5595,274,5,9374.58
1103,11904,328,2,8910.25
1104,152,107,5,1494.13
1105,6358,114,5,3570.81
1106,5237,169,4,1462.57
1107,13199,139,2,8246.2
1108,5574,425,1,3696.53
1109,170,355,1,8627.33
1110,8302,291,1,5087.5
1111,7282,459,5,1906.15
1112,7857,124,5,8055.13
1113,13180,111,2,5010.75
1114,8076,125,3,2911.91
1115,1050,397,3,5628.09
1116,2988,87,3,2322.38
1117,10099,54,3,7895.72
1118,8689,260,5,4925.88
1119,4720,277,2,2568.61
1120,10926,304,2,466.87
1121,11539,245,3,8611.56
1122,14782,147,5,8276.67
1123,9829,186,1,7246.03
1124,3208,345,3,7840.69
1125,13,311,3,7839.59
1126,5315,284,1,9324.98
1127,8974,164,1,8667.88
1128,8155,430,1,5913.18
1129,11986,6,2,2683.41
1130,14717,483,2,9066.19
1131,11903,230,1,2678.09
1132,3775,311,3,7839.59
1133,3885,155,4,5690.41
1134,5329,119,4,3230.43
1135,5930,16,3,8266.92
1136,12448,85,2,2064.18
1137,10507,416,2,6564.11
1138,1363,155,3,5690.41
1139,13034,151,1,8809.81
1140,6752,486,5,9524.97
1141,4595,36,4,5763.51
1142,5987,448,4,5383.01
1143,13285,8,1,6565.53
1144,11066,258,1,9737.13
1145,1260,33,5,968.15
1146,5524,306,2,9402.04
1147,2170,313,2,4182.64
1148,13384,301,5,9862.65
1149,7754,167,4,4172.77
1150,5529,271,2,9644.3
1151,1983,373,2,5173.76
1152,4275,193,2,1281.1
1153,14251,474,1,6301.48
1154,8282,293,5,8242.9
1155,14866,177,1,1840.37
1156,5823,197,2,6070.18
1157,2893,474,1,6301.48
1158,3802,445,4,4601.52
1159,2953,450,1,6116.29
1160,12600,205,3,4022.8
1161,6739,318,2,1060.93
1162,13960,227,1,5782.67
1163,12903,184,2,3270.76
1164,14253,401,1,276.76
1165,7552,53,1,7460.59
1166,10691,54,1,7895.72
1167,13362,318,3,1060.93
1168,11629,94,2,8180.15
1169,12131,37,4,5308.22
1170,5236,224,3,3104.98
1171,12684,430,1,5913.18
1172,14071,272,5,4556.48
1173,7579,227,4,5782.67
1174,5753,148,4,6826.23
1175,9562,152,1,9565.43
1176,6380,366,2,3897.58
1177,128,484,2,322.48
1178,6854,290,3,1424.2
1179,7735,94,4,8180.15
1180,13496,103,4,4032.63
1181,12101,133,1,418.13
1182,6725,57,4,6056.87
1183,12702,178,1,9950.37
1184,2586,382,1,2606.69
1185,13561,169,2,1462.57
1186,5800,450,5,6116.29
1187,9117,297,2,6822.62
1188,4625,36,4,5763.51
1189,12811,330,5,9882.58
1190,11984,384,5,7551.73
1191,5008,115,4,8618.7
1192,10726,171,5,9757.17
1193,12591,59,3,3468.76
1194,13953,46,4,8792.03
1195,4123,63,4,5383.93
1196,8594,496,3,2786.49
1197,10220,54,3,7895.72
1198,5396,45,4,1218.3
1199,9318,156,5,7160.7
1200,9709,474,2,6301.48
1201,1993,97,5,509.52
1202,5477,262,1,6965.43
1203,6681,44,2,3917.55
1204,11557,125,2,2911.91
1205,10729,389,4,3380.61
1206,4452,322,5,6758.75
1207,3115,440,4,1392.66
1208,12119,218,1,2942.56
1209,12020,132,5,426.52
1210,516,158,4,9478.85
1211,8237,391,3,245.15
1212,7524,87,2,2322.38
1213,13340,17,1,7305.81
1214,5543,288,5,6906.22
1215,4991,343,4,3581.46
1216,5749,227,1,5782.67
1217,8081,93,5,2028.54
1218,1215,488,4,6635.81
1219,4497,488,4,6635.81
1220,4583,16,2,8266.92
1221,11672,190,3,1021.97
1222,7765,33,3,968.15
1223,13360,173,4,3149.12
1224,7460,441,1,2052.86
1225,512,493,3,5685.39
1226,12267,303,1,9299.69
1227,3853,320,1,7113.73
1228,10789,232,2,3261.51
1229,12809,270,3,3515.69
1230,12972,478,1,6425.58
1231,4247,331,2,1285.58
1232,3262,352,5,4584.87
1233,14373,11,5,1837.72
1234,7723,243,1,3831.51
1235,11469,361,3,5463.67
1236,11211,310,4,5989.12
1237,10326,63,4,5383.93
1238,6130,62,1,2223.61
1239,9217,416,1,6564.11
1240,9962,425,2,3696.53
1241,14522,318,4,1060.93
1242,3977,318,2,1060.93
1243,6008,170,5,2257.83
1244,9352,394,3,6388.25
1245,11892,333,4,3312.61
1246,3134,160,2,451.76
1247,8448,260,2,4925.88
1248,4697,467,2,2506.92
1249,2719,103,1,4032.63
1250,10331,135,5,5819.88
1251,4199,128,4,1686.89
1252,2302,441,1,2052.86
1253,10824,137,1,2848.21
1254,1327,313,3,4182.64
1255,12023,413,4,202.63
1256,5944,452,2,7515.99
1257,14366,461,4,798.26
1258,12994,185,2,9608.72
1259,1238,60,3,8583.96
1260,9335,88,2,8219.74
1261,3166,358,4,3041.52
1262,948,21,4,9286.01
1263,11307,8,1,6565.53
1264,96,200,2,2884.6
1265,3131,44,3,3917.55
1266,12734,410,3,9139.34
1267,10173,468,1,4653.8
1268,5999,14,4,7643.58
1269,3745,194,4,1359.67
1270,11510,500,2,9839.38
1271,12621,450,4,6116.29
1272,14492,158,4,9478.85
1273,727,138,2,9993.87
1274,7744,220,5,4181.4
1275,940,66,4,6722.57
1276,6759,433,3,3027.9
1277,4825,359,1,4809.77
1278,4123,434,4,3167.56
1279,4810,393,1,9148.93
1280,8942,357,5,6115.84
1281,1729,69,4,8226.4
1282,12745,399,1,5584.71
1283,14285,378,5,3236.96
1284,4104,30,2,7899.0
1285,5784,444,3,7201.79
1286,6243,410,2,9139.34
1287,14925,429,1,4716.21
1288,9686,8,1,6565.53
1289,271,168,5,1657.22
1290,2766,371,2,2310.72
1291,13604,334,3,7620.87
1292,6076,480,3,5205.62
1293,2819,119,5,3230.43
1294,5668,88,5,8219.74
1295,7005,453,3,4809.05
1296,2224,43,2,3765.59
1297,3876,13,4,7258.78
1298,881,252,3,4660.57
1299,13672,473,5,4297.32
1300,12005,138,3,9993.87
1301,6742,42,5,4497.14
1302,6300,372,2,1234.45
1303,11850,443,4,9035.35
1304,6856,438,3,9206.62
1305,623,454,4,3126.41
1306,11468,377,4,9039.51
1307,14908,459,2,1906.15
1308,8319,144,3,1912.27
1309,7266,285,2,3933.55
1310,4468,297,3,6822.62
1311,12900,173,4,3149.12
1312,2658,249,4,745.94
1313,1349,251,3,2903.35
1314,12453,293,4,8242.9
1315,12618,408,4,8941.62
1316,353,74,2,199.13
1317,2219,75,2,8352.41
1318,8218,473,4,4297.32
1319,6498,449,1,7816.26
1320,12795,335,4,1115.92
1321,4766,287,1,200.71
1322,7712,26,5,482.02
1323,12139,77,2,7226.24
1324,4893,301,2,9862.65
1325,5381,383,2,5157.46
1326,3548,152,5,9565.43
1327,13194,451,4,5360.01
1328,11000,373,5,5173.76
1329,4842,209,3,9837.59
1330,11006,274,4,9374.58
1331,7647,296,5,3030.48
1332,12582,257,5,2683.93
1333,13080,206,2,2172.19
1334,11335,452,3,7515.99
1335,12266,173,4,3149.12
1336,2370,93,2,2028.54
1337,11050,115,1,8618.7
1338,11670,31,3,5680.54
1339,4638,361,5,5463.67
1340,996,253,2,6781.48
1341,12097,406,5,5823.84
1342,8312,225,3,1137.36
1343,8044,250,1,9260.34
1344,9635,456,4,8200.2
1345,1156,202,2,9011.14
1346,1924,445,5,4601.52
1347,7205,459,5,1906.15
1348,12100,206,4,2172.19
1349,7527,88,4,8219.74
1350,10939,113,5,9827.8
1351,3155,236,2,8664.5
1352,4132,449,4,7816.26
1353,124,10,1,395.33
1354,799,351,3,5555.13
1355,14477,116,3,2672.92
1356,8134,487,1,6550.82
1357,13627,94,5,8180.15
1358,1588,297,1,6822.62
1359,10224,285,4,3933.55
1360,12947,450,2,6116.29
1361,4983,263,2,2663.77
1362,6384,26,2,482.02
1363,12305,89,3,2158.02
1364,6111,302,3,256.64
1365,4856,109,3,796.13
1366,1980,469,5,1716.73
1367,2011,415,1,2187.71
1368,1239,128,4,1686.89
1369,4623,134,1,5480.33
1370,14393,128,5,1686.89
1371,7775,188,2,5330.51
1372,10504,259,2,6946.2
1373,3413,196,1,3830.25
1374,2274,299,5,4929.48
1375,10295,480,4,5205.62
1376,9088,418,4,4286.55
1377,11933,334,1,7620.87
1378,4925,71,4,1415.95
1379,6950,47,5,6387.23
1380,9589,181,3,5638.45
1381,5822,250,1,9260.34
1382,11313,96,4,2678.45
1383,10707,474,5,6301.48
1384,14760,265,4,6606.49
1385,737,120,3,8117.66
1386,14897,201,5,7769.45
1387,14849,70,1,8962.34
1388,4260,279,5,5378.36
1389,882,14,3,7643.58
1390,14381,387,3,7256.07
1391,5893,84,5,8556.86
1392,12037,173,3,3149.12
1393,1125,387,3,7256.07
1394,4269,301,2,9862.65
1395,8865,72,4,879.52
1396,12907,390,2,1940.5
1397,2145,286,1,8835.5
1398,7266,181,3,5638.45
1399,3012,88,4,8219.74
1400,4840,438,5,9206.62
1401,8830,70,3,8962.34
1402,5022,148,1,6826.23
1403,2238,347,4,5876.24
1404,13606,133,2,418.13
1405,1480,220,4,4181.4
1406,10803,358,4,3041.52
1407,7047,282,4,6977.05
1408,8261,255,5,8283.02
1409,44,452,1,7515.99
1410,11112,432,5,226.39
1411,1620,405,3,3026.74
1412,7067,245,4,8611.56
1413,4103,200,1,2884.6
1414,4215,247,4,1511.4
1415,6947,7,5,6834.18
1416,2306,330,3,9882.58
1417,4459,82,3,6679.0
1418,5530,439,4,3081.57
1419,2495,18,5,1342.37
1420,10503,96,2,2678.45
1421,7214,306,1,9402.04
1422,12396,349,1,4111.82
1423,121,490,5,1232.7
1424,6023,131,5,884.97
1425,1804,243,4,3831.51
1426,1983,350,5,2158.61
1427,7490,409,2,5767.52
1428,11676,470,1,7905.83
1429,11937,335,5,1115.92
1430,879,236,5,8664.5
1431,13744,146,5,4918.85
1432,6758,297,5,6822.62
1433,14423,492,3,9608.88
1434,14927,474,2,6301.48
1435,10369,470,1,7905.83
1436,676,208,3,8638.99
1437,6512,275,4,8842.88
1438,5994,400,5,8624.0
1439,14405,225,4,1137.36
1440,14707,1,5,6315.21
1441,1327,134,2,5480.33
1442,7298,119,3,3230.43
1443,6274,353,3,3759.57
1444,11183,392,5,557.07
1445,10992,499,5,3186.27
1446,9013,493,3,5685.39
1447,7038,387,2,7256.07
1448,9670,396,3,8634.83
1449,8776,460,4,4289.39
1450,8361,165,4,5790.97
1451,7185,162,2,9785.74
1452,11257,136,1,5846.66
1453,11393,344,1,4696.35
1454,5347,234,3,5838.32
1455,2253,338,3,9668.48
1456,5290,421,3,8508.99
1457,6591,448,5,5383.01
1458,170,261,4,980.67
1459,3640,421,1,8508.99
1460,645,448,1,5383.01
1461,6138,198,4,946.71
1462,6422,111,1,5010.75
1463,12172,349,1,4111.82
1464,3110,295,1,8795.72
1465,11352,388,5,5482.96
1466,9791,122,5,8180.09
1467,10716,363,3,6816.26
1468,7566,218,4,2942.56
1469,13996,421,1,8508.99
1470,12345,251,2,2903.35
1471,5683,16,2,8266.92
1472,9555,205,4,4022.8
1473,12571,102,3,9476.14
1474,10260,162,3,9785.74
1475,11105,254,1,8610.26
1476,12977,36,1,5763.51
1477,5652,273,3,6942.27
1478,4267,442,2,722.71
1479,4791,26,1,482.02
1480,6883,345,2,7840.69
1481,3585,106,1,6259.39
1482,11129,2,3,732.43
1483,11725,231,3,1578.47
1484,5511,383,4,5157.46
1485,9517,190,4,1021.97
1486,3489,427,2,3259.85
1487,11468,262,3,6965.43
1488,1789,431,1,7429.75
1489,7522,191,1,647.57
1490,2253,149,5,938.71
1491,10554,372,5,1234.45
1492,14271,32,3,5922.14
1493,13671,445,1,4601.52
1494,6791,359,3,4809.77
1495,10614,318,5,1060.93
1496,14778,132,4,426.52
1497,12007,10,3,395.33
1498,10529,244,5,1081.56
1499,10847,125,2,2911.91
1500,10097,243,3,3831.51
1501,5676,374,5,9108.7
1502,8016,86,3,4357.67
1503,2674,390,3,1940.5
1504,48,247,1,1511.4
1505,12716,385,4,9715.08
1506,12216,44,1,3917.55
1507,1898,265,2,6606.49
1508,10952,206,5,2172.19
1509,13460,489,2,3207.62
1510,3858,98,3,4922.59
1511,8482,409,2,5767.52
1512,2168,491,3,7055.9
1513,3959,432,1,226.39
1514,8163,499,3,3186.27
1515,4190,11,1,1837.72
1516,7464,188,3,5330.51
1517,3917,190,4,1021.97
1518,2986,144,1,1912.27
1519,13105,449,5,7816.26
1520,4615,19,2,5022.81
1521,11188,316,4,5796.51
1522,14184,209,3,9837.59
1523,816,317,5,9246.11
1524,5269,50,4,9478.54
1525,11644,79,4,9929.03
1526,11159,314,1,9504.99
1527,6834,238,1,8127.0
1528,12399,308,2,3248.37
1529,12100,358,4,3041.52
1530,5754,484,4,322.48
1531,14283,240,2,9176.21
1532,9637,327,5,9601.35
1533,5003,384,2,7551.73
1534,7639,40,2,5521.2
1535,7308,77,3,7226.24
1536,6758,1,5,6315.21
1537,11812,311,1,7839.59
1538,6412,27,3,6600.12
1539,1293,263,4,2663.77
1540,14282,441,3,2052.86
1541,3301,328,5,8910.25
1542,6645,64,3,3923.84
1543,1587,380,4,4507.23
1544,2650,171,3,9757.17
1545,7148,349,3,4111.82
1546,1781,469,5,1716.73
1547,657,168,3,1657.22
1548,468,397,3,5628.09
1549,13407,376,2,258.42
1550,8065,252,3,4660.57
1551,6285,469,3,1716.73
1552,5877,497,2,4248.99
1553,8381,102,3,9476.14
1554,10113,109,1,796.13
1555,5445,280,2,7595.69
1556,6912,394,1,6388.25
1557,3876,258,4,9737.13
1558,11565,147,5,8276.67
1559,13177,307,3,4019.4
1560,8348,297,2,6822.62
1561,11711,354,5,7095.06
1562,14204,192,5,8165.24
1563,196,473,2,4297.32
1564,7749,42,3,4497.14
1565,6569,115,1,8618.7
1566,527,55,5,4706.61
1567,1295,290,3,1424.2
1568,11899,40,1,5521.2
1569,4675,415,4,2187.71
1570,3690,366,3,3897.58
1571,13373,66,3,6722.57
1572,1392,396,1,8634.83
1573,3648,59,1,3468.76
1574,10488,113,5,9827.8
1575,5802,234,1,5838.32
1576,5406,52,4,8643.0
1577,4046,53,2,7460.59
1578,4411,98,1,4922.59
1579,11488,487,5,6550.82
1580,10061,312,5,7979.12
1581,2814,288,4,6906.22
1582,14902,242,4,7663.19
1583,12509,495,5,6702.94
1584,796,154,3,7802.63
1585,1916,146,5,4918.85
1586,12011,242,1,7663.19
1587,10575,17,1,7305.81
1588,166,488,2,6635.81
1589,4631,143,1,5350.83
1590,476,9,5,9075.61
1591,6121,19,2,5022.81
1592,7257,485,4,8787.67
1593,10775,199,3,8014.84
1594,2799,298,5,8878.51
1595,1336,239,3,1994.61
1596,1276,462,3,9857.56
1597,8547,371,4,2310.72
1598,2249,132,4,426.52
1599,725,154,5,7802.63
1600,9715,206,2,2172.19
1601,5498,89,1,2158.02
1602,4697,223,2,6357.32
1603,7832,200,5,2884.6
1604,2895,433,5,3027.9
1605,5174,268,3,5811.88
1606,1608,258,1,9737.13
1607,6082,450,4,6116.29
1608,6109,28,3,966.94
1609,926,414,2,8456.47
1610,868,64,3,3923.84
1611,3423,161,4,8407.44
1612,2753,408,2,8941.62
1613,5026,445,5,4601.52
1614,2474,345,1,7840.69
1615,2017,339,1,9584.08
1616,8402,436,5,6908.99
1617,616,137,5,2848.21
1618,14569,26,2,482.02
1619,5741,94,4,8180.15
1620,11339,28,3,966.94
1621,6333,281,4,2968.82
1622,9081,466,3,2173.99
1623,11709,148,1,6826.23
1624,9196,186,3,7246.03
1625,11681,180,1,7937.75
1626,10788,184,4,3270.76
1627,13244,59,3,3468.76
1628,5365,101,1,6090.24
1629,10827,360,3,8818.48
1630,9649,150,3,5507.66
1631,4101,310,2,5989.12
1632,5069,172,2,8002.21
1633,14449,31,1,5680.54
1634,2042,319,5,3953.51
1635,11530,173,5,3149.12
1636,5584,31,5,5680.54
1637,14432,251,4,2903.35
1638,11102,216,4,3464.18
1639,9522,116,4,2672.92
1640,5550,97,2,509.52
1641,12505,447,1,2000.99
1642,11958,272,5,4556.48
1643,2796,381,1,3904.17
1644,5452,192,1,8165.24
1645,9520,289,5,6753.34
1646,11486,162,1,9785.74
1647,2713,421,4,8508.99
1648,11273,461,1,798.26
1649,2470,29,1,3941.11
1650,14393,274,5,9374.58
1651,12541,269,2,1141.26
1652,4256,116,4,2672.92
1653,13933,474,1,6301.48
1654,3711,353,2,3759.57
1655,13192,385,3,9715.08
1656,286,101,5,6090.24
1657,9087,114,4,3570.81
1658,6921,167,1,4172.77
1659,9832,35,5,1741.5
1660,2805,448,3,5383.01
1661,10242,403,4,4023.58
1662,13778,449,2,7816.26
1663,9050,433,3,3027.9
1664,8773,464,1,8934.52
1665,7357,112,3,8874.43
1666,4893,307,1,4019.4
1667,14921,414,4,8456.47
1668,6334,367,5,2146.49
1669,2405,32,3,5922.14
1670,2398,487,1,6550.82
1671,1020,334,3,7620.87
1672,3491,256,3,8632.64
1673,6287,452,3,7515.99
1674,3324,393,3,9148.93
1675,10830,217,3,9900.58
1676,7534,73,4,9210.64
1677,9893,119,1,3230.43
1678,7451,316,5,5796.51
1679,11945,49,1,7978.95
1680,7167,377,2,9039.51
1681,102,365,3,1850.05
1682,6319,425,2,3696.53
1683,2109,420,4,968.02
1684,13827,139,3,8246.2
1685,11358,456,4,8200.2
1686,13299,248,5,5592.3
1687,8345,398,1,4962.95
1688,9007,308,3,3248.37
1689,5185,342,1,6063.95
1690,11104,241,4,9266.89
1691,257,287,4,200.71
1692,14618,399,2,5584.71
1693,1434,367,3,2146.49
1694,9195,210,4,4078.3
1695,4512,12,5,3492.99
1696,13812,349,5,4111.82
1697,11024,52,1,8643.0
1698,11562,343,1,3581.46
1699,5523,338,5,9668.48
1700,9356,355,3,8627.33
1701,7791,261,2,980.67
1702,2774,397,4,5628.09
1703,7647,69,4,8226.4
1704,12388,459,2,1906.15
1705,14301,136,4,5846.66
1706,6252,153,5,8748.36
1707,5029,185,2,9608.72
1708,5648,76,1,704.92
1709,8461,378,4,3236.96
1710,2641,150,1,5507.66
1711,2326,458,1,1066.87
1712,905,26,3,482.02
1713,10260,463,1,7898.4
1714,13933,455,1,1899.28
1715,8456,65,3,7934.0
1716,3060,152,3,9565.43
1717,6502,476,5,7708.58
1718,8666,88,3,8219.74
1719,3468,386,2,3146.12
1720,14853,414,2,8456.47
1721,12381,146,5,4918.85
1722,11218,8,2,6565.53
1723,13382,25,1,7621.45
1724,13877,172,2,8002.21
1725,9533,427,5,3259.85
1726,1736,404,3,3218.34
1727,12622,451,5,5360.01
1728,10076,313,5,4182.64
1729,10775,341,4,6881.86
1730,3463,283,3,5067.19
1731,11917,476,5,7708.58
1732,5281,212,4,1848.43
1733,12910,174,1,7399.81
1734,14007,359,4,4809.77
1735,3296,260,5,4925.88
1736,14793,437,2,3675.25
1737,7739,19,2,5022.81
1738,13404,195,5,3311.18
1739,2656,421,5,8508.99
1740,12011,392,2,557.07
1741,2344,139,1,8246.2
1742,14901,402,2,2303.92
1743,12802,187,1,7403.39
1744,3800,328,3,8910.25
1745,7154,35,5,1741.5
1746,1191,280,3,7595.69
1747,8329,223,1,6357.32
1748,3447,186,1,7246.03
1749,14308,50,5,9478.54
1750,2160,473,3,4297.32
1751,11646,481,2,4000.0
1752,4848,257,5,2683.93
1753,73,389,3,3380.61
1754,14278,402,1,2303.92
1755,12927,167,5,4172.77
1756,13164,253,4,6781.48
1757,10068,207,1,4423.45
1758,729,431,1,7429.75
1759,9173,218,1,2942.56
1760,8183,80,5,7702.5
1761,8420,438,2,9206.62
1762,248,268,4,5811.88
1763,1502,158,1,9478.85
1764,14905,38,3,4667.15
1765,5587,181,1,5638.45
1766,4545,400,1,8624.0
1767,7108,368,1,1767.74
1768,8715,30,1,7899.0
1769,4497,54,3,7895.72
1770,12953,459,4,1906.15
1771,3649,199,2,8014.84
1772,2717,223,2,6357.32
1773,6305,153,2,8748.36
1774,1934,466,2,2173.99
1775,12889,145,4,6422.41
1776,8900,415,2,2187.71
1777,3008,127,1,5911.04
1778,10123,491,3,7055.9
1779,11317,318,3,1060.93
1780,13042,47,4,6387.23
1781,3946,385,4,9715.08
1782,14271,315,2,7046.48
1783,8139,280,2,7595.69
1784,636,462,3,9857.56
1785,5818,215,1,5828.57
1786,11478,161,1,8407.44
1787,1709,468,1,4653.8
1788,270,379,5,6490.64
1789,4345,321,4,9739.1
1790,11531,361,2,5463.67
1791,11633,201,4,7769.45
1792,9491,473,2,4297.32
1793,1475,159,2,1801.45
1794,9022,274,1,9374.58
1795,5182,457,1,9921.34
1796,12423,487,3,6550.82
1797,4686,334,5,7620.87
1798,10078,188,4,5330.51
1799,13193,89,3,2158.02
1800,2215,106,5,6259.39
1801,14116,130,5,2180.26
1802,6700,390,3,1940.5
1803,14699,112,5,8874.43
1804,14450,323,3,1809.66
1805,7748,236,5,8664.5
1806,9325,203,5,8511.61
1807,14618,231,2,1578.47
1808,6927,500,3,9839.38
1809,12449,165,4,5790.97
1810,14825,277,2,2568.61
1811,10568,282,1,6977.05
1812,6711,119,1,3230.43
1813,1353,149,3,938.71
1814,1280,408,5,8941.62
1815,13319,143,4,5350.83
1816,14036,64,1,3923.84
1817,4544,430,3,5913.18
1818,3536,39,1,3738.32
1819,11202,314,3,9504.99
1820,14494,386,3,3146.12
1821,14177,173,1,3149.12
1822,13835,316,2,5796.51
1823,5352,441,3,2052.86
1824,3801,154,1,7802.63
1825,1884,271,5,9644.3
1826,1199,92,4,8797.95
1827,7833,375,4,6848.53
1828,6464,363,5,6816.26
1829,1623,158,1,9478.85
1830,9574,499,4,3186.27
1831,12027,426,4,3257.04
1832,13496,195,1,3311.18
1833,3927,309,2,6463.56
1834,5584,392,4,557.07
1835,1424,177,3,1840.37
1836,157,275,4,8842.88
1837,3993,368,5,1767.74
1838,1393,327,4,9601.35
1839,7184,462,5,9857.56
1840,14116,405,2,3026.74
1841,3276,411,1,1314.33
1842,11088,195,1,3311.18
1843,327,181,4,5638.45
1844,4268,435,1,9744.01
1845,11297,298,3,8878.51
1846,5249,9,4,9075.61
1847,8830,283,2,5067.19
1848,13637,320,2,7113.73
1849,1219,326,4,8400.33
1850,13244,194,1,1359.67
1851,6731,37,3,5308.22
1852,11395,92,1,8797.95
1853,2648,402,3,2303.92
1854,4164,123,2,4560.68
1855,4464,177,3,1840.37
1856,11901,125,1,2911.91
1857,11564,277,4,2568.61
1858,13156,157,5,7290.81
1859,14824,90,5,7785.19
1860,4170,483,4,9066.19
1861,915,446,2,9142.99
1862,1417,291,5,5087.5
1863,8975,83,3,9659.08
1864,11762,254,4,8610.26
1865,9848,215,4,5828.57
1866,1501,315,4,7046.48
1867,11433,197,2,6070.18
1868,9577,433,4,3027.9
1869,9166,174,4,7399.81
1870,10525,364,3,9723.49
1871,6150,106,1,6259.39
1872,18,190,3,1021.97
1873,14966,157,2,7290.81
1874,1706,118,4,8743.3
1875,6136,6,2,2683.41
1876,9579,437,3,3675.25
1877,8166,262,5,6965.43
1878,1374,431,4,7429.75
1879,12237,287,4,200.71
1880,4647,321,5,9739.1
1881,6737,29,1,3941.11
1882,6539,464,3,8934.52
1883,14070,143,3,5350.83
1884,4126,338,2,9668.48
1885,7758,54,1,7895.72
1886,11363,220,2,4181.4
1887,8496,467,2,2506.92
1888,4586,286,4,8835.5
1889,4118,136,4,5846.66
1890,5352,474,3,6301.48
1891,769,128,4,1686.89
1892,11210,72,3,879.52
1893,13759,111,5,5010.75
1894,2310,439,5,3081.57
1895,7148,324,5,2208.08
1896,6817,155,3,5690.41
1897,10115,169,3,1462.57
1898,13252,416,4,6564.11
1899,11607,325,1,4799.01
1900,14333,67,1,9629.35
1901,6619,415,1,2187.71
1902,6233,277,3,2568.61
1903,6768,208,2,8638.99
1904,11418,317,4,9246.11
1905,8463,74,2,199.13
1906,10778,354,3,7095.06
1907,11466,442,5,722.71
1908,13676,413,1,202.63
1909,9115,61,3,1207.44
1910,870,217,4,9900.58
1911,7954,191,2,647.57
1912,12049,281,5,2968.82
1913,8799,2,2,732.43
1914,9541,170,5,2257.83
1915,6733,279,3,5378.36
1916,11203,170,5,2257.83
1917,5172,377,2,9039.51
1918,4300,353,2,3759.57
1919,4458,394,5,6388.25
1920,5076,103,4,4032.63
1921,14244,59,1,3468.76
1922,7113,409,5,5767.52
1923,8576,140,2,621.76
1924,13482,209,3,9837.59
1925,6438,465,2,9276.0
1926,9162,481,1,4000.0
1927,7530,423,5,5539.86
1928,1548,89,4,2158.02
1929,10171,204,3,5285.57
1930,4591,309,4,6463.56
1931,14882,293,4,8242.9
1932,7978,292,5,6604.75
1933,12507,360,2,8818.48
1934,13103,70,4,8962.34
1935,9299,173,1,3149.12
1936,9830,144,5,1912.27
1937,1165,372,1,1234.45
1938,14351,387,5,7256.07
1939,12724,100,5,9593.58
1940,7071,413,2,202.63
1941,4338,68,2,4687.17
1942,7625,208,5,8638.99
1943,5187,339,4,9584.08
1944,14615,288,5,6906.22
1945,7026,472,2,8162.55
1946,1068,284,1,9324.98
1947,13630,38,5,4667.15
1948,3571,296,3,3030.48
1949,9146,402,1,2303.92
1950,116,140,2,621.76
1951,6498,459,5,1906.15
1952,9736,447,4,2000.99
1953,5654,232,5,3261.51
1954,14071,405,2,3026.74
1955,13074,141,2,1098.86
1956,14613,163,5,1948.49
1957,5426,411,2,1314.33
1958,8707,98,3,4922.59
1959,6631,350,3,2158.61
1960,3417,285,1,3933.55
1961,8552,462,2,9857.56
1962,4955,376,4,258.42
1963,12632,233,2,4748.37
1964,3458,207,2,4423.45
1965,1480,208,5,8638.99
1966,7951,303,5,9299.69
1967,12434,463,1,7898.4
1968,9273,204,3,5285.57
1969,10421,161,1,8407.44
1970,13914,276,2,2146.27
1971,12704,285,4,3933.55
1972,7313,223,5,6357.32
1973,9915,363,2,6816.26
1974,9355,83,5,9659.08
1975,7962,306,5,9402.04
1976,10514,86,3,4357.67
1977,2055,271,1,9644.3
1978,12343,360,3,8818.48
1979,11240,200,2,2884.6
1980,2574,250,1,9260.34
1981,8903,176,1,8922.31
1982,12788,65,4,7934.0
1983,8129,424,5,9131.51
1984,13859,48,4,1838.87
1985,8791,182,5,576.46
1986,6626,13,3,7258.78
1987,5760,440,2,1392.66
1988,8495,122,1,8180.09
1989,8773,233,4,4748.37
1990,4005,29,4,3941.11
1991,14980,364,3,9723.49
1992,7851,228,2,604.91
1993,4493,346,3,5073.33
1994,42,404,2,3218.34
1995,13950,44,2,3917.55
1996,12302,382,3,2606.69
1997,6424,283,2,5067.19
1998,11361,364,5,9723.49
1999,2701,404,5,3218.34
2000,2603,408,3,8941.62
2001,3047,34,2,4719.44
2002,6556,301,5,9862.65
2003,8797,107,1,1494.13
2004,12802,467,1,2506.92
2005,10841,485,1,8787.67
2006,3484,244,2,1081.56
2007,14575,412,1,6068.19
2008,6959,341,2,6881.86
2009,1648,194,4,1359.67
2010,7070,490,1,1232.7
2011,3578,201,3,7769.45
2012,12214,411,1,1314.33
2013,12029,473,1,4297.32
2014,8267,431,2,7429.75
2015,10163,254,1,8610.26
2016,3887,171,2,9757.17
2017,13674,74,2,199.13
2018,9273,198,2,946.71
2019,13912,228,1,604.91
2020,2512,93,5,2028.54
2021,12575,73,2,9210.64
2022,8082,282,5,6977.05
2023,14,496,1,2786.49
2024,435,359,1,4809.77
2025,11903,221,5,3345.21
2026,3123,382,1,2606.69
2027,13681,347,4,5876.24
2028,4074,98,4,4922.59
2029,3120,222,3,9786.82
2030,1598,355,2,8627.33
2031,11706,334,1,7620.87
2032,13151,144,3,1912.27
2033,13352,178,2,9950.37
2034,8695,191,4,647.57
2035,4026,460,1,4289.39
2036,12980,225,3,1137.36
2037,440,451,2,5360.01
2038,11559,223,2,6357.32
2039,11950,218,4,2942.56
2040,3403,160,1,451.76
2041,6875,49,4,7978.95
2042,7008,117,1,3613.97
2043,13961,161,2,8407.44
2044,8172,483,3,9066.19
2045,10328,84,2,8556.86
2046,4060,300,5,1815.98
2047,9454,190,3,1021.97
2048,13365,437,4,3675.25
2049,7887,100,2,9593.58
2050,11951,89,2,2158.02
2051,7730,296,2,3030.48
2052,8797,390,4,1940.5
2053,8340,426,1,3257.04
2054,3775,140,3,621.76
2055,5141,234,1,5838.32
2056,8950,8,1,6565.53
2057,6809,70,2,8962.34
2058,1250,24,2,8996.96
2059,5264,81,5,3619.81
2060,862,460,3,4289.39
2061,13515,432,5,226.39
2062,8611,361,5,5463.67
2063,9589,216,1,3464.18
2064,7555,160,5,451.76
2065,12331,87,4,2322.38
2066,2410,458,1,1066.87
2067,7139,31,1,5680.54
2068,8207,143,2,5350.83
2069,3358,222,4,9786.82
2070,2386,160,1,451.76
2071,9834,223,5,6357.32
2072,652,231,3,1578.47
2073,1364,153,2,8748.36
2074,7404,158,4,9478.85
2075,2939,180,1,7937.75
2076,786,197,5,6070.18
2077,12911,93,3,2028.54
2078,2034,48,4,1838.87
2079,5286,215,3,5828.57
2080,11590,14,4,7643.58
2081,11348,145,1,6422.41
2082,14361,40,4,5521.2
2083,13934,325,4,4799.01
2084,3108,493,1,5685.39
2085,13037,348,5,3047.9
2086,1951,490,4,1232.7
2087,6907,332,4,2539.39
2088,12478,425,3,3696.53
2089,3821,324,2,2208.08
2090,6620,164,3,8667.88
2091,2868,422,4,9215.56
2092,13469,301,5,9862.65
2093,3246,465,4,9276.0
2094,6360,299,4,4929.48
2095,8621,245,1,8611.56
2096,7234,90,4,7785.19
2097,5663,294,3,1759.3
2098,1728,456,1,8200.2
2099,2061,35,3,1741.5
2100,9929,393,3,9148.93
2101,5571,23,5,1685.18
2102,11404,381,5,3904.17
2103,10901,339,3,9584.08
2104,9823,495,2,6702.94
2105,7455,99,2,7770.51
2106,7059,450,3,6116.29
2107,1081,213,2,3800.6
2108,6181,287,1,200.71
2109,292,4,1,1038.64
2110,40,313,5,4182.64
2111,6254,438,2,9206.62
2112,1870,119,3,3230.43
2113,13614,67,5,9629.35
2114,5025,484,3,322.48
2115,7199,115,2,8618.7
2116,1348,276,3,2146.27
2117,9546,190,5,1021.97
2118,3358,25,5,7621.45
2119,13202,99,5,7770.51
2120,13525,429,1,4716.21
2121,6799,475,3,4830.58
2122,9472,201,4,7769.45
2123,14404,5,3,6386.27
2124,4547,142,1,6545.75
2125,12938,188,2,5330.51
2126,8446,471,3,3581.14
2127,6823,294,4,1759.3
2128,1247,127,1,5911.04
2129,4035,80,5,7702.5
2130,10605,367,3,2146.49
2131,12338,439,4,3081.57
2132,11313,339,1,9584.08
2133,6205,79,4,9929.03
2134,3944,351,2,5555.13
2135,5061,39,1,3738.32
2136,1222,38,5,4667.15
2137,12533,392,2,557.07
2138,7194,433,2,3027.9
2139,6854,162,3,9785.74
2140,446,150,1,5507.66
2141,1259,107,5,1494.13
2142,10013,159,5,1801.45
2143,5338,194,5,1359.67
2144,13921,161,4,8407.44
2145,11790,392,5,557.07
2146,7555,343,4,3581.46
2147,1595,482,2,6578.94
2148,7620,433,3,3027.9
2149,6796,413,4,202.63
2150,8630,234,1,5838.32
2151,9668,110,5,1178.02
2152,14616,91,5,7135.75
2153,1140,41,2,6972.61
2154,1326,485,4,8787.67
2155,10782,464,2,8934.52
2156,3021,451,5,5360.01
2157,9801,146,3,4918.85
2158,8522,30,3,7899.0
2159,4420,294,5,1759.3
2160,13941,44,4,3917.55
2161,181,461,2,798.26
2162,13176,86,4,4357.67
2163,6933,14,2,7643.58
2164,13374,32,3,5922.14
2165,13949,27,4,6600.12
2166,6311,176,1,8922.31
2167,870,345,4,7840.69
2168,9509,153,2,8748.36
2169,13160,19,1,5022.81
2170,8350,173,2,3149.12
2171,12304,301,4,9862.65
2172,3742,460,1,4289.39
2173,10462,46,5,8792.03
2174,1961,288,5,6906.22
2175,1063,469,1,1716.73
2176,10854,283,4,5067.19
2177,2681,82,3,6679.0
2178,5489,302,3,256.64
2179,14134,267,2,9197.24
2180,10240,61,2,1207.44
2181,12043,471,2,3581.14
2182,6271,333,5,3312.61
2183,6096,194,4,1359.67
2184,6567,68,3,4687.17
2185,6903,399,2,5584.71
2186,5401,304,5,466.87
2187,1212,438,2,9206.62
2188,7555,201,5,7769.45
2189,7389,27,4,6600.12
2190,252,290,2,1424.2
2191,14004,388,5,5482.96
2192,13456,205,4,4022.8
2193,10149,85,1,2064.18
2194,13137,155,2,5690.41
2195,7520,107,4,1494.13
2196,12955,271,4,9644.3
2197,5305,206,3,2172.19
2198,4115,102,3,9476.14
2199,9644,362,4,9726.31
2200,4757,164,2,8667.88
2201,11209,213,4,3800.6
2202,3917,342,2,6063.95
2203,7194,365,2,1850.05
2204,9283,295,1,8795.72
2205,6426,399,1,5584.71
2206,2583,292,1,6604.75
2207,1800,180,4,7937.75
2208,1755,300,1,1815.98
2209,760,335,3,1115.92
2210,9653,371,1,2310.72
2211,10597,406,3,5823.84
2212,2333,127,2,5911.04
2213,8366,410,4,9139.34
2214,8599,110,4,1178.02
2215,8281,102,5,9476.14
2216,1193,227,2,5782.67
2217,11748,13,5,7258.78
2218,7448,288,1,6906.22
2219,11109,412,1,6068.19
2220,5545,397,4,5628.09
2221,6447,457,2,9921.34
2222,7757,274,1,9374.58
2223,14677,389,1,3380.61
2224,6527,306,1,9402.04
2225,2413,4,1,1038.64
2226,4916,97,2,509.52
2227,4393,214,3,8463.2
2228,3816,312,3,7979.12
2229,8640,236,3,8664.5
2230,9233,126,2,2937.97
2231,3382,324,4,2208.08
2232,12509,67,1,9629.35
2233,11866,373,5,5173.76
2234,201,202,1,9011.14
2235,4881,134,2,5480.33
2236,10447,352,5,4584.87
2237,8359,176,3,8922.31
2238,13444,460,3,4289.39
2239,6081,13,4,7258.78
2240,5933,412,2,6068.19
2241,2728,344,4,4696.35
2242,6815,200,4,2884.6
2243,5084,32,5,5922.14
2244,14676,243,4,3831.51
2245,13272,430,1,5913.18
2246,12564,345,1,7840.69
2247,2855,354,2,7095.06
2248,10745,318,5,1060.93
2249,3029,333,5,3312.61
2250,9956,268,4,5811.88
2251,3629,343,4,3581.46
2252,13059,63,4,5383.93
2253,13800,177,1,1840.37
2254,2,359,4,4809.77
2255,1234,300,2,1815.98
2256,13790,136,4,5846.66
2257,2,253,2,6781.48
2258,12660,53,1,7460.59
2259,1534,448,4,5383.01
2260,3433,202,2,9011.14
2261,7986,491,3,7055.9
2262,9265,181,4,5638.45
2263,12230,382,1,2606.69
2264,1388,455,4,1899.28
2265,9163,487,2,6550.82
2266,6344,6,2,2683.41
2267,14127,28,2,966.94
2268,11547,225,4,1137.36
2269,11786,484,5,322.48
2270,11677,355,2,8627.33
2271,4662,75,4,8352.41
2272,13691,76,5,704.92
2273,8077,56,3,7342.67
2274,5361,13,1,7258.78
2275,43,134,5,5480.33
2276,735,285,2,3933.55
2277,9478,352,4,4584.87
2278,5792,98,1,4922.59
2279,6597,315,2,7046.48
2280,3085,102,2,9476.14
2281,10687,345,1,7840.69
2282,11910,303,2,9299.69
2283,14008,194,5,1359.67
2284,669,77,4,7226.24
2285,4554,495,2,6702.94
2286,4699,104,2,4430.26
2287,11575,87,2,2322.38
2288,7547,423,2,5539.86
2289,9154,228,1,604.91
2290,2357,460,1,4289.39
2291,5596,487,2,6550.82
2292,8074,393,2,9148.93
2293,14933,141,3,1098.86
2294,4615,132,2,426.52
2295,6194,82,3,6679.0
2296,9318,139,4,8246.2
2297,14860,416,4,6564.11
2298,4382,479,1,9565.21
2299,4142,346,4,5073.33
2300,8993,497,2,4248.99
2301,11904,51,5,8177.56
2302,12014,274,2,9374.58
2303,10914,107,2,1494.13
2304,12497,277,3,2568.61
2305,5386,217,2,9900.58
2306,2035,12,2,3492.99
2307,1450,310,5,5989.12
2308,14516,499,2,3186.27
2309,8505,138,4,9993.87
2310,1007,464,2,8934.52
2311,9374,78,3,3697.4
2312,6080,18,3,1342.37
2313,12841,206,3,2172.19
2314,8368,167,3,4172.77
2315,6126,209,3,9837.59
2316,13312,348,3,3047.9
2317,519,367,4,2146.49
2318,12493,12,3,3492.99
2319,12882,412,5,6068.19
2320,6094,91,1,7135.75
2321,7763,446,2,9142.99
2322,1042,321,2,9739.1
2323,5063,441,3,2052.86
2324,6562,100,5,9593.58
2325,3775,491,1,7055.9
2326,4872,201,2,7769.45
2327,11101,207,5,4423.45
2328,1930,334,5,7620.87
2329,13316,251,1,2903.35
2330,6240,310,3,5989.12
2331,829,496,2,2786.49
2332,3190,431,1,7429.75
2333,701,25,3,7621.45
2334,10596,177,5,1840.37
2335,2264,469,5,1716.73
2336,6266,420,4,968.02
2337,2755,105,3,328.39
2338,8749,179,5,748.02
2339,454,161,4,8407.44
2340,14850,424,3,9131.51
2341,14137,249,2,745.94
2342,3863,268,4,5811.88
2343,469,164,3,8667.88
2344,11347,95,1,3387.4
2345,9074,249,4,745.94
2346,8096,227,3,5782.67
2347,9110,274,4,9374.58
2348,5717,121,3,4637.39
2349,11272,131,1,884.97
2350,1042,404,2,3218.34
2351,10173,159,4,1801.45
2352,7858,31,2,5680.54
2353,11795,431,1,7429.75
2354,10443,86,5,4357.67
2355,8399,310,4,5989.12
2356,6195,447,1,2000.99
2357,7639,104,3,4430.26
2358,3997,375,3,6848.53
2359,3344,288,5,6906.22
2360,7841,105,3,328.39
2361,14113,355,4,8627.33
2362,4298,116,3,2672.92
2363,5145,372,5,1234.45
2364,178,403,4,4023.58
2365,14719,76,2,704.92
2366,12946,159,5,1801.45
2367,14556,55,1,4706.61
2368,12384,316,3,5796.51
2369,2454,316,5,5796.51
2370,5111,374,2,9108.7
2371,822,133,4,418.13
2372,14066,394,2,6388.25
2373,2393,480,1,5205.62
2374,12011,38,5,4667.15
2375,1272,350,3,2158.61
2376,13466,498,2,6884.43
2377,10807,401,5,276.76
2378,2805,164,2,8667.88
2379,7148,395,5,5403.61
2380,8388,101,2,6090.24
2381,11400,384,4,7551.73
2382,4633,268,2,5811.88
2383,7216,301,5,9862.65
2384,12915,54,5,7895.72
2385,14642,206,4,2172.19
2386,5654,441,3,2052.86
2387,10641,425,4,3696.53
2388,5776,194,2,1359.67
2389,11207,5,5,6386.27
2390,14637,66,4,6722.57
2391,5571,87,2,2322.38
2392,4723,170,3,2257.83
2393,1579,203,2,8511.61
2394,7387,271,1,9644.3
2395,5139,407,2,5006.35
2396,673,120,1,8117.66
2397,14537,239,1,1994.61
2398,10057,244,3,1081.56
2399,268,422,1,9215.56
2400,11414,272,3,4556.48
2401,9324,37,2,5308.22
2402,4537,135,5,5819.88
2403,14440,383,1,5157.46
2404,8781,98,1,4922.59
2405,11298,314,4,9504.99
2406,8991,53,3,7460.59
2407,5220,464,4,8934.52
2408,11414,20,4,5418.04
2409,4042,393,1,9148.93
2410,7756,487,2,6550.82
2411,10392,188,1,5330.51
2412,11319,298,1,8878.51
2413,2178,111,4,5010.75
2414,10506,114,4,3570.81
2415,13359,297,4,6822.62
2416,13273,234,5,5838.32
2417,13105,294,2,1759.3
2418,8643,175,5,8623.47
2419,3466,280,1,7595.69
2420,2890,28,2,966.94
2421,12673,337,3,4035.25
2422,3556,340,5,3757.64
2423,7049,326,3,8400.33
2424,13717,50,1,9478.54
2425,600,229,2,1133.55
2426,8036,310,4,5989.12
2427,7136,438,2,9206.62
2428,6265,329,2,1250.04
2429,6776,313,5,4182.64
2430,7804,111,4,5010.75
2431,13197,324,1,2208.08
2432,1542,69,4,8226.4
2433,6567,273,2,6942.27
2434,6330,41,3,6972.61
2435,12118,412,5,6068.19
2436,1625,197,3,6070.18
2437,13094,169,4,1462.57
2438,2370,71,4,1415.95
2439,14790,350,3,2158.61
2440,4907,441,1,2052.86
2441,1719,429,5,4716.21
2442,4691,459,2,1906.15
2443,3681,124,2,8055.13
2444,5559,459,1,1906.15
2445,7249,152,4,9565.43
2446,1725,136,3,5846.66
2447,771,383,5,5157.46
2448,115,455,4,1899.28
2449,1667,403,5,4023.58
2450,14003,249,2,745.94
2451,9106,21,1,9286.01
2452,8156,159,3,1801.45
2453,9246,443,1,9035.35
2454,11196,415,2,2187.71
2455,8810,389,2,3380.61
2456,1494,148,1,6826.23
2457,3535,55,1,4706.61
2458,5567,247,4,1511.4
2459,10672,499,4,3186.27
2460,3010,263,1,2663.77
2461,7797,87,1,2322.38
2462,8307,160,2,451.76
2463,87,275,5,8842.88
2464,10837,406,1,5823.84
2465,6020,424,1,9131.51
2466,10012,117,2,3613.97
2467,1491,104,5,4430.26
2468,4944,342,2,6063.95
2469,1564,305,1,4723.38
2470,4380,410,4,9139.34
2471,8906,156,4,7160.7
2472,3468,305,1,4723.38
2473,4303,347,2,5876.24
2474,8100,209,5,9837.59
2475,13672,286,4,8835.5
2476,4302,417,1,1315.86
2477,11271,103,5,4032.63
2478,14001,370,5,8466.61
2479,2065,467,4,2506.92
2480,3839,472,2,8162.55
2481,5884,24,5,8996.96
2482,920,437,4,3675.25
2483,13716,60,4,8583.96
2484,11208,369,5,8266.36
2485,8975,287,3,200.71
2486,9760,475,4,4830.58
2487,14642,11,1,1837.72
2488,6315,17,1,7305.81
2489,9327,342,4,6063.95
2490,7808,450,1,6116.29
2491,14654,421,3,8508.99
2492,8814,140,4,621.76
2493,3121,1,1,6315.21
2494,4582,257,5,2683.93
2495,2786,379,4,6490.64
2496,7635,238,3,8127.0
2497,8699,415,5,2187.71
2498,7906,236,5,8664.5
2499,4283,119,2,3230.43
2500,5704,146,5,4918.85
2501,785,189,5,8899.99
2502,7345,81,3,3619.81
2503,4608,402,5,2303.92
2504,6373,280,1,7595.69
2505,3454,172,1,8002.21
2506,10101,164,1,8667.88
2507,12532,415,4,2187.71
2508,14107,298,2,8878.51
2509,6006,357,5,6115.84
2510,6453,499,3,3186.27
2511,7954,296,1,3030.48
2512,13319,459,4,1906.15
2513,7945,406,2,5823.84
2514,1038,328,1,8910.25
2515,4689,351,1,5555.13
2516,13627,329,2,1250.04
2517,6185,154,4,7802.63
2518,11607,160,3,451.76
2519,228,434,3,3167.56
2520,9573,437,2,3675.25
2521,3067,186,1,7246.03
2522,4425,163,3,1948.49
2523,9262,452,5,7515.99
2524,9941,471,3,3581.14
2525,1115,446,5,9142.99
2526,1155,196,2,3830.25
2527,13083,127,2,5911.04
2528,4196,251,5,2903.35
2529,12590,437,4,3675.25
2530,8268,196,5,3830.25
2531,9840,293,3,8242.9
2532,7165,184,5,3270.76
2533,10043,399,5,5584.71
2534,11740,194,2,1359.67
2535,8517,371,4,2310.72
2536,9619,436,2,6908.99
2537,11231,491,3,7055.9
2538,3855,409,4,5767.52
2539,6436,424,5,9131.51
2540,10671,324,4,2208.08
2541,4689,335,3,1115.92
2542,11559,293,4,8242.9
2543,8461,278,4,8996.64
2544,8135,423,1,5539.86
2545,6076,433,2,3027.9
2546,10690,122,2,8180.09
2547,2733,469,2,1716.73
2548,323,400,4,8624.0
2549,4444,186,1,7246.03
2550,1797,326,3,8400.33
2551,11367,344,4,4696.35
2552,4159,432,1,226.39
2553,6981,179,5,748.02
2554,14245,321,4,9739.1
2555,6409,398,2,4962.95
2556,1305,144,3,1912.27
2557,8432,406,5,5823.84
2558,12989,329,1,1250.04
2559,4601,41,4,6972.61
2560,8446,283,2,5067.19
2561,13062,487,4,6550.82
2562,10504,48,2,1838.87
2563,6928,42,1,4497.14
2564,8475,230,1,2678.09
2565,8442,245,5,8611.56
2566,1912,336,2,7047.79
2567,8073,58,3,7243.02
2568,10500,20,1,5418.04
2569,10077,243,5,3831.51
2570,13335,418,2,4286.55
2571,1742,205,3,4022.8
2572,11293,421,2,8508.99
2573,763,221,2,3345.21
2574,12622,153,5,8748.36
2575,4005,312,3,7979.12
2576,14566,125,2,2911.91
2577,1568,34,4,4719.44
2578,2094,414,3,8456.47
2579,6264,404,4,3218.34
2580,621,458,4,1066.87
2581,9307,419,1,2984.31
2582,14910,415,4,2187.71
2583,14890,207,5,4423.45
2584,9271,175,1,8623.47
2585,11982,378,2,3236.96
2586,13384,275,4,8842.88
2587,6117,350,4,2158.61
2588,6520,50,4,9478.54
2589,14066,440,2,1392.66
2590,1702,328,4,8910.25
2591,10699,241,1,9266.89
2592,8907,150,4,5507.66
2593,7369,219,1,6055.1
2594,11619,394,1,6388.25
2595,12413,222,4,9786.82
2596,3547,401,4,276.76
2597,5358,316,5,5796.51
2598,12015,1,4,6315.21
2599,4951,218,1,2942.56
2600,6481,318,1,1060.93
2601,10465,43,1,3765.59
2602,11017,423,1,5539.86
2603,13343,500,2,9839.38
2604,10515,341,2,6881.86
2605,2275,247,5,1511.4
2606,4091,445,5,4601.52
2607,4232,115,3,8618.7
2608,14076,363,1,6816.26
2609,1488,96,3,2678.45
2610,8944,374,1,9108.7
2611,2217,159,2,1801.45
2612,3634,181,2,5638.45
2613,13775,196,2,3830.25
2614,14459,342,2,6063.95
2615,5020,427,4,3259.85
2616,8750,139,4,8246.2
2617,352,146,1,4918.85
2618,10071,488,4,6635.81
2619,10243,198,1,946.71
2620,13896,90,1,7785.19
2621,12745,88,2,8219.74
2622,3487,338,4,9668.48
2623,9693,120,2,8117.66
2624,6698,205,3,4022.8
2625,4557,484,5,322.48
2626,4780,140,2,621.76
2627,11228,459,5,1906.15
2628,11665,365,4,1850.05
2629,14465,268,2,5811.88
2630,3013,319,1,3953.51
2631,4598,115,2,8618.7
2632,13727,211,3,9357.68
2633,2627,138,3,9993.87
2634,9833,34,2,4719.44
2635,13762,72,3,879.52
2636,6291,29,5,3941.11
2637,12365,58,5,7243.02
2638,693,177,3,1840.37
2639,1338,348,4,3047.9
2640,3979,228,5,604.91
2641,11245,12,5,3492.99
2642,7261,358,4,3041.52
2643,277,245,4,8611.56
2644,6215,450,2,6116.29
2645,11568,151,4,8809.81
2646,14123,3,4,6914.47
2647,3147,343,1,3581.46
2648,6081,378,1,3236.96
2649,4174,352,4,4584.87
2650,13751,77,3,7226.24
2651,4095,319,1,3953.51
2652,8969,72,4,879.52
2653,2270,461,5,798.26
2654,4617,130,5,2180.26
2655,3794,417,5,1315.86
2656,4402,463,2,7898.4
2657,8531,141,4,1098.86
2658,14828,470,4,7905.83
2659,8366,475,5,4830.58
2660,5393,226,3,2025.32
2661,6816,289,3,6753.34
2662,12665,290,1,1424.2
2663,436,336,5,7047.79
2664,6415,31,1,5680.54
2665,3314,117,2,3613.97
2666,13522,5,4,6386.27
2667,4407,371,1,2310.72
2668,1320,22,5,1658.35
2669,13282,339,2,9584.08
2670,2479,225,3,1137.36
2671,3791,135,5,5819.88
2672,4845,303,1,9299.69
2673,970,259,4,6946.2
2674,3586,66,1,6722.57
2675,8692,192,4,8165.24
2676,4730,138,5,9993.87
2677,7291,166,5,5626.74
2678,6948,88,1,8219.74
2679,3567,227,2,5782.67
2680,2109,127,4,5911.04
2681,10371,88,1,8219.74
2682,9461,136,3,5846.66
2683,628,86,5,4357.67
2684,1013,174,4,7399.81
2685,10554,500,3,9839.38
2686,7540,261,4,980.67
2687,11597,458,2,1066.87
2688,4888,292,5,6604.75
2689,7866,156,2,7160.7
2690,13485,378,4,3236.96
2691,1439,233,4,4748.37
2692,4588,6,5,2683.41
2693,4868,176,5,8922.31
2694,14007,493,5,5685.39
2695,8398,125,5,2911.91
2696,14772,180,4,7937.75
2697,9520,42,2,4497.14
2698,7501,214,2,8463.2
2699,14254,373,4,5173.76
2700,1484,337,1,4035.25
2701,6638,349,4,4111.82
2702,12795,461,5,798.26
2703,14093,161,5,8407.44
2704,231,116,4,2672.92
2705,556,430,5,5913.18
2706,3104,335,4,1115.92
2707,8758,447,2,2000.99
2708,4108,93,1,2028.54
2709,1562,228,3,604.91
2710,2119,467,1,2506.92
2711,10854,185,5,9608.72
2712,7640,469,3,1716.73
2713,2531,133,4,418.13
2714,10004,424,5,9131.51
2715,13151,112,1,8874.43
2716,637,294,3,1759.3
2717,11508,343,4,3581.46
2718,3173,321,3,9739.1
2719,5327,18,3,1342.37
2720,2209,201,1,7769.45
2721,8699,473,4,4297.32
2722,12952,332,3,2539.39
2723,10100,431,4,7429.75
2724,737,241,1,9266.89
2725,5091,88,5,8219.74
2726,7732,11,5,1837.72
2727,8481,221,3,3345.21
2728,13962,88,3,8219.74
2729,12793,493,3,5685.39
2730,1365,414,2,8456.47
2731,6612,469,1,1716.73
2732,4363,255,4,8283.02
2733,8901,149,5,938.71
2734,12122,455,4,1899.28
2735,7346,30,5,7899.0
2736,5960,438,5,9206.62
2737,9853,444,4,7201.79
2738,9794,337,5,4035.25
2739,5408,121,3,4637.39
2740,1455,229,5,1133.55
2741,3468,269,2,1141.26
2742,10936,241,2,9266.89
2743,14439,53,1,7460.59
2744,11223,234,3,5838.32
2745,8604,316,2,5796.51
2746,5105,495,3,6702.94
2747,8949,115,4,8618.7
2748,10098,240,3,9176.21
2749,8904,23,2,1685.18
2750,220,296,3,3030.48
2751,7721,13,2,7258.78
2752,788,415,1,2187.71
2753,9846,45,1,1218.3
2754,12252,199,2,8014.84
2755,13852,347,2,5876.24
2756,6567,264,2,9277.81
2757,7824,70,3,8962.34
2758,14446,129,4,6571.12
2759,5535,98,2,4922.59
2760,12404,477,3,9150.54
2761,11532,82,5,6679.0
2762,8300,473,1,4297.32
2763,4119,140,5,621.76
2764,6310,252,2,4660.57
2765,11448,488,2,6635.81
2766,5698,278,4,8996.64
2767,6606,60,5,8583.96
2768,6472,102,2,9476.14
2769,5219,420,4,968.02
2770,12416,159,4,1801.45
2771,11473,234,4,5838.32
2772,7382,13,2,7258.78
2773,14086,1,5,6315.21
2774,2939,227,5,5782.67
2775,13199,205,2,4022.8
2776,14512,199,2,8014.84
2777,5476,9,1,9075.61
2778,14964,12,4,3492.99
2779,9834,104,4,4430.26
2780,11067,14,4,7643.58
2781,13167,82,1,6679.0
2782,8766,68,2,4687.17
2783,2417,172,4,8002.21
2784,10340,441,3,2052.86
2785,8286,208,3,8638.99
2786,2840,263,2,2663.77
2787,2255,52,5,8643.0
2788,9632,194,2,1359.67
2789,12577,266,2,4135.03
2790,4242,262,1,6965.43
2791,2683,155,2,5690.41
2792,14039,129,4,6571.12
2793,1325,166,2,5626.74
2794,4700,53,3,7460.59
2795,14518,296,5,3030.48
2796,14718,437,3,3675.25
2797,4966,288,1,6906.22
2798,5356,436,5,6908.99
2799,4161,67,2,9629.35
2800,2250,444,2,7201.79
2801,12842,337,1,4035.25
2802,5031,499,1,3186.27
2803,10503,175,4,8623.47
2804,5412,106,5,6259.39
2805,3233,91,4,7135.75
2806,10665,245,1,8611.56
2807,1662,227,3,5782.67
2808,14834,104,1,4430.26
2809,8340,182,3,576.46
2810,9340,328,1,8910.25
2811,6101,9,2,9075.61
2812,8879,435,4,9744.01
2813,8642,143,1,5350.83
2814,13337,155,1,5690.41
2815,12766,392,2,557.07
2816,7328,54,4,7895.72
2817,1060,227,2,5782.67
2818,9373,116,2,2672.92
2819,13320,470,1,7905.83
2820,13748,403,5,4023.58
2821,8148,281,4,2968.82
2822,11848,69,5,8226.4
2823,159,192,5,8165.24
2824,12489,446,1,9142.99
2825,3066,216,2,3464.18
2826,9915,261,3,980.67
2827,7228,180,2,7937.75
2828,1550,210,2,4078.3
2829,13636,231,3,1578.47
2830,12822,414,1,8456.47
2831,8930,377,4,9039.51
2832,5437,215,3,5828.57
2833,3217,491,5,7055.9
2834,14961,172,1,8002.21
2835,4259,489,1,3207.62
2836,286,287,3,200.71
2837,823,218,3,2942.56
2838,5009,285,4,3933.55
2839,12274,6,4,2683.41
2840,14060,124,1,8055.13
2841,535,342,2,6063.95
2842,4923,195,5,3311.18
2843,9019,188,4,5330.51
2844,4071,194,5,1359.67
2845,10300,236,3,8664.5
2846,6490,52,3,8643.0
2847,7429,437,5,3675.25
2848,7845,414,4,8456.47
2849,10813,154,3,7802.63
2850,2391,79,3,9929.03
2851,12357,240,1,9176.21
2852,7403,458,2,1066.87
2853,4332,155,1,5690.41
2854,12664,185,1,9608.72
2855,9371,386,3,3146.12
2856,6600,396,5,8634.83
2857,1535,386,2,3146.12
2858,14112,450,2,6116.29
2859,10182,227,1,5782.67
2860,14386,428,1,1211.53
2861,14137,324,2,2208.08
2862,14952,107,1,1494.13
2863,5357,189,5,8899.99
2864,2063,469,2,1716.73
2865,666,395,2,5403.61
2866,3508,290,1,1424.2
2867,13276,112,1,8874.43
2868,2349,11,2,1837.72
2869,2330,457,3,9921.34
2870,9008,372,1,1234.45
2871,10701,50,3,9478.54
2872,8300,63,4,5383.93
2873,2446,410,1,9139.34
2874,4306,182,1,576.46
2875,2990,425,4,3696.53
2876,4614,293,4,8242.9
2877,14542,159,3,1801.45
2878,6630,451,2,5360.01
2879,6691,124,2,8055.13
2880,948,372,3,1234.45
2881,14169,451,5,5360.01
2882,8988,382,4,2606.69
2883,8217,22,4,1658.35
2884,4945,336,2,7047.79
2885,5587,100,2,9593.58
2886,9542,152,1,9565.43
2887,9321,101,5,6090.24
2888,7168,82,2,6679.0
2889,8075,434,2,3167.56
2890,1634,286,5,8835.5
2891,12330,206,1,2172.19
2892,14806,461,2,798.26
2893,13800,149,4,938.71
2894,1714,130,4,2180.26
2895,14136,174,3,7399.81
2896,6517,248,1,5592.3
2897,12908,33,4,968.15
2898,6763,80,2,7702.5
2899,2064,2,3,732.43
2900,10668,118,2,8743.3
2901,14377,339,5,9584.08
2902,11462,381,1,3904.17
2903,3946,405,4,3026.74
2904,13625,37,5,5308.22
2905,14662,395,4,5403.61
2906,7538,496,5,2786.49
2907,3684,142,1,6545.75
2908,1635,296,3,3030.48
2909,14210,497,4,4248.99
2910,14586,384,2,7551.73
2911,12018,62,5,2223.61
2912,7865,301,2,9862.65
2913,7504,213,2,3800.6
2914,3722,279,3,5378.36
2915,4421,3,3,6914.47
2916,1983,416,3,6564.11
2917,14472,333,5,3312.61
2918,6942,444,1,7201.79
2919,10203,337,5,4035.25
2920,11324,473,2,4297.32
2921,4326,5,1,6386.27
2922,3506,418,5,4286.55
2923,10628,494,5,3573.94
2924,10619,343,2,3581.46
2925,1390,228,5,604.91
2926,4766,20,5,5418.04
2927,1317,52,3,8643.0
2928,13628,298,5,8878.51
2929,14140,113,2,9827.8
2930,6280,30,4,7899.0
2931,12220,87,1,2322.38
2932,5280,407,4,5006.35
2933,4037,432,2,226.39
2934,12959,272,1,4556.48
2935,1162,153,3,8748.36
2936,1982,193,3,1281.1
2937,5315,253,5,6781.48
2938,9353,86,5,4357.67
2939,10237,188,5,5330.51
2940,9313,442,1,722.71
2941,4888,304,1,466.87
2942,7691,127,3,5911.04
2943,9314,386,4,3146.12
2944,11004,214,2,8463.2
2945,3070,308,2,3248.37
2946,12941,25,1,7621.45
2947,5396,340,4,3757.64
2948,14996,332,4,2539.39
2949,5311,308,5,3248.37
2950,5719,475,3,4830.58
2951,10425,351,3,5555.13
2952,3568,463,3,7898.4
2953,10997,493,5,5685.39
2954,13637,339,1,9584.08
2955,14370,332,4,2539.39
2956,7108,228,5,604.91
2957,12094,173,2,3149.12
2958,3727,491,3,7055.9
2959,9810,494,1,3573.94
2960,9053,339,2,9584.08
2961,9142,16,4,8266.92
2962,8603,15,2,3870.03
2963,10972,419,2,2984.31
2964,143,283,1,5067.19
2965,10982,139,5,8246.2
2966,12898,450,2,6116.29
2967,13443,235,3,8300.53
2968,3694,392,3,557.07
2969,6606,493,4,5685.39
2970,9842,39,2,3738.32
2971,705,101,3,6090.24
2972,9231,179,3,748.02
2973,6450,389,2,3380.61
2974,4886,443,3,9035.35
2975,12939,84,3,8556.86
2976,11899,217,2,9900.58
2977,4456,324,3,2208.08
2978,11112,116,1,2672.92
2979,6203,258,2,9737.13
2980,4325,105,5,328.39
2981,7391,204,1,5285.57
2982,9189,30,4,7899.0
2983,5298,78,1,3697.4
2984,8350,394,2,6388.25
2985,7612,322,1,6758.75
2986,2175,314,2,9504.99
2987,13308,9,5,9075.61
2988,11436,243,2,3831.51
2989,14846,392,5,557.07
2990,7273,414,3,8456.47
2991,5159,61,2,1207.44
2992,14817,477,1,9150.54
2993,2469,137,4,2848.21
2994,8979,445,5,4601.52
2995,8144,202,4,9011.14
2996,9997,45,2,1218.3
2997,153,103,3,4032.63
2998,14382,152,5,9565.43
2999,7937,78,4,3697.4
3000,11136,394,5,6388.25
3001,6323,154,2,7802.63
3002,9794,402,2,2303.92
3003,1045,348,2,3047.9
3004,1305,244,4,1081.56
3005,14583,277,2,2568.61
3006,6092,307,4,4019.4
3007,12966,485,1,8787.67
3008,5080,143,3,5350.83
3009,2625,85,4,2064.18
3010,3698,120,1,8117.66
3011,8036,287,3,200.71
3012,6793,236,5,8664.5
3013,13307,180,1,7937.75
3014,7675,210,3,4078.3
3015,13583,443,5,9035.35
3016,6083,273,4,6942.27
3017,12270,141,1,1098.86
3018,14887,123,2,4560.68
3019,12529,306,1,9402.04
3020,3878,433,5,3027.9
3021,9748,179,1,748.02
3022,11390,30,4,7899.0
3023,3291,70,2,8962.34
3024,5342,253,3,6781.48
3025,1057,466,2,2173.99
3026,4982,338,3,9668.48
3027,12662,79,2,9929.03
3028,5150,283,1,5067.19
3029,11131,410,3,9139.34
3030,4085,275,5,8842.88
3031,2260,277,1,2568.61
3032,8648,428,5,1211.53
3033,4602,107,4,1494.13
3034,3838,123,1,4560.68
3035,1615,321,1,9739.1
3036,10486,220,5,4181.4
3037,7150,4,3,1038.64
3038,7119,26,4,482.02
3039,5985,476,2,7708.58
3040,2864,189,4,8899.99
3041,11573,150,1,5507.66
3042,4487,500,5,9839.38
3043,9306,469,1,1716.73
3044,10051,317,5,9246.11
3045,3976,1,1,6315.21
3046,5769,444,4,7201.79
3047,8204,182,1,576.46
3048,6328,456,4,8200.2
3049,14044,304,5,466.87
3050,5366,67,3,9629.35
3051,13461,95,5,3387.4
3052,1657,288,5,6906.22
3053,6615,35,1,1741.5
3054,8926,207,3,4423.45
3055,13149,149,1,938.71
3056,9211,309,4,6463.56
3057,4680,124,2,8055.13
3058,3342,240,5,9176.21
3059,6623,331,1,1285.58
3060,2322,95,5,3387.4
3061,13174,444,4,7201.79
3062,7595,215,4,5828.57
3063,4305,51,1,8177.56
3064,10753,145,1,6422.41
3065,13348,275,1,8842.88
3066,11430,483,4,9066.19
3067,4294,115,2,8618.7
3068,8064,457,2,9921.34
3069,4027,64,4,3923.84
3070,7730,26,4,482.02
3071,14334,388,3,5482.96
3072,2434,39,2,3738.32
3073,3357,108,2,1734.18
3074,1813,307,2,4019.4
3075,7444,96,4,2678.45
3076,2773,224,2,3104.98
3077,10433,492,3,9608.88
3078,8797,218,3,2942.56
3079,11166,326,2,8400.33
3080,10510,262,2,6965.43
3081,2912,431,2,7429.75
3082,3142,438,3,9206.62
3083,10066,300,3,1815.98
3084,5613,75,3,8352.41
3085,1386,41,4,6972.61
3086,2927,223,2,6357.32
3087,5286,187,1,7403.39
3088,7367,175,1,8623.47
3089,12983,269,3,1141.26
3090,3331,446,4,9142.99
3091,4462,216,4,3464.18
3092,12888,260,5,4925.88
3093,6629,349,3,4111.82
3094,10683,394,5,6388.25
3095,14121,34,5,4719.44
3096,5496,327,2,9601.35
3097,9238,212,5,1848.43
3098,10364,131,1,884.97
3099,9280,430,4,5913.18
3100,11390,332,2,2539.39
3101,11149,164,2,8667.88
3102,2491,455,4,1899.28
3103,4499,289,3,6753.34
3104,13635,362,4,9726.31
3105,3,11,5,1837.72
3106,4455,18,2,1342.37
3107,626,72,5,879.52
3108,13953,459,5,1906.15
3109,8294,352,1,4584.87
3110,7386,321,1,9739.1
3111,10865,480,3,5205.62
3112,10226,216,3,3464.18
3113,11973,54,1,7895.72
3114,7818,83,4,9659.08
3115,979,256,2,8632.64
3116,13003,17,4,7305.81
3117,7365,279,2,5378.36
3118,14349,185,2,9608.72
3119,12553,34,4,4719.44
3120,6494,172,4,8002.21
3121,13768,103,5,4032.63
3122,14130,173,5,3149.12
3123,8052,427,5,3259.85
3124,3659,165,4,5790.97
3125,4416,161,1,8407.44
3126,1501,444,5,7201.79
3127,13307,213,4,3800.6
3128,3593,255,4,8283.02
3129,6620,15,3,3870.03
3130,7877,418,4,4286.55
3131,1294,22,3,1658.35
3132,10665,124,3,8055.13
3133,6527,476,4,7708.58
3134,11852,366,2,3897.58
3135,3728,344,5,4696.35
3136,1359,73,1,9210.64
3137,9655,68,3,4687.17
3138,4842,279,3,5378.36
3139,12250,362,1,9726.31
3140,11382,153,4,8748.36
3141,11427,220,2,4181.4
3142,13719,165,5,5790.97
3143,8836,134,1,5480.33
3144,9163,360,5,8818.48
3145,7463,130,4,2180.26
3146,6586,89,2,2158.02
3147,6405,323,3,1809.66
3148,8231,316,2,5796.51
3149,12756,424,3,9131.51
3150,6173,423,1,5539.86
3151,14655,171,3,9757.17
3152,8581,445,1,4601.52
3153,7622,92,1,8797.95
3154,6388,126,4,2937.97
3155,5315,421,3,8508.99
3156,12385,344,3,4696.35
3157,597,325,1,4799.01
3158,13062,330,5,9882.58
3159,8151,346,4,5073.33
3160,13168,108,5,1734.18
3161,14607,275,4,8842.88
3162,6537,377,4,9039.51
3163,8226,470,3,7905.83
3164,9988,203,2,8511.61
3165,12135,405,4,3026.74
3166,1297,159,1,1801.45
3167,13111,244,1,1081.56
3168,5510,256,2,8632.64
3169,4557,39,1,3738.32
3170,1130,497,5,4248.99
3171,5337,243,5,3831.51
3172,4886,34,4,4719.44
3173,804,462,5,9857.56
3174,1243,233,3,4748.37
3175,2483,153,2,8748.36
3176,6778,163,1,1948.49
3177,2556,404,5,3218.34
3178,82,320,3,7113.73
3179,3828,137,4,2848.21
3180,10239,211,2,9357.68
3181,12772,434,5,3167.56
3182,11195,363,2,6816.26
3183,6257,71,2,1415.95
3184,10278,286,1,8835.5
3185,973,30,5,7899.0
3186,8144,108,1,1734.18
3187,5263,373,1,5173.76
3188,61,434,3,3167.56
3189,2122,113,5,9827.8
3190,14766,288,2,6906.22
3191,14421,63,4,5383.93
3192,14945,238,3,8127.0
3193,8800,242,3,7663.19
3194,9441,14,2,7643.58
3195,6275,13,5,7258.78
3196,4548,3,5,6914.47
3197,7250,114,5,3570.81
3198,11381,197,3,6070.18
3199,577,354,4,7095.06
3200,3634,348,2,3047.9
3201,14168,397,5,5628.09
3202,2930,442,4,722.71
3203,2965,24,2,8996.96
3204,11632,61,1,1207.44
3205,4250,172,4,8002.21
3206,10368,60,2,8583.96
3207,10344,187,1,7403.39
3208,2463,83,5,9659.08
3209,7667,52,3,8643.0
3210,13458,272,3,4556.48
3211,7713,228,5,604.91
3212,13958,425,5,3696.53
3213,334,164,3,8667.88
3214,1550,426,4,3257.04
3215,6444,228,1,604.91
3216,7466,4,5,1038.64
3217,6465,167,5,4172.77
3218,8206,98,1,4922.59
3219,2873,52,4,8643.0
3220,2463,481,1,4000.0
3221,3931,141,4,1098.86
3222,7032,75,1,8352.41
3223,11569,133,1,418.13
3224,11225,8,4,6565.53
3225,598,29,5,3941.11
3226,719,19,4,5022.81
3227,4854,38,1,4667.15
3228,6182,417,3,1315.86
3229,1814,416,1,6564.11
3230,14551,358,5,3041.52
3231,12774,208,3,8638.99
3232,413,168,1,1657.22
3233,4721,115,5,8618.7
3234,14662,103,3,4032.63
3235,9600,12,3,3492.99
3236,6503,420,5,968.02
3237,11130,150,5,5507.66
3238,7945,415,3,2187.71
3239,1039,53,1,7460.59
3240,6928,249,3,745.94
3241,8265,485,3,8787.67
3242,9435,260,2,4925.88
3243,3564,297,1,6822.62
3244,10298,274,1,9374.58
3245,347,487,1,6550.82
3246,8975,490,2,1232.7
3247,1941,441,4,2052.86
3248,6500,486,4,9524.97
3249,8508,66,4,6722.57
3250,13264,448,2,5383.01
3251,5874,72,2,879.52
3252,1854,104,1,4430.26
3253,2480,284,5,9324.98
3254,3919,102,2,9476.14
3255,6064,218,4,2942.56
3256,9818,123,1,4560.68
3257,3884,78,4,3697.4
3258,9734,143,1,5350.83
3259,13257,290,2,1424.2
3260,14059,489,4,3207.62
3261,2021,360,4,8818.48
3262,6614,159,5,1801.45
3263,6258,78,5,3697.4
3264,11641,164,2,8667.88
3265,7862,276,5,2146.27
3266,14352,188,3,5330.51
3267,8825,82,3,6679.0
3268,2718,84,2,8556.86
3269,13556,396,2,8634.83
3270,8971,303,5,9299.69
3271,6837,166,4,5626.74
3272,4075,283,5,5067.19
3273,3134,250,2,9260.34
3274,5719,31,2,5680.54
3275,14710,260,4,4925.88
3276,13771,332,1,2539.39
3277,10734,459,2,1906.15
3278,1038,64,1,3923.84
3279,11772,177,2,1840.37
3280,9928,462,5,9857.56
3281,10581,474,4,6301.48
3282,8335,46,1,8792.03
3283,14437,31,1,5680.54
3284,6753,365,4,1850.05
3285,8973,263,4,2663.77
3286,8691,338,5,9668.48
3287,4117,225,3,1137.36
3288,13247,268,5,5811.88
3289,10964,198,5,946.71
3290,9773,155,4,5690.41
3291,6367,53,1,7460.59
3292,9781,343,4,3581.46
3293,14656,330,2,9882.58
3294,103,494,5,3573.94
3295,4452,473,1,4297.32
3296,5740,351,4,5555.13
3297,12244,421,2,8508.99
3298,6242,62,3,2223.61
3299,4153,78,1,3697.4
3300,3863,123,3,4560.68
3301,10218,335,2,1115.92
3302,14000,285,1,3933.55
3303,11447,127,2,5911.04
3304,9823,296,4,3030.48
3305,7612,474,1,6301.48
3306,1301,132,1,426.52
3307,6221,235,5,8300.53
3308,8496,85,5,2064.18
3309,800,418,2,4286.55
3310,12063,152,2,9565.43
3311,4705,310,1,5989.12
3312,1903,14,1,7643.58
3313,9838,372,2,1234.45
3314,11313,401,1,276.76
3315,7217,470,2,7905.83
3316,12885,127,3,5911.04
3317,3713,286,2,8835.5
3318,5002,133,3,418.13
3319,11441,179,2,748.02
3320,13098,359,2,4809.77
3321,5816,297,4,6822.62
3322,10891,434,3,3167.56
3323,6214,97,5,509.52
3324,9139,374,5,9108.7
3325,8284,484,5,322.48
3326,1639,40,2,5521.2
3327,14373,136,5,5846.66
3328,11997,55,3,4706.61
3329,7072,353,5,3759.57
3330,3307,123,5,4560.68
3331,11672,142,5,6545.75
3332,9682,286,4,8835.5
3333,2331,164,3,8667.88
3334,10657,272,5,4556.48
3335,13610,36,5,5763.51
3336,164,33,5,968.15
3337,6342,495,1,6702.94
3338,9376,20,1,5418.04
3339,2055,231,5,1578.47
3340,242,236,2,8664.5
3341,1503,21,4,9286.01
3342,5541,88,1,8219.74
3343,14779,198,3,946.71
3344,1576,286,3,8835.5
3345,13302,449,1,7816.26
3346,8619,272,2,4556.48
3347,3405,383,4,5157.46
3348,7360,21,5,9286.01
3349,13254,296,4,3030.48
3350,4119,154,1,7802.63
3351,3525,215,3,5828.57
3352,8729,438,5,9206.62
3353,11228,358,5,3041.52
3354,9584,317,2,9246.11
3355,14169,190,1,1021.97
3356,14019,84,4,8556.86
3357,5936,376,1,258.42
3358,8910,144,2,1912.27
3359,4180,342,2,6063.95
3360,9278,29,5,3941.11
3361,13790,414,5,8456.47
3362,7153,79,3,9929.03
3363,12839,187,1,7403.39
3364,3470,339,3,9584.08
3365,4162,365,2,1850.05
3366,5319,124,3,8055.13
3367,14381,166,4,5626.74
3368,13588,83,3,9659.08
3369,6140,132,4,426.52
3370,7154,361,3,5463.67
3371,7589,403,4,4023.58
3372,817,405,3,3026.74
3373,289,344,3,4696.35
3374,6521,67,2,9629.35
3375,11072,122,1,8180.09
3376,13289,497,1,4248.99
3377,10304,415,4,2187.71
3378,8101,365,5,1850.05
3379,6366,168,1,1657.22
3380,2651,138,1,9993.87
3381,13225,235,5,8300.53
3382,12948,100,2,9593.58
3383,4059,377,4,9039.51
3384,1178,371,1,2310.72
3385,11693,457,3,9921.34
3386,7001,92,5,8797.95
3387,7980,157,1,7290.81
3388,11808,145,2,6422.41
3389,12226,450,1,6116.29
3390,8566,10,5,395.33
3391,10582,168,1,1657.22
3392,9324,12,2,3492.99
3393,1681,421,1,8508.99
3394,146,45,1,1218.3
3395,7442,193,3,1281.1
3396,8013,448,5,5383.01
3397,10278,422,4,9215.56
3398,14608,140,1,621.76
3399,7039,241,4,9266.89
3400,6086,60,5,8583.96
3401,4225,368,4,1767.74
3402,4869,386,2,3146.12
3403,9330,396,5,8634.83
3404,7136,9,3,9075.61
3405,13180,321,4,9739.1
3406,841,499,3,3186.27
3407,11300,147,5,8276.67
3408,6222,228,5,604.91
3409,12301,167,1,4172.77
3410,7565,357,2,6115.84
3411,8930,113,4,9827.8
3412,14345,362,2,9726.31
3413,12653,278,1,8996.64
3414,3689,478,3,6425.58
3415,13995,75,1,8352.41
3416,13025,354,5,7095.06
3417,9051,343,1,3581.46
3418,3235,77,5,7226.24
3419,1671,278,4,8996.64
3420,11969,205,4,4022.8
3421,13086,290,1,1424.2
3422,3832,445,3,4601.52
3423,9812,117,3,3613.97
3424,923,146,3,4918.85
3425,5447,400,5,8624.0
3426,10837,139,3,8246.2
3427,14965,497,1,4248.99
3428,14890,172,5,8002.21
3429,3010,279,4,5378.36
3430,6964,137,1,2848.21
3431,8815,260,5,4925.88
3432,10376,108,3,1734.18
3433,6854,161,5,8407.44
3434,12196,286,2,8835.5
3435,2625,272,5,4556.48
3436,4173,178,5,9950.37
3437,13980,239,3,1994.61
3438,12524,52,2,8643.0
3439,12110,497,5,4248.99
3440,14707,55,2,4706.61
3441,9199,470,1,7905.83
3442,11761,444,2,7201.79
3443,409,289,1,6753.34
3444,11132,76,2,704.92
3445,11336,90,4,7785.19
3446,13355,162,4,9785.74
3447,14262,118,1,8743.3
3448,11993,73,4,9210.64
3449,9327,266,2,4135.03
3450,12807,436,4,6908.99
3451,7690,435,2,9744.01
3452,8849,3,3,6914.47
3453,11685,332,4,2539.39
3454,2419,447,4,2000.99
3455,2021,163,4,1948.49
3456,13770,361,4,5463.67
3457,4917,133,4,418.13
3458,14160,54,2,7895.72
3459,8933,116,2,2672.92
3460,3378,493,5,5685.39
3461,4521,408,5,8941.62
3462,7612,87,5,2322.38
3463,7380,489,5,3207.62
3464,1804,52,1,8643.0
3465,3073,147,4,8276.67
3466,8877,386,1,3146.12
3467,13981,155,2,5690.41
3468,1651,173,1,3149.12
3469,1375,10,2,395.33
3470,3109,409,5,5767.52
3471,5680,402,2,2303.92
3472,2741,173,4,3149.12
3473,1618,138,4,9993.87
3474,11525,295,2,8795.72
3475,10398,102,3,9476.14
3476,5984,181,1,5638.45
3477,11259,378,2,3236.96
3478,389,209,5,9837.59
3479,10021,438,5,9206.62
3480,3230,202,1,9011.14
3481,6743,347,2,5876.24
3482,11679,87,2,2322.38
3483,2212,157,5,7290.81
3484,3184,76,2,704.92
3485,10654,222,5,9786.82
3486,10926,327,1,9601.35
3487,6317,262,4,6965.43
3488,639,458,5,1066.87
3489,14949,39,5,3738.32
3490,14430,119,2,3230.43
3491,5803,61,2,1207.44
3492,2532,325,3,4799.01
3493,9534,326,1,8400.33
3494,974,314,1,9504.99
3495,9707,188,4,5330.51
3496,7989,24,5,8996.96
3497,11043,301,5,9862.65
3498,12338,59,2,3468.76
3499,8933,354,1,7095.06
3500,1887,317,3,9246.11
3501,6030,60,3,8583.96
3502,8115,205,3,4022.8
3503,10722,277,2,2568.61
3504,5720,320,5,7113.73
3505,12156,109,3,796.13
3506,13573,97,1,509.52
3507,10477,285,2,3933.55
3508,8121,109,3,796.13
3509,5228,119,1,3230.43
3510,13552,420,3,968.02
3511,3919,485,1,8787.67
3512,9468,420,4,968.02
3513,10414,245,3,8611.56
3514,7180,28,1,966.94
3515,5451,349,5,4111.82
3516,8298,83,2,9659.08
3517,4640,130,3,2180.26
3518,103,4,2,1038.64
3519,3539,413,5,202.63
3520,14556,4,1,1038.64
3521,5934,406,3,5823.84
3522,11185,124,4,8055.13
3523,6524,495,1,6702.94
3524,2306,168,5,1657.22
3525,12778,269,3,1141.26
3526,11053,470,1,7905.83
3527,871,441,5,2052.86
3528,10449,473,3,4297.32
3529,6726,211,4,9357.68
3530,8647,459,1,1906.15
3531,13193,255,3,8283.02
3532,8095,92,1,8797.95
3533,5405,135,4,5819.88
3534,6079,195,3,3311.18
3535,13646,412,2,6068.19
3536,3743,452,3,7515.99
3537,9335,129,2,6571.12
3538,11783,208,3,8638.99
3539,4006,376,5,258.42
3540,2611,70,1,8962.34
3541,10737,240,2,9176.21
3542,2622,94,2,8180.15
3543,11256,21,3,9286.01
3544,13513,102,2,9476.14
3545,8109,271,4,9644.3
3546,10015,143,4,5350.83
3547,12513,306,4,9402.04
3548,12008,204,4,5285.57
3549,12169,223,3,6357.32
3550,3664,277,1,2568.61
3551,9645,123,1,4560.68
3552,3615,480,1,5205.62
3553,323,375,5,6848.53
3554,12328,10,3,395.33
3555,11736,322,1,6758.75
3556,5482,181,4,5638.45
3557,13670,63,4,5383.93
3558,8276,202,3,9011.14
3559,3140,60,4,8583.96
3560,9806,363,1,6816.26
3561,520,338,1,9668.48
3562,4865,28,4,966.94
3563,9098,147,3,8276.67
3564,11252,110,2,1178.02
3565,6715,367,2,2146.49
3566,2493,310,1,5989.12
3567,8883,324,3,2208.08
3568,13134,489,2,3207.62
3569,7161,282,3,6977.05
3570,10169,497,1,4248.99
3571,3074,248,4,5592.3
3572,9136,182,1,576.46
3573,11492,182,2,576.46
3574,9630,280,2,7595.69
3575,7840,28,5,966.94
3576,528,94,4,8180.15
3577,3694,337,3,4035.25
3578,9490,73,3,9210.64
3579,9142,415,3,2187.71
3580,807,254,5,8610.26
3581,8820,349,3,4111.82
3582,8695,358,3,3041.52
3583,1942,28,2,966.94
3584,3068,105,4,328.39
3585,2181,114,2,3570.81
3586,5518,460,4,4289.39
3587,13918,447,5,2000.99
3588,11271,204,3,5285.57
3589,10924,334,1,7620.87
3590,9780,479,2,9565.21
3591,8757,446,1,9142.99
3592,3514,38,3,4667.15
3593,1957,464,3,8934.52
3594,11017,65,2,7934.0
3595,9416,332,1,2539.39
3596,9338,95,5,3387.4
3597,13760,65,2,7934.0
3598,7541,102,3,9476.14
3599,12937,115,3,8618.7
3600,12834,46,5,8792.03
3601,13091,35,4,1741.5
3602,9603,221,2,3345.21
3603,5762,52,4,8643.0
3604,131,84,5,8556.86
3605,8160,144,1,1912.27
3606,14474,335,2,1115.92
3607,7780,427,4,3259.85
3608,4205,496,3,2786.49
3609,7632,143,4,5350.83
3610,5029,423,2,5539.86
3611,364,451,2,5360.01
3612,6570,481,4,4000.0
3613,12264,27,4,6600.12
3614,6671,226,4,2025.32
3615,4701,399,5,5584.71
3616,4515,196,1,3830.25
3617,11233,68,5,4687.17
3618,13234,292,4,6604.75
3619,9028,89,3,2158.02
3620,1268,483,4,9066.19
3621,7571,311,4,7839.59
3622,11668,84,2,8556.86
3623,1768,230,4,2678.09
3624,2688,175,2,8623.47
3625,8179,72,3,879.52
3626,3845,463,1,7898.4
3627,780,386,5,3146.12
3628,3672,419,4,2984.31
3629,8591,223,2,6357.32
3630,3684,262,1,6965.43
3631,730,201,4,7769.45
3632,7987,438,3,9206.62
3633,9501,3,4,6914.47
3634,10452,93,4,2028.54
3635,2627,62,1,2223.61
3636,2168,266,3,4135.03
3637,11073,97,1,509.52
3638,3840,213,3,3800.6
3639,4296,56,4,7342.67
3640,14492,261,1,980.67
3641,9366,392,2,557.07
3642,11087,197,2,6070.18
3643,372,32,1,5922.14
3644,9602,2,2,732.43
3645,9379,420,4,968.02
3646,9714,487,1,6550.82
3647,6548,84,1,8556.86
3648,9793,305,2,4723.38
3649,13127,492,5,9608.88
3650,9928,58,4,7243.02
3651,8575,160,1,451.76
3652,1606,428,4,1211.53
3653,752,346,4,5073.33
3654,2796,486,3,9524.97
3655,7935,478,5,6425.58
3656,1101,164,3,8667.88
3657,9745,365,1,1850.05
3658,6633,460,3,4289.39
3659,12918,397,2,5628.09
3660,10133,489,4,3207.62
3661,6313,242,4,7663.19
3662,2019,31,3,5680.54
3663,1776,187,1,7403.39
3664,14376,49,5,7978.95
3665,7698,477,2,9150.54
3666,10422,196,3,3830.25
3667,3738,433,3,3027.9
3668,4316,2,1,732.43
3669,1721,348,5,3047.9
3670,8914,354,1,7095.06
3671,5002,487,4,6550.82
3672,223,302,2,256.64
3673,3867,348,3,3047.9
3674,11128,279,1,5378.36
3675,3754,425,5,3696.53
3676,11408,234,3,5838.32
3677,6449,448,3,5383.01
3678,2967,376,3,258.42
3679,5679,238,3,8127.0
3680,82,83,5,9659.08
3681,1644,314,3,9504.99
3682,2687,196,4,3830.25
3683,7143,155,2,5690.41
3684,12302,478,3,6425.58
3685,7122,19,1,5022.81
3686,2135,278,1,8996.64
3687,9231,237,4,5827.48
3688,13211,432,3,226.39
3689,7862,12,4,3492.99
3690,13613,442,3,722.71
3691,2690,330,5,9882.58
3692,11512,288,5,6906.22
3693,6114,495,3,6702.94
3694,9998,471,1,3581.14
3695,14877,280,5,7595.69
3696,3026,343,5,3581.46
3697,7138,271,3,9644.3
3698,9424,79,2,9929.03
3699,5980,240,1,9176.21
3700,12307,193,5,1281.1
3701,6050,123,4,4560.68
3702,8846,427,2,3259.85
3703,12471,353,4,3759.57
3704,631,42,5,4497.14
3705,9691,325,2,4799.01
3706,14013,431,2,7429.75
3707,2259,188,4,5330.51
3708,2065,435,2,9744.01
3709,12712,450,5,6116.29
3710,6506,169,3,1462.57
3711,4551,90,5,7785.19
3712,7667,241,5,9266.89
3713,2352,430,5,5913.18
3714,12668,306,2,9402.04
3715,7804,428,1,1211.53
3716,315,33,3,968.15
3717,3579,342,3,6063.95
3718,10479,294,4,1759.3
3719,9271,499,3,3186.27
3720,4769,486,4,9524.97
3721,12669,64,4,3923.84
3722,13881,386,1,3146.12
3723,9817,103,5,4032.63
3724,9250,243,1,3831.51
3725,827,196,5,3830.25
3726,4688,440,5,1392.66
3727,5547,179,2,748.02
3728,9625,457,5,9921.34
3729,7569,425,2,3696.53
3730,6644,93,1,2028.54
3731,14992,113,3,9827.8
3732,8655,163,1,1948.49
3733,14135,237,2,5827.48
3734,248,372,3,1234.45
3735,12177,292,3,6604.75
3736,9755,405,5,3026.74
3737,1904,292,3,6604.75
3738,1919,399,2,5584.71
3739,698,286,1,8835.5
3740,8990,447,5,2000.99
3741,3436,217,3,9900.58
3742,2476,312,5,7979.12
3743,12904,238,2,8127.0
3744,14465,110,3,1178.02
3745,6343,145,3,6422.41
3746,7448,354,5,7095.06
3747,13733,104,5,4430.26
3748,3960,169,5,1462.57
3749,13066,388,2,5482.96
3750,6149,85,1,2064.18
3751,5522,22,2,1658.35
3752,7029,182,1,576.46
3753,3800,493,5,5685.39
3754,7832,486,3,9524.97
3755,4811,498,2,6884.43
3756,13972,50,2,9478.54
3757,13215,480,5,5205.62
3758,9529,464,4,8934.52
3759,3814,418,4,4286.55
3760,4931,446,5,9142.99
3761,2431,3,2,6914.47
3762,9282,191,1,647.57
3763,7811,256,3,8632.64
3764,12322,436,2,6908.99
3765,2952,333,5,3312.61
3766,6467,17,1,7305.81
3767,6525,219,2,6055.1
3768,1472,67,5,9629.35
3769,11902,447,1,2000.99
3770,11025,3,2,6914.47
3771,586,36,3,5763.51
3772,5849,172,2,8002.21
3773,7889,374,4,9108.7
3774,14046,61,3,1207.44
3775,11062,130,3,2180.26
3776,8731,210,1,4078.3
3777,14623,120,2,8117.66
3778,5151,52,4,8643.0
3779,13799,432,1,226.39
3780,859,347,2,5876.24
3781,5397,133,5,418.13
3782,12647,22,5,1658.35
3783,1075,125,5,2911.91
3784,12688,442,5,722.71
3785,10138,153,1,8748.36
3786,12762,394,2,6388.25
3787,13566,207,1,4423.45
3788,5030,108,3,1734.18
3789,4233,239,5,1994.61
3790,4317,373,5,5173.76
3791,6074,390,5,1940.5
3792,4292,151,3,8809.81
3793,12520,244,5,1081.56
3794,864,342,1,6063.95
3795,2488,374,2,9108.7
3796,14918,494,2,3573.94
3797,5325,373,2,5173.76
3798,8929,332,1,2539.39
3799,1835,456,1,8200.2
3800,5541,267,5,9197.24
3801,2809,218,5,2942.56
3802,2666,238,3,8127.0
3803,2870,172,5,8002.21
3804,13181,37,4,5308.22
3805,1411,109,5,796.13
3806,12349,477,1,9150.54
3807,11700,256,2,8632.64
3808,6502,362,3,9726.31
3809,1730,282,5,6977.05
3810,1781,404,4,3218.34
3811,8582,184,5,3270.76
3812,14684,206,3,2172.19
3813,10129,282,3,6977.05
3814,7087,499,3,3186.27
3815,6639,93,1,2028.54
3816,924,254,1,8610.26
3817,2288,291,2,5087.5
3818,9006,492,2,9608.88
3819,2728,48,2,1838.87
3820,2582,339,3,9584.08
3821,11272,421,2,8508.99
3822,4984,274,2,9374.58
3823,3355,419,4,2984.31
3824,14771,450,5,6116.29
3825,10070,129,4,6571.12
3826,13154,179,5,748.02
3827,3259,26,2,482.02
3828,3946,189,2,8899.99
3829,2553,447,4,2000.99
3830,12311,141,3,1098.86
3831,6896,95,1,3387.4
3832,7253,308,1,3248.37
3833,8141,22,3,1658.35
3834,10736,282,1,6977.05
3835,9857,101,3,6090.24
3836,4521,452,5,7515.99
3837,10009,233,2,4748.37
3838,10216,106,3,6259.39
3839,1259,358,5,3041.52
3840,7809,55,3,4706.61
3841,8976,326,3,8400.33
3842,6335,321,5,9739.1
3843,6185,303,3,9299.69
3844,2812,183,3,5880.7
3845,21,359,4,4809.77
3846,2253,295,5,8795.72
3847,1671,342,2,6063.95
3848,11822,239,3,1994.61
3849,1671,240,2,9176.21
3850,4199,21,1,9286.01
3851,5627,436,2,6908.99
3852,7899,489,5,3207.62
3853,10123,346,3,5073.33
3854,13049,265,5,6606.49
3855,6839,158,4,9478.85
3856,12139,50,3,9478.54
3857,10294,296,5,3030.48
3858,9848,364,2,9723.49
3859,11388,440,2,1392.66
3860,6646,447,1,2000.99
3861,12062,44,4,3917.55
3862,12306,325,1,4799.01
3863,1672,93,4,2028.54
3864,7581,181,4,5638.45
3865,7722,241,3,9266.89
3866,8412,494,1,3573.94
3867,5831,499,5,3186.27
3868,12569,216,1,3464.18
3869,9149,115,2,8618.7
3870,7224,237,1,5827.48
3871,13525,472,1,8162.55
3872,5035,256,5,8632.64
3873,2587,344,5,4696.35
3874,1663,215,4,5828.57
3875,12110,11,5,1837.72
3876,3510,367,1,2146.49
3877,11662,392,4,557.07
3878,5319,223,1,6357.32
3879,12955,199,1,8014.84
3880,2329,384,1,7551.73
3881,2121,406,5,5823.84
3882,5372,203,5,8511.61
3883,8077,225,2,1137.36
3884,9325,139,2,8246.2
3885,13925,42,4,4497.14
3886,10859,391,5,245.15
3887,12927,347,5,5876.24
3888,3655,220,3,4181.4
3889,4493,353,2,3759.57
3890,14689,432,5,226.39
3891,7385,109,5,796.13
3892,8130,292,4,6604.75
3893,4358,474,4,6301.48
3894,8640,13,3,7258.78
3895,10930,87,4,2322.38
3896,2777,283,3,5067.19
3897,10359,234,2,5838.32
3898,7292,191,5,647.57
3899,13916,114,1,3570.81
3900,14362,268,2,5811.88
3901,10047,90,2,7785.19
3902,163,321,2,9739.1
3903,6872,353,2,3759.57
3904,7828,270,3,3515.69
3905,5743,438,3,9206.62
3906,3964,92,4,8797.95
3907,6137,342,5,6063.95
3908,9511,440,3,1392.66
3909,11385,429,2,4716.21
3910,13688,365,2,1850.05
3911,10075,289,2,6753.34
3912,14866,161,3,8407.44
3913,4733,256,2,8632.64
3914,7349,293,1,8242.9
3915,10141,81,3,3619.81
3916,11998,125,5,2911.91
3917,9081,226,1,2025.32
3918,9353,403,3,4023.58
3919,2290,338,5,9668.48
3920,7911,420,5,968.02
3921,1642,299,5,4929.48
3922,581,300,3,1815.98
3923,11292,9,3,9075.61
3924,13897,431,5,7429.75
3925,5117,195,5,3311.18
3926,3153,125,2,2911.91
3927,255,365,1,1850.05
3928,1066,179,2,748.02
3929,12455,120,5,8117.66
3930,4133,284,5,9324.98
3931,14600,146,4,4918.85
3932,12636,140,2,621.76
3933,7810,260,3,4925.88
3934,9344,34,5,4719.44
3935,11087,355,3,8627.33
3936,3908,7,3,6834.18
3937,12362,228,3,604.91
3938,6500,36,3,5763.51
3939,2804,500,5,9839.38
3940,7441,484,2,322.48
3941,14073,299,4,4929.48
3942,4258,410,2,9139.34
3943,10519,132,2,426.52
3944,4916,55,2,4706.61
3945,14937,16,2,8266.92
3946,3577,221,5,3345.21
3947,5757,475,4,4830.58
3948,10752,426,5,3257.04
3949,4992,366,2,3897.58
3950,9711,350,3,2158.61
3951,1997,270,5,3515.69
3952,7223,19,5,5022.81
3953,9229,76,3,704.92
3954,2890,188,5,5330.51
3955,3275,178,5,9950.37
3956,11672,50,1,9478.54
3957,13822,322,3,6758.75
3958,11263,121,5,4637.39
3959,8458,379,4,6490.64
3960,14636,178,5,9950.37
3961,12964,12,1,3492.99
3962,13297,377,5,9039.51
3963,4611,227,3,5782.67
3964,6498,61,5,1207.44
3965,11564,77,5,7226.24
3966,4723,349,3,4111.82
3967,13172,271,4,9644.3
3968,453,408,4,8941.62
3969,8887,348,3,3047.9
3970,9090,111,1,5010.75
3971,11055,297,2,6822.62
3972,2519,196,3,3830.25
3973,6183,178,1,9950.37
3974,6156,407,4,5006.35
3975,12678,317,5,9246.11
3976,1318,13,1,7258.78
3977,3001,51,1,8177.56
3978,12058,234,5,5838.32
3979,5463,191,5,647.57
3980,12423,332,2,2539.39
3981,6792,286,4,8835.5
3982,8167,7,1,6834.18
3983,1283,401,4,276.76
3984,13548,487,5,6550.82
3985,5075,347,3,5876.24
3986,6672,129,2,6571.12
3987,5435,115,4,8618.7
3988,5291,499,3,3186.27
3989,2886,170,4,2257.83
3990,6064,27,1,6600.12
3991,6115,116,1,2672.92
3992,7047,237,5,5827.48
3993,1738,267,1,9197.24
3994,12393,118,4,8743.3
3995,2438,267,4,9197.24
3996,6918,408,1,8941.62
3997,2219,125,2,2911.91
3998,14,52,5,8643.0
3999,5417,120,1,8117.66
4000,14360,445,2,4601.52
4001,6022,446,4,9142.99
4002,13918,267,5,9197.24
4003,10109,453,1,4809.05
4004,8089,339,4,9584.08
4005,3217,443,3,9035.35
4006,5748,400,3,8624.0
4007,606,81,4,3619.81
4008,1853,107,1,1494.13
4009,5254,181,2,5638.45
4010,1032,61,1,1207.44
4011,4521,312,1,7979.12
4012,894,223,4,6357.32
4013,12629,279,4,5378.36
4014,13703,227,3,5782.67
4015,12497,139,4,8246.2
4016,4101,257,3,2683.93
4017,13562,163,4,1948.49
4018,7540,42,3,4497.14
4019,9248,167,4,4172.77
4020,13742,410,2,9139.34
4021,9461,253,2,6781.48
4022,8057,334,2,7620.87
4023,4876,124,5,8055.13
4024,437,352,2,4584.87
4025,7184,458,3,1066.87
4026,1901,85,1,2064.18
4027,973,56,4,7342.67
4028,3965,92,3,8797.95
4029,13387,300,5,1815.98
4030,10705,467,3,2506.92
4031,1326,38,3,4667.15
4032,13254,421,4,8508.99
4033,2844,172,1,8002.21
4034,2725,3,1,6914.47
4035,3960,313,1,4182.64
4036,5503,33,2,968.15
4037,14266,38,2,4667.15
4038,11598,259,3,6946.2
4039,14430,439,4,3081.57
4040,9849,88,4,8219.74
4041,8185,43,2,3765.59
4042,10037,439,4,3081.57
4043,1207,468,5,4653.8
4044,2962,205,2,4022.8
4045,5877,327,4,9601.35
4046,9270,316,4,5796.51
4047,12214,96,1,2678.45
4048,10767,93,5,2028.54
4049,8794,253,2,6781.48
4050,8157,334,4,7620.87
4051,7317,10,3,395.33
4052,13745,1,4,6315.21
4053,7387,456,4,8200.2
4054,11721,458,2,1066.87
4055,12227,208,1,8638.99
4056,3988,354,1,7095.06
4057,216,45,4,1218.3
4058,5095,209,3,9837.59
4059,2299,254,2,8610.26
4060,9105,311,4,7839.59
4061,14212,437,3,3675.25
4062,3566,451,4,5360.01
4063,12687,298,5,8878.51
4064,6886,106,4,6259.39
4065,6348,462,4,9857.56
4066,222,426,1,3257.04
4067,7268,108,3,1734.18
4068,2254,194,2,1359.67
4069,3420,474,4,6301.48
4070,8267,74,4,199.13
4071,8353,499,4,3186.27
4072,5709,373,4,5173.76
4073,4669,55,4,4706.61
4074,10152,373,4,5173.76
4075,944,277,1,2568.61
4076,10893,394,4,6388.25
4077,5210,9,5,9075.61
4078,12446,180,3,7937.75
4079,10693,383,4,5157.46
4080,12030,340,5,3757.64
4081,13839,357,2,6115.84
4082,12277,399,4,5584.71
4083,13760,83,1,9659.08
4084,11053,380,2,4507.23
4085,6326,359,3,4809.77
4086,8716,151,3,8809.81
4087,12531,164,2,8667.88
4088,4745,488,5,6635.81
4089,6444,5,3,6386.27
4090,8599,186,3,7246.03
4091,1602,210,3,4078.3
4092,6855,56,5,7342.67
4093,14473,95,5,3387.4
4094,2998,48,2,1838.87
4095,14629,276,1,2146.27
4096,10279,13,1,7258.78
4097,5319,263,2,2663.77
4098,6582,111,2,5010.75
4099,11846,198,1,946.71
4100,8562,207,5,4423.45
4101,11549,90,2,7785.19
4102,6754,416,2,6564.11
4103,512,207,5,4423.45
4104,7299,96,3,2678.45
4105,12742,315,2,7046.48
4106,14705,105,3,328.39
4107,12292,89,4,2158.02
4108,3283,11,3,1837.72
4109,5045,435,4,9744.01
4110,1067,353,2,3759.57
4111,5404,215,2,5828.57
4112,5436,301,3,9862.65
4113,11627,49,5,7978.95
4114,5134,493,1,5685.39
4115,387,303,1,9299.69
4116,744,204,3,5285.57
4117,13359,65,3,7934.0
4118,825,354,4,7095.06
4119,8664,104,4,4430.26
4120,12470,469,3,1716.73
4121,2131,234,2,5838.32
4122,10187,360,1,8818.48
4123,7276,440,4,1392.66
4124,10798,292,5,6604.75
4125,7846,379,2,6490.64
4126,1485,146,2,4918.85
4127,10765,264,4,9277.81
4128,3220,278,1,8996.64
4129,7802,475,5,4830.58
4130,2290,362,1,9726.31
4131,1788,348,5,3047.9
4132,11016,440,4,1392.66
4133,6757,52,1,8643.0
4134,5954,404,5,3218.34
4135,1960,330,4,9882.58
4136,4433,469,2,1716.73
4137,4421,216,1,3464.18
4138,10007,401,1,276.76
4139,6009,52,2,8643.0
4140,10383,416,5,6564.11
4141,6251,209,4,9837.59
4142,9367,301,5,9862.65
4143,4434,98,1,4922.59
4144,3511,328,1,8910.25
4145,3553,497,3,4248.99
4146,4680,500,5,9839.38
4147,412,43,3,3765.59
4148,11912,378,3,3236.96
4149,7416,494,3,3573.94
4150,14012,395,1,5403.61
4151,6013,96,1,2678.45
4152,12311,76,4,704.92
4153,5399,111,2,5010.75
4154,11350,154,4,7802.63
4155,5963,182,3,576.46
4156,10986,483,5,9066.19
4157,9135,166,5,5626.74
4158,4893,172,4,8002.21
4159,9241,286,1,8835.5
4160,165,392,4,557.07
4161,12421,72,5,879.52
4162,611,136,4,5846.66
4163,10284,67,2,9629.35
4164,2689,221,3,3345.21
4165,2306,238,4,8127.0
4166,11136,360,4,8818.48
4167,13164,33,5,968.15
4168,14291,426,1,3257.04
4169,2327,237,4,5827.48
4170,8418,452,1,7515.99
4171,291,471,4,3581.14
4172,4125,277,3,2568.61
4173,3630,289,5,6753.34
4174,12860,436,4,6908.99
4175,9080,439,4,3081.57
4176,6923,477,3,9150.54
4177,5905,293,3,8242.9
4178,13482,421,1,8508.99
4179,5689,286,1,8835.5
4180,13954,303,5,9299.69
4181,8031,131,1,884.97
4182,6465,216,2,3464.18
4183,8269,126,2,2937.97
4184,2715,127,3,5911.04
4185,1994,424,4,9131.51
4186,3275,398,2,4962.95
4187,9076,307,3,4019.4
4188,11629,171,3,9757.17
4189,5506,194,2,1359.67
4190,5495,107,2,1494.13
4191,14456,489,1,3207.62
4192,3430,278,2,8996.64
4193,8750,428,3,1211.53
4194,8350,226,1,2025.32
4195,12754,122,4,8180.09
4196,11426,21,3,9286.01
4197,10724,302,5,256.64
4198,5114,223,2,6357.32
4199,10274,261,3,980.67
4200,9604,86,4,4357.67
4201,9168,410,5,9139.34
4202,13843,289,2,6753.34
4203,11650,229,3,1133.55
4204,5263,336,2,7047.79
4205,1455,361,4,5463.67
4206,8689,197,4,6070.18
4207,12241,246,4,6536.29
4208,4104,140,3,621.76
4209,4874,296,3,3030.48
4210,9083,366,3,3897.58
4211,397,126,5,2937.97
4212,10062,242,5,7663.19
4213,5078,416,3,6564.11
4214,1478,391,1,245.15
4215,1919,125,2,2911.91
4216,8436,396,3,8634.83
4217,14489,99,4,7770.51
4218,14751,100,4,9593.58
4219,1433,486,1,9524.97
4220,14805,141,5,1098.86
4221,6326,227,3,5782.67
4222,7747,236,2,8664.5
4223,12391,164,2,8667.88
4224,3285,123,5,4560.68
4225,10024,87,5,2322.38
4226,1179,102,1,9476.14
4227,433,237,5,5827.48
4228,2479,57,4,6056.87
4229,13167,198,2,946.71
4230,13591,57,4,6056.87
4231,10962,486,1,9524.97
4232,4319,66,1,6722.57
4233,7765,498,3,6884.43
4234,4536,351,2,5555.13
4235,244,225,3,1137.36
4236,7236,436,4,6908.99
4237,38,51,2,8177.56
4238,937,363,1,6816.26
4239,5679,239,2,1994.61
4240,13163,316,1,5796.51
4241,11482,37,1,5308.22
4242,5772,471,2,3581.14
4243,6808,389,5,3380.61
4244,14074,395,1,5403.61
4245,14114,225,1,1137.36
4246,2452,461,1,798.26
4247,11736,407,3,5006.35
4248,8217,175,2,8623.47
4249,11290,258,2,9737.13
4250,6201,207,5,4423.45
4251,4068,138,1,9993.87
4252,9042,464,2,8934.52
4253,1684,118,3,8743.3
4254,6008,140,4,621.76
4255,1120,439,3,3081.57
4256,2957,150,1,5507.66
4257,443,460,5,4289.39
4258,5799,476,2,7708.58
4259,7234,120,4,8117.66
4260,11351,299,3,4929.48
4261,1627,349,5,4111.82
4262,14465,499,2,3186.27
4263,9067,361,3,5463.67
4264,6919,458,3,1066.87
4265,3869,36,3,5763.51
4266,13640,195,4,3311.18
4267,10454,237,3,5827.48
4268,6847,23,3,1685.18
4269,4103,453,1,4809.05
4270,6076,121,2,4637.39
4271,1483,261,5,980.67
4272,1844,111,1,5010.75
4273,13754,317,3,9246.11
4274,5218,83,2,9659.08
4275,3600,181,3,5638.45
4276,10011,499,3,3186.27
4277,10421,295,1,8795.72
4278,1461,170,1,2257.83
4279,13348,222,4,9786.82
4280,11179,302,4,256.64
4281,10785,359,3,4809.77
4282,5482,401,3,276.76
4283,14794,232,1,3261.51
4284,14289,52,4,8643.0
4285,6432,55,3,4706.61
4286,5352,405,4,3026.74
4287,6011,32,4,5922.14
4288,11214,80,2,7702.5
4289,12733,289,2,6753.34
4290,12400,42,4,4497.14
4291,6300,65,4,7934.0
4292,8074,267,2,9197.24
4293,1173,164,3,8667.88
4294,5663,458,5,1066.87
4295,12549,262,4,6965.43
4296,11243,445,4,4601.52
4297,13047,377,5,9039.51
4298,3059,45,4,1218.3
4299,10329,204,5,5285.57
4300,9739,475,5,4830.58
4301,9682,93,4,2028.54
4302,1077,82,3,6679.0
4303,9987,33,4,968.15
4304,8130,217,3,9900.58
4305,10497,212,1,1848.43
4306,7928,116,1,2672.92
4307,11123,231,4,1578.47
4308,4198,107,1,1494.13
4309,5182,353,3,3759.57
4310,7274,445,4,4601.52
4311,8789,323,1,1809.66
4312,11225,151,3,8809.81
4313,8230,483,3,9066.19
4314,931,414,5,8456.47
4315,11422,200,5,2884.6
4316,6288,358,1,3041.52
4317,7808,238,1,8127.0
4318,14333,187,2,7403.39
4319,14484,191,5,647.57
4320,8968,254,1,8610.26
4321,529,458,1,1066.87
4322,6948,39,1,3738.32
4323,4394,390,4,1940.5
4324,3856,7,2,6834.18
4325,10516,214,2,8463.2
4326,3655,410,3,9139.34
4327,6987,303,5,9299.69
4328,8852,40,1,5521.2
4329,1175,363,1,6816.26
4330,5620,154,3,7802.63
4331,7303,148,2,6826.23
4332,13878,251,4,2903.35
4333,2270,340,2,3757.64
4334,5828,138,3,9993.87
4335,7351,472,4,8162.55
4336,13867,347,3,5876.24
4337,9140,459,5,1906.15
4338,11918,124,5,8055.13
4339,11785,190,1,1021.97
4340,13839,201,2,7769.45
4341,227,453,5,4809.05
4342,1906,333,3,3312.61
4343,11364,413,4,202.63
4344,1524,59,2,3468.76
4345,13131,474,1,6301.48
4346,11442,464,5,8934.52
4347,11731,259,3,6946.2
4348,13966,473,2,4297.32
4349,6378,25,5,7621.45
4350,6084,72,2,879.52
4351,8262,193,4,1281.1
4352,12021,453,1,4809.05
4353,12162,481,2,4000.0
4354,4935,259,2,6946.2
4355,235,325,5,4799.01
4356,8812,494,1,3573.94
4357,5957,202,4,9011.14
4358,10036,486,5,9524.97
4359,7012,436,1,6908.99
4360,1317,410,3,9139.34
4361,4448,52,4,8643.0
4362,7674,317,3,9246.11
4363,11090,487,5,6550.82
4364,8318,88,2,8219.74
4365,8137,211,5,9357.68
4366,14266,48,2,1838.87
4367,14623,20,3,5418.04
4368,4845,374,4,9108.7
4369,14636,12,1,3492.99
4370,2690,408,4,8941.62
4371,2380,304,5,466.87
4372,6778,280,5,7595.69
4373,1033,299,3,4929.48
4374,4514,351,3,5555.13
4375,14769,179,3,748.02
4376,5279,211,4,9357.68
4377,4372,482,5,6578.94
4378,4807,98,1,4922.59
4379,13619,412,3,6068.19
4380,12965,146,2,4918.85
4381,10396,109,4,796.13
4382,3702,341,3,6881.86
4383,12569,392,2,557.07
4384,5403,77,5,7226.24
4385,10244,411,1,1314.33
4386,8791,233,2,4748.37
4387,173,336,3,7047.79
4388,6348,349,2,4111.82
4389,12371,339,2,9584.08
4390,875,219,3,6055.1
4391,3244,313,5,4182.64
4392,12109,483,3,9066.19
4393,8366,295,5,8795.72
4394,3521,29,1,3941.11
4395,948,57,1,6056.87
4396,14544,325,4,4799.01
4397,6119,12,4,3492.99
4398,13757,45,2,1218.3
4399,14873,429,2,4716.21
4400,691,462,3,9857.56
4401,123,8,2,6565.53
4402,3337,381,2,3904.17
4403,5010,453,5,4809.05
4404,11941,26,3,482.02
4405,2032,8,3,6565.53
4406,5278,166,5,5626.74
4407,8953,220,2,4181.4
4408,9915,359,3,4809.77
4409,7141,279,4,5378.36
4410,1769,283,1,5067.19
4411,841,464,1,8934.52
4412,3960,199,5,8014.84
4413,14899,140,4,621.76
4414,10421,64,2,3923.84
4415,2046,327,1,9601.35
4416,10694,42,4,4497.14
4417,6887,322,1,6758.75
4418,3843,337,2,4035.25
4419,11202,136,2,5846.66
4420,10105,447,3,2000.99
4421,7385,271,3,9644.3
4422,4031,254,5,8610.26
4423,8370,424,4,9131.51
4424,10359,134,3,5480.33
4425,11318,67,2,9629.35
4426,14770,478,4,6425.58
4427,633,289,1,6753.34
4428,3923,481,4,4000.0
4429,13117,1,3,6315.21
4430,3465,459,3,1906.15
4431,8954,143,5,5350.83
4432,10979,111,2,5010.75
4433,5172,197,3,6070.18
4434,12920,304,3,466.87
4435,5804,140,4,621.76
4436,1059,206,1,2172.19
4437,14841,45,2,1218.3
4438,6483,328,3,8910.25
4439,8311,476,2,7708.58
4440,4474,448,3,5383.01
4441,9378,463,4,7898.4
4442,7845,325,2,4799.01
4443,11980,85,5,2064.18
4444,4142,134,2,5480.33
4445,3166,237,5,5827.48
4446,8430,428,2,1211.53
4447,11731,473,5,4297.32
4448,834,244,5,1081.56
4449,14583,212,4,1848.43
4450,8001,168,3,1657.22
4451,3516,416,4,6564.11
4452,2297,338,4,9668.48
4453,13817,22,4,1658.35
4454,10274,33,3,968.15
4455,14320,22,2,1658.35
4456,13501,179,2,748.02
4457,3995,71,2,1415.95
4458,3878,258,5,9737.13
4459,11596,450,4,6116.29
4460,4210,10,4,395.33
4461,13875,435,2,9744.01
4462,8444,325,3,4799.01
4463,5052,346,1,5073.33
4464,2500,348,3,3047.9
4465,7047,316,5,5796.51
4466,5787,350,3,2158.61
4467,14198,292,5,6604.75
4468,1718,64,3,3923.84
4469,3126,440,4,1392.66
4470,4843,159,5,1801.45
4471,9321,305,5,4723.38
4472,3415,336,3,7047.79
4473,14968,423,4,5539.86
4474,12449,329,4,1250.04
4475,12852,60,3,8583.96
4476,13784,223,5,6357.32
4477,997,216,3,3464.18
4478,14711,160,4,451.76
4479,11834,347,4,5876.24
4480,13891,173,1,3149.12
4481,11419,15,4,3870.03
4482,13294,283,5,5067.19
4483,10369,325,5,4799.01
4484,7214,393,2,9148.93
4485,12513,366,1,3897.58
4486,7828,142,2,6545.75
4487,9623,148,3,6826.23
4488,12756,300,2,1815.98
4489,5928,272,5,4556.48
4490,13602,37,4,5308.22
4491,8165,87,4,2322.38
4492,7309,50,2,9478.54
4493,9652,268,5,5811.88
4494,9061,105,2,328.39
4495,11684,227,1,5782.67
4496,10307,371,5,2310.72
4497,5238,418,4,4286.55
4498,2421,477,5,9150.54
4499,2517,414,3,8456.47
4500,3173,142,4,6545.75
4501,1815,492,4,9608.88
4502,7113,251,2,2903.35
4503,10205,381,3,3904.17
4504,3416,439,5,3081.57
4505,8596,322,5,6758.75
4506,129,29,4,3941.11
4507,9700,482,1,6578.94
4508,1250,375,5,6848.53
4509,2179,415,2,2187.71
4510,292,436,2,6908.99
4511,13146,390,3,1940.5
4512,2840,283,4,5067.19
4513,8448,235,4,8300.53
4514,12977,252,5,4660.57
4515,5344,232,2,3261.51
4516,1648,293,2,8242.9
4517,8763,15,4,3870.03
4518,3316,215,5,5828.57
4519,3609,430,5,5913.18
4520,6541,9,3,9075.61
4521,4108,101,5,6090.24
4522,11676,23,2,1685.18
4523,9512,389,4,3380.61
4524,6294,73,2,9210.64
4525,11567,417,1,1315.86
4526,3389,424,2,9131.51
4527,6190,463,2,7898.4
4528,2138,48,4,1838.87
4529,12147,327,2,9601.35
4530,10405,319,3,3953.51
4531,5604,322,3,6758.75
4532,8847,462,3,9857.56
4533,12759,446,4,9142.99
4534,1512,77,1,7226.24
4535,818,130,2,2180.26
4536,11735,183,1,5880.7
4537,9571,343,3,3581.46
4538,5052,286,2,8835.5
4539,261,433,3,3027.9
4540,9524,382,4,2606.69
4541,8384,308,4,3248.37
4542,11697,420,3,968.02
4543,11252,231,3,1578.47
4544,2504,437,1,3675.25
4545,6373,430,1,5913.18
4546,11492,319,4,3953.51
4547,2371,89,4,2158.02
4548,10007,386,4,3146.12
4549,2898,451,4,5360.01
4550,278,348,3,3047.9
4551,817,498,5,6884.43
4552,4384,371,3,2310.72
4553,11449,94,4,8180.15
4554,10519,137,3,2848.21
4555,14983,9,3,9075.61
4556,3221,270,1,3515.69
4557,4765,211,5,9357.68
4558,14310,213,5,3800.6
4559,7820,390,5,1940.5
4560,9984,493,3,5685.39
4561,12278,108,1,1734.18
4562,12747,60,5,8583.96
4563,6713,81,4,3619.81
4564,4715,327,3,9601.35
4565,13373,402,1,2303.92
4566,10205,260,5,4925.88
4567,6106,134,2,5480.33
4568,7724,205,3,4022.8
4569,8858,215,3,5828.57
4570,6598,438,1,9206.62
4571,13320,246,5,6536.29
4572,3651,486,3,9524.97
4573,9342,90,2,7785.19
4574,573,100,4,9593.58
4575,12833,131,1,884.97
4576,264,302,2,256.64
4577,14419,105,3,328.39
4578,9457,79,5,9929.03
4579,7740,302,3,256.64
4580,13202,470,5,7905.83
4581,10396,200,2,2884.6
4582,11059,125,2,2911.91
4583,4691,285,4,3933.55
4584,12137,17,3,7305.81
4585,12283,40,4,5521.2
4586,14643,23,2,1685.18
4587,7921,475,1,4830.58
4588,13259,294,3,1759.3
4589,6717,233,5,4748.37
4590,7021,314,3,9504.99
4591,6293,227,1,5782.67
4592,5925,31,2,5680.54
4593,11466,296,3,3030.48
4594,5618,42,1,4497.14
4595,7749,406,2,5823.84
4596,1144,348,5,3047.9
4597,4573,172,3,8002.21
4598,13409,246,5,6536.29
4599,2118,16,5,8266.92
4600,537,92,2,8797.95
4601,5106,492,2,9608.88
4602,14588,86,2,4357.67
4603,6243,413,4,202.63
4604,12160,52,2,8643.0
4605,65,449,1,7816.26
4606,9198,427,3,3259.85
4607,9289,246,5,6536.29
4608,1500,117,1,3613.97
4609,419,371,4,2310.72
4610,7207,14,4,7643.58
4611,7535,261,3,980.67
4612,8970,310,4,5989.12
4613,6839,444,2,7201.79
4614,5227,410,3,9139.34
4615,2286,292,5,6604.75
4616,13332,34,4,4719.44
4617,9789,249,4,745.94
4618,11678,414,1,8456.47
4619,3239,400,1,8624.0
4620,12271,217,5,9900.58
4621,2248,323,3,1809.66
4622,6848,131,3,884.97
4623,14279,272,5,4556.48
4624,1805,320,1,7113.73
4625,10099,495,3,6702.94
4626,952,414,3,8456.47
4627,5114,145,4,6422.41
4628,5092,244,1,1081.56
4629,14477,1,4,6315.21
4630,8598,174,5,7399.81
4631,8030,98,4,4922.59
4632,9981,295,1,8795.72
4633,14060,208,1,8638.99
4634,8663,487,1,6550.82
4635,6710,88,5,8219.74
4636,9191,434,1,3167.56
4637,729,35,3,1741.5
4638,14317,159,5,1801.45
4639,749,188,1,5330.51
4640,5821,140,1,621.76
4641,8112,273,3,6942.27
4642,6783,159,3,1801.45
4643,7047,149,2,938.71
4644,9581,187,2,7403.39
4645,5802,255,5,8283.02
4646,14194,66,2,6722.57
4647,1608,280,5,7595.69
4648,14131,55,1,4706.61
4649,10296,396,3,8634.83
4650,10222,408,5,8941.62
4651,6272,373,3,5173.76
4652,13329,400,5,8624.0
4653,3142,389,2,3380.61
4654,9581,199,2,8014.84
4655,13679,262,3,6965.43
4656,6463,53,2,7460.59
4657,1998,42,5,4497.14
4658,8586,97,4,509.52
4659,1125,355,4,8627.33
4660,9267,387,3,7256.07
4661,2398,173,5,3149.12
4662,9401,8,1,6565.53
4663,5514,484,4,322.48
4664,5899,312,5,7979.12
4665,944,458,4,1066.87
4666,10767,459,3,1906.15
4667,10870,206,3,2172.19
4668,8888,317,4,9246.11
4669,8809,489,1,3207.62
4670,4365,237,2,5827.48
4671,11716,430,1,5913.18
4672,14173,143,4,5350.83
4673,10275,191,5,647.57
4674,741,182,4,576.46
4675,7758,190,2,1021.97
4676,9850,292,4,6604.75
4677,6462,128,1,1686.89
4678,611,148,5,6826.23
4679,9501,499,1,3186.27
4680,3975,170,2,2257.83
4681,3789,352,5,4584.87
4682,5369,241,2,9266.89
4683,14031,346,1,5073.33
4684,14409,435,2,9744.01
4685,3307,91,3,7135.75
4686,1914,22,2,1658.35
4687,14946,121,1,4637.39
4688,14382,110,1,1178.02
4689,106,191,2,647.57
4690,1812,466,5,2173.99
4691,14787,485,4,8787.67
4692,7919,24,2,8996.96
4693,13599,53,1,7460.59
4694,1119,109,2,796.13
4695,3560,461,5,798.26
4696,6878,41,1,6972.61
4697,11911,494,5,3573.94
4698,2859,100,5,9593.58
4699,1879,91,4,7135.75
4700,13610,323,5,1809.66
4701,10109,185,1,9608.72
4702,6891,49,3,7978.95
4703,2319,397,1,5628.09
4704,9674,162,2,9785.74
4705,3744,281,1,2968.82
4706,8049,440,2,1392.66
4707,9439,461,1,798.26
4708,2812,200,2,2884.6
4709,870,322,5,6758.75
4710,3356,119,4,3230.43
4711,12430,29,4,3941.11
4712,13333,496,3,2786.49
4713,11495,135,5,5819.88
4714,10513,286,5,8835.5
4715,10606,112,5,8874.43
4716,12050,330,3,9882.58
4717,13338,377,1,9039.51
4718,4260,222,4,9786.82
4719,4598,245,1,8611.56
4720,8409,328,5,8910.25
4721,149,46,4,8792.03
4722,5742,124,5,8055.13
4723,6031,376,4,258.42
4724,14034,183,4,5880.7
4725,6545,321,1,9739.1
4726,6622,379,4,6490.64
4727,6442,392,2,557.07
4728,3191,70,3,8962.34
4729,205,288,1,6906.22
4730,14696,449,3,7816.26
4731,4297,329,4,1250.04
4732,11492,396,3,8634.83
4733,331,69,2,8226.4
4734,6655,495,1,6702.94
4735,1341,369,2,8266.36
4736,1899,169,4,1462.57
4737,14253,411,4,1314.33
4738,682,290,3,1424.2
4739,10014,174,2,7399.81
4740,1003,166,3,5626.74
4741,13995,421,4,8508.99
4742,2229,316,3,5796.51
4743,5688,180,4,7937.75
4744,3907,265,1,6606.49
4745,663,49,2,7978.95
4746,7451,30,2,7899.0
4747,736,98,5,4922.59
4748,3998,413,1,202.63
4749,6498,266,2,4135.03
4750,8011,499,4,3186.27
4751,504,18,5,1342.37
4752,9142,93,3,2028.54
4753,7186,388,2,5482.96
4754,8931,219,4,6055.1
4755,2983,207,2,4423.45
4756,2506,12,3,3492.99
4757,13830,188,5,5330.51
4758,5094,189,2,8899.99
4759,8715,224,5,3104.98
4760,12338,314,4,9504.99
4761,7536,32,3,5922.14
4762,2276,221,5,3345.21
4763,14011,43,3,3765.59
4764,11842,332,4,2539.39
4765,4811,143,2,5350.83
4766,8888,235,1,8300.53
4767,13641,305,4,4723.38
4768,11933,377,2,9039.51
4769,14439,490,4,1232.7
4770,8241,435,3,9744.01
4771,14131,3,4,6914.47
4772,9167,20,5,5418.04
4773,456,72,1,879.52
4774,9449,327,5,9601.35
4775,13465,420,4,968.02
4776,3975,212,1,1848.43
4777,9510,307,2,4019.4
4778,1447,494,2,3573.94
4779,9231,79,3,9929.03
4780,10563,287,1,200.71
4781,1385,393,4,9148.93
4782,9153,52,4,8643.0
4783,5532,339,3,9584.08
4784,14557,186,1,7246.03
4785,10007,74,2,199.13
4786,3896,307,5,4019.4
4787,8692,44,4,3917.55
4788,1509,225,5,1137.36
4789,8869,124,5,8055.13
4790,151,244,1,1081.56
4791,8141,500,1,9839.38
4792,12679,498,4,6884.43
4793,9382,98,4,4922.59
4794,1622,80,3,7702.5
4795,1168,321,4,9739.1
4796,12330,458,3,1066.87
4797,1552,107,4,1494.13
4798,4161,416,3,6564.11
4799,10273,93,2,2028.54
4800,2099,470,2,7905.83
4801,4347,437,3,3675.25
4802,13614,438,1,9206.62
4803,6168,39,1,3738.32
4804,9834,388,1,5482.96
4805,5618,225,4,1137.36
4806,14945,459,2,1906.15
4807,14504,196,4,3830.25
4808,8830,242,4,7663.19
4809,4340,459,4,1906.15
4810,2801,373,1,5173.76
4811,6358,188,2,5330.51
4812,12030,250,5,9260.34
4813,12246,355,3,8627.33
4814,6940,204,5,5285.57
4815,8485,98,4,4922.59
4816,11273,449,1,7816.26
4817,5377,54,2,7895.72
4818,8798,360,5,8818.48
4819,3559,177,3,1840.37
4820,4964,462,4,9857.56
4821,4405,370,2,8466.61
4822,5542,10,2,395.33
4823,14323,441,3,2052.86
4824,10159,11,4,1837.72
4825,13994,453,4,4809.05
4826,10730,53,5,7460.59
4827,413,458,1,1066.87
4828,7185,106,2,6259.39
4829,3345,217,5,9900.58
4830,9499,70,2,8962.34
4831,6077,42,3,4497.14
4832,3923,183,1,5880.7
4833,2015,207,1,4423.45
4834,5783,447,2,2000.99
4835,14199,39,2,3738.32
4836,6719,370,2,8466.61
4837,11117,340,2,3757.64
4838,8251,36,2,5763.51
4839,1717,130,4,2180.26
4840,3641,274,5,9374.58
4841,3849,320,1,7113.73
4842,10690,173,4,3149.12
4843,369,100,2,9593.58
4844,12520,307,3,4019.4
4845,11795,378,4,3236.96
4846,8184,267,1,9197.24
4847,12264,484,3,322.48
4848,12422,107,4,1494.13
4849,12572,238,1,8127.0
4850,1017,107,5,1494.13
4851,6311,340,2,3757.64
4852,1951,394,5,6388.25
4853,1415,488,4,6635.81
4854,14985,328,4,8910.25
4855,13584,153,3,8748.36
4856,7804,57,3,6056.87
4857,12655,266,5,4135.03
4858,3632,434,3,3167.56
4859,13055,160,4,451.76
4860,3377,2,1,732.43
4861,9481,327,2,9601.35
4862,7921,418,4,4286.55
4863,11055,309,3,6463.56
4864,11579,410,5,9139.34
4865,2795,480,2,5205.62
4866,787,104,1,4430.26
4867,3866,176,4,8922.31
4868,11135,372,5,1234.45
4869,1221,209,3,9837.59
4870,5424,148,5,6826.23
4871,14086,301,3,9862.65
4872,14453,373,5,5173.76
4873,13656,493,5,5685.39
4874,8867,267,1,9197.24
4875,10808,121,1,4637.39
4876,1175,464,2,8934.52
4877,422,367,1,2146.49
4878,13429,453,1,4809.05
4879,4548,259,1,6946.2
4880,14793,67,1,9629.35
4881,581,303,1,9299.69
4882,3027,360,2,8818.48
4883,1042,20,4,5418.04
4884,9497,47,1,6387.23
4885,4720,136,3,5846.66
4886,12966,65,4,7934.0
4887,4113,299,3,4929.48
4888,8843,445,4,4601.52
4889,10871,127,1,5911.04
4890,470,468,3,4653.8
4891,50,490,4,1232.7
4892,13299,7,5,6834.18
4893,10548,499,5,3186.27
4894,7491,293,3,8242.9
4895,6492,391,2,245.15
4896,4470,267,3,9197.24
4897,12309,433,4,3027.9
4898,14284,267,5,9197.24
4899,7874,394,5,6388.25
4900,6546,410,5,9139.34
4901,2433,73,5,9210.64
4902,5047,54,2,7895.72
4903,9613,141,2,1098.86
4904,12409,144,2,1912.27
4905,11212,210,5,4078.3
4906,11765,12,4,3492.99
4907,11549,234,2,5838.32
4908,320,452,2,7515.99
4909,734,267,5,9197.24
4910,9276,325,3,4799.01
4911,9356,127,1,5911.04
4912,12683,143,2,5350.83
4913,6902,491,4,7055.9
4914,7282,304,3,466.87
4915,8938,307,3,4019.4
4916,1745,285,5,3933.55
4917,2609,201,3,7769.45
4918,4742,208,5,8638.99
4919,11689,297,3,6822.62
4920,9138,360,2,8818.48
4921,7122,399,3,5584.71
4922,10145,204,2,5285.57
4923,12300,22,1,1658.35
4924,8114,430,3,5913.18
4925,9411,296,2,3030.48
4926,1993,470,4,7905.83
4927,11582,459,3,1906.15
4928,3514,404,2,3218.34
4929,3530,486,5,9524.97
4930,13330,240,2,9176.21
4931,10440,441,5,2052.86
4932,4520,345,1,7840.69
4933,6569,77,4,7226.24
4934,2545,499,2,3186.27
4935,2912,288,3,6906.22
4936,7098,45,3,1218.3
4937,3877,420,2,968.02
4938,8050,119,3,3230.43
4939,2459,222,4,9786.82
4940,2684,362,3,9726.31
4941,2087,199,1,8014.84
4942,13831,399,4,5584.71
4943,14861,103,3,4032.63
4944,4312,158,1,9478.85
4945,14080,391,3,245.15
4946,12378,140,3,621.76
4947,11021,174,3,7399.81
4948,6427,384,3,7551.73
4949,14178,152,2,9565.43
4950,9692,213,2,3800.6
4951,8237,367,1,2146.49
4952,9265,424,5,9131.51
4953,14901,15,1,3870.03
4954,10541,377,5,9039.51
4955,5497,94,4,8180.15
4956,579,271,2,9644.3
4957,2578,492,2,9608.88
4958,2560,302,5,256.64
4959,14794,159,5,1801.45
4960,14288,433,2,3027.9
4961,291,164,1,8667.88
4962,10120,152,4,9565.43
4963,14389,371,5,2310.72
4964,7673,271,3,9644.3
4965,13719,243,5,3831.51
4966,13891,392,5,557.07
4967,2111,384,4,7551.73
4968,8656,167,1,4172.77
4969,4352,425,3,3696.53
4970,7808,208,2,8638.99
4971,509,33,5,968.15
4972,12240,395,5,5403.61
4973,13212,243,5,3831.51
4974,12341,60,5,8583.96
4975,7307,276,3,2146.27
4976,12469,29,2,3941.11
4977,12710,164,4,8667.88
4978,12454,462,2,9857.56
4979,2307,436,4,6908.99
4980,2234,25,5,7621.45
4981,4580,161,2,8407.44
4982,5458,9,4,9075.61
4983,13428,25,2,7621.45
4984,2218,19,5,5022.81
4985,909,439,3,3081.57
4986,6352,202,1,9011.14
4987,2330,33,1,968.15
4988,6887,285,2,3933.55
4989,5100,479,5,9565.21
4990,3670,44,2,3917.55
4991,9497,311,2,7839.59
4992,14725,355,4,8627.33
4993,6460,201,4,7769.45
4994,3940,488,3,6635.81
4995,11404,76,2,704.92
4996,7735,492,3,9608.88
4997,5731,8,4,6565.53
4998,14246,336,1,7047.79
4999,11304,459,3,1906.15
5000,7992,386,2,3146.12
5001,14301,340,4,3757.64
5002,6656,217,3,9900.58
5003,12386,405,4,3026.74
5004,11595,292,1,6604.75
5005,9004,339,2,9584.08
5006,12481,169,3,1462.57
5007,3590,150,4,5507.66
5008,1935,90,5,7785.19
5009,4629,63,3,5383.93
5010,2122,497,5,4248.99
5011,6318,28,4,966.94
5012,6303,480,4,5205.62
5013,9783,263,1,2663.77
5014,2306,465,1,9276.0
5015,3249,135,1,5819.88
5016,9626,106,1,6259.39
5017,1513,84,4,8556.86
5018,5739,355,1,8627.33
5019,7575,222,5,9786.82
5020,11403,316,3,5796.51
5021,9061,337,5,4035.25
5022,9726,45,2,1218.3
5023,4613,188,1,5330.51
5024,4875,142,1,6545.75
5025,11987,191,3,647.57
5026,14353,213,1,3800.6
5027,6848,449,3,7816.26
5028,14505,281,5,2968.82
5029,4766,412,5,6068.19
5030,8438,76,4,704.92
5031,14165,373,3,5173.76
5032,1022,163,5,1948.49
5033,11254,86,3,4357.67
5034,5631,367,1,2146.49
5035,13449,339,5,9584.08
5036,11053,97,5,509.52
5037,594,351,3,5555.13
5038,9074,49,2,7978.95
5039,12240,318,1,1060.93
5040,7401,314,1,9504.99
5041,12556,343,1,3581.46
5042,860,21,4,9286.01
5043,11380,477,1,9150.54
5044,8573,88,3,8219.74
5045,12058,37,4,5308.22
5046,7229,129,5,6571.12
5047,11427,79,3,9929.03
5048,10532,47,1,6387.23
5049,8508,251,4,2903.35
5050,13419,403,1,4023.58
5051,6040,71,4,1415.95
5052,3325,305,3,4723.38
5053,10903,198,2,946.71
5054,5924,439,5,3081.57
5055,2990,63,3,5383.93
5056,2375,377,2,9039.51
5057,14333,33,4,968.15
5058,5664,24,2,8996.96
5059,3457,85,3,2064.18
5060,14820,218,3,2942.56
5061,6491,376,4,258.42
5062,10995,41,1,6972.61
5063,5813,393,4,9148.93
5064,44,202,1,9011.14
5065,3957,116,4,2672.92
5066,11247,265,5,6606.49
5067,8198,178,2,9950.37
5068,9816,103,5,4032.63
5069,13297,363,2,6816.26
5070,723,5,1,6386.27
5071,11125,293,4,8242.9
5072,10482,460,5,4289.39
5073,737,205,2,4022.8
5074,11294,386,2,3146.12
5075,7811,43,5,3765.59
5076,5112,231,1,1578.47
5077,9712,458,5,1066.87
5078,1308,226,4,2025.32
5079,1964,286,5,8835.5
5080,12885,138,3,9993.87
5081,3598,206,3,2172.19
5082,4654,97,1,509.52
5083,14860,135,5,5819.88
5084,12115,182,4,576.46
5085,12553,56,3,7342.67
5086,10494,225,5,1137.36
5087,12037,195,2,3311.18
5088,11170,491,2,7055.9
5089,11399,165,2,5790.97
5090,11371,442,2,722.71
5091,7097,432,4,226.39
5092,9572,363,5,6816.26
5093,1930,335,1,1115.92
5094,7267,43,2,3765.59
5095,1910,346,1,5073.33
5096,5242,73,2,9210.64
5097,11914,218,3,2942.56
5098,7384,470,3,7905.83
5099,13786,408,2,8941.62
5100,14719,30,4,7899.0
5101,14385,455,5,1899.28
5102,14997,214,4,8463.2
5103,10312,320,5,7113.73
5104,8544,171,4,9757.17
5105,3167,322,3,6758.75
5106,12880,456,2,8200.2
5107,13874,471,4,3581.14
5108,12108,340,3,3757.64
5109,4060,311,2,7839.59
5110,2751,42,2,4497.14
5111,4278,64,1,3923.84
5112,1390,12,2,3492.99
5113,5847,331,2,1285.58
5114,1287,457,4,9921.34
5115,11173,403,2,4023.58
5116,11463,242,3,7663.19
5117,5815,343,3,3581.46
5118,762,174,4,7399.81
5119,8529,351,5,5555.13
5120,7393,127,3,5911.04
5121,11289,409,1,5767.52
5122,3729,375,4,6848.53
5123,2357,225,2,1137.36
5124,1456,187,1,7403.39
5125,168,73,2,9210.64
5126,10616,416,2,6564.11
5127,10460,57,5,6056.87
5128,11541,149,3,938.71
5129,13600,458,5,1066.87
5130,2676,369,5,8266.36
5131,7607,119,4,3230.43
5132,6098,357,3,6115.84
5133,5133,201,1,7769.45
5134,14514,173,5,3149.12
5135,7428,443,2,9035.35
5136,13128,227,2,5782.67
5137,2947,273,1,6942.27
5138,10424,404,1,3218.34
5139,3863,224,4,3104.98
5140,7206,455,5,1899.28
5141,1866,450,1,6116.29
5142,10860,370,1,8466.61
5143,13649,121,3,4637.39
5144,3915,139,1,8246.2
5145,5220,178,1,9950.37
5146,13646,281,4,2968.82
5147,3264,14,3,7643.58
5148,4930,129,4,6571.12
5149,11347,58,1,7243.02
5150,7435,431,5,7429.75
5151,4512,265,4,6606.49
5152,10923,126,3,2937.97
5153,12471,188,5,5330.51
5154,3319,387,2,7256.07
5155,12608,436,2,6908.99
5156,12389,400,4,8624.0
5157,5542,479,3,9565.21
5158,423,324,4,2208.08
5159,1553,60,5,8583.96
5160,10723,148,1,6826.23
5161,3150,184,3,3270.76
5162,4997,190,1,1021.97
5163,13123,345,3,7840.69
5164,188,408,2,8941.62
5165,514,150,5,5507.66
5166,8185,438,2,9206.62
5167,12539,413,4,202.63
5168,7558,333,2,3312.61
5169,1737,366,1,3897.58
5170,4666,83,2,9659.08
5171,8835,469,5,1716.73
5172,11107,43,4,3765.59
5173,4471,128,2,1686.89
5174,8888,299,1,4929.48
5175,11951,169,4,1462.57
5176,516,485,2,8787.67
5177,6649,165,2,5790.97
5178,1478,70,2,8962.34
5179,7087,217,5,9900.58
5180,1525,303,3,9299.69
5181,2088,298,4,8878.51
5182,721,475,4,4830.58
5183,6073,275,3,8842.88
5184,6195,417,5,1315.86
5185,3569,180,5,7937.75
5186,8061,297,1,6822.62
5187,1815,182,3,576.46
5188,7000,176,3,8922.31
5189,14168,264,4,9277.81
5190,2832,164,4,8667.88
5191,1813,388,5,5482.96
5192,1921,401,4,276.76
5193,5503,210,1,4078.3
5194,14177,457,1,9921.34
5195,14581,68,3,4687.17
5196,13794,17,1,7305.81
5197,12296,447,3,2000.99
5198,9809,166,1,5626.74
5199,9123,307,3,4019.4
5200,7949,201,1,7769.45
5201,13438,217,2,9900.58
5202,12575,298,2,8878.51
5203,2966,15,4,3870.03
5204,4526,156,2,7160.7
5205,13789,118,4,8743.3
5206,11956,281,1,2968.82
5207,2993,61,5,1207.44
5208,13898,54,1,7895.72
5209,3816,378,4,3236.96
5210,8799,380,5,4507.23
5211,11725,4,4,1038.64
5212,400,50,5,9478.54
5213,12650,68,1,4687.17
5214,3023,283,2,5067.19
5215,10182,408,1,8941.62
5216,10796,417,1,1315.86
5217,1264,488,3,6635.81
5218,7334,132,1,426.52
5219,3158,401,5,276.76
5220,12636,167,1,4172.77
5221,4750,199,1,8014.84
5222,5270,130,2,2180.26
5223,3040,55,2,4706.61
5224,9830,343,3,3581.46
5225,906,229,2,1133.55
5226,7583,457,1,9921.34
5227,13770,339,1,9584.08
5228,751,404,4,3218.34
5229,4170,145,5,6422.41
5230,11886,152,1,9565.43
5231,12506,74,1,199.13
5232,13701,98,1,4922.59
5233,3274,129,1,6571.12
5234,5765,314,2,9504.99
5235,282,352,5,4584.87
5236,4103,61,1,1207.44
5237,816,199,4,8014.84
5238,7402,109,5,796.13
5239,8643,410,5,9139.34
5240,9114,279,5,5378.36
5241,14621,389,3,3380.61
5242,4802,158,3,9478.85
5243,5320,105,5,328.39
5244,11333,373,5,5173.76
5245,2439,143,3,5350.83
5246,4565,181,3,5638.45
5247,5673,62,3,2223.61
5248,9302,323,5,1809.66
5249,423,219,1,6055.1
5250,1175,293,1,8242.9
5251,8093,305,1,4723.38
5252,3030,288,3,6906.22
5253,7281,380,3,4507.23
5254,1772,77,1,7226.24
5255,14511,108,2,1734.18
5256,12228,186,1,7246.03
5257,13702,473,5,4297.32
5258,4108,198,5,946.71
5259,474,118,4,8743.3
5260,1184,109,3,796.13
5261,2367,398,4,4962.95
5262,12462,157,4,7290.81
5263,12856,199,2,8014.84
5264,5671,56,5,7342.67
5265,10608,488,1,6635.81
5266,1533,373,2,5173.76
5267,9706,47,3,6387.23
5268,14087,142,2,6545.75
5269,7682,289,2,6753.34
5270,13923,172,3,8002.21
5271,8204,138,1,9993.87
5272,10463,487,3,6550.82
5273,6250,352,4,4584.87
5274,269,294,3,1759.3
5275,13936,36,3,5763.51
5276,5596,267,2,9197.24
5277,13553,151,5,8809.81
5278,13341,348,3,3047.9
5279,10819,168,1,1657.22
5280,4849,476,1,7708.58
5281,2607,232,2,3261.51
5282,2728,429,3,4716.21
5283,11930,269,1,1141.26
5284,9201,81,2,3619.81
5285,13186,497,3,4248.99
5286,4774,225,4,1137.36
5287,14372,36,5,5763.51
5288,13075,227,5,5782.67
5289,14998,25,4,7621.45
5290,7829,339,3,9584.08
5291,11594,190,1,1021.97
5292,7832,430,4,5913.18
5293,7678,285,5,3933.55
5294,2486,337,3,4035.25
5295,4454,279,3,5378.36
5296,7090,219,3,6055.1
5297,7066,485,1,8787.67
5298,2495,169,1,1462.57
5299,6503,57,5,6056.87
5300,11180,273,5,6942.27
5301,11284,453,1,4809.05
5302,14645,20,5,5418.04
5303,5951,418,5,4286.55
5304,13003,162,4,9785.74
5305,5851,436,5,6908.99
5306,8608,354,1,7095.06
5307,12047,182,1,576.46
5308,13262,3,3,6914.47
5309,3877,3,3,6914.47
5310,9917,252,4,4660.57
5311,1905,193,5,1281.1
5312,11163,475,4,4830.58
5313,8205,297,3,6822.62
5314,13509,411,5,1314.33
5315,4342,23,5,1685.18
5316,8027,485,4,8787.67
5317,215,199,1,8014.84
5318,11635,195,5,3311.18
5319,7100,483,3,9066.19
5320,267,200,3,2884.6
5321,11101,348,5,3047.9
5322,12677,48,2,1838.87
5323,11508,318,1,1060.93
5324,5919,87,2,2322.38
5325,1581,138,5,9993.87
5326,6678,113,5,9827.8
5327,4560,64,2,3923.84
5328,9170,409,2,5767.52
5329,7629,24,4,8996.96
5330,12678,260,5,4925.88
5331,1050,231,2,1578.47
5332,7156,328,2,8910.25
5333,8152,350,2,2158.61
5334,4315,404,2,3218.34
5335,5462,366,4,3897.58
5336,5472,32,1,5922.14
5337,11769,106,1,6259.39
5338,10218,267,1,9197.24
5339,12997,35,5,1741.5
5340,8884,422,1,9215.56
5341,8115,95,3,3387.4
5342,5567,14,4,7643.58
5343,5556,13,2,7258.78
5344,8476,245,1,8611.56
5345,7735,204,1,5285.57
5346,1810,425,2,3696.53
5347,3408,115,5,8618.7
5348,14596,438,3,9206.62
5349,1006,197,5,6070.18
5350,4883,290,4,1424.2
5351,13759,485,1,8787.67
5352,4391,186,5,7246.03
5353,4506,432,4,226.39
5354,8426,218,1,2942.56
5355,120,73,2,9210.64
5356,6203,479,1,9565.21
5357,7372,129,2,6571.12
5358,986,340,1,3757.64
5359,2892,460,2,4289.39
5360,3384,36,3,5763.51
5361,14049,292,4,6604.75
5362,9155,488,4,6635.81
5363,9518,345,5,7840.69
5364,201,187,5,7403.39
5365,12877,313,4,4182.64
5366,623,450,1,6116.29
5367,13353,119,4,3230.43
5368,11908,122,1,8180.09
5369,1508,470,5,7905.83
5370,3099,226,5,2025.32
5371,9136,455,5,1899.28
5372,1402,370,3,8466.61
5373,11376,111,1,5010.75
5374,2714,218,4,2942.56
5375,7372,416,2,6564.11
5376,2921,75,4,8352.41
5377,1649,311,5,7839.59
5378,9121,494,5,3573.94
5379,10556,203,4,8511.61
5380,4020,495,2,6702.94
5381,10022,194,1,1359.67
5382,3163,288,5,6906.22
5383,14971,185,5,9608.72
5384,5271,352,2,4584.87
5385,644,225,5,1137.36
5386,8357,15,2,3870.03
5387,8003,181,3,5638.45
5388,14380,38,4,4667.15
5389,7235,284,5,9324.98
5390,10684,161,3,8407.44
5391,8066,439,4,3081.57
5392,13879,189,5,8899.99
5393,1124,395,2,5403.61
5394,10407,462,2,9857.56
5395,9018,331,4,1285.58
5396,5164,337,3,4035.25
5397,2384,176,3,8922.31
5398,7564,396,2,8634.83
5399,3148,208,2,8638.99
5400,12668,346,4,5073.33
5401,2587,118,1,8743.3
5402,6915,353,5,3759.57
5403,12828,481,1,4000.0
5404,355,361,1,5463.67
5405,9099,132,4,426.52
5406,9480,174,2,7399.81
5407,5627,432,1,226.39
5408,7993,212,4,1848.43
5409,4167,459,1,1906.15
5410,12583,355,1,8627.33
5411,12698,452,4,7515.99
5412,5094,463,2,7898.4
5413,1873,301,1,9862.65
5414,6364,105,4,328.39
5415,3186,135,4,5819.88
5416,9436,445,3,4601.52
5417,3272,199,2,8014.84
5418,6619,191,4,647.57
5419,11349,240,1,9176.21
5420,11904,208,4,8638.99
5421,12279,75,1,8352.41
5422,11475,105,3,328.39
5423,1512,409,2,5767.52
5424,5417,245,3,8611.56
5425,10745,96,1,2678.45
5426,146,24,1,8996.96
5427,8973,109,2,796.13
5428,197,10,3,395.33
5429,10153,205,3,4022.8
5430,192,48,4,1838.87
5431,3352,50,1,9478.54
5432,8490,16,2,8266.92
5433,1506,295,4,8795.72
5434,5449,495,3,6702.94
5435,4004,229,4,1133.55
5436,2391,151,5,8809.81
5437,7341,467,2,2506.92
5438,4020,216,3,3464.18
5439,8240,280,1,7595.69
5440,13957,202,4,9011.14
5441,6554,323,1,1809.66
5442,12759,452,4,7515.99
5443,9916,42,2,4497.14
5444,12095,180,2,7937.75
5445,13018,306,3,9402.04
5446,12323,275,5,8842.88
5447,1768,210,1,4078.3
5448,8882,151,2,8809.81
5449,3577,381,5,3904.17
5450,14177,105,5,328.39
5451,2944,6,4,2683.41
5452,11012,486,2,9524.97
5453,4269,56,3,7342.67
5454,6763,299,2,4929.48
5455,2831,48,2,1838.87
5456,7089,257,2,2683.93
5457,12716,127,5,5911.04
5458,1208,277,5,2568.61
5459,9347,470,1,7905.83
5460,6252,407,2,5006.35
5461,14185,51,5,8177.56
5462,5641,230,4,2678.09
5463,11716,304,3,466.87
5464,11930,156,4,7160.7
5465,9487,79,1,9929.03
5466,12008,396,2,8634.83
5467,14215,271,3,9644.3
5468,13999,180,1,7937.75
5469,4091,6,3,2683.41
5470,14361,121,5,4637.39
5471,8413,355,4,8627.33
5472,4335,16,4,8266.92
5473,5162,298,2,8878.51
5474,3343,254,4,8610.26
5475,6780,354,3,7095.06
5476,4411,385,1,9715.08
5477,4095,345,3,7840.69
5478,12094,493,4,5685.39
5479,6644,317,5,9246.11
5480,13548,397,3,5628.09
5481,9517,340,2,3757.64
5482,13411,137,3,2848.21
5483,195,117,2,3613.97
5484,10568,176,1,8922.31
5485,11658,48,4,1838.87
5486,11150,74,5,199.13
5487,3643,118,3,8743.3
5488,13996,307,2,4019.4
5489,4622,151,2,8809.81
5490,5079,487,1,6550.82
5491,11843,204,4,5285.57
5492,11225,14,3,7643.58
5493,11804,464,3,8934.52
5494,11099,287,2,200.71
5495,9287,91,1,7135.75
5496,10676,167,4,4172.77
5497,7352,63,3,5383.93
5498,5378,9,5,9075.61
5499,2734,250,4,9260.34
5500,13225,177,4,1840.37
5501,14095,293,4,8242.9
5502,13707,92,3,8797.95
5503,12640,312,5,7979.12
5504,8920,362,4,9726.31
5505,14543,446,1,9142.99
5506,3635,364,2,9723.49
5507,4119,208,5,8638.99
5508,12676,1,2,6315.21
5509,12532,87,4,2322.38
5510,12147,409,1,5767.52
5511,10616,312,5,7979.12
5512,3486,25,4,7621.45
5513,8206,59,4,3468.76
5514,194,270,1,3515.69
5515,5369,224,3,3104.98
5516,8891,53,2,7460.59
5517,12245,326,1,8400.33
5518,4194,310,2,5989.12
5519,10835,459,1,1906.15
5520,6772,459,1,1906.15
5521,12362,399,4,5584.71
5522,13851,173,2,3149.12
5523,6499,490,5,1232.7
5524,476,326,1,8400.33
5525,12852,470,1,7905.83
5526,13751,257,3,2683.93
5527,13953,306,5,9402.04
5528,4083,302,2,256.64
5529,5611,288,1,6906.22
5530,9433,324,5,2208.08
5531,12817,207,1,4423.45
5532,5899,258,5,9737.13
5533,13382,1,4,6315.21
5534,7038,84,1,8556.86
5535,11266,98,5,4922.59
5536,14698,200,5,2884.6
5537,14279,252,4,4660.57
5538,7741,197,4,6070.18
5539,12221,354,5,7095.06
5540,7284,8,3,6565.53
5541,5223,350,4,2158.61
5542,8420,142,5,6545.75
5543,13109,73,3,9210.64
5544,8397,265,3,6606.49
5545,1550,134,1,5480.33
5546,3868,57,1,6056.87
5547,8686,344,1,4696.35
5548,11035,497,2,4248.99
5549,8089,313,3,4182.64
5550,2345,84,1,8556.86
5551,13553,380,4,4507.23
5552,7674,319,1,3953.51
5553,11176,141,4,1098.86
5554,1959,105,5,328.39
5555,14775,460,1,4289.39
5556,8891,427,3,3259.85
5557,14896,281,3,2968.82
5558,8183,163,1,1948.49
5559,14905,289,1,6753.34
5560,11249,481,4,4000.0
5561,703,367,2,2146.49
5562,8380,199,3,8014.84
5563,12298,173,1,3149.12
5564,5426,165,4,5790.97
5565,10343,439,3,3081.57
5566,12849,250,2,9260.34
5567,10926,377,5,9039.51
5568,10357,56,5,7342.67
5569,4539,140,5,621.76
5570,10980,432,5,226.39
5571,809,209,4,9837.59
5572,12442,148,1,6826.23
5573,7822,314,4,9504.99
5574,10344,100,3,9593.58
5575,7714,451,2,5360.01
5576,956,234,3,5838.32
5577,8378,272,5,4556.48
5578,13050,144,1,1912.27
5579,4818,417,1,1315.86
5580,1239,34,3,4719.44
5581,13978,274,5,9374.58
5582,1102,301,2,9862.65
5583,13115,403,1,4023.58
5584,11430,484,2,322.48
5585,9578,292,3,6604.75
5586,14302,301,5,9862.65
5587,6386,138,5,9993.87
5588,1602,271,5,9644.3
5589,8990,85,2,2064.18
5590,10796,464,3,8934.52
5591,14603,241,4,9266.89
5592,13643,69,2,8226.4
5593,11534,458,2,1066.87
5594,13262,154,1,7802.63
5595,9919,90,5,7785.19
5596,13336,499,3,3186.27
5597,11703,241,5,9266.89
5598,8542,157,3,7290.81
5599,6856,216,3,3464.18
5600,14111,238,4,8127.0
5601,4326,120,5,8117.66
5602,1843,432,5,226.39
5603,12583,81,1,3619.81
5604,12680,80,5,7702.5
5605,424,348,3,3047.9
5606,4104,5,4,6386.27
5607,13101,291,1,5087.5
5608,1887,309,4,6463.56
5609,3849,205,1,4022.8
5610,13327,399,3,5584.71
5611,9151,69,2,8226.4
5612,5064,37,4,5308.22
5613,14200,59,4,3468.76
5614,7422,23,2,1685.18
5615,12596,210,2,4078.3
5616,1273,330,4,9882.58
5617,8050,198,2,946.71
5618,540,57,5,6056.87
5619,9119,297,1,6822.62
5620,13208,220,5,4181.4
5621,8359,464,3,8934.52
5622,13022,240,2,9176.21
5623,5344,312,3,7979.12
5624,12978,24,5,8996.96
5625,7462,497,1,4248.99
5626,5605,53,3,7460.59
5627,297,344,2,4696.35
5628,12668,168,3,1657.22
5629,3318,247,5,1511.4
5630,7550,178,5,9950.37
5631,2463,421,2,8508.99
5632,7227,150,5,5507.66
5633,10551,462,5,9857.56
5634,6351,194,4,1359.67
5635,14367,156,4,7160.7
5636,5307,21,4,9286.01
5637,5807,444,3,7201.79
5638,12656,266,4,4135.03
5639,11722,19,4,5022.81
5640,10134,10,1,395.33
5641,9265,483,2,9066.19
5642,9521,490,1,1232.7
5643,5560,193,1,1281.1
5644,11965,103,2,4032.63
5645,5991,495,3,6702.94
5646,2128,187,2,7403.39
5647,4711,407,2,5006.35
5648,216,397,4,5628.09
5649,5216,254,2,8610.26
5650,2900,70,5,8962.34
5651,14601,254,1,8610.26
5652,1354,265,4,6606.49
5653,9596,145,5,6422.41
5654,6523,14,3,7643.58
5655,13418,31,5,5680.54
5656,10503,463,1,7898.4
5657,9566,88,2,8219.74
5658,12173,243,2,3831.51
5659,4479,25,2,7621.45
5660,34,477,1,9150.54
5661,7436,441,4,2052.86
5662,3990,234,3,5838.32
5663,14491,434,2,3167.56
5664,10100,246,2,6536.29
5665,4647,98,1,4922.59
5666,447,265,5,6606.49
5667,13535,495,4,6702.94
5668,578,280,1,7595.69
5669,7012,184,3,3270.76
5670,12253,471,3,3581.14
5671,2017,126,4,2937.97
5672,9333,408,5,8941.62
5673,10715,293,4,8242.9
5674,12566,489,1,3207.62
5675,2296,309,4,6463.56
5676,7714,9,1,9075.61
5677,3328,51,2,8177.56
5678,11892,390,4,1940.5
5679,11640,271,3,9644.3
5680,12385,184,5,3270.76
5681,6827,317,2,9246.11
5682,6040,278,1,8996.64
5683,2624,448,3,5383.01
5684,818,302,2,256.64
5685,11232,492,3,9608.88
5686,13781,21,5,9286.01
5687,7636,92,2,8797.95
5688,11368,465,4,9276.0
5689,6881,80,4,7702.5
5690,7631,173,3,3149.12
5691,3166,319,1,3953.51
5692,4068,321,1,9739.1
5693,3962,493,2,5685.39
5694,14857,360,1,8818.48
5695,1808,128,4,1686.89
5696,1264,109,3,796.13
5697,978,86,3,4357.67
5698,6011,61,2,1207.44
5699,8246,157,3,7290.81
5700,8732,184,1,3270.76
5701,5086,101,3,6090.24
5702,7354,392,2,557.07
5703,11723,44,3,3917.55
5704,2324,149,3,938.71
5705,8387,296,1,3030.48
5706,2928,311,4,7839.59
5707,1872,218,2,2942.56
5708,6886,349,5,4111.82
5709,6853,281,1,2968.82
5710,12457,429,1,4716.21
5711,5326,402,3,2303.92
5712,4469,28,2,966.94
5713,7895,411,2,1314.33
5714,7518,17,2,7305.81
5715,8214,357,5,6115.84
5716,14758,414,1,8456.47
5717,10090,386,2,3146.12
5718,2317,352,2,4584.87
5719,1498,177,3,1840.37
5720,11891,149,4,938.71
5721,3543,199,2,8014.84
5722,14871,113,1,9827.8
5723,7467,437,1,3675.25
5724,5211,418,3,4286.55
5725,12869,5,1,6386.27
5726,4976,365,4,1850.05
5727,8975,116,4,2672.92
5728,7611,369,1,8266.36
5729,14555,448,4,5383.01
5730,12429,218,2,2942.56
5731,5920,197,3,6070.18
5732,3914,113,2,9827.8
5733,8127,479,4,9565.21
5734,6371,417,1,1315.86
5735,1506,468,4,4653.8
5736,11049,389,3,3380.61
5737,12082,292,3,6604.75
5738,7600,106,5,6259.39
5739,11874,129,2,6571.12
5740,8039,358,3,3041.52
5741,828,420,2,968.02
5742,8124,257,5,2683.93
5743,2954,350,2,2158.61
5744,13433,96,1,2678.45
5745,9302,65,3,7934.0
5746,8876,151,4,8809.81
5747,2842,278,3,8996.64
5748,3212,52,4,8643.0
5749,1057,12,4,3492.99
5750,13570,106,2,6259.39
5751,1456,466,2,2173.99
5752,6108,372,1,1234.45
5753,9063,63,5,5383.93
5754,14172,214,2,8463.2
5755,4508,326,2,8400.33
5756,1146,193,2,1281.1
5757,1543,233,3,4748.37
5758,6160,212,5,1848.43
5759,12043,491,2,7055.9
5760,4025,297,2,6822.62
5761,9605,474,1,6301.48
5762,3439,21,5,9286.01
5763,4043,203,1,8511.61
5764,6145,470,5,7905.83
5765,8101,273,5,6942.27
5766,10579,102,2,9476.14
5767,9701,67,1,9629.35
5768,4892,154,2,7802.63
5769,5334,30,4,7899.0
5770,10096,323,5,1809.66
5771,3329,331,2,1285.58
5772,9907,349,4,4111.82
5773,4231,56,5,7342.67
5774,4483,362,4,9726.31
5775,11851,65,5,7934.0
5776,2741,37,4,5308.22
5777,5939,63,2,5383.93
5778,4398,28,3,966.94
5779,7622,490,3,1232.7
5780,3581,404,4,3218.34
5781,2605,395,1,5403.61
5782,2878,255,1,8283.02
5783,946,107,4,1494.13
5784,14456,397,3,5628.09
5785,8406,125,3,2911.91
5786,13775,473,5,4297.32
5787,9425,214,3,8463.2
5788,8193,324,4,2208.08
5789,542,321,5,9739.1
5790,11763,38,5,4667.15
5791,3420,18,3,1342.37
5792,2193,130,3,2180.26
5793,5613,372,5,1234.45
5794,13926,58,2,7243.02
5795,14262,44,3,3917.55
5796,14613,419,1,2984.31
5797,669,1,5,6315.21
5798,1228,143,1,5350.83
5799,623,308,4,3248.37
5800,9678,113,4,9827.8
5801,13741,43,4,3765.59
5802,12634,472,5,8162.55
5803,9475,25,1,7621.45
5804,2339,11,2,1837.72
5805,1380,335,5,1115.92
5806,13039,488,2,6635.81
5807,1534,195,5,3311.18
5808,1879,128,2,1686.89
5809,3205,226,2,2025.32
5810,3588,375,3,6848.53
5811,9460,183,1,5880.7
5812,7156,152,1,9565.43
5813,807,318,3,1060.93
5814,2353,485,2,8787.67
5815,11245,96,1,2678.45
5816,9807,391,2,245.15
5817,10918,460,2,4289.39
5818,6078,429,4,4716.21
5819,4744,315,3,7046.48
5820,4295,359,5,4809.77
5821,14016,170,4,2257.83
5822,8924,333,4,3312.61
5823,7189,106,1,6259.39
5824,2043,83,4,9659.08
5825,3542,357,3,6115.84
5826,14776,123,1,4560.68
5827,2069,238,5,8127.0
5828,11061,88,4,8219.74
5829,9602,106,4,6259.39
5830,5895,392,3,557.07
5831,5751,249,1,745.94
5832,886,360,4,8818.48
5833,5806,176,1,8922.31
5834,6828,14,3,7643.58
5835,1101,472,2,8162.55
5836,9499,352,5,4584.87
5837,14802,430,2,5913.18
5838,2690,230,3,2678.09
5839,411,280,4,7595.69
5840,5731,215,3,5828.57
5841,2717,317,2,9246.11
5842,14831,335,1,1115.92
5843,12665,98,5,4922.59
5844,13955,115,3,8618.7
5845,6219,234,3,5838.32
5846,6345,443,1,9035.35
5847,5697,326,3,8400.33
5848,8491,260,4,4925.88
5849,11908,122,2,8180.09
5850,6463,441,3,2052.86
5851,5498,318,2,1060.93
5852,5269,481,4,4000.0
5853,6277,243,3,3831.51
5854,12270,172,1,8002.21
5855,1411,478,1,6425.58
5856,1775,82,5,6679.0
5857,6263,62,5,2223.61
5858,532,135,4,5819.88
5859,13426,153,4,8748.36
5860,7699,377,1,9039.51
5861,13420,98,5,4922.59
5862,13658,132,3,426.52
5863,5080,85,5,2064.18
5864,14894,347,5,5876.24
5865,1827,189,4,8899.99
5866,5277,313,5,4182.64
5867,58,69,3,8226.4
5868,3478,337,3,4035.25
5869,13957,349,2,4111.82
5870,7177,182,3,576.46
5871,12511,325,3,4799.01
5872,10003,93,1,2028.54
5873,266,51,2,8177.56
5874,997,1,4,6315.21
5875,11184,489,2,3207.62
5876,9861,276,2,2146.27
5877,14714,154,2,7802.63
5878,9917,380,4,4507.23
5879,11198,227,1,5782.67
5880,13251,489,5,3207.62
5881,2968,482,4,6578.94
5882,1467,99,5,7770.51
5883,11178,215,2,5828.57
5884,11506,431,3,7429.75
5885,8371,76,1,704.92
5886,1025,11,1,1837.72
5887,5677,239,4,1994.61
5888,10705,153,3,8748.36
5889,10775,208,3,8638.99
5890,10127,14,4,7643.58
5891,1013,78,2,3697.4
5892,9269,255,4,8283.02
5893,11181,21,2,9286.01
5894,9974,50,3,9478.54
5895,9155,222,4,9786.82
5896,4143,170,2,2257.83
5897,10766,288,3,6906.22
5898,609,212,4,1848.43
5899,14696,422,3,9215.56
5900,11786,295,3,8795.72
5901,8573,422,4,9215.56
5902,13563,240,3,9176.21
5903,8784,232,1,3261.51
5904,13929,491,1,7055.9
5905,13929,70,1,8962.34
5906,12251,438,2,9206.62
5907,1508,378,4,3236.96
5908,14876,287,2,200.71
5909,12298,352,1,4584.87
5910,4050,108,2,1734.18
5911,4227,310,1,5989.12
5912,12954,52,4,8643.0
5913,5539,402,5,2303.92
5914,8549,386,5,3146.12
5915,2163,83,3,9659.08
5916,12832,486,3,9524.97
5917,14079,294,3,1759.3
5918,6513,488,5,6635.81
5919,5892,154,5,7802.63
5920,459,6,5,2683.41
5921,9352,181,2,5638.45
5922,693,409,3,5767.52
5923,1137,360,4,8818.48
5924,8243,139,1,8246.2
5925,11977,30,4,7899.0
5926,5358,119,1,3230.43
5927,14810,335,4,1115.92
5928,7333,414,1,8456.47
5929,10047,281,1,2968.82
5930,1008,51,4,8177.56
5931,936,183,5,5880.7
5932,11786,268,5,5811.88
5933,10003,44,5,3917.55
5934,6627,253,1,6781.48
5935,10096,385,1,9715.08
5936,5729,267,3,9197.24
5937,817,146,5,4918.85
5938,7345,270,5,3515.69
5939,5305,161,5,8407.44
5940,10715,206,3,2172.19
5941,14815,64,5,3923.84
5942,226,394,1,6388.25
5943,36,193,4,1281.1
5944,12967,112,2,8874.43
5945,1336,171,5,9757.17
5946,5759,207,2,4423.45
5947,6594,119,4,3230.43
5948,2936,295,5,8795.72
5949,9087,287,4,200.71
5950,11268,134,2,5480.33
5951,10563,39,4,3738.32
5952,4692,331,3,1285.58
5953,13238,485,4,8787.67
5954,14,189,2,8899.99
5955,7367,379,5,6490.64
5956,7737,405,4,3026.74
5957,10858,339,3,9584.08
5958,343,89,2,2158.02
5959,9270,40,4,5521.2
5960,3827,93,1,2028.54
5961,9292,312,4,7979.12
5962,13928,102,3,9476.14
5963,11874,209,4,9837.59
5964,12556,132,1,426.52
5965,2546,123,4,4560.68
5966,5761,254,5,8610.26
5967,9532,408,2,8941.62
5968,414,197,2,6070.18
5969,4353,32,5,5922.14
5970,13970,135,5,5819.88
5971,2932,430,3,5913.18
5972,6727,215,1,5828.57
5973,7955,483,1,9066.19
5974,5791,221,4,3345.21
5975,5680,105,2,328.39
5976,11719,379,1,6490.64
5977,5923,197,2,6070.18
5978,14805,373,3,5173.76
5979,14536,22,3,1658.35
5980,9755,135,2,5819.88
5981,6105,279,5,5378.36
5982,13437,283,3,5067.19
5983,11978,364,2,9723.49
5984,247,282,5,6977.05
5985,3371,462,1,9857.56
5986,9936,46,5,8792.03
5987,14708,393,2,9148.93
5988,1382,438,1,9206.62
5989,1453,407,2,5006.35
5990,2847,387,4,7256.07
5991,12726,295,1,8795.72
5992,3682,225,2,1137.36
5993,9601,300,3,1815.98
5994,10960,352,1,4584.87
5995,1240,308,4,3248.37
5996,9414,369,1,8266.36
5997,3264,293,2,8242.9
5998,1236,28,1,966.94
5999,4889,43,1,3765.59
6000,9180,482,5,6578.94
6001,14108,85,3,2064.18
6002,14996,122,1,8180.09
6003,13530,373,3,5173.76
6004,876,77,1,7226.24
6005,4044,314,5,9504.99
6006,14165,268,5,5811.88
6007,14601,319,5,3953.51
6008,4917,106,5,6259.39
6009,13971,59,4,3468.76
6010,11892,403,4,4023.58
6011,4228,227,1,5782.67
6012,5694,392,1,557.07
6013,237,121,2,4637.39
6014,150,219,1,6055.1
6015,8159,437,4,3675.25
6016,14552,249,5,745.94
6017,12375,218,1,2942.56
6018,14364,107,1,1494.13
6019,12984,372,5,1234.45
6020,9868,179,2,748.02
6021,12208,33,3,968.15
6022,2188,164,4,8667.88
6023,6311,360,1,8818.48
6024,1012,270,3,3515.69
6025,3618,225,2,1137.36
6026,10121,372,5,1234.45
6027,5554,378,1,3236.96
6028,5908,3,2,6914.47
6029,6026,221,5,3345.21
6030,9918,441,3,2052.86
6031,1615,233,1,4748.37
6032,8259,1,1,6315.21
6033,6015,432,5,226.39
6034,8094,347,4,5876.24
6035,14296,114,2,3570.81
6036,5449,221,2,3345.21
6037,14969,281,2,2968.82
6038,1285,426,1,3257.04
6039,10352,20,1,5418.04
6040,6110,430,1,5913.18
6041,5944,143,4,5350.83
6042,4593,59,1,3468.76
6043,11342,192,2,8165.24
6044,1553,57,3,6056.87
6045,1415,341,1,6881.86
6046,13969,419,2,2984.31
6047,14400,28,3,966.94
6048,7217,52,2,8643.0
6049,14207,184,1,3270.76
6050,12727,73,4,9210.64
6051,11058,275,4,8842.88
6052,5518,281,1,2968.82
6053,1515,414,4,8456.47
6054,8122,457,4,9921.34
6055,3406,46,5,8792.03
6056,10019,244,5,1081.56
6057,11235,425,2,3696.53
6058,7397,339,2,9584.08
6059,2269,431,3,7429.75
6060,3827,172,3,8002.21
6061,3652,46,3,8792.03
6062,3004,238,3,8127.0
6063,3813,320,4,7113.73
6064,9663,485,5,8787.67
6065,2564,423,1,5539.86
6066,14376,38,4,4667.15
6067,3499,110,4,1178.02
6068,9556,145,3,6422.41
6069,6616,464,4,8934.52
6070,13966,386,2,3146.12
6071,5251,206,3,2172.19
6072,13279,404,3,3218.34
6073,14636,204,1,5285.57
6074,453,74,1,199.13
6075,9939,322,4,6758.75
6076,2641,81,4,3619.81
6077,14425,347,1,5876.24
6078,10436,430,1,5913.18
6079,14085,201,4,7769.45
6080,11920,30,1,7899.0
6081,14986,273,4,6942.27
6082,8508,68,1,4687.17
6083,13106,118,5,8743.3
6084,3902,131,5,884.97
6085,3814,465,1,9276.0
6086,9890,287,1,200.71
6087,10925,4,5,1038.64
6088,7354,119,3,3230.43
6089,8164,103,3,4032.63
6090,10052,117,2,3613.97
6091,4581,259,4,6946.2
6092,8782,366,3,3897.58
6093,2503,333,5,3312.61
6094,9655,343,4,3581.46
6095,5933,95,3,3387.4
6096,5431,97,5,509.52
6097,8497,111,4,5010.75
6098,9485,350,5,2158.61
6099,11660,471,1,3581.14
6100,8199,301,4,9862.65
6101,10046,284,2,9324.98
6102,343,443,3,9035.35
6103,247,165,1,5790.97
6104,14397,216,4,3464.18
6105,1296,49,2,7978.95
6106,8145,364,1,9723.49
6107,10181,347,2,5876.24
6108,6512,164,4,8667.88
6109,1950,34,3,4719.44
6110,9905,321,2,9739.1
6111,14464,109,2,796.13
6112,5216,414,4,8456.47
6113,13331,20,1,5418.04
6114,12890,3,5,6914.47
6115,14787,203,4,8511.61
6116,3516,218,5,2942.56
6117,4651,255,5,8283.02
6118,12507,342,1,6063.95
6119,4877,139,4,8246.2
6120,8882,85,4,2064.18
6121,4209,242,3,7663.19
6122,10616,399,5,5584.71
6123,8419,357,4,6115.84
6124,8988,244,5,1081.56
6125,10451,461,1,798.26
6126,356,420,1,968.02
6127,11856,238,1,8127.0
6128,5013,287,3,200.71
6129,114,345,3,7840.69
6130,13890,49,2,7978.95
6131,12822,267,5,9197.24
6132,8441,496,2,2786.49
6133,13961,270,4,3515.69
6134,1926,457,3,9921.34
6135,1201,233,2,4748.37
6136,7905,455,2,1899.28
6137,4264,137,1,2848.21
6138,4675,372,1,1234.45
6139,5804,225,5,1137.36
6140,8288,249,5,745.94
6141,8700,456,5,8200.2
6142,2701,67,3,9629.35
6143,1550,68,5,4687.17
6144,1929,162,1,9785.74
6145,8113,160,4,451.76
6146,12206,324,1,2208.08
6147,12535,57,1,6056.87
6148,10311,246,2,6536.29
6149,12350,117,2,3613.97
6150,9302,108,1,1734.18
6151,5228,6,3,2683.41
6152,9,434,1,3167.56
6153,13417,395,4,5403.61
6154,9682,247,4,1511.4
6155,7505,249,4,745.94
6156,7031,54,1,7895.72
6157,9740,103,5,4032.63
6158,5932,387,3,7256.07
6159,6252,5,1,6386.27
6160,39,173,3,3149.12
6161,2347,174,4,7399.81
6162,10975,469,4,1716.73
6163,6751,72,1,879.52
6164,6857,35,3,1741.5
6165,7190,311,1,7839.59
6166,1650,55,2,4706.61
6167,6805,141,5,1098.86
6168,14168,301,3,9862.65
6169,14614,257,1,2683.93
6170,14483,410,2,9139.34
6171,12104,354,1,7095.06
6172,1041,269,1,1141.26
6173,2341,454,1,3126.41
6174,6437,92,3,8797.95
6175,8118,262,4,6965.43
6176,3430,152,3,9565.43
6177,3490,467,3,2506.92
6178,12859,70,3,8962.34
6179,6718,75,4,8352.41
6180,3522,284,1,9324.98
6181,12937,49,4,7978.95
6182,9084,331,1,1285.58
6183,61,144,5,1912.27
6184,6273,453,3,4809.05
6185,11372,279,4,5378.36
6186,14887,197,3,6070.18
6187,2894,64,4,3923.84
6188,12525,144,3,1912.27
6189,7311,459,4,1906.15
6190,10417,494,1,3573.94
6191,7159,196,3,3830.25
6192,14630,122,2,8180.09
6193,2527,79,4,9929.03
6194,14427,151,3,8809.81
6195,1414,327,1,9601.35
6196,11947,229,4,1133.55
6197,8956,7,2,6834.18
6198,10609,54,1,7895.72
6199,3708,40,1,5521.2
6200,10197,11,3,1837.72
6201,4638,440,4,1392.66
6202,6350,67,3,9629.35
6203,12752,427,1,3259.85
6204,9159,57,4,6056.87
6205,14336,158,3,9478.85
6206,5561,174,4,7399.81
6207,1014,60,1,8583.96
6208,7616,145,4,6422.41
6209,10281,215,3,5828.57
6210,6120,126,1,2937.97
6211,13289,151,4,8809.81
6212,1231,397,5,5628.09
6213,8971,16,4,8266.92
6214,7884,461,5,798.26
6215,4561,28,1,966.94
6216,4349,8,2,6565.53
6217,14912,479,2,9565.21
6218,2980,478,4,6425.58
6219,14572,434,5,3167.56
6220,11074,166,1,5626.74
6221,6823,62,5,2223.61
6222,9561,20,4,5418.04
6223,3282,249,4,745.94
6224,12120,289,1,6753.34
6225,5064,121,2,4637.39
6226,4502,9,1,9075.61
6227,1165,367,3,2146.49
6228,7840,35,2,1741.5
6229,1199,419,3,2984.31
6230,13214,319,4,3953.51
6231,11851,441,1,2052.86
6232,8947,466,5,2173.99
6233,1133,242,3,7663.19
6234,6948,339,5,9584.08
6235,11337,488,4,6635.81
6236,5675,285,1,3933.55
6237,1090,107,1,1494.13
6238,8364,276,2,2146.27
6239,4368,72,2,879.52
6240,3411,228,2,604.91
6241,4650,468,3,4653.8
6242,6777,383,1,5157.46
6243,8849,50,4,9478.54
6244,2268,470,3,7905.83
6245,12033,420,3,968.02
6246,7206,320,3,7113.73
6247,5586,425,2,3696.53
6248,12850,431,3,7429.75
6249,12097,479,2,9565.21
6250,2431,99,3,7770.51
6251,4321,210,4,4078.3
6252,11294,405,4,3026.74
6253,5427,125,1,2911.91
6254,1405,175,2,8623.47
6255,14407,221,3,3345.21
6256,2688,27,1,6600.12
6257,4160,341,2,6881.86
6258,12499,489,5,3207.62
6259,2407,260,2,4925.88
6260,6820,18,1,1342.37
6261,1400,177,2,1840.37
6262,9854,173,3,3149.12
6263,7415,57,3,6056.87
6264,13820,227,2,5782.67
6265,5915,439,2,3081.57
6266,3558,148,2,6826.23
6267,5255,471,5,3581.14
6268,12778,209,1,9837.59
6269,111,88,3,8219.74
6270,1109,155,3,5690.41
6271,14393,308,2,3248.37
6272,10759,192,4,8165.24
6273,3208,356,3,2763.96
6274,11251,236,1,8664.5
6275,7472,435,2,9744.01
6276,14794,280,2,7595.69
6277,7295,93,1,2028.54
6278,6127,362,4,9726.31
6279,7415,491,1,7055.9
6280,14316,29,2,3941.11
6281,12071,306,1,9402.04
6282,3230,10,4,395.33
6283,2932,346,4,5073.33
6284,14675,347,5,5876.24
6285,2116,133,3,418.13
6286,4797,402,4,2303.92
6287,11509,267,3,9197.24
6288,3891,21,2,9286.01
6289,10889,42,5,4497.14
6290,4791,134,2,5480.33
6291,8215,171,1,9757.17
6292,12677,430,4,5913.18
6293,5193,461,3,798.26
6294,9753,293,4,8242.9
6295,12046,9,1,9075.61
6296,12003,409,5,5767.52
6297,3738,294,3,1759.3
6298,9001,118,5,8743.3
6299,4078,445,2,4601.52
6300,2615,249,4,745.94
6301,9279,390,4,1940.5
6302,7835,285,5,3933.55
6303,7032,171,4,9757.17
6304,3691,151,5,8809.81
6305,12250,190,2,1021.97
6306,14491,416,5,6564.11
6307,2566,86,5,4357.67
6308,5600,496,4,2786.49
6309,11909,159,5,1801.45
6310,12833,366,5,3897.58
6311,10962,480,1,5205.62
6312,3933,350,1,2158.61
6313,6127,418,1,4286.55
6314,8526,479,1,9565.21
6315,2294,454,5,3126.41
6316,12620,497,2,4248.99
6317,3543,361,4,5463.67
6318,5834,153,1,8748.36
6319,9159,389,4,3380.61
6320,1801,344,2,4696.35
6321,7979,141,5,1098.86
6322,4370,372,4,1234.45
6323,13824,175,2,8623.47
6324,2863,44,5,3917.55
6325,10363,346,5,5073.33
6326,6757,39,3,3738.32
6327,12966,99,5,7770.51
6328,11922,86,5,4357.67
6329,9985,19,5,5022.81
6330,12421,351,3,5555.13
6331,12683,313,2,4182.64
6332,13508,315,5,7046.48
6333,5911,225,5,1137.36
6334,7839,90,3,7785.19
6335,8118,74,2,199.13
6336,14199,201,2,7769.45
6337,14506,214,3,8463.2
6338,10889,147,5,8276.67
6339,10102,466,4,2173.99
6340,10827,419,3,2984.31
6341,8257,62,5,2223.61
6342,11221,418,3,4286.55
6343,240,168,2,1657.22
6344,1895,344,2,4696.35
6345,1576,10,4,395.33
6346,2128,404,3,3218.34
6347,10771,447,2,2000.99
6348,1714,22,5,1658.35
6349,6050,415,3,2187.71
6350,12168,258,5,9737.13
6351,11749,276,1,2146.27
6352,2516,28,3,966.94
6353,7831,131,2,884.97
6354,1476,61,5,1207.44
6355,11310,244,3,1081.56
6356,6493,395,1,5403.61
6357,8009,375,4,6848.53
6358,5861,443,3,9035.35
6359,11460,369,2,8266.36
6360,4230,279,2,5378.36
6361,3358,69,2,8226.4
6362,1316,105,3,328.39
6363,7339,385,3,9715.08
6364,2101,400,2,8624.0
6365,939,7,2,6834.18
6366,5091,474,4,6301.48
6367,1061,271,2,9644.3
6368,13004,90,1,7785.19
6369,8992,252,5,4660.57
6370,2266,406,4,5823.84
6371,2208,437,5,3675.25
6372,5576,59,1,3468.76
6373,614,248,4,5592.3
6374,13499,38,4,4667.15
6375,1403,464,3,8934.52
6376,12213,463,4,7898.4
6377,881,223,3,6357.32
6378,5421,123,5,4560.68
6379,13059,116,5,2672.92
6380,4138,449,4,7816.26
6381,1392,376,1,258.42
6382,2295,203,1,8511.61
6383,8909,497,5,4248.99
6384,6000,119,1,3230.43
6385,11990,363,1,6816.26
6386,8764,292,1,6604.75
6387,3605,491,4,7055.9
6388,7108,40,3,5521.2
6389,5762,64,1,3923.84
6390,13790,142,4,6545.75
6391,12676,199,4,8014.84
6392,13680,284,4,9324.98
6393,9722,179,5,748.02
6394,2266,295,3,8795.72
6395,9925,342,3,6063.95
6396,11972,156,4,7160.7
6397,12744,371,3,2310.72
6398,13541,480,1,5205.62
6399,5398,293,4,8242.9
6400,10043,11,1,1837.72
6401,14784,98,3,4922.59
6402,3921,399,5,5584.71
6403,6110,186,3,7246.03
6404,271,395,5,5403.61
6405,1260,292,3,6604.75
6406,3276,185,5,9608.72
6407,13168,120,1,8117.66
6408,7200,315,4,7046.48
6409,4097,296,4,3030.48
6410,1348,334,1,7620.87
6411,2125,220,4,4181.4
6412,9930,424,2,9131.51
6413,8879,388,1,5482.96
6414,7275,289,2,6753.34
6415,8154,38,3,4667.15
6416,6217,346,4,5073.33
6417,7322,487,2,6550.82
6418,13680,65,3,7934.0
6419,8581,455,2,1899.28
6420,4855,4,4,1038.64
6421,1373,406,2,5823.84
6422,5081,86,2,4357.67
6423,8550,472,3,8162.55
6424,4260,295,4,8795.72
6425,3590,15,2,3870.03
6426,11440,130,2,2180.26
6427,14127,72,5,879.52
6428,309,128,5,1686.89
6429,8762,54,5,7895.72
6430,14352,66,1,6722.57
6431,14645,468,4,4653.8
6432,9413,397,4,5628.09
6433,12242,277,3,2568.61
6434,7641,148,3,6826.23
6435,12148,451,4,5360.01
6436,12654,88,4,8219.74
6437,12076,201,1,7769.45
6438,957,373,5,5173.76
6439,6571,62,4,2223.61
6440,14242,217,5,9900.58
6441,12233,199,3,8014.84
6442,14074,465,1,9276.0
6443,14259,147,4,8276.67
6444,4721,346,4,5073.33
6445,7160,326,4,8400.33
6446,9975,24,1,8996.96
6447,472,231,2,1578.47
6448,4129,146,3,4918.85
6449,3015,487,1,6550.82
6450,304,422,1,9215.56
6451,974,106,4,6259.39
6452,467,150,4,5507.66
6453,5272,253,2,6781.48
6454,2483,489,4,3207.62
6455,6592,222,1,9786.82
6456,9367,109,5,796.13
6457,14430,353,1,3759.57
6458,7312,413,4,202.63
6459,9153,213,4,3800.6
6460,6590,453,1,4809.05
6461,8134,312,4,7979.12
6462,10260,128,2,1686.89
6463,4000,454,1,3126.41
6464,2861,386,1,3146.12
6465,9989,237,2,5827.48
6466,11847,287,1,200.71
6467,11233,386,5,3146.12
6468,5322,67,2,9629.35
6469,11193,179,1,748.02
6470,7021,402,2,2303.92
6471,13367,182,1,576.46
6472,1438,267,1,9197.24
6473,1428,3,5,6914.47
6474,1999,407,3,5006.35
6475,9120,52,3,8643.0
6476,13382,117,2,3613.97
6477,4106,447,1,2000.99
6478,474,31,2,5680.54
6479,1594,249,2,745.94
6480,5949,194,1,1359.67
6481,5169,54,3,7895.72
6482,5784,143,2,5350.83
6483,2192,155,5,5690.41
6484,2745,350,5,2158.61
6485,3737,266,3,4135.03
6486,9761,226,1,2025.32
6487,4847,295,5,8795.72
6488,10667,178,5,9950.37
6489,6209,359,1,4809.77
6490,11737,395,2,5403.61
6491,839,198,5,946.71
6492,5547,360,2,8818.48
6493,3208,440,2,1392.66
6494,9258,102,1,9476.14
6495,12318,360,3,8818.48
6496,10693,297,1,6822.62
6497,2354,229,4,1133.55
6498,12689,449,3,7816.26
6499,5857,206,5,2172.19
6500,2001,302,5,256.64
6501,8816,399,4,5584.71
6502,1269,411,4,1314.33
6503,8245,219,3,6055.1
6504,10463,126,4,2937.97
6505,13616,357,4,6115.84
6506,14704,404,2,3218.34
6507,8320,30,1,7899.0
6508,8865,170,1,2257.83
6509,4410,86,4,4357.67
6510,9986,171,2,9757.17
6511,14380,307,5,4019.4
6512,1774,266,5,4135.03
6513,3222,196,2,3830.25
6514,1995,328,3,8910.25
6515,9916,153,2,8748.36
6516,14748,394,5,6388.25
6517,6509,349,4,4111.82
6518,10635,288,5,6906.22
6519,12052,56,4,7342.67
6520,9343,480,3,5205.62
6521,12802,445,4,4601.52
6522,10990,54,3,7895.72
6523,68,206,1,2172.19
6524,316,33,3,968.15
6525,652,70,3,8962.34
6526,7077,292,5,6604.75
6527,489,43,2,3765.59
6528,6868,308,4,3248.37
6529,10431,355,4,8627.33
6530,7578,175,5,8623.47
6531,11251,46,4,8792.03
6532,7998,143,4,5350.83
6533,8252,472,5,8162.55
6534,14175,486,5,9524.97
6535,13213,73,5,9210.64
6536,8935,6,3,2683.41
6537,14673,66,4,6722.57
6538,5103,178,2,9950.37
6539,9695,134,1,5480.33
6540,14438,232,4,3261.51
6541,4678,151,1,8809.81
6542,98,267,4,9197.24
6543,215,147,3,8276.67
6544,10997,60,3,8583.96
6545,3312,357,1,6115.84
6546,7786,308,5,3248.37
6547,383,101,4,6090.24
6548,3944,389,2,3380.61
6549,9840,487,1,6550.82
6550,6167,233,3,4748.37
6551,7602,228,2,604.91
6552,11160,117,3,3613.97
6553,9936,51,5,8177.56
6554,6355,433,2,3027.9
6555,5683,237,1,5827.48
6556,5937,10,5,395.33
6557,4813,459,5,1906.15
6558,11985,453,4,4809.05
6559,6420,411,4,1314.33
6560,14011,343,5,3581.46
6561,11265,163,2,1948.49
6562,5865,172,2,8002.21
6563,918,336,2,7047.79
6564,13753,361,1,5463.67
6565,13553,59,1,3468.76
6566,4995,55,2,4706.61
6567,9930,86,3,4357.67
6568,11488,443,5,9035.35
6569,2546,130,2,2180.26
6570,6387,430,2,5913.18
6571,11450,86,3,4357.67
6572,13039,345,1,7840.69
6573,11001,481,2,4000.0
6574,7657,444,3,7201.79
6575,6819,118,4,8743.3
6576,1564,19,1,5022.81
6577,5994,436,2,6908.99
6578,5532,476,4,7708.58
6579,14743,101,1,6090.24
6580,6526,81,4,3619.81
6581,10193,106,2,6259.39
6582,9470,153,5,8748.36
6583,3439,427,2,3259.85
6584,6517,82,2,6679.0
6585,3270,474,4,6301.48
6586,2816,311,3,7839.59
6587,886,62,2,2223.61
6588,8738,62,5,2223.61
6589,14037,353,3,3759.57
6590,5771,117,2,3613.97
6591,3560,3,2,6914.47
6592,8995,287,5,200.71
6593,3206,149,1,938.71
6594,637,254,5,8610.26
6595,9585,110,1,1178.02
6596,9660,286,4,8835.5
6597,12958,128,2,1686.89
6598,13199,307,2,4019.4
6599,13155,269,3,1141.26
6600,10970,83,3,9659.08
6601,325,120,1,8117.66
6602,6450,336,4,7047.79
6603,12076,500,1,9839.38
6604,2581,56,5,7342.67
6605,12296,323,1,1809.66
6606,5022,357,5,6115.84
6607,12362,57,2,6056.87
6608,4435,416,1,6564.11
6609,256,315,4,7046.48
6610,10856,108,2,1734.18
6611,9292,384,5,7551.73
6612,9852,280,3,7595.69
6613,11343,214,4,8463.2
6614,2886,112,5,8874.43
6615,4531,406,4,5823.84
6616,12068,266,1,4135.03
6617,124,39,2,3738.32
6618,11248,415,4,2187.71
6619,13210,452,4,7515.99
6620,2207,272,4,4556.48
6621,6509,291,3,5087.5
6622,12652,480,3,5205.62
6623,4001,248,4,5592.3
6624,6944,193,3,1281.1
6625,6402,478,3,6425.58
6626,4729,267,2,9197.24
6627,4118,488,4,6635.81
6628,11697,329,4,1250.04
6629,10571,327,1,9601.35
6630,3657,315,5,7046.48
6631,5727,263,4,2663.77
6632,13914,279,5,5378.36
6633,352,151,5,8809.81
6634,1237,291,2,5087.5
6635,7938,243,4,3831.51
6636,859,354,2,7095.06
6637,1857,145,4,6422.41
6638,8718,193,4,1281.1
6639,2280,113,3,9827.8
6640,7870,489,5,3207.62
6641,3607,241,3,9266.89
6642,6123,60,1,8583.96
6643,6881,195,4,3311.18
6644,8870,455,4,1899.28
6645,9807,487,2,6550.82
6646,11284,476,2,7708.58
6647,11785,128,3,1686.89
6648,1793,282,5,6977.05
6649,13795,470,5,7905.83
6650,7050,476,2,7708.58
6651,1576,420,5,968.02
6652,14124,49,2,7978.95
6653,9648,153,1,8748.36
6654,13691,71,1,1415.95
6655,1114,436,3,6908.99
6656,13731,49,3,7978.95
6657,13039,355,3,8627.33
6658,9435,216,3,3464.18
6659,7432,60,2,8583.96
6660,30,134,4,5480.33
6661,12034,266,5,4135.03
6662,11546,323,1,1809.66
6663,7155,84,3,8556.86
6664,11982,342,2,6063.95
6665,11806,36,5,5763.51
6666,11522,110,2,1178.02
6667,9386,357,4,6115.84
6668,1840,139,1,8246.2
6669,7712,448,3,5383.01
6670,640,303,4,9299.69
6671,6416,227,1,5782.67
6672,5414,409,3,5767.52
6673,5667,440,5,1392.66
6674,8647,118,2,8743.3
6675,10967,250,4,9260.34
6676,9805,467,3,2506.92
6677,9231,444,1,7201.79
6678,6461,54,1,7895.72
6679,11351,106,5,6259.39
6680,11219,48,3,1838.87
6681,4665,437,2,3675.25
6682,8609,126,5,2937.97
6683,8285,354,5,7095.06
6684,965,423,5,5539.86
6685,2358,223,1,6357.32
6686,7700,359,2,4809.77
6687,14169,259,1,6946.2
6688,10967,287,5,200.71
6689,5977,482,2,6578.94
6690,13496,334,3,7620.87
6691,7467,3,3,6914.47
6692,5189,443,2,9035.35
6693,8761,80,1,7702.5
6694,9261,91,1,7135.75
6695,13928,58,3,7243.02
6696,7241,143,3,5350.83
6697,1215,175,3,8623.47
6698,2302,301,2,9862.65
6699,11563,115,3,8618.7
6700,1081,393,4,9148.93
6701,10854,430,5,5913.18
6702,1586,15,4,3870.03
6703,387,355,1,8627.33
6704,1325,125,2,2911.91
6705,12513,59,3,3468.76
6706,14984,437,2,3675.25
6707,12239,412,1,6068.19
6708,2045,89,4,2158.02
6709,7861,318,1,1060.93
6710,1429,2,2,732.43
6711,10855,455,4,1899.28
6712,11558,42,2,4497.14
6713,7064,43,2,3765.59
6714,6000,31,3,5680.54
6715,7993,28,5,966.94
6716,8718,271,1,9644.3
6717,2798,289,3,6753.34
6718,12970,328,5,8910.25
6719,13586,267,2,9197.24
6720,8705,450,3,6116.29
6721,6095,422,1,9215.56
6722,7552,313,1,4182.64
6723,7543,497,2,4248.99
6724,7919,40,5,5521.2
6725,1307,175,5,8623.47
6726,5562,422,5,9215.56
6727,3217,212,1,1848.43
6728,87,190,5,1021.97
6729,8246,70,5,8962.34
6730,12445,303,2,9299.69
6731,727,439,4,3081.57
6732,12208,334,1,7620.87
6733,4019,206,1,2172.19
6734,13749,401,4,276.76
6735,5754,324,3,2208.08
6736,14448,293,2,8242.9
6737,13825,197,3,6070.18
6738,6133,170,2,2257.83
6739,14289,134,4,5480.33
6740,5623,255,5,8283.02
6741,7104,240,1,9176.21
6742,6025,135,1,5819.88
6743,7371,470,5,7905.83
6744,13710,299,5,4929.48
6745,8711,130,3,2180.26
6746,11392,469,3,1716.73
6747,5747,430,3,5913.18
6748,3022,333,2,3312.61
6749,251,220,5,4181.4
6750,9380,144,3,1912.27
6751,5751,192,5,8165.24
6752,3199,82,3,6679.0
6753,8200,14,4,7643.58
6754,3018,223,1,6357.32
6755,5534,434,3,3167.56
6756,4870,125,2,2911.91
6757,6618,144,1,1912.27
6758,14419,10,4,395.33
6759,2810,388,4,5482.96
6760,9024,472,5,8162.55
6761,10087,383,3,5157.46
6762,3400,411,2,1314.33
6763,10276,122,4,8180.09
6764,13985,188,5,5330.51
6765,12002,419,3,2984.31
6766,14131,22,3,1658.35
6767,8021,307,4,4019.4
6768,11331,189,1,8899.99
6769,3379,14,4,7643.58
6770,1379,132,2,426.52
6771,12403,100,1,9593.58
6772,14489,341,4,6881.86
6773,7263,326,1,8400.33
6774,1805,408,1,8941.62
6775,14716,46,4,8792.03
6776,3927,116,1,2672.92
6777,13311,285,5,3933.55
6778,13616,467,4,2506.92
6779,13871,83,1,9659.08
6780,13740,253,3,6781.48
6781,12621,178,3,9950.37
6782,10931,415,5,2187.71
6783,4112,37,2,5308.22
6784,9861,476,4,7708.58
6785,9570,230,5,2678.09
6786,14745,3,4,6914.47
6787,10306,238,2,8127.0
6788,7359,228,4,604.91
6789,3000,18,1,1342.37
6790,6186,378,3,3236.96
6791,2072,164,1,8667.88
6792,5218,485,4,8787.67
6793,582,296,3,3030.48
6794,1147,474,5,6301.48
6795,4896,172,3,8002.21
6796,184,331,1,1285.58
6797,4599,11,3,1837.72
6798,5574,451,5,5360.01
6799,10741,454,3,3126.41
6800,13723,500,1,9839.38
6801,9162,203,1,8511.61
6802,614,385,1,9715.08
6803,12865,250,1,9260.34
6804,3091,361,3,5463.67
6805,3065,324,5,2208.08
6806,8117,267,4,9197.24
6807,13448,278,1,8996.64
6808,10478,287,5,200.71
6809,12721,202,1,9011.14
6810,1399,462,5,9857.56
6811,10146,490,2,1232.7
6812,9908,471,1,3581.14
6813,2922,227,2,5782.67
6814,551,80,3,7702.5
6815,4054,367,3,2146.49
6816,12306,377,4,9039.51
6817,2171,23,5,1685.18
6818,13955,427,5,3259.85
6819,9833,149,5,938.71
6820,10688,358,3,3041.52
6821,4609,362,3,9726.31
6822,10786,406,2,5823.84
6823,5629,197,5,6070.18
6824,12984,210,4,4078.3
6825,2317,59,3,3468.76
6826,10230,265,5,6606.49
6827,13871,13,1,7258.78
6828,11620,330,2,9882.58
6829,11501,121,2,4637.39
6830,3671,20,1,5418.04
6831,12464,14,1,7643.58
6832,10379,189,2,8899.99
6833,2134,206,4,2172.19
6834,7917,203,4,8511.61
6835,13839,194,2,1359.67
6836,4263,85,4,2064.18
6837,7687,182,5,576.46
6838,13919,184,3,3270.76
6839,10247,89,4,2158.02
6840,736,210,4,4078.3
6841,14653,58,2,7243.02
6842,9158,470,3,7905.83
6843,2193,369,4,8266.36
6844,4555,148,4,6826.23
6845,11363,305,5,4723.38
6846,12916,244,5,1081.56
6847,13186,493,4,5685.39
6848,14587,481,2,4000.0
6849,9088,429,1,4716.21
6850,5967,457,5,9921.34
6851,7495,52,5,8643.0
6852,11204,379,1,6490.64
6853,14802,258,3,9737.13
6854,9217,329,5,1250.04
6855,2960,252,3,4660.57
6856,12985,337,5,4035.25
6857,2186,381,5,3904.17
6858,3815,137,2,2848.21
6859,13046,52,3,8643.0
6860,3095,492,4,9608.88
6861,12847,202,2,9011.14
6862,1021,6,5,2683.41
6863,6665,72,4,879.52
6864,13349,196,4,3830.25
6865,1896,349,2,4111.82
6866,12838,251,2,2903.35
6867,473,60,3,8583.96
6868,6427,396,5,8634.83
6869,14278,425,3,3696.53
6870,416,261,4,980.67
6871,11598,292,1,6604.75
6872,7313,468,4,4653.8
6873,4798,478,1,6425.58
6874,13047,385,2,9715.08
6875,332,309,3,6463.56
6876,3716,210,5,4078.3
6877,10000,30,4,7899.0
6878,8022,388,4,5482.96
6879,5997,205,3,4022.8
6880,3269,452,5,7515.99
6881,4835,75,2,8352.41
6882,1511,398,3,4962.95
6883,334,326,2,8400.33
6884,8557,83,4,9659.08
6885,363,94,4,8180.15
6886,7924,205,4,4022.8
6887,8760,34,5,4719.44
6888,2633,412,3,6068.19
6889,14233,202,1,9011.14
6890,8846,216,4,3464.18
6891,8807,301,3,9862.65
6892,4668,409,3,5767.52
6893,4389,110,5,1178.02
6894,7003,218,3,2942.56
6895,1846,59,2,3468.76
6896,13106,379,1,6490.64
6897,7956,428,1,1211.53
6898,1055,4,3,1038.64
6899,8494,488,1,6635.81
6900,9032,360,4,8818.48
6901,10253,406,3,5823.84
6902,6770,333,3,3312.61
6903,12739,113,5,9827.8
6904,12773,461,5,798.26
6905,13371,290,2,1424.2
6906,3068,377,3,9039.51
6907,520,201,1,7769.45
6908,4301,313,4,4182.64
6909,1981,420,3,968.02
6910,10335,329,4,1250.04
6911,7771,326,2,8400.33
6912,7293,326,4,8400.33
6913,2968,65,5,7934.0
6914,5629,181,4,5638.45
6915,7730,130,1,2180.26
6916,3067,13,3,7258.78
6917,8128,462,5,9857.56
6918,376,80,5,7702.5
6919,2946,249,1,745.94
6920,1710,99,5,7770.51
6921,14199,161,5,8407.44
6922,13774,393,2,9148.93
6923,732,376,3,258.42
6924,14743,439,4,3081.57
6925,409,433,5,3027.9
6926,14999,229,1,1133.55
6927,3603,30,3,7899.0
6928,9522,197,2,6070.18
6929,3994,309,2,6463.56
6930,13219,354,4,7095.06
6931,12698,245,2,8611.56
6932,11620,303,2,9299.69
6933,14653,460,5,4289.39
6934,13093,351,3,5555.13
6935,4972,173,4,3149.12
6936,12043,490,5,1232.7
6937,10000,374,4,9108.7
6938,4104,244,2,1081.56
6939,5489,268,4,5811.88
6940,4389,173,3,3149.12
6941,1993,101,1,6090.24
6942,5134,251,3,2903.35
6943,14474,124,3,8055.13
6944,1310,342,2,6063.95
6945,187,70,4,8962.34
6946,12574,400,4,8624.0
6947,4840,322,4,6758.75
6948,1802,55,5,4706.61
6949,1927,170,2,2257.83
6950,6783,313,1,4182.64
6951,7327,467,2,2506.92
6952,12092,492,2,9608.88
6953,2452,257,1,2683.93
6954,14838,333,3,3312.61
6955,11171,201,5,7769.45
6956,3614,48,2,1838.87
6957,3023,183,2,5880.7
6958,11177,5,2,6386.27
6959,8379,374,1,9108.7
6960,5753,452,3,7515.99
6961,14779,196,2,3830.25
6962,13501,33,4,968.15
6963,616,200,2,2884.6
6964,7648,355,2,8627.33
6965,2856,126,1,2937.97
6966,1157,63,4,5383.93
6967,10886,67,2,9629.35
6968,8818,8,3,6565.53
6969,13556,354,1,7095.06
6970,9104,228,3,604.91
6971,10384,213,2,3800.6
6972,8626,455,1,1899.28
6973,2449,34,2,4719.44
6974,1957,186,5,7246.03
6975,3659,437,3,3675.25
6976,5168,4,2,1038.64
6977,10086,441,3,2052.86
6978,6107,112,5,8874.43
6979,7593,6,5,2683.41
6980,7002,459,2,1906.15
6981,214,389,2,3380.61
6982,13824,17,4,7305.81
6983,7071,374,4,9108.7
6984,11040,117,2,3613.97
6985,8136,13,1,7258.78
6986,2731,498,1,6884.43
6987,6741,118,4,8743.3
6988,11782,486,4,9524.97
6989,10621,311,2,7839.59
6990,10346,87,4,2322.38
6991,14673,197,4,6070.18
6992,7667,214,5,8463.2
6993,12807,343,3,3581.46
6994,12948,16,3,8266.92
6995,14064,497,3,4248.99
6996,6336,291,5,5087.5
6997,7188,496,1,2786.49
6998,4127,249,5,745.94
6999,3608,111,5,5010.75
7000,2236,393,3,9148.93
7001,14273,427,5,3259.85
7002,2941,341,3,6881.86
7003,9873,417,3,1315.86
7004,1136,288,2,6906.22
7005,2340,374,1,9108.7
7006,10696,498,3,6884.43
7007,220,388,2,5482.96
7008,6279,228,3,604.91
7009,1527,64,2,3923.84
7010,4655,255,1,8283.02
7011,5846,355,5,8627.33
7012,7767,260,1,4925.88
7013,8547,121,2,4637.39
7014,14517,260,3,4925.88
7015,6085,261,4,980.67
7016,3370,436,1,6908.99
7017,6971,310,4,5989.12
7018,2879,204,5,5285.57
7019,8301,425,5,3696.53
7020,6040,136,3,5846.66
7021,7576,461,5,798.26
7022,9689,413,5,202.63
7023,4845,61,5,1207.44
7024,3707,462,1,9857.56
7025,1696,148,4,6826.23
7026,8644,238,1,8127.0
7027,1358,470,2,7905.83
7028,8796,394,4,6388.25
7029,14754,173,2,3149.12
7030,14612,326,2,8400.33
7031,1937,144,3,1912.27
7032,4461,249,4,745.94
7033,6529,268,3,5811.88
7034,9843,68,1,4687.17
7035,1919,59,4,3468.76
7036,7203,174,4,7399.81
7037,12206,479,5,9565.21
7038,14385,65,5,7934.0
7039,9751,160,4,451.76
7040,5039,225,1,1137.36
7041,6929,96,1,2678.45
7042,2409,264,3,9277.81
7043,14428,454,3,3126.41
7044,13799,98,3,4922.59
7045,13578,300,1,1815.98
7046,5658,201,1,7769.45
7047,8633,353,1,3759.57
7048,7357,457,2,9921.34
7049,9628,460,2,4289.39
7050,5027,218,3,2942.56
7051,3145,207,4,4423.45
7052,286,347,4,5876.24
7053,964,250,2,9260.34
7054,11575,283,5,5067.19
7055,2938,51,1,8177.56
7056,12226,209,5,9837.59
7057,3539,488,3,6635.81
7058,7423,484,2,322.48
7059,6412,15,4,3870.03
7060,6678,335,4,1115.92
7061,11070,39,2,3738.32
7062,13254,290,2,1424.2
7063,11737,193,2,1281.1
7064,10225,67,2,9629.35
7065,245,287,2,200.71
7066,12583,51,5,8177.56
7067,3624,100,3,9593.58
7068,3250,4,1,1038.64
7069,6157,145,4,6422.41
7070,500,178,5,9950.37
7071,14046,422,5,9215.56
7072,9658,70,5,8962.34
7073,13268,1,5,6315.21
7074,4749,306,4,9402.04
7075,12727,53,4,7460.59
7076,3807,280,4,7595.69
7077,959,201,3,7769.45
7078,8832,198,1,946.71
7079,6823,285,2,3933.55
7080,9210,171,1,9757.17
7081,8104,305,3,4723.38
7082,1069,378,5,3236.96
7083,894,114,4,3570.81
7084,6537,170,5,2257.83
7085,12232,280,2,7595.69
7086,12563,262,1,6965.43
7087,8766,88,4,8219.74
7088,14932,160,1,451.76
7089,12419,126,1,2937.97
7090,4428,403,5,4023.58
7091,3660,173,5,3149.12
7092,4444,96,4,2678.45
7093,8473,334,2,7620.87
7094,5531,474,3,6301.48
7095,13253,261,5,980.67
7096,4327,368,4,1767.74
7097,11280,113,4,9827.8
7098,9451,436,3,6908.99
7099,4951,91,5,7135.75
7100,12776,212,1,1848.43
7101,4324,335,3,1115.92
7102,1439,278,4,8996.64
7103,6192,499,1,3186.27
7104,2436,107,3,1494.13
7105,8352,33,4,968.15
7106,12050,169,4,1462.57
7107,6366,385,3,9715.08
7108,1956,456,3,8200.2
7109,4459,288,5,6906.22
7110,9029,122,3,8180.09
7111,1108,275,5,8842.88
7112,4658,480,3,5205.62
7113,8498,206,2,2172.19
7114,12738,102,4,9476.14
7115,7768,62,1,2223.61
7116,7643,20,5,5418.04
7117,1441,433,5,3027.9
7118,10060,402,2,2303.92
7119,11292,398,2,4962.95
7120,6855,34,1,4719.44
7121,9814,233,5,4748.37
7122,12485,398,3,4962.95
7123,6417,386,2,3146.12
7124,10001,30,4,7899.0
7125,12941,330,3,9882.58
7126,6560,350,1,2158.61
7127,13480,383,5,5157.46
7128,10384,37,2,5308.22
7129,14912,26,2,482.02
7130,14304,369,2,8266.36
7131,5924,410,1,9139.34
7132,4782,244,3,1081.56
7133,1990,112,4,8874.43
7134,14899,316,3,5796.51
7135,12255,280,5,7595.69
7136,9632,186,4,7246.03
7137,1914,482,5,6578.94
7138,6120,254,4,8610.26
7139,8526,382,2,2606.69
7140,8680,499,1,3186.27
7141,2843,205,1,4022.8
7142,3667,419,1,2984.31
7143,9042,141,3,1098.86
7144,12332,163,2,1948.49
7145,8812,399,5,5584.71
7146,14576,87,4,2322.38
7147,3435,429,3,4716.21
7148,923,155,4,5690.41
7149,6772,311,4,7839.59
7150,10223,23,3,1685.18
7151,8392,139,3,8246.2
7152,3629,47,1,6387.23
7153,14174,287,3,200.71
7154,13444,184,4,3270.76
7155,6699,135,3,5819.88
7156,11883,316,1,5796.51
7157,3738,321,1,9739.1
7158,13165,40,2,5521.2
7159,3464,266,1,4135.03
7160,4410,58,3,7243.02
7161,144,46,4,8792.03
7162,8976,308,3,3248.37
7163,10377,86,4,4357.67
7164,9898,315,4,7046.48
7165,10599,362,2,9726.31
7166,8370,82,2,6679.0
7167,2001,305,1,4723.38
7168,5570,302,1,256.64
7169,12369,58,1,7243.02
7170,12740,185,2,9608.72
7171,13779,261,3,980.67
7172,6541,119,4,3230.43
7173,5090,153,5,8748.36
7174,3597,102,5,9476.14
7175,10594,88,3,8219.74
7176,11410,104,5,4430.26
7177,6807,392,3,557.07
7178,1337,305,3,4723.38
7179,8229,91,1,7135.75
7180,13973,367,4,2146.49
7181,1278,245,4,8611.56
7182,14242,40,4,5521.2
7183,2626,425,5,3696.53
7184,11269,49,5,7978.95
7185,1482,65,5,7934.0
7186,14937,157,2,7290.81
7187,1323,497,2,4248.99
7188,10402,73,1,9210.64
7189,2967,265,3,6606.49
7190,14757,176,2,8922.31
7191,2304,216,4,3464.18
7192,5511,247,3,1511.4
7193,3398,357,4,6115.84
7194,1035,203,5,8511.61
7195,1645,465,5,9276.0
7196,11581,411,3,1314.33
7197,13734,305,1,4723.38
7198,11304,425,1,3696.53
7199,9117,145,4,6422.41
7200,7290,340,5,3757.64
7201,6467,322,4,6758.75
7202,10181,90,2,7785.19
7203,13930,301,5,9862.65
7204,12171,199,4,8014.84
7205,10615,308,3,3248.37
7206,2889,434,1,3167.56
7207,9316,363,1,6816.26
7208,10909,337,1,4035.25
7209,7453,357,4,6115.84
7210,14355,204,4,5285.57
7211,3529,197,3,6070.18
7212,9221,100,1,9593.58
7213,1045,378,5,3236.96
7214,8036,441,2,2052.86
7215,13258,89,4,2158.02
7216,8439,39,5,3738.32
7217,9800,56,5,7342.67
7218,1967,313,1,4182.64
7219,9537,331,2,1285.58
7220,1716,445,2,4601.52
7221,5234,143,5,5350.83
7222,2529,334,3,7620.87
7223,11743,55,4,4706.61
7224,7450,461,4,798.26
7225,611,48,5,1838.87
7226,5151,295,4,8795.72
7227,3500,97,3,509.52
7228,5852,287,1,200.71
7229,1914,222,5,9786.82
7230,915,403,3,4023.58
7231,792,262,3,6965.43
7232,827,203,3,8511.61
7233,14805,37,1,5308.22
7234,13116,278,1,8996.64
7235,4798,51,5,8177.56
7236,4242,291,3,5087.5
7237,4756,311,1,7839.59
7238,12962,156,3,7160.7
7239,5840,293,1,8242.9
7240,8610,272,2,4556.48
7241,13353,124,2,8055.13
7242,8979,313,3,4182.64
7243,8827,99,1,7770.51
7244,4464,386,3,3146.12
7245,3200,69,1,8226.4
7246,2755,128,5,1686.89
7247,455,144,5,1912.27
7248,11542,108,5,1734.18
7249,11083,239,3,1994.61
7250,13165,165,3,5790.97
7251,6821,252,3,4660.57
7252,2119,38,5,4667.15
7253,4452,28,4,966.94
7254,8130,149,5,938.71
7255,7165,476,2,7708.58
7256,13422,469,1,1716.73
7257,12516,242,1,7663.19
7258,6717,408,5,8941.62
7259,2196,445,2,4601.52
7260,8870,484,1,322.48
7261,1587,88,5,8219.74
7262,5420,222,5,9786.82
7263,1088,469,1,1716.73
7264,10408,199,4,8014.84
7265,669,351,2,5555.13
7266,976,213,3,3800.6
7267,10926,468,4,4653.8
7268,10732,44,4,3917.55
7269,1489,298,5,8878.51
7270,2115,322,4,6758.75
7271,13102,227,2,5782.67
7272,10577,375,2,6848.53
7273,2247,311,4,7839.59
7274,13804,27,2,6600.12
7275,4341,105,3,328.39
7276,5739,34,4,4719.44
7277,526,12,1,3492.99
7278,9782,371,4,2310.72
7279,9103,399,1,5584.71
7280,12535,401,2,276.76
7281,286,197,5,6070.18
7282,2322,276,5,2146.27
7283,5118,499,5,3186.27
7284,1784,472,5,8162.55
7285,7384,100,2,9593.58
7286,6133,482,4,6578.94
7287,1752,4,3,1038.64
7288,3024,284,3,9324.98
7289,1917,413,2,202.63
7290,14265,432,3,226.39
7291,5017,95,2,3387.4
7292,13976,235,5,8300.53
7293,14247,287,3,200.71
7294,13997,274,2,9374.58
7295,6843,296,4,3030.48
7296,5870,482,5,6578.94
7297,8450,214,5,8463.2
7298,5263,447,3,2000.99
7299,2058,203,4,8511.61
7300,9172,329,5,1250.04
7301,11668,33,4,968.15
7302,7498,322,1,6758.75
7303,12383,355,2,8627.33
7304,11290,186,3,7246.03
7305,5352,449,5,7816.26
7306,371,36,1,5763.51
7307,10683,219,1,6055.1
7308,4105,175,3,8623.47
7309,6877,236,1,8664.5
7310,9924,77,1,7226.24
7311,14293,87,2,2322.38
7312,12096,459,3,1906.15
7313,13027,365,1,1850.05
7314,11131,429,5,4716.21
7315,5746,479,2,9565.21
7316,14350,118,1,8743.3
7317,12397,349,1,4111.82
7318,5383,203,1,8511.61
7319,4800,262,4,6965.43
7320,10127,83,4,9659.08
7321,1966,392,5,557.07
7322,10826,33,2,968.15
7323,8194,500,3,9839.38
7324,6940,45,5,1218.3
7325,4727,19,2,5022.81
7326,428,194,5,1359.67
7327,3234,472,5,8162.55
7328,4408,297,3,6822.62
7329,11148,349,1,4111.82
7330,9339,257,4,2683.93
7331,8336,419,1,2984.31
7332,4535,188,1,5330.51
7333,7978,130,5,2180.26
7334,4487,127,5,5911.04
7335,5231,391,4,245.15
7336,9825,374,1,9108.7
7337,9530,25,3,7621.45
7338,9735,201,5,7769.45
7339,13414,80,5,7702.5
7340,13164,166,4,5626.74
7341,8142,96,1,2678.45
7342,3243,56,3,7342.67
7343,14535,72,4,879.52
7344,84,484,1,322.48
7345,11790,12,4,3492.99
7346,8974,267,5,9197.24
7347,11358,449,2,7816.26
7348,10119,391,3,245.15
7349,11074,346,2,5073.33
7350,4938,482,5,6578.94
7351,3713,65,4,7934.0
7352,10787,28,5,966.94
7353,177,312,3,7979.12
7354,5551,307,3,4019.4
7355,4428,113,5,9827.8
7356,4044,80,2,7702.5
7357,3970,352,5,4584.87
7358,1219,337,1,4035.25
7359,9126,389,1,3380.61
7360,743,382,4,2606.69
7361,37,244,5,1081.56
7362,13281,39,3,3738.32
7363,13925,314,4,9504.99
7364,422,54,3,7895.72
7365,14115,120,5,8117.66
7366,9572,39,3,3738.32
7367,1756,379,2,6490.64
7368,6019,446,2,9142.99
7369,755,494,1,3573.94
7370,10359,340,3,3757.64
7371,10212,21,1,9286.01
7372,8906,177,1,1840.37
7373,14663,14,4,7643.58
7374,10694,222,3,9786.82
7375,13461,89,3,2158.02
7376,13967,66,3,6722.57
7377,2839,176,5,8922.31
7378,749,282,3,6977.05
7379,4084,396,5,8634.83
7380,13416,410,4,9139.34
7381,9699,162,4,9785.74
7382,5612,333,5,3312.61
7383,14953,84,4,8556.86
7384,6834,315,4,7046.48
7385,6001,418,4,4286.55
7386,457,46,5,8792.03
7387,14202,489,5,3207.62
7388,9611,392,2,557.07
7389,4880,19,5,5022.81
7390,3609,300,1,1815.98
7391,3384,269,1,1141.26
7392,3309,385,4,9715.08
7393,789,287,1,200.71
7394,3118,136,3,5846.66
7395,552,65,3,7934.0
7396,3659,274,4,9374.58
7397,10954,475,5,4830.58
7398,5761,45,4,1218.3
7399,5518,370,5,8466.61
7400,4720,157,5,7290.81
7401,11284,487,5,6550.82
7402,1403,364,1,9723.49
7403,11868,258,3,9737.13
7404,10252,12,4,3492.99
7405,11649,359,5,4809.77
7406,13837,391,5,245.15
7407,8686,168,2,1657.22
7408,13310,405,5,3026.74
7409,3721,141,5,1098.86
7410,20,391,3,245.15
7411,13014,21,3,9286.01
7412,6714,389,2,3380.61
7413,408,178,3,9950.37
7414,2575,35,4,1741.5
7415,96,109,5,796.13
7416,14690,446,2,9142.99
7417,9238,10,3,395.33
7418,14746,436,2,6908.99
7419,11755,310,1,5989.12
7420,8456,150,1,5507.66
7421,12515,131,5,884.97
7422,12077,351,5,5555.13
7423,8271,48,5,1838.87
7424,14046,251,5,2903.35
7425,8107,6,4,2683.41
7426,14467,351,5,5555.13
7427,9752,245,1,8611.56
7428,5045,221,5,3345.21
7429,6112,30,1,7899.0
7430,11779,382,1,2606.69
7431,10656,244,3,1081.56
7432,5942,227,5,5782.67
7433,7979,141,3,1098.86
7434,4921,24,1,8996.96
7435,13523,467,5,2506.92
7436,8063,147,5,8276.67
7437,689,376,5,258.42
7438,12551,71,3,1415.95
7439,13497,182,3,576.46
7440,10472,354,4,7095.06
7441,6622,325,3,4799.01
7442,7581,312,2,7979.12
7443,1253,474,1,6301.48
7444,6006,379,5,6490.64
7445,6079,456,4,8200.2
7446,13479,405,2,3026.74
7447,10224,55,2,4706.61
7448,4659,71,5,1415.95
7449,10488,410,5,9139.34
7450,14764,183,2,5880.7
7451,7360,268,2,5811.88
7452,14065,204,2,5285.57
7453,2612,338,4,9668.48
7454,9696,171,2,9757.17
7455,14348,56,1,7342.67
7456,7673,188,4,5330.51
7457,10958,37,3,5308.22
7458,7436,397,3,5628.09
7459,9696,382,4,2606.69
7460,10612,144,1,1912.27
7461,12330,192,1,8165.24
7462,9105,304,3,466.87
7463,670,246,3,6536.29
7464,12782,237,1,5827.48
7465,5164,68,3,4687.17
7466,12640,213,5,3800.6
7467,2473,24,5,8996.96
7468,12349,125,2,2911.91
7469,2862,219,4,6055.1
7470,4670,491,2,7055.9
7471,9160,133,5,418.13
7472,7372,210,3,4078.3
7473,8371,175,2,8623.47
7474,14542,480,1,5205.62
7475,12603,224,3,3104.98
7476,7728,495,2,6702.94
7477,14365,374,1,9108.7
7478,12632,455,5,1899.28
7479,2431,239,4,1994.61
7480,1603,104,1,4430.26
7481,10387,246,1,6536.29
7482,5114,379,4,6490.64
7483,13547,271,3,9644.3
7484,12398,211,2,9357.68
7485,2523,72,1,879.52
7486,13057,471,1,3581.14
7487,12994,382,3,2606.69
7488,10446,3,3,6914.47
7489,10487,406,2,5823.84
7490,1057,443,2,9035.35
7491,5660,93,3,2028.54
7492,10821,100,1,9593.58
7493,7045,200,5,2884.6
7494,14374,374,2,9108.7
7495,11092,345,3,7840.69
7496,12861,312,3,7979.12
7497,9188,119,1,3230.43
7498,12150,490,2,1232.7
7499,10092,160,5,451.76
7500,13458,434,2,3167.56
7501,12918,201,3,7769.45
7502,6190,110,3,1178.02
7503,3545,323,5,1809.66
7504,14773,205,5,4022.8
7505,4083,296,4,3030.48
7506,13409,234,2,5838.32
7507,7175,492,4,9608.88
7508,13440,131,5,884.97
7509,1116,55,3,4706.61
7510,4771,178,2,9950.37
7511,14309,346,3,5073.33
7512,3387,482,3,6578.94
7513,5861,189,4,8899.99
7514,4669,50,1,9478.54
7515,1223,193,3,1281.1
7516,1633,446,3,9142.99
7517,10317,9,5,9075.61
7518,12579,409,1,5767.52
7519,8718,351,5,5555.13
7520,10506,364,2,9723.49
7521,5985,464,5,8934.52
7522,9993,425,1,3696.53
7523,6003,140,4,621.76
7524,2938,51,1,8177.56
7525,11426,208,2,8638.99
7526,5493,24,2,8996.96
7527,4886,83,2,9659.08
7528,1077,214,3,8463.2
7529,3415,184,4,3270.76
7530,5822,177,5,1840.37
7531,3172,161,2,8407.44
7532,14658,438,2,9206.62
7533,10695,210,5,4078.3
7534,9803,255,1,8283.02
7535,2660,243,5,3831.51
7536,714,461,4,798.26
7537,4949,45,1,1218.3
7538,8365,466,4,2173.99
7539,3274,127,2,5911.04
7540,5865,332,4,2539.39
7541,11744,399,1,5584.71
7542,7012,19,1,5022.81
7543,14455,199,4,8014.84
7544,8149,48,3,1838.87
7545,3887,441,1,2052.86
7546,11941,460,5,4289.39
7547,9010,374,1,9108.7
7548,13258,410,4,9139.34
7549,10873,389,2,3380.61
7550,1232,123,3,4560.68
7551,4107,360,2,8818.48
7552,13000,337,3,4035.25
7553,186,200,1,2884.6
7554,644,172,2,8002.21
7555,10472,338,1,9668.48
7556,5982,75,3,8352.41
7557,651,383,1,5157.46
7558,13507,270,1,3515.69
7559,5148,273,2,6942.27
7560,1635,212,5,1848.43
7561,13376,31,5,5680.54
7562,10227,7,1,6834.18
7563,12737,219,5,6055.1
7564,13723,403,1,4023.58
7565,12613,105,5,328.39
7566,11533,291,1,5087.5
7567,3020,208,1,8638.99
7568,3763,32,3,5922.14
7569,11901,480,1,5205.62
7570,12055,438,1,9206.62
7571,570,148,5,6826.23
7572,4463,402,1,2303.92
7573,12359,390,1,1940.5
7574,552,265,2,6606.49
7575,10859,129,4,6571.12
7576,12330,111,3,5010.75
7577,358,384,3,7551.73
7578,9070,27,1,6600.12
7579,10065,347,5,5876.24
7580,8265,180,2,7937.75
7581,18,171,2,9757.17
7582,759,24,2,8996.96
7583,11335,478,5,6425.58
7584,5693,193,3,1281.1
7585,10998,304,5,466.87
7586,6822,339,3,9584.08
7587,1956,67,2,9629.35
7588,7023,205,5,4022.8
7589,5106,245,1,8611.56
7590,5890,24,2,8996.96
7591,7995,427,4,3259.85
7592,11418,499,2,3186.27
7593,11790,334,2,7620.87
7594,5598,74,1,199.13
7595,1907,478,5,6425.58
7596,10893,313,1,4182.64
7597,2767,368,1,1767.74
7598,11557,333,3,3312.61
7599,13370,427,4,3259.85
7600,14279,147,1,8276.67
7601,4352,27,4,6600.12
7602,6375,446,2,9142.99
7603,11254,365,2,1850.05
7604,9422,57,2,6056.87
7605,13148,347,1,5876.24
7606,6892,489,3,3207.62
7607,3277,364,5,9723.49
7608,2194,337,1,4035.25
7609,3719,359,4,4809.77
7610,10151,310,5,5989.12
7611,9947,183,5,5880.7
7612,13918,295,3,8795.72
7613,13591,473,3,4297.32
7614,13782,134,5,5480.33
7615,12897,19,4,5022.81
7616,9842,405,1,3026.74
7617,1665,314,2,9504.99
7618,7255,207,1,4423.45
7619,11346,215,3,5828.57
7620,1054,53,5,7460.59
7621,11455,299,4,4929.48
7622,14420,270,4,3515.69
7623,12597,234,5,5838.32
7624,1669,240,4,9176.21
7625,6521,329,1,1250.04
7626,6552,450,4,6116.29
7627,3022,253,3,6781.48
7628,7571,303,1,9299.69
7629,14152,335,3,1115.92
7630,11618,196,1,3830.25
7631,14394,464,3,8934.52
7632,1487,131,1,884.97
7633,10247,390,4,1940.5
7634,9826,40,1,5521.2
7635,9710,93,4,2028.54
7636,10204,348,1,3047.9
7637,6547,369,5,8266.36
7638,2373,459,4,1906.15
7639,7898,416,4,6564.11
7640,3305,384,1,7551.73
7641,1066,254,3,8610.26
7642,5859,407,5,5006.35
7643,7342,447,2,2000.99
7644,6775,357,5,6115.84
7645,1204,54,2,7895.72
7646,4354,34,3,4719.44
7647,842,45,4,1218.3
7648,6453,448,1,5383.01
7649,4144,290,3,1424.2
7650,8563,361,4,5463.67
7651,14369,300,5,1815.98
7652,1001,431,3,7429.75
7653,3403,489,1,3207.62
7654,9613,94,1,8180.15
7655,9904,269,3,1141.26
7656,141,341,1,6881.86
7657,8052,457,2,9921.34
7658,12988,120,3,8117.66
7659,5116,304,2,466.87
7660,10544,323,2,1809.66
7661,2833,184,4,3270.76
7662,4247,64,4,3923.84
7663,8727,8,2,6565.53
7664,14407,206,3,2172.19
7665,6622,325,2,4799.01
7666,6299,136,2,5846.66
7667,11045,121,1,4637.39
7668,13014,309,3,6463.56
7669,8919,468,5,4653.8
7670,8665,448,1,5383.01
7671,14571,35,1,1741.5
7672,10982,305,2,4723.38
7673,2252,478,4,6425.58
7674,9884,2,1,732.43
7675,6699,335,3,1115.92
7676,10090,462,1,9857.56
7677,11932,396,1,8634.83
7678,8132,465,2,9276.0
7679,2377,105,4,328.39
7680,14482,268,5,5811.88
7681,7931,448,2,5383.01
7682,6451,256,2,8632.64
7683,2854,295,3,8795.72
7684,6908,257,1,2683.93
7685,6458,185,5,9608.72
7686,507,478,4,6425.58
7687,2259,247,5,1511.4
7688,779,129,3,6571.12
7689,4495,185,2,9608.72
7690,2056,29,5,3941.11
7691,14524,277,3,2568.61
7692,6116,447,2,2000.99
7693,3536,67,1,9629.35
7694,14155,218,5,2942.56
7695,9820,459,1,1906.15
7696,5993,209,2,9837.59
7697,11117,46,3,8792.03
7698,11162,41,2,6972.61
7699,12432,353,5,3759.57
7700,8430,395,1,5403.61
7701,12872,96,5,2678.45
7702,12926,212,1,1848.43
7703,9679,378,5,3236.96
7704,4683,210,1,4078.3
7705,4142,250,4,9260.34
7706,12018,21,2,9286.01
7707,11810,314,3,9504.99
7708,2507,96,1,2678.45
7709,248,57,1,6056.87
7710,4369,306,3,9402.04
7711,14900,98,3,4922.59
7712,5926,297,3,6822.62
7713,11889,486,3,9524.97
7714,10809,476,1,7708.58
7715,1348,91,3,7135.75
7716,11153,486,1,9524.97
7717,4365,378,1,3236.96
7718,4460,257,4,2683.93
7719,7717,184,3,3270.76
7720,5896,23,3,1685.18
7721,2912,151,1,8809.81
7722,7538,397,2,5628.09
7723,3767,25,4,7621.45
7724,2441,401,1,276.76
7725,10984,290,3,1424.2
7726,2946,115,1,8618.7
7727,14322,369,4,8266.36
7728,12891,293,1,8242.9
7729,14269,289,5,6753.34
7730,13022,209,2,9837.59
7731,13786,485,1,8787.67
7732,2227,198,1,946.71
7733,7596,173,5,3149.12
7734,10958,24,2,8996.96
7735,12298,232,2,3261.51
7736,10253,142,1,6545.75
7737,1649,294,5,1759.3
7738,1133,322,5,6758.75
7739,12238,158,5,9478.85
7740,11054,205,5,4022.8
7741,10524,232,5,3261.51
7742,7038,249,2,745.94
7743,2996,31,5,5680.54
7744,8563,147,5,8276.67
7745,13033,238,5,8127.0
7746,1513,429,3,4716.21
7747,13484,56,1,7342.67
7748,8344,211,4,9357.68
7749,5693,369,4,8266.36
7750,10470,181,5,5638.45
7751,342,6,2,2683.41
7752,7094,430,3,5913.18
7753,3423,456,2,8200.2
7754,14099,287,5,200.71
7755,5641,158,1,9478.85
7756,3011,209,1,9837.59
7757,9195,11,4,1837.72
7758,14745,141,4,1098.86
7759,12813,462,4,9857.56
7760,9355,155,3,5690.41
7761,2132,248,4,5592.3
7762,11298,238,5,8127.0
7763,4533,160,3,451.76
7764,9607,175,3,8623.47
7765,5570,498,2,6884.43
7766,6705,128,5,1686.89
7767,10576,330,3,9882.58
7768,10194,261,1,980.67
7769,11267,20,3,5418.04
7770,14724,406,3,5823.84
7771,3282,427,2,3259.85
7772,306,116,2,2672.92
7773,5034,76,2,704.92
7774,4323,359,4,4809.77
7775,12980,163,4,1948.49
7776,9702,328,3,8910.25
7777,4026,201,5,7769.45
7778,13066,397,2,5628.09
7779,14215,403,5,4023.58
7780,1209,220,2,4181.4
7781,13917,265,5,6606.49
7782,5669,263,3,2663.77
7783,11098,493,4,5685.39
7784,394,143,2,5350.83
7785,6280,208,2,8638.99
7786,2279,379,3,6490.64
7787,7088,377,1,9039.51
7788,7933,335,1,1115.92
7789,13822,307,5,4019.4
7790,14739,470,3,7905.83
7791,13535,123,5,4560.68
7792,8921,242,1,7663.19
7793,14867,495,5,6702.94
7794,10033,314,3,9504.99
7795,8881,58,4,7243.02
7796,10274,309,3,6463.56
7797,1266,334,2,7620.87
7798,10993,218,1,2942.56
7799,11708,178,3,9950.37
7800,6825,249,3,745.94
7801,9949,464,3,8934.52
7802,13276,36,1,5763.51
7803,4039,321,3,9739.1
7804,9102,436,4,6908.99
7805,11704,316,3,5796.51
7806,13465,121,5,4637.39
7807,1212,289,4,6753.34
7808,2386,473,2,4297.32
7809,10872,173,1,3149.12
7810,10835,71,2,1415.95
7811,7442,392,3,557.07
7812,12365,168,5,1657.22
7813,6102,98,1,4922.59
7814,770,206,1,2172.19
7815,1050,108,1,1734.18
7816,1020,138,5,9993.87
7817,12485,42,1,4497.14
7818,11620,351,3,5555.13
7819,1551,120,1,8117.66
7820,3747,263,2,2663.77
7821,4848,151,2,8809.81
7822,13641,369,5,8266.36
7823,8468,155,3,5690.41
7824,750,54,5,7895.72
7825,12360,385,2,9715.08
7826,11845,5,5,6386.27
7827,8486,286,2,8835.5
7828,4310,431,3,7429.75
7829,5684,344,4,4696.35
7830,12151,211,3,9357.68
7831,5292,302,1,256.64
7832,4232,374,3,9108.7
7833,7139,183,3,5880.7
7834,10563,445,2,4601.52
7835,14382,392,4,557.07
7836,5293,463,2,7898.4
7837,13379,499,4,3186.27
7838,2094,198,3,946.71
7839,5203,341,3,6881.86
7840,2705,287,4,200.71
7841,1309,229,3,1133.55
7842,11591,212,5,1848.43
7843,2906,117,2,3613.97
7844,1384,416,3,6564.11
7845,14508,19,4,5022.81
7846,14410,339,2,9584.08
7847,10528,461,3,798.26
7848,8915,118,2,8743.3
7849,14039,421,1,8508.99
7850,9027,343,1,3581.46
7851,3512,226,2,2025.32
7852,3634,480,2,5205.62
7853,3796,165,3,5790.97
7854,8617,186,4,7246.03
7855,10027,218,4,2942.56
7856,7615,476,1,7708.58
7857,10080,357,5,6115.84
7858,4495,187,2,7403.39
7859,8995,433,5,3027.9
7860,6019,308,3,3248.37
7861,4312,462,3,9857.56
7862,14088,26,3,482.02
7863,4523,462,3,9857.56
7864,3479,298,3,8878.51
7865,10755,411,5,1314.33
7866,14823,384,4,7551.73
7867,10969,309,3,6463.56
7868,4799,441,2,2052.86
7869,10981,416,1,6564.11
7870,908,178,4,9950.37
7871,8986,55,1,4706.61
7872,5994,90,1,7785.19
7873,1948,372,1,1234.45
7874,13013,372,3,1234.45
7875,8814,303,3,9299.69
7876,14989,140,2,621.76
7877,5554,33,2,968.15
7878,11138,263,5,2663.77
7879,5370,366,4,3897.58
7880,13597,214,2,8463.2
7881,5064,405,3,3026.74
7882,5700,345,2,7840.69
7883,296,62,1,2223.61
7884,5808,94,4,8180.15
7885,11314,275,1,8842.88
7886,8472,251,2,2903.35
7887,6114,318,4,1060.93
7888,6316,440,2,1392.66
7889,9029,49,5,7978.95
7890,5541,272,3,4556.48
7891,4624,262,5,6965.43
7892,5292,476,4,7708.58
7893,10961,396,2,8634.83
7894,12676,388,4,5482.96
7895,2109,493,3,5685.39
7896,500,395,3,5403.61
7897,7669,455,2,1899.28
7898,14132,43,5,3765.59
7899,14330,484,2,322.48
7900,4232,380,5,4507.23
7901,8399,347,4,5876.24
7902,13328,352,2,4584.87
7903,7861,354,3,7095.06
7904,9192,462,5,9857.56
7905,11136,343,5,3581.46
7906,12636,499,1,3186.27
7907,9205,449,2,7816.26
7908,14984,148,5,6826.23
7909,1992,26,3,482.02
7910,12023,232,1,3261.51
7911,1237,16,2,8266.92
7912,249,6,3,2683.41
7913,12604,318,2,1060.93
7914,10926,181,5,5638.45
7915,3045,287,5,200.71
7916,9894,368,3,1767.74
7917,10958,286,3,8835.5
7918,171,174,3,7399.81
7919,5346,450,1,6116.29
7920,6958,140,5,621.76
7921,4981,429,2,4716.21
7922,3996,90,1,7785.19
7923,2435,222,1,9786.82
7924,12000,162,3,9785.74
7925,1365,478,2,6425.58
7926,2021,78,1,3697.4
7927,11619,492,5,9608.88
7928,217,105,2,328.39
7929,179,238,5,8127.0
7930,6506,206,2,2172.19
7931,3138,75,3,8352.41
7932,5995,305,5,4723.38
7933,8383,366,4,3897.58
7934,8777,463,2,7898.4
7935,3910,459,1,1906.15
7936,14039,5,4,6386.27
7937,14464,415,2,2187.71
7938,2890,316,4,5796.51
7939,6207,145,5,6422.41
7940,10479,299,4,4929.48
7941,5664,169,1,1462.57
7942,8608,317,3,9246.11
7943,664,18,5,1342.37
7944,754,129,1,6571.12
7945,1631,50,2,9478.54
7946,6368,39,3,3738.32
7947,1393,206,1,2172.19
7948,14434,230,2,2678.09
7949,11704,409,2,5767.52
7950,8024,176,1,8922.31
7951,969,487,4,6550.82
7952,14824,177,4,1840.37
7953,3132,253,1,6781.48
7954,1683,288,3,6906.22
7955,10453,259,5,6946.2
7956,11720,336,4,7047.79
7957,446,149,1,938.71
7958,2034,160,3,451.76
7959,1607,320,4,7113.73
7960,10916,299,3,4929.48
7961,5221,192,4,8165.24
7962,6501,474,2,6301.48
7963,75,334,5,7620.87
7964,5737,105,4,328.39
7965,14313,114,3,3570.81
7966,10595,219,4,6055.1
7967,8843,243,3,3831.51
7968,12332,447,3,2000.99
7969,1555,481,5,4000.0
7970,2977,461,3,798.26
7971,8002,367,1,2146.49
7972,10150,55,1,4706.61
7973,13199,484,2,322.48
7974,7662,364,2,9723.49
7975,4722,348,5,3047.9
7976,11320,354,1,7095.06
7977,862,486,4,9524.97
7978,9235,166,3,5626.74
7979,767,37,4,5308.22
7980,11869,426,2,3257.04
7981,4076,436,4,6908.99
7982,13650,13,4,7258.78
7983,12921,489,1,3207.62
7984,307,204,5,5285.57
7985,9670,5,3,6386.27
7986,5412,56,5,7342.67
7987,10700,495,4,6702.94
7988,642,1,1,6315.21
7989,5328,239,4,1994.61
7990,2583,250,3,9260.34
7991,9045,227,3,5782.67
7992,6173,475,4,4830.58
7993,11708,41,4,6972.61
7994,998,140,5,621.76
7995,10409,113,2,9827.8
7996,13247,386,5,3146.12
7997,4985,90,1,7785.19
7998,6001,439,3,3081.57
7999,1622,206,1,2172.19
8000,13465,498,4,6884.43
8001,12479,405,3,3026.74
8002,654,392,3,557.07
8003,13220,447,3,2000.99
8004,937,457,3,9921.34
8005,10840,468,3,4653.8
8006,12398,372,4,1234.45
8007,2354,302,2,256.64
8008,7537,460,5,4289.39
8009,5701,304,4,466.87
8010,13786,65,4,7934.0
8011,6698,21,2,9286.01
8012,10376,68,4,4687.17
8013,5475,499,2,3186.27
8014,8387,431,2,7429.75
8015,11873,17,4,7305.81
8016,5123,312,3,7979.12
8017,10574,334,5,7620.87
8018,14920,335,4,1115.92
8019,13845,446,3,9142.99
8020,1502,487,4,6550.82
8021,14293,32,3,5922.14
8022,4118,124,3,8055.13
8023,13324,473,5,4297.32
8024,7380,326,2,8400.33
8025,13768,149,1,938.71
8026,1094,17,3,7305.81
8027,2994,71,4,1415.95
8028,2412,215,1,5828.57
8029,7767,231,2,1578.47
8030,2664,35,3,1741.5
8031,13676,408,2,8941.62
8032,9937,478,1,6425.58
8033,3494,472,3,8162.55
8034,6683,258,4,9737.13
8035,12316,452,4,7515.99
8036,9987,318,1,1060.93
8037,5778,271,2,9644.3
8038,6995,231,4,1578.47
8039,740,59,1,3468.76
8040,11069,251,1,2903.35
8041,6825,452,1,7515.99
8042,11172,59,1,3468.76
8043,7199,19,1,5022.81
8044,13633,489,1,3207.62
8045,5659,465,5,9276.0
8046,1865,175,2,8623.47
8047,4524,423,2,5539.86
8048,13437,417,5,1315.86
8049,7334,296,1,3030.48
8050,10706,24,4,8996.96
8051,6621,349,5,4111.82
8052,14083,462,2,9857.56
8053,2107,379,5,6490.64
8054,12282,229,2,1133.55
8055,11856,66,5,6722.57
8056,4163,499,5,3186.27
8057,12677,464,1,8934.52
8058,13722,466,1,2173.99
8059,2486,90,4,7785.19
8060,9603,61,2,1207.44
8061,2435,468,5,4653.8
8062,9750,304,1,466.87
8063,10107,360,1,8818.48
8064,6217,206,3,2172.19
8065,14115,79,3,9929.03
8066,326,314,4,9504.99
8067,11731,11,1,1837.72
8068,4279,447,3,2000.99
8069,9129,96,1,2678.45
8070,11031,144,4,1912.27
8071,9435,468,5,4653.8
8072,10667,458,1,1066.87
8073,12778,282,2,6977.05
8074,14030,478,2,6425.58
8075,5792,441,2,2052.86
8076,4482,47,3,6387.23
8077,186,400,3,8624.0
8078,2802,377,2,9039.51
8079,3569,433,5,3027.9
8080,1397,451,2,5360.01
8081,9546,299,3,4929.48
8082,4585,175,1,8623.47
8083,14977,492,2,9608.88
8084,6334,73,1,9210.64
8085,14571,264,1,9277.81
8086,13305,171,1,9757.17
8087,13919,344,1,4696.35
8088,2875,160,5,451.76
8089,13622,401,5,276.76
8090,1658,432,2,226.39
8091,1606,57,2,6056.87
8092,509,214,3,8463.2
8093,11975,398,4,4962.95
8094,9548,399,2,5584.71
8095,7147,377,2,9039.51
8096,4159,456,5,8200.2
8097,2758,251,3,2903.35
8098,2327,492,2,9608.88
8099,12738,271,3,9644.3
8100,12375,410,3,9139.34
8101,1613,85,1,2064.18
8102,8774,174,4,7399.81
8103,12748,83,3,9659.08
8104,12699,36,4,5763.51
8105,10429,183,1,5880.7
8106,5715,142,4,6545.75
8107,8045,437,3,3675.25
8108,8114,338,4,9668.48
8109,8037,177,5,1840.37
8110,4866,278,3,8996.64
8111,2848,422,2,9215.56
8112,12710,126,2,2937.97
8113,10033,150,5,5507.66
8114,10941,31,4,5680.54
8115,9699,73,2,9210.64
8116,14325,480,3,5205.62
8117,2375,218,2,2942.56
8118,11959,397,4,5628.09
8119,1239,482,4,6578.94
8120,12233,246,2,6536.29
8121,11473,228,4,604.91
8122,4480,163,1,1948.49
8123,2532,212,4,1848.43
8124,7642,155,3,5690.41
8125,14357,315,1,7046.48
8126,14617,160,2,451.76
8127,14030,80,5,7702.5
8128,3744,469,5,1716.73
8129,968,489,3,3207.62
8130,14645,423,5,5539.86
8131,246,78,5,3697.4
8132,6574,463,2,7898.4
8133,13295,376,3,258.42
8134,10115,452,3,7515.99
8135,4931,434,4,3167.56
8136,14875,429,3,4716.21
8137,8721,185,1,9608.72
8138,1802,114,1,3570.81
8139,14024,164,4,8667.88
8140,14147,400,4,8624.0
8141,12206,271,2,9644.3
8142,5292,355,3,8627.33
8143,12081,232,4,3261.51
8144,13479,192,1,8165.24
8145,6776,483,1,9066.19
8146,10320,317,2,9246.11
8147,807,55,1,4706.61
8148,7900,434,2,3167.56
8149,692,57,5,6056.87
8150,1906,176,5,8922.31
8151,5315,333,1,3312.61
8152,2455,459,2,1906.15
8153,5267,235,1,8300.53
8154,13213,108,1,1734.18
8155,3812,61,4,1207.44
8156,4990,162,1,9785.74
8157,5150,29,2,3941.11
8158,13403,43,2,3765.59
8159,6990,65,1,7934.0
8160,4692,143,5,5350.83
8161,6432,159,1,1801.45
8162,6652,463,5,7898.4
8163,4523,197,1,6070.18
8164,5173,368,2,1767.74
8165,5451,237,1,5827.48
8166,4776,353,1,3759.57
8167,13626,499,4,3186.27
8168,5720,477,4,9150.54
8169,14118,121,3,4637.39
8170,2390,268,3,5811.88
8171,11528,283,1,5067.19
8172,6666,268,3,5811.88
8173,9332,240,2,9176.21
8174,14889,96,5,2678.45
8175,1811,333,3,3312.61
8176,2199,39,4,3738.32
8177,45,139,5,8246.2
8178,13085,436,1,6908.99
8179,353,131,1,884.97
8180,12322,430,1,5913.18
8181,2112,22,5,1658.35
8182,13718,261,1,980.67
8183,7316,126,2,2937.97
8184,14683,34,4,4719.44
8185,11230,437,3,3675.25
8186,12949,21,1,9286.01
8187,5900,257,5,2683.93
8188,1438,479,5,9565.21
8189,1622,240,5,9176.21
8190,6900,122,4,8180.09
8191,8585,27,4,6600.12
8192,3225,494,4,3573.94
8193,5794,276,1,2146.27
8194,14131,326,1,8400.33
8195,13515,359,2,4809.77
8196,6385,287,4,200.71
8197,13581,128,1,1686.89
8198,11390,229,4,1133.55
8199,6614,324,4,2208.08
8200,5299,337,2,4035.25
8201,10369,368,3,1767.74
8202,3389,477,3,9150.54
8203,14487,458,3,1066.87
8204,4916,481,2,4000.0
8205,618,445,4,4601.52
8206,13690,342,2,6063.95
8207,6205,249,4,745.94
8208,9710,126,4,2937.97
8209,3885,232,3,3261.51
8210,7372,16,4,8266.92
8211,12614,20,3,5418.04
8212,14987,237,2,5827.48
8213,1827,89,5,2158.02
8214,8141,398,1,4962.95
8215,10305,481,4,4000.0
8216,11406,490,5,1232.7
8217,12270,23,5,1685.18
8218,2496,488,2,6635.81
8219,995,58,2,7243.02
8220,5369,157,2,7290.81
8221,9351,11,4,1837.72
8222,9767,128,5,1686.89
8223,9083,76,1,704.92
8224,12297,186,2,7246.03
8225,13578,69,1,8226.4
8226,6864,128,4,1686.89
8227,4578,460,2,4289.39
8228,14275,433,2,3027.9
8229,10438,135,2,5819.88
8230,831,207,1,4423.45
8231,15000,240,3,9176.21
8232,2439,134,5,5480.33
8233,749,430,4,5913.18
8234,12876,155,1,5690.41
8235,4678,298,5,8878.51
8236,2410,53,1,7460.59
8237,13053,214,4,8463.2
8238,5913,319,1,3953.51
8239,6120,453,2,4809.05
8240,2847,401,4,276.76
8241,13018,158,1,9478.85
8242,7081,358,5,3041.52
8243,14030,410,5,9139.34
8244,14536,400,3,8624.0
8245,12558,216,5,3464.18
8246,4469,156,2,7160.7
8247,13179,234,4,5838.32
8248,6380,94,5,8180.15
8249,14050,249,2,745.94
8250,14726,47,1,6387.23
8251,9734,194,2,1359.67
8252,7958,313,5,4182.64
8253,5840,86,4,4357.67
8254,1036,407,2,5006.35
8255,9466,114,5,3570.81
8256,9448,448,3,5383.01
8257,6508,286,3,8835.5
8258,1806,388,3,5482.96
8259,12606,84,1,8556.86
8260,13322,402,4,2303.92
8261,5283,342,1,6063.95
8262,7193,482,4,6578.94
8263,12388,245,1,8611.56
8264,5235,220,4,4181.4
8265,4279,253,2,6781.48
8266,5979,204,1,5285.57
8267,12199,434,5,3167.56
8268,10939,413,5,202.63
8269,12249,159,5,1801.45
8270,14000,428,1,1211.53
8271,11886,109,2,796.13
8272,7471,160,5,451.76
8273,2656,465,2,9276.0
8274,13600,488,2,6635.81
8275,5321,134,2,5480.33
8276,545,481,5,4000.0
8277,12232,100,1,9593.58
8278,1797,476,2,7708.58
8279,7357,364,5,9723.49
8280,6805,106,1,6259.39
8281,852,114,2,3570.81
8282,11429,219,4,6055.1
8283,9352,334,4,7620.87
8284,8082,262,5,6965.43
8285,2740,330,2,9882.58
8286,14424,347,2,5876.24
8287,14286,103,5,4032.63
8288,6622,420,4,968.02
8289,6587,149,2,938.71
8290,2180,176,5,8922.31
8291,5081,478,5,6425.58
8292,4659,331,4,1285.58
8293,10837,445,3,4601.52
8294,13024,413,2,202.63
8295,9872,78,1,3697.4
8296,5236,283,5,5067.19
8297,13933,42,1,4497.14
8298,14977,247,1,1511.4
8299,2926,434,2,3167.56
8300,13271,220,2,4181.4
8301,1267,405,3,3026.74
8302,7959,54,3,7895.72
8303,12191,24,5,8996.96
8304,7714,45,1,1218.3
8305,12862,355,4,8627.33
8306,87,406,2,5823.84
8307,13556,60,1,8583.96
8308,13431,82,1,6679.0
8309,3538,89,2,2158.02
8310,11488,23,2,1685.18
8311,12125,206,2,2172.19
8312,14498,127,1,5911.04
8313,6190,266,1,4135.03
8314,5645,300,2,1815.98
8315,1254,270,3,3515.69
8316,10427,460,1,4289.39
8317,10981,415,4,2187.71
8318,2172,178,3,9950.37
8319,4345,450,1,6116.29
8320,2219,377,4,9039.51
8321,2901,210,1,4078.3
8322,12612,348,3,3047.9
8323,11701,419,1,2984.31
8324,4631,23,4,1685.18
8325,9819,422,4,9215.56
8326,1678,160,5,451.76
8327,14304,436,5,6908.99
8328,12814,385,3,9715.08
8329,8315,418,1,4286.55
8330,12842,386,5,3146.12
8331,10481,442,1,722.71
8332,5191,19,4,5022.81
8333,6511,484,2,322.48
8334,7048,308,4,3248.37
8335,977,39,5,3738.32
8336,11606,65,1,7934.0
8337,4964,149,4,938.71
8338,10762,270,2,3515.69
8339,5358,124,4,8055.13
8340,3999,116,3,2672.92
8341,9260,182,2,576.46
8342,11562,480,4,5205.62
8343,238,378,1,3236.96
8344,351,211,5,9357.68
8345,10854,349,5,4111.82
8346,12635,441,3,2052.86
8347,10254,230,3,2678.09
8348,4878,336,1,7047.79
8349,7525,45,1,1218.3
8350,5298,471,2,3581.14
8351,784,147,1,8276.67
8352,12677,171,3,9757.17
8353,8549,85,3,2064.18
8354,9610,229,1,1133.55
8355,6885,247,3,1511.4
8356,9512,128,3,1686.89
8357,6903,217,4,9900.58
8358,8414,393,3,9148.93
8359,6477,159,3,1801.45
8360,11802,341,5,6881.86
8361,6358,8,5,6565.53
8362,10404,320,5,7113.73
8363,12685,118,4,8743.3
8364,6267,343,3,3581.46
8365,5888,249,4,745.94
8366,7212,472,3,8162.55
8367,6691,458,2,1066.87
8368,8606,33,5,968.15
8369,13314,198,3,946.71
8370,2064,104,4,4430.26
8371,12391,401,4,276.76
8372,3205,185,2,9608.72
8373,3108,482,5,6578.94
8374,7868,200,1,2884.6
8375,5169,487,2,6550.82
8376,5216,24,3,8996.96
8377,7221,282,4,6977.05
8378,3321,245,3,8611.56
8379,9370,158,2,9478.85
8380,8457,70,3,8962.34
8381,10424,359,2,4809.77
8382,14986,158,4,9478.85
8383,1569,28,3,966.94
8384,7237,279,4,5378.36
8385,763,381,4,3904.17
8386,818,263,3,2663.77
8387,13293,95,5,3387.4
8388,9472,101,5,6090.24
8389,7580,356,2,2763.96
8390,2092,152,2,9565.43
8391,14425,99,3,7770.51
8392,1254,14,3,7643.58
8393,2924,366,4,3897.58
8394,5245,362,4,9726.31
8395,14322,41,2,6972.61
8396,13636,397,4,5628.09
8397,2072,344,4,4696.35
8398,4810,119,4,3230.43
8399,8069,299,2,4929.48
8400,889,387,3,7256.07
8401,9092,159,3,1801.45
8402,2274,60,1,8583.96
8403,8063,5,4,6386.27
8404,1116,101,5,6090.24
8405,4856,334,2,7620.87
8406,14268,333,3,3312.61
8407,8837,276,1,2146.27
8408,4548,352,3,4584.87
8409,10430,500,3,9839.38
8410,3228,229,3,1133.55
8411,6604,244,4,1081.56
8412,1248,430,5,5913.18
8413,14997,431,4,7429.75
8414,1117,157,4,7290.81
8415,14729,38,1,4667.15
8416,6244,149,1,938.71
8417,9401,110,5,1178.02
8418,1231,194,4,1359.67
8419,11845,5,4,6386.27
8420,221,179,1,748.02
8421,8364,456,1,8200.2
8422,12950,490,2,1232.7
8423,5839,400,1,8624.0
8424,8280,345,1,7840.69
8425,1740,87,1,2322.38
8426,14600,220,5,4181.4
8427,10452,229,5,1133.55
8428,9130,456,1,8200.2
8429,5170,398,1,4962.95
8430,9887,120,3,8117.66
8431,1354,18,4,1342.37
8432,2464,450,3,6116.29
8433,12942,372,3,1234.45
8434,1979,280,4,7595.69
8435,6958,58,4,7243.02
8436,11099,352,3,4584.87
8437,1856,54,3,7895.72
8438,6943,312,1,7979.12
8439,1744,472,5,8162.55
8440,5107,400,4,8624.0
8441,1401,499,3,3186.27
8442,9675,88,4,8219.74
8443,13351,467,3,2506.92
8444,8910,434,2,3167.56
8445,8968,485,1,8787.67
8446,10259,65,2,7934.0
8447,637,212,4,1848.43
8448,9424,74,4,199.13
8449,9356,195,4,3311.18
8450,9972,250,5,9260.34
8451,7423,268,2,5811.88
8452,4770,424,2,9131.51
8453,7250,252,1,4660.57
8454,2941,343,3,3581.46
8455,13781,318,1,1060.93
8456,8786,488,5,6635.81
8457,14440,433,3,3027.9
8458,5960,121,5,4637.39
8459,6851,403,2,4023.58
8460,8875,131,3,884.97
8461,54,243,1,3831.51
8462,7762,284,5,9324.98
8463,8151,252,5,4660.57
8464,1238,234,5,5838.32
8465,5430,68,1,4687.17
8466,1390,156,2,7160.7
8467,266,68,4,4687.17
8468,1024,359,1,4809.77
8469,3259,170,1,2257.83
8470,9664,476,1,7708.58
8471,1286,402,3,2303.92
8472,958,111,1,5010.75
8473,12310,420,5,968.02
8474,2605,397,5,5628.09
8475,12887,68,3,4687.17
8476,7144,367,4,2146.49
8477,9467,439,1,3081.57
8478,13373,16,5,8266.92
8479,14014,325,1,4799.01
8480,246,19,4,5022.81
8481,5458,29,1,3941.11
8482,3572,377,2,9039.51
8483,4137,482,5,6578.94
8484,11264,414,3,8456.47
8485,1375,18,2,1342.37
8486,6557,67,4,9629.35
8487,5199,430,5,5913.18
8488,3595,287,3,200.71
8489,8765,435,5,9744.01
8490,12950,286,5,8835.5
8491,14547,371,3,2310.72
8492,12886,384,5,7551.73
8493,2020,317,2,9246.11
8494,3124,36,3,5763.51
8495,5496,493,3,5685.39
8496,4407,297,1,6822.62
8497,4134,319,5,3953.51
8498,10762,433,1,3027.9
8499,6363,399,1,5584.71
8500,744,420,1,968.02
8501,10506,296,2,3030.48
8502,9300,155,5,5690.41
8503,2034,342,3,6063.95
8504,1790,331,4,1285.58
8505,4191,457,2,9921.34
8506,13049,197,4,6070.18
8507,1960,75,1,8352.41
8508,4821,109,2,796.13
8509,6664,208,5,8638.99
8510,3629,223,3,6357.32
8511,12096,24,5,8996.96
8512,11969,176,2,8922.31
8513,446,42,2,4497.14
8514,11216,460,2,4289.39
8515,5929,286,5,8835.5
8516,384,419,4,2984.31
8517,9948,267,2,9197.24
8518,13081,60,1,8583.96
8519,2174,230,5,2678.09
8520,2170,87,2,2322.38
8521,1371,482,5,6578.94
8522,9887,428,5,1211.53
8523,11053,423,4,5539.86
8524,1723,184,3,3270.76
8525,14908,328,3,8910.25
8526,6942,128,2,1686.89
8527,6610,415,4,2187.71
8528,5383,26,5,482.02
8529,14956,60,5,8583.96
8530,11491,373,3,5173.76
8531,2429,355,1,8627.33
8532,5325,75,5,8352.41
8533,2840,462,3,9857.56
8534,11131,293,4,8242.9
8535,11651,170,3,2257.83
8536,3258,23,5,1685.18
8537,4609,257,5,2683.93
8538,9365,255,3,8283.02
8539,9053,452,2,7515.99
8540,13365,200,2,2884.6
8541,5338,482,4,6578.94
8542,11662,245,4,8611.56
8543,6020,183,3,5880.7
8544,14304,495,5,6702.94
8545,5631,71,2,1415.95
8546,9105,7,4,6834.18
8547,2865,124,2,8055.13
8548,3657,207,4,4423.45
8549,13431,362,1,9726.31
8550,13665,426,2,3257.04
8551,2334,115,3,8618.7
8552,1177,338,5,9668.48
8553,3286,20,2,5418.04
8554,9246,291,2,5087.5
8555,1984,344,2,4696.35
8556,11688,389,3,3380.61
8557,1883,48,4,1838.87
8558,5559,241,2,9266.89
8559,2490,235,4,8300.53
8560,11764,166,5,5626.74
8561,8538,88,4,8219.74
8562,7994,44,2,3917.55
8563,1487,3,5,6914.47
8564,6418,318,4,1060.93
8565,14064,68,5,4687.17
8566,12804,399,1,5584.71
8567,13150,337,2,4035.25
8568,6457,415,5,2187.71
8569,489,42,2,4497.14
8570,10242,189,1,8899.99
8571,14222,161,1,8407.44
8572,14091,175,4,8623.47
8573,8931,403,5,4023.58
8574,10804,307,5,4019.4
8575,7174,223,3,6357.32
8576,12391,4,2,1038.64
8577,4440,345,3,7840.69
8578,10265,412,3,6068.19
8579,2816,196,1,3830.25
8580,8059,156,5,7160.7
8581,8070,249,3,745.94
8582,4575,296,1,3030.48
8583,8011,446,4,9142.99
8584,1542,113,4,9827.8
8585,400,194,2,1359.67
8586,3158,189,2,8899.99
8587,8780,185,3,9608.72
8588,9898,256,4,8632.64
8589,12638,152,1,9565.43
8590,4256,188,5,5330.51
8591,14715,228,3,604.91
8592,12260,55,1,4706.61
8593,2180,53,2,7460.59
8594,13002,331,1,1285.58
8595,14152,137,1,2848.21
8596,14057,415,1,2187.71
8597,4075,459,5,1906.15
8598,7130,245,5,8611.56
8599,13392,51,2,8177.56
8600,597,33,3,968.15
8601,12928,321,1,9739.1
8602,6236,448,5,5383.01
8603,6140,495,2,6702.94
8604,32,132,4,426.52
8605,1880,326,1,8400.33
8606,2202,336,1,7047.79
8607,1089,227,1,5782.67
8608,1131,446,2,9142.99
8609,11303,194,4,1359.67
8610,9757,347,2,5876.24
8611,4200,412,5,6068.19
8612,6353,356,3,2763.96
8613,6600,238,5,8127.0
8614,5125,387,3,7256.07
8615,1634,66,4,6722.57
8616,1481,303,4,9299.69
8617,12502,164,2,8667.88
8618,9138,122,5,8180.09
8619,2292,112,4,8874.43
8620,4051,54,4,7895.72
8621,14952,206,4,2172.19
8622,6217,459,5,1906.15
8623,13900,492,3,9608.88
8624,7294,277,2,2568.61
8625,4267,460,2,4289.39
8626,3506,455,3,1899.28
8627,10189,218,2,2942.56
8628,11973,324,3,2208.08
8629,8275,56,4,7342.67
8630,3121,295,1,8795.72
8631,11391,500,1,9839.38
8632,4434,84,2,8556.86
8633,11647,3,1,6914.47
8634,2732,301,2,9862.65
8635,8307,96,5,2678.45
8636,9959,226,4,2025.32
8637,9981,308,5,3248.37
8638,8895,63,5,5383.93
8639,5882,422,1,9215.56
8640,3427,459,4,1906.15
8641,11215,212,2,1848.43
8642,14012,420,4,968.02
8643,12186,252,5,4660.57
8644,6403,197,3,6070.18
8645,14439,252,3,4660.57
8646,1892,10,3,395.33
8647,2540,480,4,5205.62
8648,5945,418,4,4286.55
8649,1497,294,4,1759.3
8650,1167,52,1,8643.0
8651,13313,89,5,2158.02
8652,2921,499,3,3186.27
8653,11473,387,4,7256.07
8654,637,70,2,8962.34
8655,14657,494,1,3573.94
8656,11591,224,4,3104.98
8657,13622,471,5,3581.14
8658,2401,67,3,9629.35
8659,11962,30,1,7899.0
8660,11880,356,3,2763.96
8661,12973,350,5,2158.61
8662,13982,112,5,8874.43
8663,3177,451,3,5360.01
8664,7970,68,5,4687.17
8665,6673,359,5,4809.77
8666,1391,440,5,1392.66
8667,289,72,5,879.52
8668,11652,50,2,9478.54
8669,326,60,1,8583.96
8670,358,288,3,6906.22
8671,14287,89,5,2158.02
8672,9039,389,1,3380.61
8673,5311,341,2,6881.86
8674,6142,23,5,1685.18
8675,4569,320,2,7113.73
8676,731,160,1,451.76
8677,14698,362,4,9726.31
8678,9820,260,1,4925.88
8679,11488,141,2,1098.86
8680,97,322,3,6758.75
8681,619,156,5,7160.7
8682,4541,334,1,7620.87
8683,95,190,3,1021.97
8684,11384,98,1,4922.59
8685,13189,34,2,4719.44
8686,5136,395,2,5403.61
8687,4347,125,2,2911.91
8688,2827,459,5,1906.15
8689,8469,385,3,9715.08
8690,166,122,5,8180.09
8691,865,426,1,3257.04
8692,249,202,5,9011.14
8693,5382,422,2,9215.56
8694,7212,333,1,3312.61
8695,6268,79,1,9929.03
8696,13779,57,4,6056.87
8697,1151,50,1,9478.54
8698,13899,127,1,5911.04
8699,1210,351,5,5555.13
8700,1996,155,5,5690.41
8701,9754,266,5,4135.03
8702,6737,366,5,3897.58
8703,5145,308,5,3248.37
8704,13923,184,4,3270.76
8705,3872,4,3,1038.64
8706,6844,155,2,5690.41
8707,10989,190,3,1021.97
8708,13088,288,3,6906.22
8709,10669,267,2,9197.24
8710,11378,151,1,8809.81
8711,4410,180,4,7937.75
8712,12500,149,2,938.71
8713,4645,335,2,1115.92
8714,1109,328,4,8910.25
8715,9092,270,4,3515.69
8716,13350,129,1,6571.12
8717,5805,36,2,5763.51
8718,5902,306,4,9402.04
8719,14182,135,4,5819.88
8720,5530,364,2,9723.49
8721,13892,422,3,9215.56
8722,10150,95,3,3387.4
8723,4618,110,2,1178.02
8724,89,346,3,5073.33
8725,486,85,2,2064.18
8726,13294,332,2,2539.39
8727,1018,323,5,1809.66
8728,1852,173,3,3149.12
8729,12459,124,4,8055.13
8730,14672,313,2,4182.64
8731,452,179,5,748.02
8732,5048,335,1,1115.92
8733,12990,36,3,5763.51
8734,13165,315,1,7046.48
8735,2609,375,5,6848.53
8736,2525,398,5,4962.95
8737,1862,50,5,9478.54
8738,13902,1,3,6315.21
8739,13397,405,5,3026.74
8740,10222,362,5,9726.31
8741,4199,253,1,6781.48
8742,8102,382,4,2606.69
8743,8568,353,4,3759.57
8744,5092,36,2,5763.51
8745,10265,290,2,1424.2
8746,10332,338,2,9668.48
8747,13743,450,3,6116.29
8748,3258,135,5,5819.88
8749,5186,176,2,8922.31
8750,3656,187,2,7403.39
8751,6055,306,5,9402.04
8752,11432,232,3,3261.51
8753,12542,228,1,604.91
8754,5453,270,2,3515.69
8755,13346,82,4,6679.0
8756,14965,405,2,3026.74
8757,9628,258,4,9737.13
8758,11349,189,2,8899.99
8759,12808,498,2,6884.43
8760,9400,228,4,604.91
8761,11376,413,3,202.63
8762,357,416,2,6564.11
8763,8497,187,1,7403.39
8764,3363,216,5,3464.18
8765,7444,434,4,3167.56
8766,7254,165,5,5790.97
8767,8064,303,5,9299.69
8768,13248,43,4,3765.59
8769,11888,47,1,6387.23
8770,4212,354,4,7095.06
8771,5727,206,3,2172.19
8772,297,73,3,9210.64
8773,5944,209,3,9837.59
8774,13977,497,4,4248.99
8775,188,284,3,9324.98
8776,2532,130,1,2180.26
8777,1483,465,2,9276.0
8778,8214,55,4,4706.61
8779,4250,360,5,8818.48
8780,13364,416,1,6564.11
8781,143,210,4,4078.3
8782,2891,401,1,276.76
8783,3257,262,3,6965.43
8784,4903,259,1,6946.2
8785,344,177,1,1840.37
8786,2023,151,1,8809.81
8787,3940,144,1,1912.27
8788,8109,353,5,3759.57
8789,14099,5,2,6386.27
8790,2440,347,3,5876.24
8791,11929,385,1,9715.08
8792,11740,30,5,7899.0
8793,11912,146,1,4918.85
8794,6792,153,3,8748.36
8795,14910,396,2,8634.83
8796,4707,180,5,7937.75
8797,6262,163,1,1948.49
8798,1276,116,3,2672.92
8799,8085,341,4,6881.86
8800,3892,357,4,6115.84
8801,13127,489,2,3207.62
8802,4973,422,4,9215.56
8803,14348,273,1,6942.27
8804,8602,8,1,6565.53
8805,12390,267,2,9197.24
8806,12621,483,4,9066.19
8807,4257,328,3,8910.25
8808,13483,319,4,3953.51
8809,881,424,2,9131.51
8810,767,303,3,9299.69
8811,13663,485,5,8787.67
8812,10569,204,4,5285.57
8813,14178,419,1,2984.31
8814,7992,182,2,576.46
8815,3018,276,4,2146.27
8816,3254,292,4,6604.75
8817,12645,238,2,8127.0
8818,1309,3,3,6914.47
8819,13622,436,1,6908.99
8820,14157,30,4,7899.0
8821,10392,264,2,9277.81
8822,7324,360,3,8818.48
8823,615,112,3,8874.43
8824,2653,123,4,4560.68
8825,12223,137,2,2848.21
8826,1421,390,1,1940.5
8827,12812,47,2,6387.23
8828,4388,248,2,5592.3
8829,13476,472,5,8162.55
8830,8378,350,5,2158.61
8831,10645,277,3,2568.61
8832,11974,10,2,395.33
8833,7935,70,2,8962.34
8834,6028,82,5,6679.0
8835,6699,460,5,4289.39
8836,5388,41,2,6972.61
8837,13815,420,4,968.02
8838,14759,312,1,7979.12
8839,11644,112,1,8874.43
8840,5680,482,5,6578.94
8841,14098,409,5,5767.52
8842,4819,187,1,7403.39
8843,4813,228,4,604.91
8844,4348,479,4,9565.21
8845,1412,222,2,9786.82
8846,13174,148,3,6826.23
8847,9113,46,1,8792.03
8848,4744,262,4,6965.43
8849,4249,362,2,9726.31
8850,1279,428,3,1211.53
8851,4265,27,4,6600.12
8852,3981,269,3,1141.26
8853,14419,254,3,8610.26
8854,2056,409,4,5767.52
8855,13597,119,1,3230.43
8856,8449,372,2,1234.45
8857,52,124,1,8055.13
8858,14395,210,1,4078.3
8859,2390,296,4,3030.48
8860,7934,282,1,6977.05
8861,5330,466,4,2173.99
8862,13804,299,2,4929.48
8863,5509,337,3,4035.25
8864,1549,377,3,9039.51
8865,9057,84,3,8556.86
8866,9871,142,5,6545.75
8867,727,294,1,1759.3
8868,8993,451,1,5360.01
8869,5126,467,4,2506.92
8870,4118,114,5,3570.81
8871,14985,392,3,557.07
8872,900,239,4,1994.61
8873,2821,412,4,6068.19
8874,12716,165,3,5790.97
8875,11476,361,5,5463.67
8876,367,462,3,9857.56
8877,3522,130,3,2180.26
8878,9037,300,5,1815.98
8879,1562,207,2,4423.45
8880,2843,463,2,7898.4
8881,6007,346,2,5073.33
8882,2044,60,2,8583.96
8883,1206,446,1,9142.99
8884,6926,122,3,8180.09
8885,1214,72,1,879.52
8886,13320,155,4,5690.41
8887,7218,356,2,2763.96
8888,4962,337,3,4035.25
8889,521,80,4,7702.5
8890,9042,364,3,9723.49
8891,3866,281,2,2968.82
8892,3125,300,3,1815.98
8893,12999,417,5,1315.86
8894,7323,454,5,3126.41
8895,8608,365,1,1850.05
8896,10439,413,4,202.63
8897,11817,308,2,3248.37
8898,13378,345,3,7840.69
8899,8685,412,4,6068.19
8900,11652,166,2,5626.74
8901,13122,82,2,6679.0
8902,8457,434,1,3167.56
8903,5600,302,1,256.64
8904,1073,321,4,9739.1
8905,10202,388,4,5482.96
8906,6275,392,3,557.07
8907,6081,162,4,9785.74
8908,3412,309,2,6463.56
8909,1566,350,3,2158.61
8910,10282,103,3,4032.63
8911,3980,230,1,2678.09
8912,9611,127,3,5911.04
8913,3676,115,1,8618.7
8914,2473,106,4,6259.39
8915,8838,269,2,1141.26
8916,5255,205,2,4022.8
8917,4817,364,4,9723.49
8918,8267,488,1,6635.81
8919,85,286,3,8835.5
8920,3975,401,5,276.76
8921,4608,331,4,1285.58
8922,3495,5,3,6386.27
8923,12210,449,3,7816.26
8924,10101,298,3,8878.51
8925,9131,329,4,1250.04
8926,3016,30,4,7899.0
8927,3473,373,1,5173.76
8928,10241,470,4,7905.83
8929,12164,358,2,3041.52
8930,3510,349,4,4111.82
8931,12010,265,1,6606.49
8932,8087,400,2,8624.0
8933,11063,220,2,4181.4
8934,7560,428,5,1211.53
8935,14356,146,2,4918.85
8936,14975,471,5,3581.14
8937,1786,364,1,9723.49
8938,11004,289,3,6753.34
8939,10341,497,4,4248.99
8940,5730,88,1,8219.74
8941,2840,31,4,5680.54
8942,1607,221,2,3345.21
8943,5135,77,1,7226.24
8944,4013,70,5,8962.34
8945,1435,69,4,8226.4
8946,5088,82,5,6679.0
8947,11392,64,4,3923.84
8948,7246,245,3,8611.56
8949,8091,338,5,9668.48
8950,5390,435,5,9744.01
8951,10071,140,3,621.76
8952,12027,397,5,5628.09
8953,7196,172,5,8002.21
8954,8536,20,4,5418.04
8955,10090,464,5,8934.52
8956,2678,55,5,4706.61
8957,14691,21,2,9286.01
8958,8571,380,3,4507.23
8959,9899,325,5,4799.01
8960,2876,263,3,2663.77
8961,14060,324,3,2208.08
8962,14906,298,3,8878.51
8963,4041,286,3,8835.5
8964,13799,158,4,9478.85
8965,14997,190,1,1021.97
8966,4605,91,5,7135.75
8967,6912,121,4,4637.39
8968,98,435,5,9744.01
8969,7213,298,4,8878.51
8970,35,27,5,6600.12
8971,1368,207,3,4423.45
8972,7723,455,2,1899.28
8973,14079,103,2,4032.63
8974,5003,455,2,1899.28
8975,10424,431,3,7429.75
8976,4700,404,2,3218.34
8977,13900,497,4,4248.99
8978,2189,33,2,968.15
8979,4902,425,4,3696.53
8980,10012,316,3,5796.51
8981,8854,81,5,3619.81
8982,13249,22,5,1658.35
8983,6515,334,2,7620.87
8984,14300,95,3,3387.4
8985,11097,473,5,4297.32
8986,11035,83,4,9659.08
8987,11037,366,5,3897.58
8988,5522,290,5,1424.2
8989,12690,402,2,2303.92
8990,4820,15,3,3870.03
8991,6447,483,5,9066.19
8992,5507,463,4,7898.4
8993,8448,55,4,4706.61
8994,8165,480,2,5205.62
8995,4537,108,3,1734.18
8996,14424,379,4,6490.64
8997,5935,127,1,5911.04
8998,11403,433,1,3027.9
8999,7680,489,5,3207.62
9000,13979,198,4,946.71
9001,14698,412,5,6068.19
9002,8694,76,4,704.92
9003,12938,373,5,5173.76
9004,7037,216,2,3464.18
9005,1051,496,5,2786.49
9006,5300,313,2,4182.64
9007,6079,88,5,8219.74
9008,14132,159,4,1801.45
9009,12918,193,4,1281.1
9010,7413,286,3,8835.5
9011,2279,286,3,8835.5
9012,1922,447,5,2000.99
9013,4531,145,2,6422.41
9014,7856,376,1,258.42
9015,6309,347,5,5876.24
9016,11571,431,4,7429.75
9017,13593,499,2,3186.27
9018,14430,256,5,8632.64
9019,14781,193,5,1281.1
9020,6938,366,1,3897.58
9021,14851,434,5,3167.56
9022,11800,44,5,3917.55
9023,9228,399,4,5584.71
9024,1470,385,1,9715.08
9025,1441,210,2,4078.3
9026,7209,161,3,8407.44
9027,6678,318,1,1060.93
9028,2409,285,1,3933.55
9029,7620,114,2,3570.81
9030,7754,470,2,7905.83
9031,257,97,4,509.52
9032,9506,466,1,2173.99
9033,3905,294,2,1759.3
9034,11219,102,3,9476.14
9035,3469,199,3,8014.84
9036,5983,280,4,7595.69
9037,6798,381,3,3904.17
9038,11293,215,5,5828.57
9039,8667,267,3,9197.24
9040,7115,62,2,2223.61
9041,2285,346,2,5073.33
9042,3766,257,5,2683.93
9043,12582,294,2,1759.3
9044,12639,123,3,4560.68
9045,14530,27,5,6600.12
9046,6517,436,2,6908.99
9047,12212,461,4,798.26
9048,10530,351,2,5555.13
9049,9138,181,4,5638.45
9050,7637,411,5,1314.33
9051,12255,218,1,2942.56
9052,3384,132,1,426.52
9053,13812,385,5,9715.08
9054,12498,395,2,5403.61
9055,355,53,5,7460.59
9056,2422,67,1,9629.35
9057,12637,133,4,418.13
9058,9505,53,4,7460.59
9059,2752,400,2,8624.0
9060,4893,416,5,6564.11
9061,11705,450,1,6116.29
9062,7722,143,2,5350.83
9063,8870,315,4,7046.48
9064,8002,380,3,4507.23
9065,942,336,4,7047.79
9066,11770,19,3,5022.81
9067,5211,103,3,4032.63
9068,10359,90,1,7785.19
9069,4160,460,2,4289.39
9070,5564,11,1,1837.72
9071,4338,413,2,202.63
9072,14195,168,4,1657.22
9073,7636,22,3,1658.35
9074,7485,444,5,7201.79
9075,14060,64,5,3923.84
9076,5554,241,3,9266.89
9077,9491,65,4,7934.0
9078,8603,48,5,1838.87
9079,7751,342,2,6063.95
9080,3447,335,1,1115.92
9081,5955,157,5,7290.81
9082,6863,85,5,2064.18
9083,8708,25,3,7621.45
9084,3148,76,2,704.92
9085,9206,431,4,7429.75
9086,3923,65,2,7934.0
9087,4902,245,4,8611.56
9088,4873,182,1,576.46
9089,12289,280,4,7595.69
9090,5408,417,3,1315.86
9091,6017,468,2,4653.8
9092,13004,34,2,4719.44
9093,2334,67,4,9629.35
9094,12961,176,3,8922.31
9095,4823,234,4,5838.32
9096,3586,245,2,8611.56
9097,4596,169,3,1462.57
9098,10487,396,1,8634.83
9099,4221,471,2,3581.14
9100,10184,330,4,9882.58
9101,6342,373,3,5173.76
9102,2461,122,2,8180.09
9103,2946,371,4,2310.72
9104,11988,368,1,1767.74
9105,13247,186,5,7246.03
9106,6862,367,4,2146.49
9107,13579,497,4,4248.99
9108,2831,333,3,3312.61
9109,7409,96,4,2678.45
9110,8533,325,1,4799.01
9111,11239,388,1,5482.96
9112,13327,201,4,7769.45
9113,1364,389,2,3380.61
9114,3970,229,3,1133.55
9115,6562,223,4,6357.32
9116,3507,493,4,5685.39
9117,6824,7,4,6834.18
9118,8099,271,1,9644.3
9119,7959,416,4,6564.11
9120,12246,300,5,1815.98
9121,820,204,1,5285.57
9122,13968,109,5,796.13
9123,12627,110,5,1178.02
9124,4635,151,1,8809.81
9125,10851,499,4,3186.27
9126,6488,427,4,3259.85
9127,5719,135,5,5819.88
9128,917,336,3,7047.79
9129,9242,408,2,8941.62
9130,1203,303,2,9299.69
9131,13142,189,5,8899.99
9132,11030,489,4,3207.62
9133,12162,11,2,1837.72
9134,3091,254,3,8610.26
9135,1789,194,1,1359.67
9136,5111,37,4,5308.22
9137,2753,301,3,9862.65
9138,12710,105,3,328.39
9139,2120,112,3,8874.43
9140,14478,110,3,1178.02
9141,14879,256,5,8632.64
9142,6503,137,2,2848.21
9143,390,426,4,3257.04
9144,11449,278,4,8996.64
9145,5022,368,3,1767.74
9146,11825,33,1,968.15
9147,12625,121,3,4637.39
9148,694,147,3,8276.67
9149,6298,325,1,4799.01
9150,2060,216,5,3464.18
9151,5213,162,1,9785.74
9152,4807,173,1,3149.12
9153,2259,162,5,9785.74
9154,5863,160,1,451.76
9155,6447,370,4,8466.61
9156,10728,264,5,9277.81
9157,9925,186,2,7246.03
9158,8428,299,4,4929.48
9159,2327,441,4,2052.86
9160,9708,414,4,8456.47
9161,297,302,5,256.64
9162,13957,433,2,3027.9
9163,7249,74,3,199.13
9164,1102,23,5,1685.18
9165,12967,340,5,3757.64
9166,1117,414,5,8456.47
9167,12697,54,1,7895.72
9168,12243,331,3,1285.58
9169,10529,408,5,8941.62
9170,13364,123,2,4560.68
9171,7235,128,4,1686.89
9172,13944,276,5,2146.27
9173,14716,440,5,1392.66
9174,7319,7,1,6834.18
9175,10518,136,3,5846.66
9176,972,494,4,3573.94
9177,11470,373,2,5173.76
9178,9981,266,2,4135.03
9179,9592,427,1,3259.85
9180,1931,221,1,3345.21
9181,12881,469,4,1716.73
9182,1816,425,2,3696.53
9183,2792,166,2,5626.74
9184,6403,326,5,8400.33
9185,4826,181,3,5638.45
9186,4452,117,3,3613.97
9187,5061,492,2,9608.88
9188,5263,2,2,732.43
9189,3717,68,2,4687.17
9190,14463,210,4,4078.3
9191,3757,138,5,9993.87
9192,6332,325,3,4799.01
9193,4038,266,2,4135.03
9194,7138,182,1,576.46
9195,8627,147,4,8276.67
9196,3876,41,2,6972.61
9197,13453,63,4,5383.93
9198,10104,319,2,3953.51
9199,4932,193,2,1281.1
9200,293,499,5,3186.27
9201,6373,51,2,8177.56
9202,7239,432,4,226.39
9203,2239,125,5,2911.91
9204,4415,200,3,2884.6
9205,685,189,5,8899.99
9206,9048,380,5,4507.23
9207,14011,261,2,980.67
9208,7757,323,2,1809.66
9209,460,185,4,9608.72
9210,1783,489,5,3207.62
9211,11305,220,5,4181.4
9212,9190,369,1,8266.36
9213,1822,60,1,8583.96
9214,6165,499,1,3186.27
9215,780,21,3,9286.01
9216,6825,26,4,482.02
9217,706,486,3,9524.97
9218,7127,308,4,3248.37
9219,13607,204,3,5285.57
9220,4526,236,4,8664.5
9221,2371,52,3,8643.0
9222,2711,29,2,3941.11
9223,8154,229,5,1133.55
9224,2219,134,5,5480.33
9225,8717,391,4,245.15
9226,1261,167,1,4172.77
9227,13210,234,2,5838.32
9228,1216,387,4,7256.07
9229,66,81,1,3619.81
9230,2195,178,4,9950.37
9231,4722,382,2,2606.69
9232,9599,323,2,1809.66
9233,1421,281,5,2968.82
9234,3331,2,5,732.43
9235,3707,284,2,9324.98
9236,5597,196,2,3830.25
9237,1247,437,2,3675.25
9238,14642,190,4,1021.97
9239,5862,162,2,9785.74
9240,14540,146,5,4918.85
9241,4131,350,5,2158.61
9242,10922,119,1,3230.43
9243,11311,276,4,2146.27
9244,3728,150,2,5507.66
9245,11174,162,4,9785.74
9246,9099,301,3,9862.65
9247,3343,111,2,5010.75
9248,5688,346,4,5073.33
9249,2593,115,4,8618.7
9250,7954,432,2,226.39
9251,8564,303,5,9299.69
9252,1223,296,2,3030.48
9253,32,385,2,9715.08
9254,4272,82,1,6679.0
9255,9016,415,3,2187.71
9256,108,447,2,2000.99
9257,12580,144,5,1912.27
9258,8613,368,5,1767.74
9259,9281,262,5,6965.43
9260,4187,447,1,2000.99
9261,12502,152,2,9565.43
9262,5659,499,2,3186.27
9263,13281,364,2,9723.49
9264,3948,449,4,7816.26
9265,2381,480,5,5205.62
9266,1250,338,3,9668.48
9267,12836,114,3,3570.81
9268,7448,162,1,9785.74
9269,1576,330,5,9882.58
9270,9898,26,2,482.02
9271,13969,281,1,2968.82
9272,1896,200,3,2884.6
9273,5774,196,1,3830.25
9274,4007,204,3,5285.57
9275,3489,305,1,4723.38
9276,2099,169,2,1462.57
9277,7003,354,1,7095.06
9278,9553,9,4,9075.61
9279,12666,282,4,6977.05
9280,8529,88,3,8219.74
9281,14041,456,3,8200.2
9282,12481,179,2,748.02
9283,8709,461,3,798.26
9284,3620,304,2,466.87
9285,932,94,2,8180.15
9286,6594,17,2,7305.81
9287,4782,391,2,245.15
9288,11795,77,3,7226.24
9289,671,98,2,4922.59
9290,1997,255,1,8283.02
9291,8149,457,5,9921.34
9292,6530,491,5,7055.9
9293,1613,250,5,9260.34
9294,582,176,1,8922.31
9295,6432,357,4,6115.84
9296,768,194,1,1359.67
9297,6091,326,4,8400.33
9298,11185,418,3,4286.55
9299,14375,262,1,6965.43
9300,10061,358,1,3041.52
9301,3975,451,1,5360.01
9302,5412,205,1,4022.8
9303,11441,442,2,722.71
9304,9118,370,3,8466.61
9305,9031,100,2,9593.58
9306,12822,130,1,2180.26
9307,1679,157,3,7290.81
9308,3890,27,1,6600.12
9309,8372,439,4,3081.57
9310,3791,152,2,9565.43
9311,13393,275,5,8842.88
9312,11378,287,2,200.71
9313,3679,83,4,9659.08
9314,12927,99,4,7770.51
9315,2977,139,2,8246.2
9316,6271,17,4,7305.81
9317,14157,27,5,6600.12
9318,6004,239,5,1994.61
9319,13807,356,4,2763.96
9320,11797,201,3,7769.45
9321,5851,232,5,3261.51
9322,1629,155,4,5690.41
9323,8150,432,1,226.39
9324,7345,274,2,9374.58
9325,3620,51,1,8177.56
9326,14918,486,1,9524.97
9327,7220,392,4,557.07
9328,11915,143,4,5350.83
9329,3931,470,4,7905.83
9330,14443,373,4,5173.76
9331,7839,109,2,796.13
9332,11149,240,1,9176.21
9333,7406,181,1,5638.45
9334,13864,160,1,451.76
9335,793,191,4,647.57
9336,8179,161,1,8407.44
9337,3305,353,3,3759.57
9338,4487,80,5,7702.5
9339,6537,427,2,3259.85
9340,999,15,1,3870.03
9341,14442,326,1,8400.33
9342,1217,63,1,5383.93
9343,3700,127,5,5911.04
9344,1488,170,2,2257.83
9345,11008,452,2,7515.99
9346,1966,339,3,9584.08
9347,2526,218,5,2942.56
9348,14221,122,2,8180.09
9349,10204,18,3,1342.37
9350,3285,343,3,3581.46
9351,4217,471,5,3581.14
9352,4080,429,2,4716.21
9353,2836,230,1,2678.09
9354,13103,452,4,7515.99
9355,11533,331,4,1285.58
9356,4847,44,3,3917.55
9357,2500,135,4,5819.88
9358,2987,282,3,6977.05
9359,5095,66,1,6722.57
9360,2440,260,2,4925.88
9361,12031,309,2,6463.56
9362,14177,499,3,3186.27
9363,5790,288,5,6906.22
9364,2285,323,3,1809.66
9365,2931,189,2,8899.99
9366,4445,188,4,5330.51
9367,9392,488,4,6635.81
9368,1332,194,5,1359.67
9369,4409,24,2,8996.96
9370,13244,478,5,6425.58
9371,296,498,1,6884.43
9372,14165,423,1,5539.86
9373,4907,241,4,9266.89
9374,3644,133,4,418.13
9375,9085,300,2,1815.98
9376,7387,247,3,1511.4
9377,1247,395,1,5403.61
9378,14855,454,5,3126.41
9379,14508,20,5,5418.04
9380,7445,23,1,1685.18
9381,13123,479,4,9565.21
9382,4901,163,2,1948.49
9383,3602,405,5,3026.74
9384,4720,17,1,7305.81
9385,9501,71,4,1415.95
9386,7094,148,3,6826.23
9387,1489,490,3,1232.7
9388,13035,262,3,6965.43
9389,5512,114,1,3570.81
9390,5572,269,5,1141.26
9391,11302,32,1,5922.14
9392,11466,188,1,5330.51
9393,14814,366,2,3897.58
9394,9224,405,3,3026.74
9395,6200,172,3,8002.21
9396,6079,176,3,8922.31
9397,13546,277,4,2568.61
9398,5859,437,4,3675.25
9399,13851,485,3,8787.67
9400,13172,106,5,6259.39
9401,11814,315,1,7046.48
9402,724,35,4,1741.5
9403,7907,186,1,7246.03
9404,11838,340,1,3757.64
9405,14188,185,1,9608.72
9406,14273,119,4,3230.43
9407,3955,320,1,7113.73
9408,12582,488,2,6635.81
9409,8678,93,1,2028.54
9410,446,223,5,6357.32
9411,4957,471,4,3581.14
9412,8521,112,2,8874.43
9413,10005,435,1,9744.01
9414,12016,388,4,5482.96
9415,10426,399,1,5584.71
9416,6768,80,3,7702.5
9417,6886,500,2,9839.38
9418,6571,335,2,1115.92
9419,1057,325,4,4799.01
9420,1013,331,3,1285.58
9421,3943,100,5,9593.58
9422,2720,471,1,3581.14
9423,3080,307,2,4019.4
9424,5442,83,2,9659.08
9425,14677,435,5,9744.01
9426,5137,364,1,9723.49
9427,810,399,2,5584.71
9428,881,198,5,946.71
9429,10598,258,3,9737.13
9430,125,15,4,3870.03
9431,14101,240,1,9176.21
9432,2322,231,1,1578.47
9433,3369,271,1,9644.3
9434,6094,477,5,9150.54
9435,8572,472,1,8162.55
9436,5881,250,4,9260.34
9437,14636,410,4,9139.34
9438,9281,262,1,6965.43
9439,8664,249,2,745.94
9440,8893,129,3,6571.12
9441,3285,139,3,8246.2
9442,4144,496,5,2786.49
9443,6951,172,5,8002.21
9444,9267,460,3,4289.39
9445,3295,93,1,2028.54
9446,612,233,4,4748.37
9447,11023,118,5,8743.3
9448,7091,122,5,8180.09
9449,9579,427,5,3259.85
9450,11796,36,1,5763.51
9451,10169,423,4,5539.86
9452,13505,448,3,5383.01
9453,5601,408,5,8941.62
9454,1858,194,1,1359.67
9455,2708,467,5,2506.92
9456,4258,343,5,3581.46
9457,12803,311,3,7839.59
9458,11545,106,4,6259.39
9459,140,345,1,7840.69
9460,6693,20,4,5418.04
9461,9067,318,5,1060.93
9462,9881,385,2,9715.08
9463,6448,226,4,2025.32
9464,3681,298,2,8878.51
9465,4366,407,3,5006.35
9466,7805,199,3,8014.84
9467,12465,82,2,6679.0
9468,13475,420,3,968.02
9469,1144,323,3,1809.66
9470,11263,326,2,8400.33
9471,13693,113,2,9827.8
9472,9279,77,5,7226.24
9473,4665,348,5,3047.9
9474,5381,313,4,4182.64
9475,8394,370,2,8466.61
9476,751,247,2,1511.4
9477,10655,205,2,4022.8
9478,114,435,1,9744.01
9479,5279,238,3,8127.0
9480,7942,246,2,6536.29
9481,11047,189,1,8899.99
9482,4064,65,2,7934.0
9483,11708,159,5,1801.45
9484,7211,406,3,5823.84
9485,4593,499,1,3186.27
9486,1420,467,2,2506.92
9487,11305,247,3,1511.4
9488,827,141,1,1098.86
9489,14079,14,3,7643.58
9490,10563,498,1,6884.43
9491,4606,52,5,8643.0
9492,8285,410,3,9139.34
9493,13266,297,5,6822.62
9494,12957,455,3,1899.28
9495,13933,298,4,8878.51
9496,1606,410,1,9139.34
9497,1068,261,5,980.67
9498,3407,328,5,8910.25
9499,11725,391,3,245.15
9500,12294,407,5,5006.35
9501,12006,470,2,7905.83
9502,1642,98,5,4922.59
9503,13944,351,2,5555.13
9504,6786,341,3,6881.86
9505,10443,427,5,3259.85
9506,293,122,4,8180.09
9507,12362,464,5,8934.52
9508,12961,428,2,1211.53
9509,245,5,3,6386.27
9510,11956,303,3,9299.69
9511,1171,159,4,1801.45
9512,9170,95,3,3387.4
9513,14608,96,4,2678.45
9514,5123,354,1,7095.06
9515,7602,399,5,5584.71
9516,13760,43,1,3765.59
9517,12712,493,2,5685.39
9518,12359,173,3,3149.12
9519,7834,87,5,2322.38
9520,979,494,2,3573.94
9521,1135,475,1,4830.58
9522,12670,470,5,7905.83
9523,12181,472,2,8162.55
9524,13072,472,1,8162.55
9525,5676,208,2,8638.99
9526,14047,171,2,9757.17
9527,14732,488,2,6635.81
9528,13056,147,3,8276.67
9529,340,193,1,1281.1
9530,14709,162,4,9785.74
9531,11999,445,5,4601.52
9532,12015,209,4,9837.59
9533,13902,196,1,3830.25
9534,3340,36,1,5763.51
9535,1636,493,3,5685.39
9536,1781,394,2,6388.25
9537,13435,123,1,4560.68
9538,11467,186,4,7246.03
9539,6419,427,2,3259.85
9540,7994,170,4,2257.83
9541,10399,136,4,5846.66
9542,657,257,3,2683.93
9543,14197,148,5,6826.23
9544,13142,377,1,9039.51
9545,1267,151,4,8809.81
9546,13709,279,2,5378.36
9547,8175,375,2,6848.53
9548,1634,256,3,8632.64
9549,14721,281,5,2968.82
9550,1310,207,2,4423.45
9551,830,178,3,9950.37
9552,7370,301,1,9862.65
9553,8360,371,3,2310.72
9554,6767,287,1,200.71
9555,9702,91,4,7135.75
9556,12347,469,5,1716.73
9557,6613,237,2,5827.48
9558,2477,308,2,3248.37
9559,1080,80,3,7702.5
9560,6839,200,4,2884.6
9561,4571,174,3,7399.81
9562,3965,477,2,9150.54
9563,7076,355,1,8627.33
9564,13100,402,3,2303.92
9565,7802,462,2,9857.56
9566,14606,351,2,5555.13
9567,1319,347,3,5876.24
9568,5040,187,3,7403.39
9569,140,113,1,9827.8
9570,8991,62,2,2223.61
9571,11956,19,4,5022.81
9572,173,143,5,5350.83
9573,7253,336,4,7047.79
9574,7205,499,4,3186.27
9575,8664,138,2,9993.87
9576,6668,242,2,7663.19
9577,5874,349,1,4111.82
9578,1648,45,4,1218.3
9579,7434,269,5,1141.26
9580,8479,349,5,4111.82
9581,13663,361,3,5463.67
9582,13593,99,3,7770.51
9583,11049,329,1,1250.04
9584,3906,47,4,6387.23
9585,11193,262,1,6965.43
9586,12232,2,3,732.43
9587,6657,221,2,3345.21
9588,10578,467,2,2506.92
9589,9306,308,4,3248.37
9590,4866,367,2,2146.49
9591,11865,151,3,8809.81
9592,10470,66,5,6722.57
9593,4985,241,1,9266.89
9594,10729,191,4,647.57
9595,14455,24,1,8996.96
9596,14694,436,2,6908.99
9597,7080,71,2,1415.95
9598,6983,266,3,4135.03
9599,11587,61,1,1207.44
9600,2247,309,5,6463.56
9601,11474,364,1,9723.49
9602,8240,138,5,9993.87
9603,5138,338,4,9668.48
9604,3340,491,1,7055.9
9605,10338,1,5,6315.21
9606,11300,326,1,8400.33
9607,5937,97,2,509.52
9608,9799,293,5,8242.9
9609,2173,11,2,1837.72
9610,5162,47,4,6387.23
9611,12474,49,3,7978.95
9612,6573,268,3,5811.88
9613,3073,81,1,3619.81
9614,4106,2,1,732.43
9615,7700,245,2,8611.56
9616,11317,394,3,6388.25
9617,1191,216,5,3464.18
9618,1791,493,2,5685.39
9619,14044,5,1,6386.27
9620,4890,460,2,4289.39
9621,224,328,3,8910.25
9622,4071,193,5,1281.1
9623,9006,344,5,4696.35
9624,6532,362,3,9726.31
9625,10023,431,2,7429.75
9626,10730,276,5,2146.27
9627,10730,178,3,9950.37
9628,4207,32,3,5922.14
9629,2136,1,4,6315.21
9630,6497,258,4,9737.13
9631,12289,74,2,199.13
9632,6327,20,5,5418.04
9633,13622,189,1,8899.99
9634,8958,9,5,9075.61
9635,6455,176,1,8922.31
9636,13487,216,4,3464.18
9637,9180,229,2,1133.55
9638,5003,103,5,4032.63
9639,8976,464,1,8934.52
9640,8316,82,5,6679.0
9641,5801,499,1,3186.27
9642,14081,421,5,8508.99
9643,7734,478,2,6425.58
9644,13406,313,1,4182.64
9645,6854,394,3,6388.25
9646,4041,90,5,7785.19
9647,1596,393,3,9148.93
9648,10487,444,4,7201.79
9649,7996,379,5,6490.64
9650,600,127,4,5911.04
9651,4625,167,1,4172.77
9652,5701,361,5,5463.67
9653,7043,21,3,9286.01
9654,8241,428,4,1211.53
9655,9875,10,4,395.33
9656,7936,452,5,7515.99
9657,7248,444,2,7201.79
9658,2888,260,2,4925.88
9659,7376,311,5,7839.59
9660,830,408,3,8941.62
9661,1860,151,4,8809.81
9662,2390,121,1,4637.39
9663,14105,41,3,6972.61
9664,10373,450,4,6116.29
9665,7039,262,2,6965.43
9666,7310,47,4,6387.23
9667,4270,247,2,1511.4
9668,8059,263,1,2663.77
9669,2730,257,1,2683.93
9670,11937,421,2,8508.99
9671,11397,497,1,4248.99
9672,6707,377,5,9039.51
9673,9656,127,4,5911.04
9674,9108,94,5,8180.15
9675,13174,225,1,1137.36
9676,5486,170,1,2257.83
9677,5699,455,4,1899.28
9678,4254,455,5,1899.28
9679,7190,463,3,7898.4
9680,2072,451,1,5360.01
9681,3751,496,2,2786.49
9682,13453,240,3,9176.21
9683,345,412,4,6068.19
9684,11688,277,5,2568.61
9685,12787,20,5,5418.04
9686,11383,121,2,4637.39
9687,3889,216,4,3464.18
9688,14956,138,2,9993.87
9689,4344,391,2,245.15
9690,6896,443,4,9035.35
9691,5421,146,2,4918.85
9692,11590,2,2,732.43
9693,6618,308,2,3248.37
9694,12065,209,4,9837.59
9695,13069,291,3,5087.5
9696,11762,454,5,3126.41
9697,1852,129,2,6571.12
9698,7027,450,1,6116.29
9699,13350,439,2,3081.57
9700,10130,89,1,2158.02
9701,8953,116,3,2672.92
9702,6926,456,1,8200.2
9703,3359,439,5,3081.57
9704,4869,342,3,6063.95
9705,8591,435,3,9744.01
9706,11875,228,1,604.91
9707,13409,337,5,4035.25
9708,12596,442,1,722.71
9709,139,402,1,2303.92
9710,14382,397,5,5628.09
9711,9895,396,3,8634.83
9712,13665,25,5,7621.45
9713,13245,322,1,6758.75
9714,2201,272,1,4556.48
9715,10354,193,3,1281.1
9716,8681,296,4,3030.48
9717,4697,142,1,6545.75
9718,6616,45,1,1218.3
9719,2562,298,4,8878.51
9720,12403,127,3,5911.04
9721,4034,145,4,6422.41
9722,12041,93,1,2028.54
9723,14202,67,5,9629.35
9724,291,316,2,5796.51
9725,8303,240,2,9176.21
9726,6296,135,2,5819.88
9727,10122,46,2,8792.03
9728,11837,358,1,3041.52
9729,3518,428,1,1211.53
9730,3341,391,3,245.15
9731,4472,453,4,4809.05
9732,5070,422,2,9215.56
9733,9507,49,1,7978.95
9734,14025,109,3,796.13
9735,3717,47,4,6387.23
9736,8574,332,4,2539.39
9737,3613,283,3,5067.19
9738,5063,313,3,4182.64
9739,10050,400,5,8624.0
9740,13751,57,2,6056.87
9741,2914,377,3,9039.51
9742,2061,198,5,946.71
9743,9083,188,5,5330.51
9744,1498,373,3,5173.76
9745,11889,174,1,7399.81
9746,5063,325,3,4799.01
9747,12007,111,2,5010.75
9748,9676,245,3,8611.56
9749,7219,168,1,1657.22
9750,13267,137,2,2848.21
9751,3154,93,5,2028.54
9752,4346,340,3,3757.64
9753,5459,202,2,9011.14
9754,12933,431,5,7429.75
9755,4545,448,4,5383.01
9756,8921,467,5,2506.92
9757,1694,259,5,6946.2
9758,8829,469,3,1716.73
9759,8313,269,4,1141.26
9760,13155,105,4,328.39
9761,5707,363,2,6816.26
9762,11976,497,2,4248.99
9763,11316,294,2,1759.3
9764,3881,27,4,6600.12
9765,2954,267,1,9197.24
9766,5347,202,2,9011.14
9767,10229,281,3,2968.82
9768,10457,346,3,5073.33
9769,13085,391,3,245.15
9770,481,153,3,8748.36
9771,6496,418,5,4286.55
9772,316,301,5,9862.65
9773,5384,99,4,7770.51
9774,7523,292,2,6604.75
9775,3742,2,4,732.43
9776,10237,97,2,509.52
9777,4590,488,3,6635.81
9778,5829,258,3,9737.13
9779,9510,125,2,2911.91
9780,109,485,1,8787.67
9781,4799,112,5,8874.43
9782,11060,367,2,2146.49
9783,2616,88,1,8219.74
9784,6004,329,4,1250.04
9785,2008,209,1,9837.59
9786,13709,422,3,9215.56
9787,173,359,5,4809.77
9788,9290,484,3,322.48
9789,4339,334,5,7620.87
9790,11529,197,4,6070.18
9791,14826,162,1,9785.74
9792,13672,368,3,1767.74
9793,9453,272,2,4556.48
9794,7171,229,1,1133.55
9795,6012,221,5,3345.21
9796,8067,44,3,3917.55
9797,4549,162,3,9785.74
9798,12508,95,2,3387.4
9799,684,391,1,245.15
9800,11839,209,5,9837.59
9801,6999,265,5,6606.49
9802,1115,193,5,1281.1
9803,8445,246,4,6536.29
9804,8517,367,1,2146.49
9805,9440,15,4,3870.03
9806,2760,345,4,7840.69
9807,104,462,3,9857.56
9808,12490,487,5,6550.82
9809,1064,341,5,6881.86
9810,9971,312,5,7979.12
9811,10943,434,2,3167.56
9812,10511,272,3,4556.48
9813,1388,319,5,3953.51
9814,8507,97,3,509.52
9815,2322,345,4,7840.69
9816,8750,117,4,3613.97
9817,5616,365,1,1850.05
9818,247,192,5,8165.24
9819,3809,21,1,9286.01
9820,13953,398,2,4962.95
9821,8074,110,2,1178.02
9822,13688,445,2,4601.52
9823,10991,86,5,4357.67
9824,1387,382,3,2606.69
9825,8913,423,2,5539.86
9826,10870,427,1,3259.85
9827,12981,301,4,9862.65
9828,4779,448,4,5383.01
9829,10162,173,3,3149.12
9830,3241,481,3,4000.0
9831,6915,315,4,7046.48
9832,5215,476,5,7708.58
9833,3234,148,1,6826.23
9834,8409,366,4,3897.58
9835,1071,307,1,4019.4
9836,7671,232,3,3261.51
9837,6555,134,2,5480.33
9838,12741,447,4,2000.99
9839,11177,266,2,4135.03
9840,9911,243,3,3831.51
9841,1186,170,3,2257.83
9842,1054,100,5,9593.58
9843,4487,1,1,6315.21
9844,4290,281,4,2968.82
9845,8783,138,1,9993.87
9846,14362,449,3,7816.26
9847,8390,193,5,1281.1
9848,7779,350,3,2158.61
9849,14614,214,4,8463.2
9850,4214,130,3,2180.26
9851,2529,7,1,6834.18
9852,14608,107,4,1494.13
9853,8821,392,2,557.07
9854,11029,427,5,3259.85
9855,5139,330,1,9882.58
9856,9296,59,2,3468.76
9857,6673,64,5,3923.84
9858,6868,451,3,5360.01
9859,8203,67,5,9629.35
9860,230,464,2,8934.52
9861,6241,63,1,5383.93
9862,11441,465,1,9276.0
9863,12537,450,5,6116.29
9864,10810,161,3,8407.44
9865,12165,317,4,9246.11
9866,14430,55,3,4706.61
9867,1683,434,1,3167.56
9868,200,360,2,8818.48
9869,11397,326,3,8400.33
9870,12870,329,1,1250.04
9871,5680,355,5,8627.33
9872,3396,467,4,2506.92
9873,8394,376,1,258.42
9874,5576,466,2,2173.99
9875,8968,140,2,621.76
9876,9704,298,2,8878.51
9877,3554,104,1,4430.26
9878,963,210,2,4078.3
9879,4352,287,3,200.71
9880,718,18,4,1342.37
9881,13474,191,2,647.57
9882,13656,307,3,4019.4
9883,4228,120,3,8117.66
9884,5620,460,3,4289.39
9885,7214,165,5,5790.97
9886,818,155,5,5690.41
9887,755,281,3,2968.82
9888,9155,76,3,704.92
9889,11799,211,4,9357.68
9890,3668,303,4,9299.69
9891,6926,15,1,3870.03
9892,12694,459,2,1906.15
9893,9204,44,5,3917.55
9894,4089,213,3,3800.6
9895,12017,394,3,6388.25
9896,13944,455,3,1899.28
9897,5805,438,1,9206.62
9898,8307,319,3,3953.51
9899,12730,368,5,1767.74
9900,4211,116,2,2672.92
9901,9602,238,3,8127.0
9902,373,74,3,199.13
9903,6877,496,1,2786.49
9904,8386,336,5,7047.79
9905,8913,474,5,6301.48
9906,12369,401,1,276.76
9907,7434,138,3,9993.87
9908,14011,340,5,3757.64
9909,7852,258,2,9737.13
9910,11928,314,4,9504.99
9911,5993,435,5,9744.01
9912,11061,407,2,5006.35
9913,1014,428,1,1211.53
9914,11282,275,1,8842.88
9915,6502,80,5,7702.5
9916,14072,197,2,6070.18
9917,9260,152,4,9565.43
9918,3792,300,3,1815.98
9919,9377,364,3,9723.49
9920,13150,297,5,6822.62
9921,10669,249,3,745.94
9922,1131,46,2,8792.03
9923,4663,220,4,4181.4
9924,7182,407,3,5006.35
9925,4961,463,1,7898.4
9926,4586,51,2,8177.56
9927,10206,323,5,1809.66
9928,520,284,2,9324.98
9929,5333,74,2,199.13
9930,14046,94,4,8180.15
9931,10005,41,4,6972.61
9932,8706,470,3,7905.83
9933,11072,411,4,1314.33
9934,9048,375,5,6848.53
9935,4862,283,4,5067.19
9936,3621,450,3,6116.29
9937,14533,432,5,226.39
9938,12978,432,2,226.39
9939,10541,204,5,5285.57
9940,2587,41,1,6972.61
9941,3445,129,3,6571.12
9942,3548,484,4,322.48
9943,4472,499,3,3186.27
9944,4962,115,3,8618.7
9945,4202,159,5,1801.45
9946,1822,462,5,9857.56
9947,8804,494,3,3573.94
9948,7490,164,4,8667.88
9949,7069,490,5,1232.7
9950,10149,437,5,3675.25
9951,14639,249,5,745.94
9952,12949,451,3,5360.01
9953,11906,312,4,7979.12
9954,11464,240,4,9176.21
9955,6071,460,4,4289.39
9956,915,88,1,8219.74
9957,10591,460,2,4289.39
9958,13472,171,1,9757.17
9959,14576,264,4,9277.81
9960,12401,117,3,3613.97
9961,10826,315,1,7046.48
9962,9822,106,1,6259.39
9963,14035,297,5,6822.62
9964,951,289,3,6753.34
9965,3300,96,1,2678.45
9966,12526,330,3,9882.58
9967,9951,246,5,6536.29
9968,2227,398,2,4962.95
9969,601,125,5,2911.91
9970,9232,444,1,7201.79
9971,10336,26,3,482.02
9972,12032,273,1,6942.27
9973,11496,69,5,8226.4
9974,10952,450,3,6116.29
9975,11910,156,1,7160.7
9976,3875,438,3,9206.62
9977,14475,445,2,4601.52
9978,4589,415,1,2187.71
9979,8021,217,2,9900.58
9980,2199,86,4,4357.67
9981,763,72,3,879.52
9982,1376,156,3,7160.7
9983,4352,261,5,980.67
9984,8869,123,1,4560.68
9985,11300,170,4,2257.83
9986,10194,155,4,5690.41
9987,14283,456,3,8200.2
9988,6661,215,2,5828.57
9989,7442,18,2,1342.37
9990,10551,119,3,3230.43
9991,11403,148,1,6826.23
9992,7422,132,2,426.52
9993,6558,300,2,1815.98
9994,2875,183,2,5880.7
9995,5945,208,3,8638.99
9996,11428,25,3,7621.45
9997,7795,416,2,6564.11
9998,2577,362,2,9726.31
9999,6153,347,3,5876.24
10000,175,259,5,6946.2
10001,4496,238,1,8127.0
10002,3119,332,2,2539.39
10003,3077,1,5,6315.21
10004,10592,245,3,8611.56
10005,3699,99,2,7770.51
10006,12794,164,1,8667.88
10007,3645,455,2,1899.28
10008,11248,261,1,980.67
10009,11681,85,3,2064.18
10010,12717,154,3,7802.63
10011,8054,238,3,8127.0
10012,7282,438,5,9206.62
10013,6705,185,2,9608.72
10014,4070,174,3,7399.81
10015,4459,76,2,704.92
10016,4573,268,4,5811.88
10017,6896,213,2,3800.6
10018,7410,429,1,4716.21
10019,11941,275,3,8842.88
10020,13735,294,5,1759.3
10021,11645,130,4,2180.26
10022,13012,50,5,9478.54
10023,1817,7,1,6834.18
10024,9145,251,1,2903.35
10025,10457,62,2,2223.61
10026,14940,290,4,1424.2
10027,9666,244,2,1081.56
10028,3481,244,5,1081.56
10029,5182,304,1,466.87
10030,14395,205,3,4022.8
10031,9118,152,2,9565.43
10032,8083,354,2,7095.06
10033,8527,23,5,1685.18
10034,5497,421,4,8508.99
10035,4268,331,4,1285.58
10036,14051,496,5,2786.49
10037,8387,310,5,5989.12
10038,3649,425,4,3696.53
10039,7921,395,4,5403.61
10040,8608,271,5,9644.3
10041,8573,284,4,9324.98
10042,14838,74,4,199.13
10043,3830,341,1,6881.86
10044,6538,313,2,4182.64
10045,11211,460,4,4289.39
10046,1619,444,1,7201.79
10047,3252,270,4,3515.69
10048,10518,465,3,9276.0
10049,4815,145,5,6422.41
10050,4732,474,5,6301.48
10051,2252,286,5,8835.5
10052,1007,318,3,1060.93
10053,7950,157,1,7290.81
10054,384,354,3,7095.06
10055,7806,214,2,8463.2
10056,8440,304,5,466.87
10057,2822,38,1,4667.15
10058,9553,30,3,7899.0
10059,11735,117,1,3613.97
10060,8587,457,3,9921.34
10061,9745,267,3,9197.24
10062,12462,92,3,8797.95
10063,2290,278,2,8996.64
10064,8597,123,4,4560.68
10065,9026,435,2,9744.01
10066,10182,422,3,9215.56
10067,10527,377,3,9039.51
10068,5127,363,5,6816.26
10069,451,460,3,4289.39
10070,8449,245,3,8611.56
10071,5647,48,4,1838.87
10072,8846,178,1,9950.37
10073,4132,245,5,8611.56
10074,508,453,4,4809.05
10075,7880,45,4,1218.3
10076,11324,236,2,8664.5
10077,8981,347,5,5876.24
10078,438,229,1,1133.55
10079,5576,208,3,8638.99
10080,12522,30,1,7899.0
10081,3942,121,4,4637.39
10082,2033,448,4,5383.01
10083,11083,300,2,1815.98
10084,8225,315,2,7046.48
10085,4407,5,3,6386.27
10086,13865,411,2,1314.33
10087,6115,62,5,2223.61
10088,4167,286,3,8835.5
10089,8381,191,1,647.57
10090,4531,167,1,4172.77
10091,13886,6,4,2683.41
10092,13340,447,4,2000.99
10093,9445,121,4,4637.39
10094,6430,434,1,3167.56
10095,11460,469,5,1716.73
10096,161,280,2,7595.69
10097,10629,369,5,8266.36
10098,7004,369,4,8266.36
10099,3262,297,5,6822.62
10100,9010,187,1,7403.39
10101,6524,25,5,7621.45
10102,8195,198,3,946.71
10103,1187,307,2,4019.4
10104,9956,41,1,6972.61
10105,6278,105,2,328.39
10106,291,416,2,6564.11
10107,8254,267,1,9197.24
10108,13258,118,5,8743.3
10109,1545,478,5,6425.58
10110,7497,1,5,6315.21
10111,13694,166,1,5626.74
10112,1031,493,3,5685.39
10113,9363,76,3,704.92
10114,2317,437,2,3675.25
10115,12339,461,5,798.26
10116,5796,463,4,7898.4
10117,5743,29,2,3941.11
10118,901,198,5,946.71
10119,7697,195,2,3311.18
10120,7282,200,4,2884.6
10121,12314,133,2,418.13
10122,3554,311,4,7839.59
10123,9304,377,4,9039.51
10124,6195,243,4,3831.51
10125,3405,47,1,6387.23
10126,7090,231,3,1578.47
10127,10305,148,3,6826.23
10128,8418,36,3,5763.51
10129,12906,157,5,7290.81
10130,3677,425,3,3696.53
10131,2937,439,5,3081.57
10132,14948,244,1,1081.56
10133,488,449,2,7816.26
10134,11014,50,1,9478.54
10135,3006,437,4,3675.25
10136,3207,422,1,9215.56
10137,13799,293,1,8242.9
10138,10337,227,2,5782.67
10139,14710,259,2,6946.2
10140,1057,315,5,7046.48
10141,1091,178,2,9950.37
10142,8056,277,2,2568.61
10143,833,146,1,4918.85
10144,6743,447,4,2000.99
10145,14206,19,2,5022.81
10146,319,106,4,6259.39
10147,12760,73,5,9210.64
10148,13528,479,1,9565.21
10149,2302,496,5,2786.49
10150,10131,23,4,1685.18
10151,2880,19,2,5022.81
10152,794,346,1,5073.33
10153,13787,400,2,8624.0
10154,9495,322,1,6758.75
10155,11964,417,2,1315.86
10156,391,234,4,5838.32
10157,4755,493,3,5685.39
10158,4237,406,1,5823.84
10159,11991,282,1,6977.05
10160,12144,121,3,4637.39
10161,4022,150,5,5507.66
10162,14756,421,4,8508.99
10163,5746,316,4,5796.51
10164,11398,175,2,8623.47
10165,6250,352,2,4584.87
10166,8241,109,5,796.13
10167,10557,72,1,879.52
10168,2421,305,4,4723.38
10169,14746,77,5,7226.24
10170,4227,420,3,968.02
10171,7662,58,4,7243.02
10172,3367,66,4,6722.57
10173,10627,202,2,9011.14
10174,2790,443,2,9035.35
10175,5585,18,3,1342.37
10176,3129,169,3,1462.57
10177,550,93,4,2028.54
10178,2545,123,2,4560.68
10179,4158,462,4,9857.56
10180,3532,272,1,4556.48
10181,11882,8,4,6565.53
10182,12350,114,4,3570.81
10183,1247,14,4,7643.58
10184,3917,450,5,6116.29
10185,11939,40,3,5521.2
10186,10726,29,3,3941.11
10187,14163,152,5,9565.43
10188,8334,366,2,3897.58
10189,8926,28,2,966.94
10190,7397,113,4,9827.8
10191,7632,53,2,7460.59
10192,9539,447,2,2000.99
10193,10342,162,4,9785.74
10194,11341,492,1,9608.88
10195,14401,359,5,4809.77
10196,14902,369,3,8266.36
10197,2707,457,1,9921.34
10198,8318,251,1,2903.35
10199,12726,1,5,6315.21
10200,5051,55,1,4706.61
10201,8177,139,5,8246.2
10202,9332,326,1,8400.33
10203,10318,401,4,276.76
10204,11411,87,1,2322.38
10205,4140,401,4,276.76
10206,7620,216,4,3464.18
10207,7289,313,1,4182.64
10208,11565,380,2,4507.23
10209,11064,354,4,7095.06
10210,11936,331,5,1285.58
10211,5084,449,1,7816.26
10212,8061,298,1,8878.51
10213,10208,186,3,7246.03
10214,8919,166,3,5626.74
10215,14995,352,4,4584.87
10216,8238,341,2,6881.86
10217,14063,473,5,4297.32
10218,9652,240,4,9176.21
10219,10406,152,3,9565.43
10220,3616,368,3,1767.74
10221,3575,312,2,7979.12
10222,4461,446,5,9142.99
10223,3083,96,5,2678.45
10224,1471,414,5,8456.47
10225,8664,77,1,7226.24
10226,8114,239,5,1994.61
10227,6129,117,2,3613.97
10228,9050,312,2,7979.12
10229,11109,236,5,8664.5
10230,6491,322,1,6758.75
10231,9388,160,4,451.76
10232,1583,189,2,8899.99
10233,10976,388,1,5482.96
10234,9112,300,5,1815.98
10235,12217,176,5,8922.31
10236,6878,486,2,9524.97
10237,11634,452,4,7515.99
10238,4819,458,4,1066.87
10239,2627,155,4,5690.41
10240,13583,404,3,3218.34
10241,3840,159,2,1801.45
10242,6427,184,5,3270.76
10243,10879,354,3,7095.06
10244,8155,340,2,3757.64
10245,4990,342,3,6063.95
10246,3248,414,5,8456.47
10247,5663,371,2,2310.72
10248,6700,9,4,9075.61
10249,5228,438,1,9206.62
10250,1023,171,4,9757.17
10251,13478,447,2,2000.99
10252,3530,280,2,7595.69
10253,6694,452,4,7515.99
10254,13212,42,2,4497.14
10255,4205,265,5,6606.49
10256,3519,120,4,8117.66
10257,8986,18,2,1342.37
10258,14950,426,1,3257.04
10259,7588,210,5,4078.3
10260,12847,229,4,1133.55
10261,1267,190,5,1021.97
10262,12514,43,2,3765.59
10263,7141,67,3,9629.35
10264,9191,261,2,980.67
10265,3221,256,3,8632.64
10266,7458,360,2,8818.48
10267,13129,145,3,6422.41
10268,5680,174,1,7399.81
10269,3486,368,1,1767.74
10270,8078,436,3,6908.99
10271,2517,60,5,8583.96
10272,14452,19,5,5022.81
10273,7783,270,3,3515.69
10274,4540,362,2,9726.31
10275,639,289,1,6753.34
10276,399,186,5,7246.03
10277,1481,365,2,1850.05
10278,5760,40,2,5521.2
10279,8900,454,5,3126.41
10280,3888,123,5,4560.68
10281,7400,370,1,8466.61
10282,8212,190,1,1021.97
10283,13842,289,3,6753.34
10284,13837,171,1,9757.17
10285,8644,71,4,1415.95
10286,1301,469,4,1716.73
10287,3257,273,2,6942.27
10288,61,131,1,884.97
10289,8464,278,1,8996.64
10290,2785,32,3,5922.14
10291,1527,472,2,8162.55
10292,4616,482,5,6578.94
10293,14772,86,4,4357.67
10294,2157,285,5,3933.55
10295,408,139,4,8246.2
10296,10048,142,4,6545.75
10297,7041,363,1,6816.26
10298,14669,5,2,6386.27
10299,5777,294,5,1759.3
10300,6953,437,1,3675.25
10301,14707,215,3,5828.57
10302,12303,446,4,9142.99
10303,8495,116,5,2672.92
10304,11392,17,4,7305.81
10305,337,489,4,3207.62
10306,10548,497,4,4248.99
10307,11500,372,2,1234.45
10308,6395,258,3,9737.13
10309,2280,412,5,6068.19
10310,6218,396,1,8634.83
10311,14318,381,2,3904.17
10312,11968,318,4,1060.93
10313,5047,484,1,322.48
10314,5724,351,1,5555.13
10315,3895,75,2,8352.41
10316,12801,374,3,9108.7
10317,9358,47,4,6387.23
10318,12827,194,5,1359.67
10319,7164,431,2,7429.75
10320,2670,44,4,3917.55
10321,1465,403,3,4023.58
10322,924,174,4,7399.81
10323,14054,477,1,9150.54
10324,5222,442,4,722.71
10325,13931,41,1,6972.61
10326,1072,381,4,3904.17
10327,10177,28,1,966.94
10328,4524,307,5,4019.4
10329,8280,283,4,5067.19
10330,5118,259,5,6946.2
10331,11206,234,5,5838.32
10332,13339,355,2,8627.33
10333,5368,31,4,5680.54
10334,7091,219,2,6055.1
10335,13282,268,2,5811.88
10336,13240,448,2,5383.01
10337,5439,10,4,395.33
10338,11974,388,3,5482.96
10339,10125,99,4,7770.51
10340,9695,228,4,604.91
10341,6314,307,3,4019.4
10342,14735,278,2,8996.64
10343,113,96,5,2678.45
10344,13672,221,2,3345.21
10345,6215,184,2,3270.76
10346,12073,368,1,1767.74
10347,10507,422,5,9215.56
10348,12770,151,3,8809.81
10349,9206,398,3,4962.95
10350,9747,157,5,7290.81
10351,9855,313,5,4182.64
10352,6482,442,5,722.71
10353,10272,180,2,7937.75
10354,12577,12,2,3492.99
10355,12289,380,2,4507.23
10356,5835,160,5,451.76
10357,11348,274,5,9374.58
10358,1442,308,1,3248.37
10359,11927,125,2,2911.91
10360,13491,29,2,3941.11
10361,14669,128,4,1686.89
10362,6636,35,5,1741.5
10363,14124,12,2,3492.99
10364,7845,176,1,8922.31
10365,5313,320,5,7113.73
10366,6180,89,3,2158.02
10367,7324,238,4,8127.0
10368,3551,494,5,3573.94
10369,13861,101,4,6090.24
10370,8231,396,4,8634.83
10371,6892,373,1,5173.76
10372,6828,110,5,1178.02
10373,13041,464,2,8934.52
10374,12165,160,3,451.76
10375,12625,169,5,1462.57
10376,7809,472,5,8162.55
10377,8228,444,4,7201.79
10378,3578,409,5,5767.52
10379,12522,459,3,1906.15
10380,5529,284,4,9324.98
10381,7266,304,5,466.87
10382,11188,263,3,2663.77
10383,5512,494,3,3573.94
10384,14527,455,3,1899.28
10385,10722,49,3,7978.95
10386,13652,14,5,7643.58
10387,8308,222,2,9786.82
10388,6749,34,1,4719.44
10389,1814,369,4,8266.36
10390,4957,143,5,5350.83
10391,2641,195,4,3311.18
10392,10376,354,1,7095.06
10393,11578,192,3,8165.24
10394,2564,105,1,328.39
10395,10822,231,4,1578.47
10396,1365,155,1,5690.41
10397,2191,361,3,5463.67
10398,8434,445,4,4601.52
10399,11030,167,5,4172.77
10400,4725,249,4,745.94
10401,12305,177,3,1840.37
10402,7652,380,3,4507.23
10403,14579,386,3,3146.12
10404,10996,251,5,2903.35
10405,11203,122,2,8180.09
10406,12674,466,5,2173.99
10407,7177,263,2,2663.77
10408,2675,253,1,6781.48
10409,3581,499,1,3186.27
10410,2330,88,4,8219.74
10411,9541,312,1,7979.12
10412,8085,493,4,5685.39
10413,6363,400,2,8624.0
10414,11674,225,4,1137.36
10415,8445,8,4,6565.53
10416,3864,141,2,1098.86
10417,1046,7,4,6834.18
10418,10691,401,3,276.76
10419,6919,464,2,8934.52
10420,5606,360,1,8818.48
10421,1478,327,3,9601.35
10422,4356,387,4,7256.07
10423,14094,306,1,9402.04
10424,12474,226,2,2025.32
10425,5442,20,4,5418.04
10426,10590,373,4,5173.76
10427,12003,160,2,451.76
10428,10097,163,5,1948.49
10429,991,84,4,8556.86
10430,8197,16,2,8266.92
10431,9941,434,2,3167.56
10432,3894,137,5,2848.21
10433,11086,214,3,8463.2
10434,3633,181,3,5638.45
10435,5205,218,4,2942.56
10436,13866,131,1,884.97
10437,889,144,2,1912.27
10438,7274,154,4,7802.63
10439,7762,479,5,9565.21
10440,7288,101,2,6090.24
10441,4885,224,1,3104.98
10442,3981,285,4,3933.55
10443,14298,11,4,1837.72
10444,12289,193,4,1281.1
10445,8839,336,1,7047.79
10446,2696,274,3,9374.58
10447,9288,443,5,9035.35
10448,10424,466,4,2173.99
10449,2406,399,2,5584.71
10450,1267,203,4,8511.61
10451,9406,356,1,2763.96
10452,6590,84,4,8556.86
10453,10142,32,1,5922.14
10454,9235,353,2,3759.57
10455,11032,125,4,2911.91
10456,6107,495,4,6702.94
10457,14563,496,4,2786.49
10458,2480,153,5,8748.36
10459,3955,18,3,1342.37
10460,10879,162,5,9785.74
10461,8109,387,2,7256.07
10462,9384,446,2,9142.99
10463,14153,166,3,5626.74
10464,7596,134,5,5480.33
10465,14710,499,3,3186.27
10466,13398,180,5,7937.75
10467,4918,450,3,6116.29
10468,9627,327,2,9601.35
10469,4959,17,5,7305.81
10470,13915,472,2,8162.55
10471,11167,311,4,7839.59
10472,14315,36,1,5763.51
10473,826,197,2,6070.18
10474,9896,133,2,418.13
10475,9696,318,1,1060.93
10476,12095,64,1,3923.84
10477,13483,454,3,3126.41
10478,9055,180,5,7937.75
10479,471,331,3,1285.58
10480,14623,479,2,9565.21
10481,4124,80,2,7702.5
10482,6922,477,2,9150.54
10483,1914,486,4,9524.97
10484,11170,155,3,5690.41
10485,243,173,2,3149.12
10486,7820,152,4,9565.43
10487,1259,9,4,9075.61
10488,1732,340,2,3757.64
10489,11750,427,3,3259.85
10490,13066,282,2,6977.05
10491,9253,177,4,1840.37
10492,12970,176,5,8922.31
10493,4339,358,3,3041.52
10494,9596,19,2,5022.81
10495,5717,137,5,2848.21
10496,6680,480,2,5205.62
10497,6238,196,2,3830.25
10498,13396,91,1,7135.75
10499,11702,317,5,9246.11
10500,8271,46,1,8792.03
10501,1713,218,2,2942.56
10502,3705,421,3,8508.99
10503,13830,64,4,3923.84
10504,5450,209,5,9837.59
10505,3856,452,4,7515.99
10506,8785,414,4,8456.47
10507,1705,368,4,1767.74
10508,11340,131,3,884.97
10509,746,170,5,2257.83
10510,8499,118,1,8743.3
10511,14710,296,2,3030.48
10512,13479,328,5,8910.25
10513,4212,303,3,9299.69
10514,8771,334,5,7620.87
10515,1953,163,4,1948.49
10516,824,118,5,8743.3
10517,1953,273,1,6942.27
10518,6197,13,1,7258.78
10519,11566,368,1,1767.74
10520,13411,421,3,8508.99
10521,12234,98,1,4922.59
10522,13972,16,4,8266.92
10523,13946,387,5,7256.07
10524,7916,317,5,9246.11
10525,7583,229,2,1133.55
10526,8231,17,1,7305.81
10527,5253,121,2,4637.39
10528,1724,355,3,8627.33
10529,5805,267,3,9197.24
10530,2937,59,3,3468.76
10531,2696,291,5,5087.5
10532,4315,171,1,9757.17
10533,555,58,4,7243.02
10534,14834,247,5,1511.4
10535,10377,336,1,7047.79
10536,1615,230,5,2678.09
10537,155,70,1,8962.34
10538,6491,445,3,4601.52
10539,2736,62,1,2223.61
10540,1468,482,3,6578.94
10541,14480,94,1,8180.15
10542,5954,290,3,1424.2
10543,603,352,4,4584.87
10544,10297,373,4,5173.76
10545,1120,104,5,4430.26
10546,7742,238,5,8127.0
10547,3124,237,1,5827.48
10548,7149,122,4,8180.09
10549,10163,209,2,9837.59
10550,5485,217,3,9900.58
10551,1732,499,3,3186.27
10552,6079,366,4,3897.58
10553,12350,137,3,2848.21
10554,4351,426,1,3257.04
10555,12275,365,5,1850.05
10556,11654,436,2,6908.99
10557,2988,220,2,4181.4
10558,4806,447,2,2000.99
10559,4032,11,1,1837.72
10560,1283,286,3,8835.5
10561,12175,276,2,2146.27
10562,3472,242,1,7663.19
10563,3995,175,3,8623.47
10564,13909,17,2,7305.81
10565,13537,176,2,8922.31
10566,14886,68,1,4687.17
10567,2399,110,5,1178.02
10568,6430,444,3,7201.79
10569,24,182,1,576.46
10570,405,376,2,258.42
10571,14460,200,1,2884.6
10572,7844,15,5,3870.03
10573,12797,17,1,7305.81
10574,9973,60,5,8583.96
10575,7951,102,2,9476.14
10576,13185,307,5,4019.4
10577,13763,463,5,7898.4
10578,5374,396,5,8634.83
10579,10550,223,1,6357.32
10580,3822,211,1,9357.68
10581,5246,216,4,3464.18
10582,8167,307,2,4019.4
10583,3467,225,4,1137.36
10584,11417,419,2,2984.31
10585,5038,333,5,3312.61
10586,2614,141,3,1098.86
10587,5413,479,3,9565.21
10588,9432,455,1,1899.28
10589,7774,311,4,7839.59
10590,1634,200,3,2884.6
10591,3841,357,3,6115.84
10592,1114,30,4,7899.0
10593,13549,147,1,8276.67
10594,3375,38,4,4667.15
10595,9171,158,4,9478.85
10596,13880,401,4,276.76
10597,12365,91,2,7135.75
10598,13744,472,2,8162.55
10599,8673,332,5,2539.39
10600,7796,200,2,2884.6
10601,13863,326,4,8400.33
10602,9154,151,5,8809.81
10603,13634,280,4,7595.69
10604,4953,358,1,3041.52
10605,9961,247,3,1511.4
10606,4709,131,4,884.97
10607,2273,190,5,1021.97
10608,9219,63,4,5383.93
10609,12605,402,1,2303.92
10610,7524,233,1,4748.37
10611,2538,181,4,5638.45
10612,11489,266,5,4135.03
10613,6410,23,2,1685.18
10614,3544,482,2,6578.94
10615,4293,219,2,6055.1
10616,4482,160,5,451.76
10617,11975,379,5,6490.64
10618,9879,21,5,9286.01
10619,549,384,3,7551.73
10620,574,168,1,1657.22
10621,13846,44,5,3917.55
10622,12697,413,3,202.63
10623,5268,318,3,1060.93
10624,13523,494,5,3573.94
10625,2336,275,3,8842.88
10626,2136,468,1,4653.8
10627,105,130,4,2180.26
10628,11564,351,3,5555.13
10629,8818,280,4,7595.69
10630,10584,222,3,9786.82
10631,1593,430,5,5913.18
10632,3342,11,2,1837.72
10633,14767,261,4,980.67
10634,11666,102,3,9476.14
10635,6889,482,3,6578.94
10636,12958,379,3,6490.64
10637,9527,261,3,980.67
10638,3783,49,5,7978.95
10639,8257,146,1,4918.85
10640,14490,296,2,3030.48
10641,9214,91,3,7135.75
10642,7225,156,4,7160.7
10643,8693,11,4,1837.72
10644,89,491,4,7055.9
10645,7675,293,5,8242.9
10646,13559,4,5,1038.64
10647,10971,209,5,9837.59
10648,7170,119,1,3230.43
10649,11303,493,3,5685.39
10650,1474,343,2,3581.46
10651,1151,251,5,2903.35
10652,12897,197,2,6070.18
10653,3749,281,5,2968.82
10654,10556,156,1,7160.7
10655,13418,388,1,5482.96
10656,11991,106,4,6259.39
10657,9966,481,3,4000.0
10658,3121,252,5,4660.57
10659,14679,427,1,3259.85
10660,5849,302,5,256.64
10661,8901,345,3,7840.69
10662,2176,148,5,6826.23
10663,3246,246,1,6536.29
10664,8249,152,1,9565.43
10665,395,40,2,5521.2
10666,14871,66,3,6722.57
10667,9279,266,4,4135.03
10668,59,413,1,202.63
10669,213,258,4,9737.13
10670,7519,32,2,5922.14
10671,10362,326,5,8400.33
10672,3455,494,5,3573.94
10673,10358,328,2,8910.25
10674,647,160,4,451.76
10675,12920,66,2,6722.57
10676,12774,16,4,8266.92
10677,11986,194,4,1359.67
10678,7958,389,1,3380.61
10679,6909,369,2,8266.36
10680,12342,328,5,8910.25
10681,2058,209,4,9837.59
10682,283,23,1,1685.18
10683,6706,68,2,4687.17
10684,10142,15,3,3870.03
10685,1809,497,1,4248.99
10686,7388,92,2,8797.95
10687,14264,310,2,5989.12
10688,5087,198,4,946.71
10689,13338,11,4,1837.72
10690,5850,127,5,5911.04
10691,10568,80,3,7702.5
10692,13997,21,5,9286.01
10693,1521,469,5,1716.73
10694,7888,441,3,2052.86
10695,225,151,1,8809.81
10696,5064,402,1,2303.92
10697,12998,465,3,9276.0
10698,13850,437,4,3675.25
10699,10306,440,2,1392.66
10700,13792,139,3,8246.2
10701,1552,421,5,8508.99
10702,10138,320,4,7113.73
10703,11932,85,1,2064.18
10704,169,102,1,9476.14
10705,10917,162,2,9785.74
10706,5498,311,2,7839.59
10707,14525,330,1,9882.58
10708,11212,291,5,5087.5
10709,7326,300,5,1815.98
10710,2861,222,1,9786.82
10711,4102,45,3,1218.3
10712,14045,267,1,9197.24
10713,262,30,1,7899.0
10714,12144,418,2,4286.55
10715,7592,85,5,2064.18
10716,6740,318,5,1060.93
10717,5370,348,1,3047.9
10718,10351,430,2,5913.18
10719,8378,499,3,3186.27
10720,12904,449,5,7816.26
10721,1272,403,5,4023.58
10722,589,24,3,8996.96
10723,9122,57,1,6056.87
10724,83,69,2,8226.4
10725,12327,314,4,9504.99
10726,1110,36,1,5763.51
10727,11712,262,3,6965.43
10728,2894,459,1,1906.15
10729,7731,6,1,2683.41
10730,12932,131,5,884.97
10731,9504,82,5,6679.0
10732,14323,15,4,3870.03
10733,14531,202,4,9011.14
10734,3096,264,2,9277.81
10735,6743,79,2,9929.03
10736,10124,179,3,748.02
10737,8533,81,1,3619.81
10738,6143,367,5,2146.49
10739,4583,153,1,8748.36
10740,11270,55,3,4706.61
10741,3048,463,3,7898.4
10742,7448,34,2,4719.44
10743,9374,78,3,3697.4
10744,13667,72,4,879.52
10745,12481,203,3,8511.61
10746,11857,462,1,9857.56
10747,7838,430,3,5913.18
10748,3398,111,3,5010.75
10749,8050,156,5,7160.7
10750,7388,74,4,199.13
10751,5435,452,1,7515.99
10752,9356,191,1,647.57
10753,7439,56,4,7342.67
10754,10241,311,4,7839.59
10755,766,39,4,3738.32
10756,11146,41,3,6972.61
10757,5826,180,4,7937.75
10758,4692,312,3,7979.12
10759,12145,438,5,9206.62
10760,1634,3,2,6914.47
10761,4710,32,2,5922.14
10762,7314,281,3,2968.82
10763,5518,135,5,5819.88
10764,8941,474,3,6301.48
10765,5839,430,4,5913.18
10766,10030,473,3,4297.32
10767,6786,424,4,9131.51
10768,9651,466,1,2173.99
10769,7824,484,2,322.48
10770,14281,201,2,7769.45
10771,10332,27,3,6600.12
10772,5971,271,5,9644.3
10773,10655,143,5,5350.83
10774,1269,78,2,3697.4
10775,7597,127,5,5911.04
10776,10717,374,3,9108.7
10777,3412,495,3,6702.94
10778,11332,15,5,3870.03
10779,6720,150,4,5507.66
10780,1033,254,5,8610.26
10781,3150,456,3,8200.2
10782,11454,420,2,968.02
10783,4756,57,2,6056.87
10784,8488,485,5,8787.67
10785,7953,41,5,6972.61
10786,6672,424,3,9131.51
10787,4572,211,1,9357.68
10788,5347,494,3,3573.94
10789,12733,229,2,1133.55
10790,1286,136,2,5846.66
10791,4839,337,4,4035.25
10792,8414,9,4,9075.61
10793,14374,55,3,4706.61
10794,11954,358,5,3041.52
10795,13875,56,1,7342.67
10796,9247,13,1,7258.78
10797,13635,372,2,1234.45
10798,6337,391,3,245.15
10799,1447,214,5,8463.2
10800,5696,421,2,8508.99
10801,9723,450,5,6116.29
10802,7742,276,4,2146.27
10803,6555,495,3,6702.94
10804,702,122,3,8180.09
10805,3138,176,1,8922.31
10806,7184,13,1,7258.78
10807,13216,335,2,1115.92
10808,6369,417,4,1315.86
10809,2073,359,1,4809.77
10810,7168,55,3,4706.61
10811,2588,479,4,9565.21
10812,1760,473,3,4297.32
10813,3510,323,4,1809.66
10814,2600,63,1,5383.93
10815,6372,192,2,8165.24
10816,4788,225,4,1137.36
10817,7809,230,1,2678.09
10818,1915,163,4,1948.49
10819,14002,216,1,3464.18
10820,10875,360,4,8818.48
10821,7077,107,1,1494.13
10822,5022,183,4,5880.7
10823,13575,285,1,3933.55
10824,5581,233,5,4748.37
10825,3646,62,1,2223.61
10826,7074,40,1,5521.2
10827,14197,77,2,7226.24
10828,12241,468,5,4653.8
10829,5243,458,2,1066.87
10830,7986,491,5,7055.9
10831,13748,34,5,4719.44
10832,11659,110,2,1178.02
10833,14818,197,3,6070.18
10834,7162,244,1,1081.56
10835,10978,483,2,9066.19
10836,11414,21,5,9286.01
10837,14862,261,1,980.67
10838,1694,97,5,509.52
10839,805,353,1,3759.57
10840,12681,285,2,3933.55
10841,8111,201,2,7769.45
10842,4208,222,2,9786.82
10843,6344,131,4,884.97
10844,12798,288,1,6906.22
10845,14122,338,1,9668.48
10846,11462,195,3,3311.18
10847,14449,341,5,6881.86
10848,6035,245,2,8611.56
10849,287,409,1,5767.52
10850,38,66,4,6722.57
10851,14993,58,5,7243.02
10852,1143,258,4,9737.13
10853,86,259,4,6946.2
10854,635,375,1,6848.53
10855,6178,476,3,7708.58
10856,9519,294,5,1759.3
10857,9774,299,5,4929.48
10858,7727,75,5,8352.41
10859,10587,111,5,5010.75
10860,9839,226,2,2025.32
10861,12432,314,1,9504.99
10862,6953,120,1,8117.66
10863,10373,416,2,6564.11
10864,10141,257,1,2683.93
10865,6172,70,4,8962.34
10866,11264,23,1,1685.18
10867,13444,67,5,9629.35
10868,14862,39,5,3738.32
10869,13370,75,3,8352.41
10870,11760,446,2,9142.99
10871,5427,378,3,3236.96
10872,9669,310,4,5989.12
10873,6053,157,2,7290.81
10874,6092,180,5,7937.75
10875,7222,148,3,6826.23
10876,2789,393,3,9148.93
10877,13816,44,5,3917.55
10878,12185,417,2,1315.86
10879,5237,223,5,6357.32
10880,4418,109,3,796.13
10881,12631,237,4,5827.48
10882,4754,15,2,3870.03
10883,2826,249,4,745.94
10884,3363,359,2,4809.77
10885,9487,484,3,322.48
10886,8076,421,3,8508.99
10887,6342,82,2,6679.0
10888,9146,497,5,4248.99
10889,10190,344,5,4696.35
10890,3316,364,3,9723.49
10891,7202,90,2,7785.19
10892,4776,332,3,2539.39
10893,14190,485,3,8787.67
10894,9248,349,1,4111.82
10895,4458,75,2,8352.41
10896,10203,246,3,6536.29
10897,10280,500,3,9839.38
10898,11666,111,3,5010.75
10899,9263,54,4,7895.72
10900,14599,30,2,7899.0
10901,10034,173,3,3149.12
10902,5915,46,4,8792.03
10903,4541,487,4,6550.82
10904,14555,276,4,2146.27
10905,9818,64,5,3923.84
10906,14632,80,1,7702.5
10907,4062,142,2,6545.75
10908,10194,397,2,5628.09
10909,12715,154,4,7802.63
10910,285,235,2,8300.53
10911,5656,112,1,8874.43
10912,9650,309,5,6463.56
10913,7544,90,4,7785.19
10914,6039,432,4,226.39
10915,5718,130,3,2180.26
10916,9405,456,1,8200.2
10917,9582,64,4,3923.84
10918,4750,133,4,418.13
10919,4748,202,5,9011.14
10920,4683,160,2,451.76
10921,12859,24,1,8996.96
10922,4781,262,2,6965.43
10923,5212,283,1,5067.19
10924,7478,149,5,938.71
10925,11178,25,3,7621.45
10926,4368,424,4,9131.51
10927,8492,319,2,3953.51
10928,7358,232,3,3261.51
10929,2915,457,5,9921.34
10930,4153,90,2,7785.19
10931,4195,114,5,3570.81
10932,4942,174,1,7399.81
10933,13514,226,5,2025.32
10934,13764,144,4,1912.27
10935,600,235,1,8300.53
10936,10191,153,4,8748.36
10937,4960,486,5,9524.97
10938,6673,133,3,418.13
10939,9405,252,2,4660.57
10940,3276,36,4,5763.51
10941,2843,321,2,9739.1
10942,14051,495,1,6702.94
10943,12470,360,4,8818.48
10944,1897,468,4,4653.8
10945,6823,191,4,647.57
10946,1205,242,4,7663.19
10947,3956,179,2,748.02
10948,1746,3,2,6914.47
10949,14837,128,2,1686.89
10950,5007,54,4,7895.72
10951,6929,399,2,5584.71
10952,8516,186,4,7246.03
10953,3164,434,2,3167.56
10954,6215,376,3,258.42
10955,98,399,5,5584.71
10956,5760,202,1,9011.14
10957,6050,301,3,9862.65
10958,9834,337,2,4035.25
10959,13245,421,5,8508.99
10960,12247,324,3,2208.08
10961,8944,294,2,1759.3
10962,9365,152,5,9565.43
10963,9786,142,4,6545.75
10964,7649,226,5,2025.32
10965,4805,391,3,245.15
10966,434,275,1,8842.88
10967,7476,262,5,6965.43
10968,10852,119,2,3230.43
10969,934,354,2,7095.06
10970,7176,109,5,796.13
10971,9577,380,4,4507.23
10972,10340,299,1,4929.48
10973,2175,40,4,5521.2
10974,5816,68,5,4687.17
10975,6893,469,2,1716.73
10976,1139,180,5,7937.75
10977,5738,169,5,1462.57
10978,14964,227,3,5782.67
10979,6679,274,4,9374.58
10980,1122,392,4,557.07
10981,9273,498,3,6884.43
10982,11012,280,1,7595.69
10983,9360,31,4,5680.54
10984,13480,369,4,8266.36
10985,13028,135,2,5819.88
10986,4776,5,3,6386.27
10987,6016,228,1,604.91
10988,14236,260,1,4925.88
10989,14080,20,1,5418.04
10990,4894,111,1,5010.75
10991,14703,93,2,2028.54
10992,12868,489,4,3207.62
10993,704,419,3,2984.31
10994,13575,148,4,6826.23
10995,13043,466,2,2173.99
10996,2693,349,5,4111.82
10997,11301,55,4,4706.61
10998,12869,465,4,9276.0
10999,7520,412,5,6068.19
11000,1447,109,5,796.13
11001,5114,222,3,9786.82
11002,2122,349,1,4111.82
11003,3803,153,5,8748.36
11004,2811,414,1,8456.47
11005,7077,71,1,1415.95
11006,947,313,1,4182.64
11007,6604,96,5,2678.45
11008,11301,168,4,1657.22
11009,1167,254,4,8610.26
11010,4355,229,4,1133.55
11011,2035,319,1,3953.51
11012,1386,247,3,1511.4
11013,14120,345,4,7840.69
11014,3082,26,5,482.02
11015,8121,161,4,8407.44
11016,4100,402,3,2303.92
11017,2206,335,1,1115.92
11018,5397,300,4,1815.98
11019,6897,386,3,3146.12
11020,12498,324,2,2208.08
11021,2636,445,3,4601.52
11022,7555,489,1,3207.62
11023,10602,339,4,9584.08
11024,5060,299,4,4929.48
11025,10821,387,4,7256.07
11026,7451,372,2,1234.45
11027,4962,21,1,9286.01
11028,10392,288,5,6906.22
11029,9542,435,4,9744.01
11030,4084,249,5,745.94
11031,11961,317,1,9246.11
11032,8213,54,2,7895.72
11033,10251,273,4,6942.27
11034,858,188,3,5330.51
11035,14726,177,4,1840.37
11036,11558,157,4,7290.81
11037,3411,434,1,3167.56
11038,14384,62,1,2223.61
11039,3651,188,2,5330.51
11040,2329,270,4,3515.69
11041,798,19,5,5022.81
11042,3629,214,2,8463.2
11043,14247,9,2,9075.61
11044,11940,378,2,3236.96
11045,4581,369,5,8266.36
11046,12226,66,2,6722.57
11047,9818,53,2,7460.59
11048,4702,58,5,7243.02
11049,3810,266,2,4135.03
11050,12440,259,5,6946.2
11051,5685,152,4,9565.43
11052,902,440,4,1392.66
11053,9121,192,3,8165.24
11054,10609,331,5,1285.58
11055,13911,40,3,5521.2
11056,9306,375,4,6848.53
11057,5575,296,2,3030.48
11058,2876,130,4,2180.26
11059,9792,440,2,1392.66
11060,5794,387,1,7256.07
11061,14876,87,1,2322.38
11062,3536,325,1,4799.01
11063,6251,293,3,8242.9
11064,4417,86,2,4357.67
11065,12233,93,2,2028.54
11066,8477,149,4,938.71
11067,6788,318,2,1060.93
11068,14505,169,1,1462.57
11069,3378,452,1,7515.99
11070,10603,317,5,9246.11
11071,10153,102,1,9476.14
11072,2367,201,4,7769.45
11073,12635,218,2,2942.56
11074,14654,252,2,4660.57
11075,920,192,3,8165.24
11076,2306,299,1,4929.48
11077,187,79,5,9929.03
11078,2907,38,2,4667.15
11079,11748,427,5,3259.85
11080,13012,461,2,798.26
11081,13816,474,5,6301.48
11082,705,360,2,8818.48
11083,6366,335,5,1115.92
11084,9264,193,3,1281.1
11085,11573,46,3,8792.03
11086,10792,490,1,1232.7
11087,3772,484,1,322.48
11088,1692,488,1,6635.81
11089,9692,192,5,8165.24
11090,9550,348,1,3047.9
11091,14226,61,4,1207.44
11092,9402,470,3,7905.83
11093,7878,376,2,258.42
11094,5539,490,1,1232.7
11095,3155,425,4,3696.53
11096,2357,254,2,8610.26
11097,1967,2,2,732.43
11098,14773,141,3,1098.86
11099,14617,258,5,9737.13
11100,4107,308,4,3248.37
11101,13477,70,3,8962.34
11102,8402,94,2,8180.15
11103,187,41,1,6972.61
11104,11715,215,5,5828.57
11105,14107,194,3,1359.67
11106,13687,336,3,7047.79
11107,4302,139,4,8246.2
11108,1003,466,4,2173.99
11109,1276,480,1,5205.62
11110,12858,422,5,9215.56
11111,4192,352,5,4584.87
11112,3753,230,3,2678.09
11113,3090,255,2,8283.02
11114,119,424,3,9131.51
11115,1264,217,1,9900.58
11116,5847,154,3,7802.63
11117,2239,56,5,7342.67
11118,939,222,4,9786.82
11119,4714,427,5,3259.85
11120,8436,475,4,4830.58
11121,13332,356,5,2763.96
11122,14205,52,1,8643.0
11123,11633,415,5,2187.71
11124,11784,207,4,4423.45
11125,3489,376,2,258.42
11126,1161,225,3,1137.36
11127,6073,162,4,9785.74
11128,84,414,2,8456.47
11129,5441,169,4,1462.57
11130,14120,49,3,7978.95
11131,717,285,2,3933.55
11132,2782,127,3,5911.04
11133,2866,53,1,7460.59
11134,2264,263,2,2663.77
11135,13365,1,3,6315.21
11136,1448,339,3,9584.08
11137,11792,154,4,7802.63
11138,5177,16,2,8266.92
11139,8945,313,4,4182.64
11140,4023,446,2,9142.99
11141,12105,287,3,200.71
11142,9555,231,4,1578.47
11143,4081,192,2,8165.24
11144,5609,63,2,5383.93
11145,1188,423,5,5539.86
11146,14662,321,1,9739.1
11147,12010,458,5,1066.87
11148,3097,117,4,3613.97
11149,9710,483,1,9066.19
11150,14920,230,4,2678.09
11151,14105,271,4,9644.3
11152,7700,314,3,9504.99
11153,14070,169,3,1462.57
11154,7166,296,3,3030.48
11155,9045,170,4,2257.83
11156,11164,319,5,3953.51
11157,5787,126,1,2937.97
11158,14850,140,2,621.76
11159,2739,383,5,5157.46
11160,11846,224,4,3104.98
11161,1620,130,3,2180.26
11162,11367,475,3,4830.58
11163,13294,78,3,3697.4
11164,7299,25,3,7621.45
11165,4558,69,3,8226.4
11166,11397,54,2,7895.72
11167,8734,124,1,8055.13
11168,12663,257,3,2683.93
11169,4591,279,3,5378.36
11170,5638,172,1,8002.21
11171,2612,212,5,1848.43
11172,1117,46,5,8792.03
11173,3424,296,1,3030.48
11174,5361,225,5,1137.36
11175,4489,279,2,5378.36
11176,6074,69,1,8226.4
11177,7806,312,3,7979.12
11178,3915,167,2,4172.77
11179,13265,123,5,4560.68
11180,12285,83,2,9659.08
11181,2609,281,3,2968.82
11182,486,352,2,4584.87
11183,9873,114,1,3570.81
11184,7387,449,3,7816.26
11185,1163,179,3,748.02
11186,2144,103,1,4032.63
11187,9164,21,4,9286.01
11188,7394,411,3,1314.33
11189,9953,445,1,4601.52
11190,253,213,1,3800.6
11191,12308,81,4,3619.81
11192,1429,386,3,3146.12
11193,14784,150,2,5507.66
11194,4399,337,4,4035.25
11195,6872,140,4,621.76
11196,4695,442,2,722.71
11197,11012,55,1,4706.61
11198,1132,259,4,6946.2
11199,14233,221,2,3345.21
11200,8075,223,2,6357.32
11201,6597,194,5,1359.67
11202,3496,400,2,8624.0
11203,12869,403,4,4023.58
11204,13598,491,3,7055.9
11205,9310,420,2,968.02
11206,1272,396,5,8634.83
11207,12231,226,5,2025.32
11208,426,80,3,7702.5
11209,10829,90,2,7785.19
11210,13310,39,1,3738.32
11211,9330,368,2,1767.74
11212,2119,494,4,3573.94
11213,11842,284,1,9324.98
11214,10821,146,4,4918.85
11215,2095,389,5,3380.61
11216,11550,54,1,7895.72
11217,3205,208,3,8638.99
11218,8864,407,3,5006.35
11219,11535,36,5,5763.51
11220,12435,284,3,9324.98
11221,10406,173,4,3149.12
11222,14995,3,4,6914.47
11223,3222,262,1,6965.43
11224,13931,458,4,1066.87
11225,14345,102,1,9476.14
11226,12413,86,2,4357.67
11227,12421,253,4,6781.48
11228,5888,290,3,1424.2
11229,13200,225,5,1137.36
11230,8333,4,2,1038.64
11231,2071,170,2,2257.83
11232,7926,356,2,2763.96
11233,3799,131,4,884.97
11234,7683,68,4,4687.17
11235,4037,112,5,8874.43
11236,8040,432,3,226.39
11237,6612,142,5,6545.75
11238,7688,165,2,5790.97
11239,8920,430,1,5913.18
11240,176,232,1,3261.51
11241,10991,300,5,1815.98
11242,7172,465,2,9276.0
11243,7516,232,2,3261.51
11244,5876,305,1,4723.38
11245,9399,332,4,2539.39
11246,3671,445,5,4601.52
11247,5516,496,5,2786.49
11248,2272,289,5,6753.34
11249,986,488,2,6635.81
11250,8419,394,5,6388.25
11251,5544,13,3,7258.78
11252,6311,153,5,8748.36
11253,11191,388,1,5482.96
11254,14414,259,5,6946.2
11255,8509,431,5,7429.75
11256,12811,60,1,8583.96
11257,186,440,5,1392.66
11258,14513,338,1,9668.48
11259,3603,71,5,1415.95
11260,9318,209,2,9837.59
11261,9689,457,5,9921.34
11262,5308,50,1,9478.54
11263,12904,13,3,7258.78
11264,10664,52,2,8643.0
11265,1079,342,5,6063.95
11266,364,191,3,647.57
11267,1889,212,4,1848.43
11268,970,46,3,8792.03
11269,12711,121,5,4637.39
11270,14783,93,4,2028.54
11271,5007,406,1,5823.84
11272,10589,283,1,5067.19
11273,7226,380,3,4507.23
11274,12753,98,3,4922.59
11275,8775,477,2,9150.54
11276,3872,238,2,8127.0
11277,10553,425,2,3696.53
11278,4330,148,3,6826.23
11279,9273,215,5,5828.57
11280,4172,237,2,5827.48
11281,527,399,4,5584.71
11282,3002,374,4,9108.7
11283,9412,359,3,4809.77
11284,8729,150,4,5507.66
11285,13389,104,1,4430.26
11286,9057,108,4,1734.18
11287,6797,275,5,8842.88
11288,6425,372,3,1234.45
11289,4712,252,3,4660.57
11290,7434,133,5,418.13
11291,4439,30,5,7899.0
11292,12977,57,2,6056.87
11293,9098,341,2,6881.86
11294,7382,153,5,8748.36
11295,7625,310,2,5989.12
11296,5428,429,4,4716.21
11297,1556,168,2,1657.22
11298,9882,332,5,2539.39
11299,1488,251,3,2903.35
11300,12101,291,2,5087.5
11301,3679,81,1,3619.81
11302,4639,272,1,4556.48
11303,11685,245,2,8611.56
11304,3863,160,5,451.76
11305,3147,119,5,3230.43
11306,2788,174,2,7399.81
11307,9130,294,2,1759.3
11308,595,263,2,2663.77
11309,5768,416,5,6564.11
11310,7226,339,5,9584.08
11311,5522,223,2,6357.32
11312,3223,202,1,9011.14
11313,2309,412,5,6068.19
11314,3962,156,2,7160.7
11315,1957,187,3,7403.39
11316,9922,226,1,2025.32
11317,1816,241,3,9266.89
11318,2868,489,5,3207.62
11319,1517,149,3,938.71
11320,10115,378,2,3236.96
11321,4639,74,4,199.13
11322,1433,104,4,4430.26
11323,149,76,5,704.92
11324,7673,212,4,1848.43
11325,11496,94,3,8180.15
11326,6968,200,3,2884.6
11327,6217,73,2,9210.64
11328,14800,94,4,8180.15
11329,8074,467,1,2506.92
11330,6755,267,4,9197.24
11331,5266,240,3,9176.21
11332,5268,381,5,3904.17
11333,12412,364,2,9723.49
11334,8943,226,3,2025.32
11335,1277,46,2,8792.03
11336,14959,58,5,7243.02
11337,2004,150,4,5507.66
11338,3145,304,5,466.87
11339,10634,353,1,3759.57
11340,9549,298,1,8878.51
11341,668,400,1,8624.0
11342,11293,304,3,466.87
11343,456,399,3,5584.71
11344,3939,252,5,4660.57
11345,1703,317,5,9246.11
11346,7947,237,1,5827.48
11347,7639,398,3,4962.95
11348,13126,438,3,9206.62
11349,5067,208,5,8638.99
11350,11905,298,2,8878.51
11351,7310,455,1,1899.28
11352,7918,474,1,6301.48
11353,14784,187,5,7403.39
11354,1878,2,5,732.43
11355,8334,388,2,5482.96
11356,5461,204,1,5285.57
11357,3055,497,2,4248.99
11358,1853,185,4,9608.72
11359,9673,199,2,8014.84
11360,12866,446,1,9142.99
11361,3229,331,3,1285.58
11362,7104,80,3,7702.5
11363,678,219,2,6055.1
11364,7846,40,5,5521.2
11365,3250,188,5,5330.51
11366,9308,494,2,3573.94
11367,7023,5,4,6386.27
11368,7446,14,1,7643.58
11369,7969,367,1,2146.49
11370,4256,362,1,9726.31
11371,3185,303,5,9299.69
11372,160,133,2,418.13
11373,13858,95,3,3387.4
11374,11721,93,3,2028.54
11375,3315,174,5,7399.81
11376,9011,481,5,4000.0
11377,2556,123,5,4560.68
11378,1524,103,2,4032.63
11379,754,18,2,1342.37
11380,10019,158,3,9478.85
11381,2577,439,3,3081.57
11382,4616,329,3,1250.04
11383,3647,241,2,9266.89
11384,3823,251,3,2903.35
11385,5138,388,3,5482.96
11386,10747,350,3,2158.61
11387,2908,195,3,3311.18
11388,4739,189,1,8899.99
11389,7382,358,3,3041.52
11390,68,61,3,1207.44
11391,1362,486,2,9524.97
11392,4708,418,1,4286.55
11393,5088,218,5,2942.56
11394,1791,404,2,3218.34
11395,8524,282,3,6977.05
11396,7861,489,4,3207.62
11397,6045,496,1,2786.49
11398,10464,162,4,9785.74
11399,8319,460,2,4289.39
11400,213,489,4,3207.62
11401,5995,124,3,8055.13
11402,5314,7,1,6834.18
11403,1176,229,4,1133.55
11404,8893,447,2,2000.99
11405,13009,175,5,8623.47
11406,6121,291,5,5087.5
11407,5010,30,4,7899.0
11408,59,191,2,647.57
11409,3194,127,5,5911.04
11410,9572,6,5,2683.41
11411,12212,422,4,9215.56
11412,4274,325,5,4799.01
11413,8228,315,4,7046.48
11414,5722,485,1,8787.67
11415,9161,463,4,7898.4
11416,8434,366,5,3897.58
11417,8623,135,4,5819.88
11418,14350,273,5,6942.27
11419,9862,93,5,2028.54
11420,8033,207,2,4423.45
11421,6285,151,3,8809.81
11422,14720,356,5,2763.96
11423,12182,32,5,5922.14
11424,6612,287,2,200.71
11425,5340,20,5,5418.04
11426,14514,279,2,5378.36
11427,11628,206,2,2172.19
11428,4591,273,3,6942.27
11429,14110,456,3,8200.2
11430,8417,86,5,4357.67
11431,2328,60,2,8583.96
11432,12338,115,2,8618.7
11433,14932,391,2,245.15
11434,7712,397,5,5628.09
11435,5829,56,3,7342.67
11436,636,144,1,1912.27
11437,6940,195,5,3311.18
11438,3289,1,2,6315.21
11439,13235,122,1,8180.09
11440,9050,424,3,9131.51
11441,10669,344,4,4696.35
11442,1144,391,3,245.15
11443,2846,80,2,7702.5
11444,4982,175,5,8623.47
11445,161,237,4,5827.48
11446,12831,55,3,4706.61
11447,3256,345,3,7840.69
11448,3558,475,4,4830.58
11449,2463,498,1,6884.43
11450,664,105,5,328.39
11451,5581,278,1,8996.64
11452,8817,310,4,5989.12
11453,734,299,4,4929.48
11454,2721,409,5,5767.52
11455,14331,415,2,2187.71
11456,1976,452,3,7515.99
11457,6519,452,1,7515.99
11458,5441,30,3,7899.0
11459,11941,172,1,8002.21
11460,946,64,3,3923.84
11461,1935,186,1,7246.03
11462,4088,360,3,8818.48
11463,2521,442,3,722.71
11464,11771,127,3,5911.04
11465,6186,443,1,9035.35
11466,1795,311,4,7839.59
11467,14109,431,3,7429.75
11468,3682,24,3,8996.96
11469,3795,494,4,3573.94
11470,3494,198,4,946.71
11471,5203,469,3,1716.73
11472,1270,120,1,8117.66
11473,10795,435,3,9744.01
11474,84,77,5,7226.24
11475,5950,129,5,6571.12
11476,85,9,2,9075.61
11477,11043,460,4,4289.39
11478,11959,105,2,328.39
11479,14814,219,1,6055.1
11480,350,48,4,1838.87
11481,9525,323,2,1809.66
11482,9016,340,1,3757.64
11483,11565,321,3,9739.1
11484,6705,372,1,1234.45
11485,13744,498,3,6884.43
11486,734,86,1,4357.67
11487,2120,132,2,426.52
11488,6980,132,2,426.52
11489,11991,406,1,5823.84
11490,10261,292,2,6604.75
11491,3704,110,2,1178.02
11492,10424,242,2,7663.19
11493,1235,364,2,9723.49
11494,2940,118,3,8743.3
11495,6588,471,1,3581.14
11496,6303,203,5,8511.61
11497,13617,328,4,8910.25
11498,5577,487,3,6550.82
11499,13026,79,5,9929.03
11500,10711,359,1,4809.77
11501,4842,468,5,4653.8
11502,12804,321,1,9739.1
11503,14216,213,2,3800.6
11504,6669,71,2,1415.95
11505,5506,206,3,2172.19
11506,11269,376,5,258.42
11507,462,293,1,8242.9
11508,2361,104,3,4430.26
11509,321,241,2,9266.89
11510,10937,423,1,5539.86
11511,11022,425,1,3696.53
11512,394,175,1,8623.47
11513,4003,176,1,8922.31
11514,13906,349,3,4111.82
11515,3295,474,3,6301.48
11516,5431,442,1,722.71
11517,10822,289,3,6753.34
11518,7454,434,2,3167.56
11519,6871,118,2,8743.3
11520,4828,86,3,4357.67
11521,2713,334,5,7620.87
11522,14666,370,4,8466.61
11523,14038,91,4,7135.75
11524,8491,9,1,9075.61
11525,6971,358,3,3041.52
11526,1451,300,4,1815.98
11527,13447,177,2,1840.37
11528,3040,409,2,5767.52
11529,13374,289,4,6753.34
11530,1871,477,1,9150.54
11531,6884,293,5,8242.9
11532,3901,240,1,9176.21
11533,7932,227,1,5782.67
11534,3220,61,4,1207.44
11535,13925,98,3,4922.59
11536,6098,212,3,1848.43
11537,14594,302,2,256.64
11538,13298,257,5,2683.93
11539,7495,116,4,2672.92
11540,9287,438,2,9206.62
11541,2040,83,2,9659.08
11542,8273,226,3,2025.32
11543,1475,55,3,4706.61
11544,12023,171,4,9757.17
11545,402,255,4,8283.02
11546,14878,404,4,3218.34
11547,9214,413,4,202.63
11548,9718,95,2,3387.4
11549,13031,455,3,1899.28
11550,4092,138,4,9993.87
11551,2604,460,2,4289.39
11552,66,327,4,9601.35
11553,6509,71,2,1415.95
11554,6870,6,5,2683.41
11555,13199,400,1,8624.0
11556,2352,388,4,5482.96
11557,6282,333,2,3312.61
11558,14240,21,1,9286.01
11559,12938,445,4,4601.52
11560,9064,93,2,2028.54
11561,13759,240,4,9176.21
11562,4492,255,3,8283.02
11563,10975,230,3,2678.09
11564,5112,12,4,3492.99
11565,4011,202,4,9011.14
11566,8164,99,1,7770.51
11567,13822,35,1,1741.5
11568,961,402,1,2303.92
11569,1771,177,4,1840.37
11570,14468,158,2,9478.85
11571,9701,18,3,1342.37
11572,5228,372,4,1234.45
11573,14283,360,5,8818.48
11574,9516,315,5,7046.48
11575,1656,226,1,2025.32
11576,7559,337,1,4035.25
11577,3341,121,4,4637.39
11578,6325,478,1,6425.58
11579,6652,114,3,3570.81
11580,6401,140,3,621.76
11581,2931,411,1,1314.33
11582,10646,94,5,8180.15
11583,10880,468,5,4653.8
11584,2213,426,4,3257.04
11585,9028,237,5,5827.48
11586,242,427,2,3259.85
11587,10303,199,3,8014.84
11588,9997,341,5,6881.86
11589,6068,360,4,8818.48
11590,9730,50,2,9478.54
11591,8888,444,4,7201.79
11592,35,134,2,5480.33
11593,5428,321,3,9739.1
11594,7001,350,3,2158.61
11595,11590,351,1,5555.13
11596,1701,430,5,5913.18
11597,12079,350,1,2158.61
11598,295,411,1,1314.33
11599,9204,436,5,6908.99
11600,4238,142,5,6545.75
11601,8182,340,5,3757.64
11602,9186,308,1,3248.37
11603,981,287,4,200.71
11604,3222,369,5,8266.36
11605,5858,285,4,3933.55
11606,14842,257,1,2683.93
11607,6075,367,1,2146.49
11608,8534,444,2,7201.79
11609,8020,283,5,5067.19
11610,2896,261,1,980.67
11611,12963,253,5,6781.48
11612,860,404,2,3218.34
11613,7188,96,2,2678.45
11614,6830,499,4,3186.27
11615,37,483,1,9066.19
11616,189,109,4,796.13
11617,6907,110,4,1178.02
11618,11249,285,2,3933.55
11619,10038,41,3,6972.61
11620,13618,340,1,3757.64
11621,13746,362,2,9726.31
11622,14594,192,4,8165.24
11623,4180,279,1,5378.36
11624,11973,415,2,2187.71
11625,156,31,3,5680.54
11626,11648,76,3,704.92
11627,14895,333,2,3312.61
11628,5688,108,1,1734.18
11629,7762,472,2,8162.55
11630,11995,120,4,8117.66
11631,1105,85,1,2064.18
11632,14476,306,3,9402.04
11633,12920,307,4,4019.4
11634,8969,44,2,3917.55
11635,1299,410,5,9139.34
11636,9501,435,3,9744.01
11637,12928,3,1,6914.47
11638,6854,257,5,2683.93
11639,6900,390,2,1940.5
11640,11180,295,2,8795.72
11641,9830,171,5,9757.17
11642,2634,129,1,6571.12
11643,14248,305,4,4723.38
11644,9367,46,4,8792.03
11645,14841,356,5,2763.96
11646,9408,373,1,5173.76
11647,13349,113,3,9827.8
11648,8955,78,4,3697.4
11649,10920,15,2,3870.03
11650,1059,94,5,8180.15
11651,10207,31,3,5680.54
11652,2939,356,2,2763.96
11653,5367,98,1,4922.59
11654,2847,274,5,9374.58
11655,1566,159,5,1801.45
11656,1862,315,1,7046.48
11657,8430,426,4,3257.04
11658,13056,4,4,1038.64
11659,13658,459,4,1906.15
11660,9806,461,3,798.26
11661,4853,174,2,7399.81
11662,1016,60,4,8583.96
11663,5419,212,2,1848.43
11664,1716,37,5,5308.22
11665,544,27,4,6600.12
11666,5523,313,5,4182.64
11667,13903,162,5,9785.74
11668,13492,182,3,576.46
11669,10838,339,4,9584.08
11670,3876,55,3,4706.61
11671,2387,275,1,8842.88
11672,157,449,1,7816.26
11673,8668,471,1,3581.14
11674,10747,174,2,7399.81
11675,14253,311,1,7839.59
11676,14661,295,5,8795.72
11677,2286,386,5,3146.12
11678,13000,204,2,5285.57
11679,7846,168,2,1657.22
11680,4719,468,1,4653.8
11681,5472,118,2,8743.3
11682,2289,166,5,5626.74
11683,9592,99,1,7770.51
11684,3663,165,1,5790.97
11685,3096,55,2,4706.61
11686,14414,363,4,6816.26
11687,8448,328,3,8910.25
11688,5978,388,5,5482.96
11689,2192,273,4,6942.27
11690,10313,320,5,7113.73
11691,5600,14,5,7643.58
11692,3371,494,1,3573.94
11693,5123,461,2,798.26
11694,2666,325,4,4799.01
11695,7983,141,4,1098.86
11696,5142,34,5,4719.44
11697,5276,36,4,5763.51
11698,3896,333,3,3312.61
11699,2000,186,1,7246.03
11700,9975,93,3,2028.54
11701,2166,456,3,8200.2
11702,4889,315,2,7046.48
11703,3246,95,2,3387.4
11704,6183,378,2,3236.96
11705,10894,287,4,200.71
11706,9516,125,4,2911.91
11707,10318,146,1,4918.85
11708,6677,190,1,1021.97
11709,9445,49,3,7978.95
11710,11180,98,2,4922.59
11711,13564,401,4,276.76
11712,7994,113,5,9827.8
11713,7197,270,1,3515.69
11714,7799,161,2,8407.44
11715,12936,426,3,3257.04
11716,8237,426,5,3257.04
11717,11644,370,2,8466.61
11718,11749,200,1,2884.6
11719,1680,79,2,9929.03
11720,14084,46,1,8792.03
11721,5492,240,2,9176.21
11722,386,52,3,8643.0
11723,4745,40,2,5521.2
11724,9869,460,1,4289.39
11725,7972,346,4,5073.33
11726,6034,304,3,466.87
11727,11907,469,3,1716.73
11728,7278,461,5,798.26
11729,8992,40,3,5521.2
11730,12651,440,5,1392.66
11731,6496,365,5,1850.05
11732,13071,425,1,3696.53
11733,5658,183,5,5880.7
11734,2457,250,5,9260.34
11735,579,251,4,2903.35
11736,2140,334,2,7620.87
11737,7034,358,2,3041.52
11738,10240,16,1,8266.92
11739,13161,38,1,4667.15
11740,2365,456,3,8200.2
11741,4566,212,2,1848.43
11742,13155,153,3,8748.36
11743,13031,413,2,202.63
11744,5216,245,4,8611.56
11745,12585,79,5,9929.03
11746,9881,244,4,1081.56
11747,7092,456,4,8200.2
11748,12655,245,5,8611.56
11749,3077,213,3,3800.6
11750,14424,355,2,8627.33
11751,3407,330,1,9882.58
11752,6994,27,1,6600.12
11753,8735,438,3,9206.62
11754,12388,458,4,1066.87
11755,7017,174,1,7399.81
11756,6715,368,1,1767.74
11757,11327,107,2,1494.13
11758,5433,485,1,8787.67
11759,8007,308,5,3248.37
11760,4203,341,2,6881.86
11761,2492,403,5,4023.58
11762,6643,90,5,7785.19
11763,8206,79,3,9929.03
11764,6600,457,3,9921.34
11765,7359,469,4,1716.73
11766,13498,185,1,9608.72
11767,99,224,5,3104.98
11768,11481,255,5,8283.02
11769,531,202,2,9011.14
11770,7952,145,5,6422.41
11771,11565,487,3,6550.82
11772,14969,26,4,482.02
11773,1286,301,5,9862.65
11774,10239,500,1,9839.38
11775,14444,483,4,9066.19
11776,689,286,2,8835.5
11777,2290,438,5,9206.62
11778,6967,251,2,2903.35
11779,5517,250,4,9260.34
11780,4239,22,3,1658.35
11781,11250,1,4,6315.21
11782,14563,329,2,1250.04
11783,4180,391,5,245.15
11784,14142,240,4,9176.21
11785,3494,442,1,722.71
11786,9405,196,4,3830.25
11787,14263,11,1,1837.72
11788,8357,193,4,1281.1
11789,14324,8,5,6565.53
11790,6572,267,4,9197.24
11791,13806,171,5,9757.17
11792,9053,193,4,1281.1
11793,1231,18,1,1342.37
11794,10371,73,4,9210.64
11795,11941,453,3,4809.05
11796,4933,358,3,3041.52
11797,9933,293,2,8242.9
11798,12342,396,5,8634.83
11799,2950,338,1,9668.48
11800,12689,410,1,9139.34
11801,6911,165,3,5790.97
11802,11745,113,2,9827.8
11803,94,135,3,5819.88
11804,13764,280,3,7595.69
11805,6039,453,4,4809.05
11806,2980,110,4,1178.02
11807,9025,22,4,1658.35
11808,8283,108,1,1734.18
11809,12334,490,4,1232.7
11810,2591,414,2,8456.47
11811,9489,35,4,1741.5
11812,3474,238,4,8127.0
11813,1120,360,4,8818.48
11814,2934,266,4,4135.03
11815,10501,35,3,1741.5
11816,639,290,4,1424.2
11817,1148,486,4,9524.97
11818,10370,66,4,6722.57
11819,5148,346,4,5073.33
11820,10858,393,2,9148.93
11821,6515,361,1,5463.67
11822,14166,284,2,9324.98
11823,6135,204,1,5285.57
11824,9505,176,3,8922.31
11825,12855,273,2,6942.27
11826,11220,173,5,3149.12
11827,7710,252,3,4660.57
11828,11665,325,5,4799.01
11829,10287,221,3,3345.21
11830,274,429,2,4716.21
11831,13101,430,1,5913.18
11832,11804,41,5,6972.61
11833,12426,267,1,9197.24
11834,7628,278,5,8996.64
11835,1955,92,2,8797.95
11836,4028,476,3,7708.58
11837,8217,353,1,3759.57
11838,7923,499,2,3186.27
11839,11260,329,1,1250.04
11840,7848,365,4,1850.05
11841,2785,417,1,1315.86
11842,6444,376,3,258.42
11843,3655,142,5,6545.75
11844,2507,486,5,9524.97
11845,6458,177,1,1840.37
11846,10045,39,4,3738.32
11847,13888,251,3,2903.35
11848,6344,177,4,1840.37
11849,14236,257,1,2683.93
11850,7444,495,1,6702.94
11851,8837,323,3,1809.66
11852,8663,136,2,5846.66
11853,1023,353,3,3759.57
11854,4613,349,1,4111.82
11855,5116,11,2,1837.72
11856,5247,209,2,9837.59
11857,9290,142,2,6545.75
11858,12035,463,3,7898.4
11859,10940,483,2,9066.19
11860,9875,498,5,6884.43
11861,6898,81,3,3619.81
11862,14403,209,3,9837.59
11863,574,96,1,2678.45
11864,5880,375,4,6848.53
11865,6044,16,2,8266.92
11866,14106,341,4,6881.86
11867,3709,6,5,2683.41
11868,8223,29,3,3941.11
11869,12471,5,2,6386.27
11870,1524,187,5,7403.39
11871,14791,386,3,3146.12
11872,9170,281,5,2968.82
11873,3948,122,2,8180.09
11874,3363,178,2,9950.37
11875,14683,328,3,8910.25
11876,11366,498,4,6884.43
11877,864,82,5,6679.0
11878,14803,235,1,8300.53
11879,9159,315,3,7046.48
11880,4647,320,1,7113.73
11881,103,375,3,6848.53
11882,9067,254,5,8610.26
11883,13599,86,2,4357.67
11884,4580,152,5,9565.43
11885,7054,195,5,3311.18
11886,10915,155,2,5690.41
11887,6224,456,2,8200.2
11888,11777,289,3,6753.34
11889,14902,40,4,5521.2
11890,4931,73,3,9210.64
11891,14582,431,5,7429.75
11892,13813,412,5,6068.19
11893,6143,236,2,8664.5
11894,10232,24,3,8996.96
11895,3083,283,3,5067.19
11896,897,457,2,9921.34
11897,11042,36,2,5763.51
11898,7658,300,2,1815.98
11899,2698,152,3,9565.43
11900,12002,82,4,6679.0
11901,9656,337,3,4035.25
11902,5007,321,4,9739.1
11903,3737,27,3,6600.12
11904,8690,467,4,2506.92
11905,10243,252,1,4660.57
11906,1910,414,4,8456.47
11907,10323,115,2,8618.7
11908,13102,223,4,6357.32
11909,9248,255,5,8283.02
11910,180,302,3,256.64
11911,6554,454,1,3126.41
11912,8082,262,4,6965.43
11913,12368,107,2,1494.13
11914,8314,446,2,9142.99
11915,6462,110,5,1178.02
11916,11691,304,3,466.87
11917,1797,143,2,5350.83
11918,12054,119,1,3230.43
11919,9076,81,2,3619.81
11920,2511,64,1,3923.84
11921,13340,295,2,8795.72
11922,4508,476,1,7708.58
11923,13743,462,4,9857.56
11924,7394,211,4,9357.68
11925,4944,454,2,3126.41
11926,11404,479,3,9565.21
11927,11296,124,3,8055.13
11928,12085,140,1,621.76
11929,10908,5,4,6386.27
11930,2328,390,2,1940.5
11931,2567,341,1,6881.86
11932,1530,393,2,9148.93
11933,3547,44,2,3917.55
11934,10439,189,1,8899.99
11935,1243,296,4,3030.48
11936,14273,354,1,7095.06
11937,5791,30,3,7899.0
11938,8134,59,4,3468.76
11939,13217,474,2,6301.48
11940,7132,219,2,6055.1
11941,4684,211,1,9357.68
11942,55,315,5,7046.48
11943,1097,490,3,1232.7
11944,8080,482,5,6578.94
11945,7020,425,5,3696.53
11946,4769,15,1,3870.03
11947,973,186,3,7246.03
11948,7892,453,3,4809.05
11949,510,104,5,4430.26
11950,13769,468,1,4653.8
11951,815,500,3,9839.38
11952,3860,188,2,5330.51
11953,11171,490,3,1232.7
11954,8264,461,3,798.26
11955,12228,275,5,8842.88
11956,5917,375,5,6848.53
11957,1526,117,1,3613.97
11958,2904,85,5,2064.18
11959,6417,379,1,6490.64
11960,195,416,1,6564.11
11961,9292,190,1,1021.97
11962,12730,487,2,6550.82
11963,3363,243,2,3831.51
11964,14920,274,2,9374.58
11965,10517,169,1,1462.57
11966,12698,315,1,7046.48
11967,10676,308,5,3248.37
11968,10074,460,1,4289.39
11969,1004,258,5,9737.13
11970,13909,417,1,1315.86
11971,13938,233,2,4748.37
11972,5668,97,2,509.52
11973,5083,163,3,1948.49
11974,2641,404,1,3218.34
11975,11577,439,4,3081.57
11976,11555,489,2,3207.62
11977,13711,479,5,9565.21
11978,5884,414,5,8456.47
11979,3058,368,4,1767.74
11980,11271,191,3,647.57
11981,2274,453,2,4809.05
11982,14746,186,4,7246.03
11983,331,354,1,7095.06
11984,4172,322,1,6758.75
11985,8691,145,5,6422.41
11986,909,260,5,4925.88
11987,9031,69,3,8226.4
11988,9598,459,3,1906.15
11989,7293,96,4,2678.45
11990,11159,47,1,6387.23
11991,3766,36,3,5763.51
11992,13142,27,2,6600.12
11993,13676,226,5,2025.32
11994,9899,95,1,3387.4
11995,1956,379,3,6490.64
11996,9039,496,3,2786.49
11997,4133,437,4,3675.25
11998,8712,393,4,9148.93
11999,8659,177,5,1840.37
12000,10267,63,5,5383.93
12001,747,331,4,1285.58
12002,13319,374,1,9108.7
12003,5781,443,5,9035.35
12004,9471,109,1,796.13
12005,2838,420,3,968.02
12006,14732,467,4,2506.92
12007,13415,80,1,7702.5
12008,5997,59,3,3468.76
12009,14114,443,3,9035.35
12010,1119,14,3,7643.58
12011,7423,411,4,1314.33
12012,14085,45,2,1218.3
12013,13966,296,1,3030.48
12014,9695,470,2,7905.83
12015,14968,258,1,9737.13
12016,2057,45,1,1218.3
12017,10035,441,5,2052.86
12018,7619,448,5,5383.01
12019,9875,323,1,1809.66
12020,370,466,3,2173.99
12021,10187,243,1,3831.51
12022,12917,244,2,1081.56
12023,12664,113,4,9827.8
12024,204,404,2,3218.34
12025,1972,26,3,482.02
12026,7291,88,5,8219.74
12027,12557,33,3,968.15
12028,1482,303,3,9299.69
12029,13351,142,2,6545.75
12030,10331,197,1,6070.18
12031,96,268,1,5811.88
12032,8621,293,2,8242.9
12033,13386,330,4,9882.58
12034,12449,451,3,5360.01
12035,12962,339,1,9584.08
12036,6337,165,3,5790.97
12037,1953,259,5,6946.2
12038,10244,398,5,4962.95
12039,11006,124,5,8055.13
12040,11925,16,4,8266.92
12041,11447,158,4,9478.85
12042,14448,263,3,2663.77
12043,6999,286,3,8835.5
12044,12105,384,5,7551.73
12045,9035,239,4,1994.61
12046,966,343,5,3581.46
12047,1443,66,3,6722.57
12048,7957,186,5,7246.03
12049,220,334,3,7620.87
12050,11559,370,5,8466.61
12051,7268,494,1,3573.94
12052,9394,115,2,8618.7
12053,2341,315,1,7046.48
12054,13198,334,4,7620.87
12055,309,124,4,8055.13
12056,7711,259,4,6946.2
12057,14399,103,3,4032.63
12058,1228,216,1,3464.18
12059,2026,453,3,4809.05
12060,56,386,3,3146.12
12061,9107,77,5,7226.24
12062,11098,227,3,5782.67
12063,2805,468,3,4653.8
12064,11267,359,4,4809.77
12065,13890,84,4,8556.86
12066,14034,21,3,9286.01
12067,766,42,3,4497.14
12068,10378,389,1,3380.61
12069,2455,295,3,8795.72
12070,9336,86,5,4357.67
12071,14688,217,4,9900.58
12072,5519,452,2,7515.99
12073,12735,350,1,2158.61
12074,10202,285,1,3933.55
12075,296,277,3,2568.61
12076,11159,299,4,4929.48
12077,8129,181,2,5638.45
12078,12408,39,3,3738.32
12079,3555,271,2,9644.3
12080,4972,303,5,9299.69
12081,3931,311,2,7839.59
12082,11368,211,4,9357.68
12083,2900,255,2,8283.02
12084,11755,197,2,6070.18
12085,13674,207,4,4423.45
12086,3079,248,5,5592.3
12087,9310,476,1,7708.58
12088,14123,180,1,7937.75
12089,9393,289,3,6753.34
12090,10924,382,3,2606.69
12091,14841,112,3,8874.43
12092,8759,339,4,9584.08
12093,11480,235,3,8300.53
12094,4554,378,3,3236.96
12095,7100,230,3,2678.09
12096,1674,171,1,9757.17
12097,12756,364,5,9723.49
12098,2921,474,5,6301.48
12099,14415,55,5,4706.61
12100,1533,492,5,9608.88
12101,4201,226,5,2025.32
12102,470,234,3,5838.32
12103,590,266,1,4135.03
12104,132,380,1,4507.23
12105,8708,237,1,5827.48
12106,14643,177,2,1840.37
12107,1912,423,1,5539.86
12108,1726,290,3,1424.2
12109,32,387,5,7256.07
12110,6978,36,1,5763.51
12111,8245,121,5,4637.39
12112,11650,10,5,395.33
12113,11704,229,5,1133.55
12114,4725,460,4,4289.39
12115,7817,175,3,8623.47
12116,2910,135,3,5819.88
12117,13770,331,3,1285.58
12118,2144,141,1,1098.86
12119,9729,88,3,8219.74
12120,2666,304,3,466.87
12121,5818,106,2,6259.39
12122,6232,187,3,7403.39
12123,1282,191,1,647.57
12124,14764,419,1,2984.31
12125,3912,121,1,4637.39
12126,13320,460,4,4289.39
12127,12003,11,1,1837.72
12128,5635,351,2,5555.13
12129,3204,335,3,1115.92
12130,207,214,4,8463.2
12131,8642,215,4,5828.57
12132,5725,462,1,9857.56
12133,2789,118,5,8743.3
12134,3570,487,2,6550.82
12135,452,245,5,8611.56
12136,3550,284,3,9324.98
12137,3973,353,5,3759.57
12138,2819,142,2,6545.75
12139,13588,52,3,8643.0
12140,10343,422,3,9215.56
12141,3432,247,1,1511.4
12142,1561,120,1,8117.66
12143,13544,451,1,5360.01
12144,8100,154,1,7802.63
12145,14842,176,3,8922.31
12146,6307,235,2,8300.53
12147,4347,217,4,9900.58
12148,4145,194,4,1359.67
12149,4114,413,3,202.63
12150,10719,94,1,8180.15
12151,9725,493,2,5685.39
12152,2828,345,3,7840.69
12153,7337,192,5,8165.24
12154,5792,146,3,4918.85
12155,14012,488,1,6635.81
12156,14174,101,4,6090.24
12157,8450,69,5,8226.4
12158,2488,210,5,4078.3
12159,6300,74,5,199.13
12160,3576,452,2,7515.99
12161,12707,246,2,6536.29
12162,13020,475,3,4830.58
12163,2980,34,3,4719.44
12164,4271,211,3,9357.68
12165,5921,77,5,7226.24
12166,13404,393,2,9148.93
12167,3195,103,1,4032.63
12168,7374,238,3,8127.0
12169,1968,106,3,6259.39
12170,8,406,4,5823.84
12171,1992,305,2,4723.38
12172,9925,220,1,4181.4
12173,950,148,4,6826.23
12174,10467,470,2,7905.83
12175,13517,332,3,2539.39
12176,5796,74,5,199.13
12177,9795,179,5,748.02
12178,12669,179,2,748.02
12179,1278,99,1,7770.51
12180,4897,451,1,5360.01
12181,14478,131,2,884.97
12182,12793,330,1,9882.58
12183,4451,333,1,3312.61
12184,14420,252,4,4660.57
12185,1758,336,4,7047.79
12186,12854,333,5,3312.61
12187,14777,172,5,8002.21
12188,3676,343,3,3581.46
12189,7735,360,5,8818.48
12190,11365,315,5,7046.48
12191,5137,356,2,2763.96
12192,1511,340,3,3757.64
12193,8642,399,5,5584.71
12194,10110,433,5,3027.9
12195,1728,129,5,6571.12
12196,12198,168,5,1657.22
12197,969,50,2,9478.54
12198,7214,433,5,3027.9
12199,4004,186,4,7246.03
12200,9180,299,1,4929.48
12201,6835,232,3,3261.51
12202,12946,333,2,3312.61
12203,1241,197,1,6070.18
12204,9439,209,3,9837.59
12205,12392,103,3,4032.63
12206,3612,488,5,6635.81
12207,3973,101,3,6090.24
12208,10675,332,4,2539.39
12209,11666,179,3,748.02
12210,8828,178,2,9950.37
12211,12766,447,2,2000.99
12212,14175,97,4,509.52
12213,2425,200,2,2884.6
12214,6370,216,2,3464.18
12215,1933,331,2,1285.58
12216,14031,261,3,980.67
12217,13056,261,2,980.67
12218,1884,297,2,6822.62
12219,12690,245,3,8611.56
12220,865,75,5,8352.41
12221,7648,165,5,5790.97
12222,9020,31,2,5680.54
12223,2274,390,3,1940.5
12224,6988,130,5,2180.26
12225,11003,119,2,3230.43
12226,9950,211,1,9357.68
12227,14699,316,3,5796.51
12228,174,284,5,9324.98
12229,1735,290,5,1424.2
12230,11428,251,5,2903.35
12231,9849,409,3,5767.52
12232,14907,40,3,5521.2
12233,6887,176,3,8922.31
12234,14706,101,1,6090.24
12235,4744,243,5,3831.51
12236,1861,167,2,4172.77
12237,11802,62,1,2223.61
12238,3893,66,3,6722.57
12239,4372,196,4,3830.25
12240,9888,259,2,6946.2
12241,12442,283,4,5067.19
12242,7528,35,5,1741.5
12243,8822,462,2,9857.56
12244,11695,82,2,6679.0
12245,5336,374,2,9108.7
12246,4011,446,2,9142.99
12247,12785,76,1,704.92
12248,1094,161,2,8407.44
12249,10562,103,1,4032.63
12250,3778,300,5,1815.98
12251,649,432,4,226.39
12252,14595,380,3,4507.23
12253,9287,367,3,2146.49
12254,1167,58,3,7243.02
12255,6435,475,4,4830.58
12256,3091,436,2,6908.99
12257,14005,368,1,1767.74
12258,8200,103,1,4032.63
12259,9009,82,4,6679.0
12260,5887,125,3,2911.91
12261,5665,445,1,4601.52
12262,5312,415,4,2187.71
12263,5809,112,1,8874.43
12264,964,280,5,7595.69
12265,9513,399,5,5584.71
12266,7508,484,1,322.48
12267,11602,368,2,1767.74
12268,10189,50,5,9478.54
12269,5651,419,4,2984.31
12270,9979,306,3,9402.04
12271,5186,41,3,6972.61
12272,489,289,2,6753.34
12273,3092,328,3,8910.25
12274,8948,268,2,5811.88
12275,14414,124,1,8055.13
12276,13123,483,3,9066.19
12277,4654,440,3,1392.66
12278,11607,33,2,968.15
12279,834,419,1,2984.31
12280,347,278,3,8996.64
12281,13554,159,5,1801.45
12282,5698,33,5,968.15
12283,7574,293,1,8242.9
12284,1976,123,2,4560.68
12285,8648,243,3,3831.51
12286,11977,238,5,8127.0
12287,13066,392,3,557.07
12288,7368,170,4,2257.83
12289,8904,93,1,2028.54
12290,9846,141,1,1098.86
12291,8859,349,5,4111.82
12292,1571,122,2,8180.09
12293,12465,55,4,4706.61
12294,7272,321,1,9739.1
12295,8724,1,1,6315.21
12296,10538,402,1,2303.92
12297,8911,166,4,5626.74
12298,4561,464,3,8934.52
12299,12104,42,1,4497.14
12300,7031,180,3,7937.75
12301,2416,321,3,9739.1
12302,14591,463,2,7898.4
12303,2119,201,1,7769.45
12304,5977,188,2,5330.51
12305,12065,15,2,3870.03
12306,6965,116,4,2672.92
12307,9360,381,4,3904.17
12308,9865,127,4,5911.04
12309,681,396,2,8634.83
12310,9376,410,2,9139.34
12311,5349,361,5,5463.67
12312,7512,378,1,3236.96
12313,8258,472,5,8162.55
12314,4729,180,3,7937.75
12315,1321,378,5,3236.96
12316,7241,193,4,1281.1
12317,9041,293,1,8242.9
12318,2265,46,2,8792.03
12319,3874,118,1,8743.3
12320,3587,108,5,1734.18
12321,11624,291,2,5087.5
12322,1257,460,1,4289.39
12323,5644,397,5,5628.09
12324,11686,263,4,2663.77
12325,4650,332,5,2539.39
12326,5385,302,3,256.64
12327,7719,472,1,8162.55
12328,6835,95,4,3387.4
12329,13049,315,1,7046.48
12330,221,280,1,7595.69
12331,11805,231,5,1578.47
12332,8834,253,3,6781.48
12333,5406,256,5,8632.64
12334,6820,381,5,3904.17
12335,3172,243,1,3831.51
12336,10247,126,1,2937.97
12337,7475,463,5,7898.4
12338,12339,493,5,5685.39
12339,3727,465,2,9276.0
12340,5538,449,1,7816.26
12341,5154,260,5,4925.88
12342,2174,355,1,8627.33
12343,9550,499,4,3186.27
12344,14538,1,5,6315.21
12345,9805,47,5,6387.23
12346,8832,256,4,8632.64
12347,14407,429,5,4716.21
12348,11671,115,1,8618.7
12349,3105,350,1,2158.61
12350,4105,68,2,4687.17
12351,13073,474,2,6301.48
12352,10082,35,2,1741.5
12353,7686,258,1,9737.13
12354,5045,428,3,1211.53
12355,749,141,4,1098.86
12356,9642,285,4,3933.55
12357,870,230,4,2678.09
12358,4361,321,4,9739.1
12359,2033,217,1,9900.58
12360,12671,345,3,7840.69
12361,1821,259,1,6946.2
12362,4162,118,2,8743.3
12363,6546,331,4,1285.58
12364,3246,277,3,2568.61
12365,4226,150,1,5507.66
12366,949,225,1,1137.36
12367,7241,461,4,798.26
12368,12648,89,1,2158.02
12369,10513,266,3,4135.03
12370,6103,406,5,5823.84
12371,3019,285,5,3933.55
12372,2132,428,3,1211.53
12373,6146,124,3,8055.13
12374,10161,474,1,6301.48
12375,12167,240,4,9176.21
12376,9098,436,5,6908.99
12377,11771,270,1,3515.69
12378,7875,110,1,1178.02
12379,13882,200,3,2884.6
12380,3312,255,4,8283.02
12381,6593,169,1,1462.57
12382,6376,175,1,8623.47
12383,4361,488,5,6635.81
12384,14615,312,1,7979.12
12385,4700,122,2,8180.09
12386,1512,89,2,2158.02
12387,2079,30,4,7899.0
12388,1442,53,3,7460.59
12389,14032,72,3,879.52
12390,2533,274,1,9374.58
12391,10829,175,2,8623.47
12392,11153,7,5,6834.18
12393,7649,110,1,1178.02
12394,1297,53,1,7460.59
12395,7664,34,1,4719.44
12396,5176,449,2,7816.26
12397,10247,22,3,1658.35
12398,1980,218,4,2942.56
12399,6649,308,3,3248.37
12400,343,335,1,1115.92
12401,13242,58,3,7243.02
12402,10818,311,3,7839.59
12403,2459,497,1,4248.99
12404,6337,289,2,6753.34
12405,11809,287,1,200.71
12406,2958,437,3,3675.25
12407,1726,71,4,1415.95
12408,6868,89,1,2158.02
12409,11569,351,2,5555.13
12410,8265,215,4,5828.57
12411,6740,362,5,9726.31
12412,6061,88,2,8219.74
12413,10324,198,2,946.71
12414,5948,236,4,8664.5
12415,7969,493,3,5685.39
12416,14691,275,4,8842.88
12417,730,104,3,4430.26
12418,55,358,1,3041.52
12419,4216,269,3,1141.26
12420,12360,447,2,2000.99
12421,7403,177,5,1840.37
12422,11728,277,2,2568.61
12423,13664,12,4,3492.99
12424,12813,323,1,1809.66
12425,864,248,5,5592.3
12426,383,175,4,8623.47
12427,6043,260,5,4925.88
12428,11625,360,3,8818.48
12429,6876,160,4,451.76
12430,12095,291,1,5087.5
12431,5084,316,4,5796.51
12432,11342,431,3,7429.75
12433,4449,325,4,4799.01
12434,7017,365,4,1850.05
12435,13882,121,3,4637.39
12436,7016,495,4,6702.94
12437,4648,112,1,8874.43
12438,11002,84,5,8556.86
12439,12296,213,4,3800.6
12440,1034,175,5,8623.47
12441,7170,149,4,938.71
12442,9752,213,5,3800.6
12443,10651,387,3,7256.07
12444,6592,442,2,722.71
12445,14207,100,3,9593.58
12446,10120,382,2,2606.69
12447,9452,92,2,8797.95
12448,9735,81,5,3619.81
12449,10542,259,1,6946.2
12450,9002,470,2,7905.83
12451,12068,419,4,2984.31
12452,13515,11,5,1837.72
12453,8783,457,2,9921.34
12454,7363,324,4,2208.08
12455,6911,251,1,2903.35
12456,2900,269,1,1141.26
12457,11462,320,3,7113.73
12458,11859,310,4,5989.12
12459,10073,104,4,4430.26
12460,3077,385,4,9715.08
12461,10696,266,4,4135.03
12462,5998,494,5,3573.94
12463,4680,337,3,4035.25
12464,9420,331,2,1285.58
12465,6766,142,2,6545.75
12466,5216,60,5,8583.96
12467,4421,246,5,6536.29
12468,9142,47,2,6387.23
12469,5359,121,3,4637.39
12470,13748,329,4,1250.04
12471,4654,388,5,5482.96
12472,12069,404,5,3218.34
12473,2429,247,4,1511.4
12474,5784,141,5,1098.86
12475,5671,366,5,3897.58
12476,4432,446,4,9142.99
12477,12824,185,4,9608.72
12478,8016,264,5,9277.81
12479,14525,12,5,3492.99
12480,2363,88,3,8219.74
12481,1251,71,5,1415.95
12482,9601,448,4,5383.01
12483,5063,99,4,7770.51
12484,10716,463,4,7898.4
12485,1625,381,5,3904.17
12486,6967,298,3,8878.51
12487,13711,386,4,3146.12
12488,7486,298,1,8878.51
12489,9170,372,5,1234.45
12490,4060,220,4,4181.4
12491,14246,377,3,9039.51
12492,6689,118,2,8743.3
12493,8602,458,1,1066.87
12494,3896,8,1,6565.53
12495,11448,344,2,4696.35
12496,10211,113,2,9827.8
12497,10026,95,1,3387.4
12498,12672,226,2,2025.32
12499,9866,322,2,6758.75
12500,2065,286,3,8835.5
12501,1533,441,1,2052.86
12502,11421,50,4,9478.54
12503,11002,275,2,8842.88
12504,8896,285,1,3933.55
12505,1772,331,3,1285.58
12506,14901,394,2,6388.25
12507,10875,118,2,8743.3
12508,81,213,4,3800.6
12509,348,72,1,879.52
12510,539,141,1,1098.86
12511,4224,478,4,6425.58
12512,13346,156,2,7160.7
12513,3782,351,2,5555.13
12514,2677,451,2,5360.01
12515,5997,240,4,9176.21
12516,14683,164,5,8667.88
12517,11711,353,4,3759.57
12518,12391,430,4,5913.18
12519,13477,266,5,4135.03
12520,14601,386,5,3146.12
12521,1356,115,3,8618.7
12522,14492,152,5,9565.43
12523,10016,293,1,8242.9
12524,6095,278,4,8996.64
12525,1782,48,1,1838.87
12526,1193,345,4,7840.69
12527,731,86,4,4357.67
12528,3744,466,5,2173.99
12529,7035,300,3,1815.98
12530,9460,268,2,5811.88
12531,3374,496,2,2786.49
12532,9066,407,2,5006.35
12533,6376,224,5,3104.98
12534,6517,8,1,6565.53
12535,3955,419,2,2984.31
12536,14156,290,5,1424.2
12537,10010,197,4,6070.18
12538,13941,149,5,938.71
12539,6818,117,4,3613.97
12540,7523,59,4,3468.76
12541,1356,407,1,5006.35
12542,3584,95,5,3387.4
12543,922,400,4,8624.0
12544,14446,126,4,2937.97
12545,2368,54,5,7895.72
12546,14676,34,2,4719.44
12547,4644,118,3,8743.3
12548,13544,309,3,6463.56
12549,3258,65,1,7934.0
12550,4563,3,5,6914.47
12551,9363,291,2,5087.5
12552,12535,252,1,4660.57
12553,12021,167,2,4172.77
12554,1839,474,3,6301.48
12555,12137,201,5,7769.45
12556,8945,424,5,9131.51
12557,9887,88,4,8219.74
12558,9825,329,1,1250.04
12559,10433,352,1,4584.87
12560,1815,140,5,621.76
12561,2941,418,2,4286.55
12562,7490,83,2,9659.08
12563,1249,48,3,1838.87
12564,10355,374,4,9108.7
12565,4780,368,2,1767.74
12566,4719,401,4,276.76
12567,10263,204,1,5285.57
12568,5923,244,2,1081.56
12569,9362,88,5,8219.74
12570,3399,313,2,4182.64
12571,8511,173,5,3149.12
12572,5254,191,5,647.57
12573,7750,485,4,8787.67
12574,2041,150,3,5507.66
12575,10246,473,1,4297.32
12576,13725,368,1,1767.74
12577,8840,363,5,6816.26
12578,13404,80,1,7702.5
12579,11644,227,4,5782.67
12580,1556,117,4,3613.97
12581,1998,310,4,5989.12
12582,2934,415,1,2187.71
12583,1117,277,1,2568.61
12584,7444,259,2,6946.2
12585,13268,406,4,5823.84
12586,11242,306,1,9402.04
12587,6223,147,2,8276.67
12588,12953,437,3,3675.25
12589,8564,456,1,8200.2
12590,2722,361,3,5463.67
12591,11047,46,2,8792.03
12592,11393,362,1,9726.31
12593,2371,425,5,3696.53
12594,8856,215,4,5828.57
12595,4041,485,1,8787.67
12596,9272,69,3,8226.4
12597,2962,375,1,6848.53
12598,4793,12,4,3492.99
12599,1851,427,1,3259.85
12600,13336,322,5,6758.75
12601,574,268,1,5811.88
12602,10275,153,5,8748.36
12603,6803,427,4,3259.85
12604,2303,412,5,6068.19
12605,14493,390,2,1940.5
12606,10042,413,4,202.63
12607,7422,254,1,8610.26
12608,7672,310,5,5989.12
12609,3422,91,1,7135.75
12610,4972,451,2,5360.01
12611,10331,265,1,6606.49
12612,14996,434,1,3167.56
12613,3480,72,5,879.52
12614,11770,362,2,9726.31
12615,6627,210,5,4078.3
12616,8100,373,1,5173.76
12617,3360,306,3,9402.04
12618,2847,441,1,2052.86
12619,3718,48,5,1838.87
12620,11247,25,3,7621.45
12621,12718,233,2,4748.37
12622,7117,150,1,5507.66
12623,12337,211,2,9357.68
12624,10436,77,1,7226.24
12625,10303,224,5,3104.98
12626,2864,275,3,8842.88
12627,8466,376,1,258.42
12628,9043,390,3,1940.5
12629,1029,250,4,9260.34
12630,9669,227,2,5782.67
12631,13700,50,3,9478.54
12632,2035,96,5,2678.45
12633,301,4,3,1038.64
12634,11750,155,5,5690.41
12635,11483,166,4,5626.74
12636,5820,365,3,1850.05
12637,13947,132,2,426.52
12638,14685,403,3,4023.58
12639,609,256,1,8632.64
12640,4830,31,5,5680.54
12641,5931,444,1,7201.79
12642,14149,294,5,1759.3
12643,11547,186,2,7246.03
12644,11791,137,5,2848.21
12645,12521,353,1,3759.57
12646,7269,459,5,1906.15
12647,1032,305,5,4723.38
12648,7746,414,2,8456.47
12649,4161,81,1,3619.81
12650,1587,20,2,5418.04
12651,6545,227,5,5782.67
12652,8369,389,5,3380.61
12653,8439,351,2,5555.13
12654,9080,194,5,1359.67
12655,13757,343,5,3581.46
12656,10111,235,3,8300.53
12657,5608,281,2,2968.82
12658,1608,411,2,1314.33
12659,2192,173,3,3149.12
12660,8771,437,5,3675.25
12661,803,90,5,7785.19
12662,5633,396,3,8634.83
12663,8038,264,1,9277.81
12664,10745,239,3,1994.61
12665,13818,248,3,5592.3
12666,3682,310,2,5989.12
12667,13152,362,1,9726.31
12668,8652,174,3,7399.81
12669,13029,171,5,9757.17
12670,12956,363,5,6816.26
12671,3955,438,4,9206.62
12672,1868,474,4,6301.48
12673,1957,429,5,4716.21
12674,9107,361,4,5463.67
12675,9500,284,1,9324.98
12676,14761,264,5,9277.81
12677,2585,436,3,6908.99
12678,9994,362,5,9726.31
12679,6584,37,4,5308.22
12680,13305,282,3,6977.05
12681,1603,288,5,6906.22
12682,12432,202,4,9011.14
12683,13871,418,3,4286.55
12684,14636,445,3,4601.52
12685,14582,396,5,8634.83
12686,8955,294,3,1759.3
12687,5884,266,4,4135.03
12688,3191,402,1,2303.92
12689,14070,136,1,5846.66
12690,1916,118,5,8743.3
12691,10676,481,4,4000.0
12692,10651,474,5,6301.48
12693,5981,169,2,1462.57
12694,1239,119,2,3230.43
12695,10451,54,3,7895.72
12696,12094,78,2,3697.4
12697,1729,464,2,8934.52
12698,2978,269,4,1141.26
12699,6190,228,5,604.91
12700,5594,489,3,3207.62
12701,4738,270,5,3515.69
12702,12678,158,5,9478.85
12703,7431,364,4,9723.49
12704,1954,202,4,9011.14
12705,3827,24,1,8996.96
12706,8710,107,2,1494.13
12707,3332,192,5,8165.24
12708,11862,464,2,8934.52
12709,12176,218,1,2942.56
12710,13275,422,3,9215.56
12711,6963,364,5,9723.49
12712,3954,477,5,9150.54
12713,9415,451,5,5360.01
12714,4195,253,5,6781.48
12715,3848,150,1,5507.66
12716,12923,189,4,8899.99
12717,10235,234,2,5838.32
12718,909,275,2,8842.88
12719,2005,426,5,3257.04
12720,9920,400,4,8624.0
12721,6362,291,1,5087.5
12722,13362,32,1,5922.14
12723,11506,422,1,9215.56
12724,11231,267,2,9197.24
12725,6442,15,1,3870.03
12726,8706,326,2,8400.33
12727,4541,475,1,4830.58
12728,1,432,4,226.39
12729,13834,393,1,9148.93
12730,4113,159,1,1801.45
12731,1779,181,4,5638.45
12732,8285,288,5,6906.22
12733,2920,281,3,2968.82
12734,3080,132,3,426.52
12735,7724,87,3,2322.38
12736,9817,118,5,8743.3
12737,13113,431,5,7429.75
12738,13956,292,2,6604.75
12739,1972,131,5,884.97
12740,6367,454,2,3126.41
12741,6781,187,1,7403.39
12742,6603,177,5,1840.37
12743,3835,289,1,6753.34
12744,3546,65,3,7934.0
12745,9777,125,1,2911.91
12746,4122,84,2,8556.86
12747,10440,164,5,8667.88
12748,8359,142,2,6545.75
12749,6421,155,3,5690.41
12750,6557,483,5,9066.19
12751,14281,285,5,3933.55
12752,308,118,5,8743.3
12753,412,155,4,5690.41
12754,11762,424,4,9131.51
12755,9282,428,4,1211.53
12756,7278,444,1,7201.79
12757,3804,365,1,1850.05
12758,10045,163,4,1948.49
12759,7196,371,2,2310.72
12760,9403,236,5,8664.5
12761,4724,436,1,6908.99
12762,7971,464,1,8934.52
12763,12413,113,5,9827.8
12764,2803,468,2,4653.8
12765,2384,214,1,8463.2
12766,5702,357,3,6115.84
12767,12287,498,5,6884.43
12768,11172,62,3,2223.61
12769,6495,353,2,3759.57
12770,5861,353,4,3759.57
12771,6529,19,3,5022.81
12772,13804,432,3,226.39
12773,11603,29,3,3941.11
12774,2327,133,3,418.13
12775,9604,71,1,1415.95
12776,7670,152,2,9565.43
12777,6664,272,1,4556.48
12778,14473,107,2,1494.13
12779,1397,75,4,8352.41
12780,4214,307,3,4019.4
12781,11657,396,4,8634.83
12782,1354,196,4,3830.25
12783,2230,485,4,8787.67
12784,11649,423,1,5539.86
12785,6550,249,3,745.94
12786,2029,165,4,5790.97
12787,12803,292,3,6604.75
12788,10889,209,2,9837.59
12789,13918,382,2,2606.69
12790,3873,309,5,6463.56
12791,9438,254,3,8610.26
12792,10295,55,5,4706.61
12793,12664,296,1,3030.48
12794,14379,276,1,2146.27
12795,2178,371,3,2310.72
12796,6890,307,2,4019.4
12797,1086,425,3,3696.53
12798,7276,178,1,9950.37
12799,5170,230,4,2678.09
12800,2003,127,2,5911.04
12801,6994,452,4,7515.99
12802,14001,42,5,4497.14
12803,2347,475,1,4830.58
12804,12021,276,2,2146.27
12805,11727,450,1,6116.29
12806,10393,217,1,9900.58
12807,7781,82,4,6679.0
12808,9598,193,2,1281.1
12809,11592,389,4,3380.61
12810,1312,488,1,6635.81
12811,5971,199,5,8014.84
12812,10717,474,4,6301.48
12813,12448,208,5,8638.99
12814,12810,225,3,1137.36
12815,9400,55,5,4706.61
12816,2964,214,2,8463.2
12817,3125,379,2,6490.64
12818,9083,171,5,9757.17
12819,3241,5,3,6386.27
12820,3219,193,2,1281.1
12821,8420,162,5,9785.74
12822,4017,443,5,9035.35
12823,9372,240,3,9176.21
12824,11927,432,4,226.39
12825,9868,192,2,8165.24
12826,10335,487,3,6550.82
12827,8858,363,2,6816.26
12828,11925,86,4,4357.67
12829,4703,429,1,4716.21
12830,2862,96,4,2678.45
12831,8720,73,1,9210.64
12832,3841,297,5,6822.62
12833,11228,82,4,6679.0
12834,14645,333,1,3312.61
12835,10052,206,1,2172.19
12836,10239,237,1,5827.48
12837,8584,70,3,8962.34
12838,9252,176,3,8922.31
12839,60,149,3,938.71
12840,6969,227,3,5782.67
12841,5809,285,4,3933.55
12842,7450,90,4,7785.19
12843,14272,487,2,6550.82
12844,1350,329,1,1250.04
12845,8921,443,3,9035.35
12846,5581,374,2,9108.7
12847,7174,314,5,9504.99
12848,11356,68,3,4687.17
12849,387,255,5,8283.02
12850,14676,270,4,3515.69
12851,8546,350,4,2158.61
12852,12725,296,3,3030.48
12853,4955,275,5,8842.88
12854,14010,227,5,5782.67
12855,8491,30,1,7899.0
12856,517,57,5,6056.87
12857,12508,283,5,5067.19
12858,21,438,4,9206.62
12859,2872,110,3,1178.02
12860,8843,173,3,3149.12
12861,8226,201,2,7769.45
12862,6930,430,2,5913.18
12863,11077,441,2,2052.86
12864,13612,236,3,8664.5
12865,3580,136,4,5846.66
12866,14801,32,4,5922.14
12867,8227,228,3,604.91
12868,13094,289,4,6753.34
12869,7236,31,4,5680.54
12870,1384,256,3,8632.64
12871,9371,373,3,5173.76
12872,2248,319,5,3953.51
12873,10541,466,3,2173.99
12874,708,469,5,1716.73
12875,5362,292,3,6604.75
12876,5689,428,2,1211.53
12877,11229,396,1,8634.83
12878,14144,296,5,3030.48
12879,13229,66,3,6722.57
12880,1926,412,1,6068.19
12881,11477,168,5,1657.22
12882,9231,356,4,2763.96
12883,13121,429,1,4716.21
12884,11978,348,2,3047.9
12885,1916,492,3,9608.88
12886,3061,311,4,7839.59
12887,5426,46,5,8792.03
12888,11968,209,1,9837.59
12889,13999,484,3,322.48
12890,12327,457,5,9921.34
12891,3609,153,1,8748.36
12892,3197,363,5,6816.26
12893,10622,99,2,7770.51
12894,2838,117,1,3613.97
12895,13828,492,5,9608.88
12896,4151,424,5,9131.51
12897,1574,50,4,9478.54
12898,8538,371,4,2310.72
12899,4938,70,5,8962.34
12900,14693,186,1,7246.03
12901,5482,338,1,9668.48
12902,3869,278,3,8996.64
12903,12113,202,5,9011.14
12904,14715,364,3,9723.49
12905,10236,448,1,5383.01
12906,1879,206,2,2172.19
12907,9455,318,2,1060.93
12908,9991,323,2,1809.66
12909,1269,243,1,3831.51
12910,3742,136,3,5846.66
12911,6988,111,3,5010.75
12912,8562,281,2,2968.82
12913,2864,350,1,2158.61
12914,10842,116,3,2672.92
12915,7979,258,4,9737.13
12916,3139,118,3,8743.3
12917,10175,80,1,7702.5
12918,3888,317,5,9246.11
12919,9218,283,4,5067.19
12920,14952,336,1,7047.79
12921,2767,354,5,7095.06
12922,348,382,1,2606.69
12923,9141,477,3,9150.54
12924,14815,211,3,9357.68
12925,13394,125,4,2911.91
12926,9056,65,3,7934.0
12927,441,486,1,9524.97
12928,9919,282,5,6977.05
12929,11581,400,1,8624.0
12930,7192,127,1,5911.04
12931,2788,410,5,9139.34
12932,13775,136,5,5846.66
12933,10302,203,2,8511.61
12934,6458,353,1,3759.57
12935,14904,152,5,9565.43
12936,13676,41,3,6972.61
12937,14103,102,3,9476.14
12938,1755,469,1,1716.73
12939,11554,9,4,9075.61
12940,7670,480,3,5205.62
12941,12896,354,4,7095.06
12942,10334,127,5,5911.04
12943,10658,381,1,3904.17
12944,8956,184,3,3270.76
12945,11121,73,2,9210.64
12946,1114,386,1,3146.12
12947,3317,170,2,2257.83
12948,4165,388,4,5482.96
12949,13575,222,3,9786.82
12950,12839,102,2,9476.14
12951,3280,103,3,4032.63
12952,11698,273,4,6942.27
12953,4455,353,3,3759.57
12954,11375,317,4,9246.11
12955,14770,277,3,2568.61
12956,650,250,1,9260.34
12957,5789,133,3,418.13
12958,7241,394,2,6388.25
12959,433,185,1,9608.72
12960,4267,158,5,9478.85
12961,11430,329,2,1250.04
12962,12266,61,3,1207.44
12963,4152,192,5,8165.24
12964,10072,246,3,6536.29
12965,14739,170,2,2257.83
12966,8971,103,5,4032.63
12967,6986,455,1,1899.28
12968,7336,259,5,6946.2
12969,935,6,3,2683.41
12970,6023,340,5,3757.64
12971,5767,378,2,3236.96
12972,11417,113,3,9827.8
12973,1935,151,5,8809.81
12974,9642,416,3,6564.11
12975,13123,400,3,8624.0
12976,5588,463,4,7898.4
12977,9954,427,5,3259.85
12978,10334,390,5,1940.5
12979,11731,322,5,6758.75
12980,5357,65,5,7934.0
12981,4538,426,1,3257.04
12982,14332,183,3,5880.7
12983,2419,463,5,7898.4
12984,1236,455,2,1899.28
12985,9943,255,5,8283.02
12986,5890,269,1,1141.26
12987,180,346,2,5073.33
12988,11856,303,5,9299.69
12989,8182,2,4,732.43
12990,6241,22,5,1658.35
12991,3121,246,2,6536.29
12992,10713,357,4,6115.84
12993,13283,115,2,8618.7
12994,9880,191,1,647.57
12995,13167,430,3,5913.18
12996,1696,118,1,8743.3
12997,14426,292,5,6604.75
12998,2207,264,1,9277.81
12999,8676,53,1,7460.59
13000,989,369,2,8266.36
13001,9787,13,2,7258.78
13002,2627,476,5,7708.58
13003,3298,294,1,1759.3
13004,14472,250,3,9260.34
13005,14455,321,3,9739.1
13006,7681,72,3,879.52
13007,226,369,3,8266.36
13008,11662,273,4,6942.27
13009,2883,118,3,8743.3
13010,825,424,4,9131.51
13011,1433,158,3,9478.85
13012,8099,25,2,7621.45
13013,3448,391,3,245.15
13014,9662,474,1,6301.48
13015,14193,409,2,5767.52
13016,12781,342,3,6063.95
13017,10267,296,5,3030.48
13018,12364,487,3,6550.82
13019,4515,43,2,3765.59
13020,9650,197,2,6070.18
13021,12137,150,3,5507.66
13022,9964,3,4,6914.47
13023,4113,319,2,3953.51
13024,7365,450,1,6116.29
13025,9809,424,2,9131.51
13026,2445,392,5,557.07
13027,11757,428,2,1211.53
13028,3750,84,2,8556.86
13029,3961,438,4,9206.62
13030,3734,440,3,1392.66
13031,12137,158,4,9478.85
13032,6044,24,4,8996.96
13033,12402,414,4,8456.47
13034,13524,85,4,2064.18
13035,14973,325,1,4799.01
13036,8014,285,1,3933.55
13037,4725,468,1,4653.8
13038,6054,11,1,1837.72
13039,13085,309,3,6463.56
13040,3124,398,4,4962.95
13041,7163,161,1,8407.44
13042,9013,491,2,7055.9
13043,10241,276,3,2146.27
13044,10528,137,5,2848.21
13045,817,49,5,7978.95
13046,10845,391,3,245.15
13047,13429,54,1,7895.72
13048,8850,247,4,1511.4
13049,10208,16,2,8266.92
13050,5201,379,3,6490.64
13051,10223,399,1,5584.71
13052,2286,334,3,7620.87
13053,1826,47,3,6387.23
13054,7721,352,1,4584.87
13055,13084,260,1,4925.88
13056,9109,68,5,4687.17
13057,1364,27,3,6600.12
13058,13472,478,2,6425.58
13059,11274,264,2,9277.81
13060,10848,179,3,748.02
13061,2098,170,1,2257.83
13062,3664,161,3,8407.44
13063,13085,130,1,2180.26
13064,5684,363,4,6816.26
13065,7357,278,1,8996.64
13066,13794,142,5,6545.75
13067,14511,147,2,8276.67
13068,1540,454,3,3126.41
13069,14666,69,1,8226.4
13070,7255,47,5,6387.23
13071,13599,432,3,226.39
13072,14844,427,2,3259.85
13073,1917,41,4,6972.61
13074,5719,358,5,3041.52
13075,29,93,4,2028.54
13076,9319,110,3,1178.02
13077,9206,334,1,7620.87
13078,1954,59,1,3468.76
13079,8415,317,1,9246.11
13080,11406,324,4,2208.08
13081,638,481,5,4000.0
13082,12878,189,1,8899.99
13083,10058,15,5,3870.03
13084,8335,171,2,9757.17
13085,8015,486,1,9524.97
13086,10471,311,3,7839.59
13087,10231,390,3,1940.5
13088,9310,244,3,1081.56
13089,2726,440,2,1392.66
13090,10011,482,1,6578.94
13091,550,3,1,6914.47
13092,9368,225,3,1137.36
13093,13635,260,5,4925.88
13094,7561,367,1,2146.49
13095,3267,214,1,8463.2
13096,6393,422,2,9215.56
13097,4659,318,1,1060.93
13098,9186,182,2,576.46
13099,1201,112,4,8874.43
13100,8439,148,1,6826.23
13101,858,113,1,9827.8
13102,11514,143,2,5350.83
13103,8561,499,4,3186.27
13104,1768,275,2,8842.88
13105,3475,224,5,3104.98
13106,159,492,3,9608.88
13107,7014,319,3,3953.51
13108,8753,399,5,5584.71
13109,4454,248,4,5592.3
13110,1164,288,4,6906.22
13111,2663,280,4,7595.69
13112,8070,143,4,5350.83
13113,3146,417,3,1315.86
13114,7451,69,5,8226.4
13115,10766,430,3,5913.18
13116,9176,127,5,5911.04
13117,4281,333,4,3312.61
13118,6937,365,1,1850.05
13119,463,70,2,8962.34
13120,13231,348,1,3047.9
13121,343,484,1,322.48
13122,13137,151,2,8809.81
13123,95,29,4,3941.11
13124,12715,287,4,200.71
13125,11606,350,5,2158.61
13126,13948,440,5,1392.66
13127,3577,224,4,3104.98
13128,10927,416,3,6564.11
13129,14808,50,2,9478.54
13130,3912,316,1,5796.51
13131,6146,102,1,9476.14
13132,889,57,3,6056.87
13133,2644,69,2,8226.4
13134,6903,192,3,8165.24
13135,1649,226,1,2025.32
13136,2726,43,5,3765.59
13137,4246,384,5,7551.73
13138,9684,181,4,5638.45
13139,5935,444,5,7201.79
13140,12716,379,2,6490.64
13141,7429,388,3,5482.96
13142,11766,326,1,8400.33
13143,13903,473,5,4297.32
13144,3771,443,5,9035.35
13145,12764,239,3,1994.61
13146,12599,65,4,7934.0
13147,11101,430,4,5913.18
13148,14619,483,1,9066.19
13149,127,65,5,7934.0
13150,4604,329,4,1250.04
13151,3485,119,5,3230.43
13152,14690,313,5,4182.64
13153,7465,463,3,7898.4
13154,10056,467,4,2506.92
13155,1802,358,3,3041.52
13156,8886,442,5,722.71
13157,7069,137,5,2848.21
13158,2977,32,3,5922.14
13159,9253,257,3,2683.93
13160,8508,500,5,9839.38
13161,2364,95,5,3387.4
13162,9057,233,3,4748.37
13163,3283,169,2,1462.57
13164,11023,52,5,8643.0
13165,8652,480,3,5205.62
13166,11636,138,5,9993.87
13167,7456,347,3,5876.24
13168,4019,140,1,621.76
13169,10724,47,4,6387.23
13170,5016,25,4,7621.45
13171,1533,54,3,7895.72
13172,6097,112,1,8874.43
13173,6903,99,2,7770.51
13174,9348,328,1,8910.25
13175,11186,123,4,4560.68
13176,3779,114,3,3570.81
13177,2928,96,4,2678.45
13178,6461,498,3,6884.43
13179,9153,227,1,5782.67
13180,8505,345,5,7840.69
13181,11403,276,1,2146.27
13182,750,402,4,2303.92
13183,7518,384,5,7551.73
13184,10015,106,4,6259.39
13185,3290,439,2,3081.57
13186,5808,206,3,2172.19
13187,9060,46,1,8792.03
13188,14989,10,5,395.33
13189,5055,182,2,576.46
13190,14604,258,1,9737.13
13191,4193,87,5,2322.38
13192,14168,323,2,1809.66
13193,11609,162,5,9785.74
13194,8356,243,4,3831.51
13195,14032,487,2,6550.82
13196,4700,275,3,8842.88
13197,3873,182,4,576.46
13198,1830,328,3,8910.25
13199,9263,68,3,4687.17
13200,8506,191,3,647.57
13201,14355,92,1,8797.95
13202,4539,397,5,5628.09
13203,4610,411,1,1314.33
13204,13509,304,3,466.87
13205,5023,258,3,9737.13
13206,14114,428,2,1211.53
13207,1323,370,4,8466.61
13208,4442,241,1,9266.89
13209,51,64,1,3923.84
13210,14978,182,3,576.46
13211,12834,83,3,9659.08
13212,8480,251,2,2903.35
13213,4459,185,3,9608.72
13214,10553,389,2,3380.61
13215,12351,251,1,2903.35
13216,2032,345,4,7840.69
13217,8969,347,1,5876.24
13218,4430,42,4,4497.14
13219,8635,68,4,4687.17
13220,1256,335,5,1115.92
13221,532,168,4,1657.22
13222,6503,15,5,3870.03
13223,10001,448,1,5383.01
13224,1625,279,1,5378.36
13225,10149,60,2,8583.96
13226,14972,329,3,1250.04
13227,12835,61,5,1207.44
13228,353,74,2,199.13
13229,10714,56,1,7342.67
13230,8242,475,1,4830.58
13231,760,302,2,256.64
13232,3337,418,5,4286.55
13233,3474,370,5,8466.61
13234,14019,346,4,5073.33
13235,12660,179,5,748.02
13236,6938,338,1,9668.48
13237,5742,348,4,3047.9
13238,1758,391,4,245.15
13239,14082,57,5,6056.87
13240,3963,442,4,722.71
13241,12419,1,1,6315.21
13242,811,341,2,6881.86
13243,10979,21,1,9286.01
13244,14987,159,3,1801.45
13245,3383,388,1,5482.96
13246,14819,74,5,199.13
13247,7451,379,1,6490.64
13248,1373,243,5,3831.51
13249,11575,107,3,1494.13
13250,6683,247,3,1511.4
13251,6097,403,1,4023.58
13252,14321,33,2,968.15
13253,13238,13,3,7258.78
13254,8455,115,5,8618.7
13255,12049,369,2,8266.36
13256,2190,451,1,5360.01
13257,4820,315,5,7046.48
13258,11432,391,2,245.15
13259,12093,264,5,9277.81
13260,3814,482,1,6578.94
13261,346,235,1,8300.53
13262,14949,297,2,6822.62
13263,3764,263,4,2663.77
13264,5218,77,4,7226.24
13265,12063,437,2,3675.25
13266,14685,160,5,451.76
13267,6779,332,3,2539.39
13268,3112,240,5,9176.21
13269,7730,263,3,2663.77
13270,10648,466,4,2173.99
13271,4659,181,1,5638.45
13272,8279,491,3,7055.9
13273,12895,379,5,6490.64
13274,906,28,1,966.94
13275,2383,188,3,5330.51
13276,14573,128,1,1686.89
13277,5275,494,1,3573.94
13278,13299,201,1,7769.45
13279,8445,161,1,8407.44
13280,11783,231,5,1578.47
13281,11612,469,4,1716.73
13282,8586,103,3,4032.63
13283,14709,450,1,6116.29
13284,2681,482,2,6578.94
13285,294,473,1,4297.32
13286,14568,76,3,704.92
13287,7977,73,3,9210.64
13288,7490,456,2,8200.2
13289,14708,491,2,7055.9
13290,4199,235,4,8300.53
13291,11568,49,5,7978.95
13292,8104,198,4,946.71
13293,2354,365,2,1850.05
13294,551,89,5,2158.02
13295,4627,469,3,1716.73
13296,13026,54,1,7895.72
13297,3474,195,4,3311.18
13298,2020,158,1,9478.85
13299,13139,416,2,6564.11
13300,13397,95,4,3387.4
13301,12292,319,4,3953.51
13302,13418,104,3,4430.26
13303,4720,337,5,4035.25
13304,4517,267,1,9197.24
13305,14625,207,5,4423.45
13306,14952,483,1,9066.19
13307,3653,55,5,4706.61
13308,6112,349,5,4111.82
13309,3197,281,2,2968.82
13310,11146,246,3,6536.29
13311,3862,246,1,6536.29
13312,11900,370,3,8466.61
13313,14890,98,1,4922.59
13314,4230,370,5,8466.61
13315,12280,494,1,3573.94
13316,1277,11,4,1837.72
13317,5717,87,4,2322.38
13318,14667,150,4,5507.66
13319,7604,4,1,1038.64
13320,2387,42,2,4497.14
13321,8991,335,4,1115.92
13322,1104,278,5,8996.64
13323,12357,66,3,6722.57
13324,2326,39,4,3738.32
13325,611,339,2,9584.08
13326,12230,423,5,5539.86
13327,280,293,1,8242.9
13328,1829,354,5,7095.06
13329,6003,4,1,1038.64
13330,9243,297,3,6822.62
13331,591,341,5,6881.86
13332,9195,67,1,9629.35
13333,8294,140,5,621.76
13334,9174,174,4,7399.81
13335,2959,160,4,451.76
13336,4779,71,4,1415.95
13337,2815,126,3,2937.97
13338,11297,291,4,5087.5
13339,6515,241,2,9266.89
13340,438,492,3,9608.88
13341,8269,459,3,1906.15
13342,3203,177,3,1840.37
13343,13479,489,3,3207.62
13344,11122,493,3,5685.39
13345,8705,243,5,3831.51
13346,1817,147,3,8276.67
13347,14668,259,1,6946.2
13348,7322,123,4,4560.68
13349,3886,85,5,2064.18
13350,6087,498,4,6884.43
13351,12984,234,1,5838.32
13352,1673,458,2,1066.87
13353,10568,279,4,5378.36
13354,1552,166,4,5626.74
13355,594,478,5,6425.58
13356,7565,249,5,745.94
13357,6457,343,3,3581.46
13358,9194,204,3,5285.57
13359,11786,284,1,9324.98
13360,2959,436,3,6908.99
13361,3846,497,5,4248.99
13362,14195,316,4,5796.51
13363,3294,209,5,9837.59
13364,12898,417,4,1315.86
13365,14468,274,1,9374.58
13366,3466,291,2,5087.5
13367,11836,250,3,9260.34
13368,1257,20,3,5418.04
13369,6067,6,3,2683.41
13370,4953,2,3,732.43
13371,13749,203,3,8511.61
13372,812,43,2,3765.59
13373,12526,306,3,9402.04
13374,14060,158,3,9478.85
13375,4138,468,4,4653.8
13376,7653,499,2,3186.27
13377,380,323,5,1809.66
13378,12736,450,3,6116.29
13379,13473,298,4,8878.51
13380,14291,228,4,604.91
13381,14445,118,5,8743.3
13382,544,128,3,1686.89
13383,8330,245,3,8611.56
13384,12514,130,3,2180.26
13385,2278,39,2,3738.32
13386,6544,47,1,6387.23
13387,6264,353,3,3759.57
13388,9028,488,5,6635.81
13389,2499,348,2,3047.9
13390,1892,185,3,9608.72
13391,9887,193,5,1281.1
13392,221,87,5,2322.38
13393,3243,389,4,3380.61
13394,4488,128,2,1686.89
13395,4342,436,4,6908.99
13396,12068,34,1,4719.44
13397,13808,432,3,226.39
13398,5133,330,3,9882.58
13399,3130,149,3,938.71
13400,14249,293,5,8242.9
13401,5244,357,5,6115.84
13402,14082,140,5,621.76
13403,11950,77,3,7226.24
13404,2440,126,2,2937.97
13405,11623,468,3,4653.8
13406,6006,167,2,4172.77
13407,13256,282,1,6977.05
13408,7751,472,2,8162.55
13409,1279,118,1,8743.3
13410,53,491,1,7055.9
13411,2138,448,2,5383.01
13412,10964,409,3,5767.52
13413,13229,228,1,604.91
13414,3952,395,3,5403.61
13415,1083,65,5,7934.0
13416,7814,46,1,8792.03
13417,14488,38,5,4667.15
13418,4001,371,3,2310.72
13419,6391,361,1,5463.67
13420,1565,227,2,5782.67
13421,14886,161,3,8407.44
13422,13131,465,4,9276.0
13423,6259,164,1,8667.88
13424,11042,178,5,9950.37
13425,1579,292,5,6604.75
13426,5970,22,2,1658.35
13427,7691,398,5,4962.95
13428,13168,343,5,3581.46
13429,12592,373,5,5173.76
13430,9956,181,4,5638.45
13431,754,427,3,3259.85
13432,13293,340,1,3757.64
13433,2710,85,1,2064.18
13434,10503,25,3,7621.45
13435,10863,101,1,6090.24
13436,11384,407,2,5006.35
13437,10790,486,1,9524.97
13438,14537,366,2,3897.58
13439,4343,144,5,1912.27
13440,2234,230,4,2678.09
13441,3346,247,3,1511.4
13442,10045,268,5,5811.88
13443,2211,218,3,2942.56
13444,5351,120,1,8117.66
13445,7941,363,4,6816.26
13446,3012,332,3,2539.39
13447,4138,397,4,5628.09
13448,14044,69,3,8226.4
13449,1311,447,2,2000.99
13450,7027,53,2,7460.59
13451,9517,273,5,6942.27
13452,11631,406,4,5823.84
13453,9855,282,5,6977.05
13454,8639,63,3,5383.93
13455,14892,95,5,3387.4
13456,5226,385,2,9715.08
13457,14004,486,2,9524.97
13458,3573,451,1,5360.01
13459,9664,60,3,8583.96
13460,8134,66,1,6722.57
13461,7691,420,1,968.02
13462,7733,415,4,2187.71
13463,12810,290,3,1424.2
13464,7085,429,5,4716.21
13465,4437,31,5,5680.54
13466,1513,198,2,946.71
13467,6256,464,1,8934.52
13468,313,91,1,7135.75
13469,495,288,1,6906.22
13470,9044,36,3,5763.51
13471,8392,307,2,4019.4
13472,11273,219,2,6055.1
13473,4396,302,5,256.64
13474,14365,480,2,5205.62
13475,5517,411,2,1314.33
13476,6471,408,5,8941.62
13477,13993,266,4,4135.03
13478,9869,285,3,3933.55
13479,13282,36,1,5763.51
13480,7767,307,3,4019.4
13481,4429,81,2,3619.81
13482,3307,197,3,6070.18
13483,2542,187,3,7403.39
13484,11028,74,1,199.13
13485,11046,14,4,7643.58
13486,5425,286,4,8835.5
13487,3421,205,3,4022.8
13488,10085,153,1,8748.36
13489,345,340,2,3757.64
13490,8505,494,2,3573.94
13491,13505,449,1,7816.26
13492,3284,341,2,6881.86
13493,2730,480,2,5205.62
13494,4428,328,4,8910.25
13495,12345,173,4,3149.12
13496,9929,29,3,3941.11
13497,13703,370,1,8466.61
13498,6231,277,5,2568.61
13499,14186,138,2,9993.87
13500,7086,441,2,2052.86
13501,3914,369,5,8266.36
13502,6646,102,4,9476.14
13503,9844,477,2,9150.54
13504,7941,341,1,6881.86
13505,12492,291,4,5087.5
13506,8202,182,4,576.46
13507,7203,161,4,8407.44
13508,4933,421,5,8508.99
13509,3818,100,4,9593.58
13510,14597,273,4,6942.27
13511,1333,265,3,6606.49
13512,1085,33,5,968.15
13513,10535,135,3,5819.88
13514,11703,81,5,3619.81
13515,11909,218,2,2942.56
13516,6471,293,3,8242.9
13517,13363,108,5,1734.18
13518,1704,495,3,6702.94
13519,7018,248,2,5592.3
13520,12916,495,5,6702.94
13521,9444,34,3,4719.44
13522,13055,315,2,7046.48
13523,754,72,5,879.52
13524,13947,458,1,1066.87
13525,7627,192,5,8165.24
13526,348,112,5,8874.43
13527,13358,492,2,9608.88
13528,2936,117,4,3613.97
13529,1224,153,4,8748.36
13530,8918,428,3,1211.53
13531,13654,283,4,5067.19
13532,377,194,4,1359.67
13533,9168,306,1,9402.04
13534,2107,92,2,8797.95
13535,7978,483,3,9066.19
13536,11007,265,2,6606.49
13537,13583,359,4,4809.77
13538,2526,339,1,9584.08
13539,2046,113,4,9827.8
13540,3165,196,3,3830.25
13541,12476,320,4,7113.73
13542,6815,104,5,4430.26
13543,2281,490,4,1232.7
13544,5050,373,5,5173.76
13545,497,220,1,4181.4
13546,3192,264,3,9277.81
13547,625,131,3,884.97
13548,9685,331,3,1285.58
13549,10149,377,2,9039.51
13550,9248,137,4,2848.21
13551,13076,338,5,9668.48
13552,5433,43,2,3765.59
13553,4367,251,5,2903.35
13554,4972,195,1,3311.18
13555,10572,212,3,1848.43
13556,14153,66,2,6722.57
13557,1205,270,5,3515.69
13558,2702,356,1,2763.96
13559,1313,140,5,621.76
13560,7054,96,4,2678.45
13561,994,83,2,9659.08
13562,8749,221,5,3345.21
13563,3588,108,3,1734.18
13564,1500,251,4,2903.35
13565,8589,429,3,4716.21
13566,2493,336,2,7047.79
13567,7671,202,4,9011.14
13568,1754,18,1,1342.37
13569,14804,347,5,5876.24
13570,9775,270,2,3515.69
13571,2100,52,5,8643.0
13572,9955,87,1,2322.38
13573,4925,304,1,466.87
13574,4317,329,2,1250.04
13575,3256,197,1,6070.18
13576,6867,464,2,8934.52
13577,8216,346,1,5073.33
13578,10325,235,3,8300.53
13579,3978,214,5,8463.2
13580,7817,145,4,6422.41
13581,14941,202,2,9011.14
13582,9951,200,1,2884.6
13583,8816,190,2,1021.97
13584,5517,85,3,2064.18
13585,4664,459,5,1906.15
13586,2066,386,1,3146.12
13587,9416,429,5,4716.21
13588,12231,170,5,2257.83
13589,12182,281,4,2968.82
13590,2514,345,5,7840.69
13591,5415,196,4,3830.25
13592,1964,481,4,4000.0
13593,465,359,5,4809.77
13594,4474,73,5,9210.64
13595,13421,55,3,4706.61
13596,14148,120,3,8117.66
13597,5209,398,1,4962.95
13598,12114,379,1,6490.64
13599,896,54,5,7895.72
13600,5378,248,2,5592.3
13601,12686,324,5,2208.08
13602,8709,362,3,9726.31
13603,3053,169,3,1462.57
13604,11664,358,4,3041.52
13605,7586,70,1,8962.34
13606,6037,196,4,3830.25
13607,4867,240,5,9176.21
13608,9339,375,2,6848.53
13609,8568,226,3,2025.32
13610,8297,354,1,7095.06
13611,3057,390,1,1940.5
13612,14105,362,2,9726.31
13613,2625,470,5,7905.83
13614,8241,456,1,8200.2
13615,4489,93,5,2028.54
13616,8816,128,1,1686.89
13617,9556,468,2,4653.8
13618,6691,186,5,7246.03
13619,13354,408,1,8941.62
13620,2140,17,2,7305.81
13621,9388,462,5,9857.56
13622,13626,329,4,1250.04
13623,9756,287,4,200.71
13624,2993,424,3,9131.51
13625,14379,91,4,7135.75
13626,4342,5,1,6386.27
13627,3488,341,2,6881.86
13628,13353,472,2,8162.55
13629,11599,351,1,5555.13
13630,14284,369,2,8266.36
13631,2148,256,3,8632.64
13632,7262,352,4,4584.87
13633,5674,169,3,1462.57
13634,4133,375,2,6848.53
13635,3966,218,3,2942.56
13636,13921,421,5,8508.99
13637,11252,392,3,557.07
13638,10743,110,2,1178.02
13639,12267,259,1,6946.2
13640,5003,48,2,1838.87
13641,884,391,4,245.15
13642,8902,149,2,938.71
13643,1402,304,5,466.87
13644,10168,343,3,3581.46
13645,11502,468,2,4653.8
13646,12761,431,5,7429.75
13647,5208,248,2,5592.3
13648,5173,159,5,1801.45
13649,13558,180,4,7937.75
13650,562,25,3,7621.45
13651,2843,454,3,3126.41
13652,5561,196,1,3830.25
13653,7220,273,5,6942.27
13654,2747,208,5,8638.99
13655,13527,179,2,748.02
13656,10609,286,3,8835.5
13657,7434,146,5,4918.85
13658,3222,493,4,5685.39
13659,13275,204,5,5285.57
13660,444,438,5,9206.62
13661,7047,303,5,9299.69
13662,7886,470,2,7905.83
13663,3149,20,4,5418.04
13664,13530,201,1,7769.45
13665,9203,211,2,9357.68
13666,11606,82,5,6679.0
13667,1680,391,5,245.15
13668,68,347,2,5876.24
13669,1167,221,4,3345.21
13670,7672,460,5,4289.39
13671,127,414,3,8456.47
13672,13332,220,4,4181.4
13673,10581,236,4,8664.5
13674,11978,233,4,4748.37
13675,11457,288,2,6906.22
13676,3984,380,5,4507.23
13677,5590,372,5,1234.45
13678,2364,484,1,322.48
13679,3142,322,5,6758.75
13680,14786,283,1,5067.19
13681,8320,146,5,4918.85
13682,5097,194,2,1359.67
13683,5369,434,3,3167.56
13684,7398,419,1,2984.31
13685,7187,473,5,4297.32
13686,295,19,2,5022.81
13687,7430,403,1,4023.58
13688,7109,268,1,5811.88
13689,7867,14,3,7643.58
13690,2918,234,4,5838.32
13691,8949,417,3,1315.86
13692,14723,369,1,8266.36
13693,10099,361,2,5463.67
13694,5075,11,3,1837.72
13695,2502,166,4,5626.74
13696,13623,303,4,9299.69
13697,10823,444,3,7201.79
13698,6505,30,3,7899.0
13699,3050,395,1,5403.61
13700,8678,458,2,1066.87
13701,4361,333,2,3312.61
13702,10770,272,1,4556.48
13703,1202,257,3,2683.93
13704,13647,347,2,5876.24
13705,1635,450,2,6116.29
13706,11848,476,2,7708.58
13707,13597,3,3,6914.47
13708,1740,162,2,9785.74
13709,6486,144,5,1912.27
13710,11681,158,3,9478.85
13711,2074,412,5,6068.19
13712,9140,152,3,9565.43
13713,7792,25,1,7621.45
13714,12234,35,2,1741.5
13715,4215,440,4,1392.66
13716,4546,249,1,745.94
13717,2427,136,2,5846.66
13718,572,22,1,1658.35
13719,744,96,3,2678.45
13720,3473,135,2,5819.88
13721,11554,354,3,7095.06
13722,13551,57,1,6056.87
13723,14870,287,4,200.71
13724,10737,73,1,9210.64
13725,4654,189,2,8899.99
13726,8546,22,2,1658.35
13727,7067,206,1,2172.19
13728,11390,318,1,1060.93
13729,3682,344,2,4696.35
13730,9618,196,1,3830.25
13731,8906,287,1,200.71
13732,10969,264,5,9277.81
13733,11052,352,1,4584.87
13734,2114,461,4,798.26
13735,6393,230,5,2678.09
13736,13550,126,4,2937.97
13737,9098,194,1,1359.67
13738,5125,250,5,9260.34
13739,2934,79,5,9929.03
13740,12041,433,4,3027.9
13741,10153,4,5,1038.64
13742,5358,368,1,1767.74
13743,5681,37,5,5308.22
13744,14120,364,2,9723.49
13745,13718,113,2,9827.8
13746,1966,326,2,8400.33
13747,8903,303,4,9299.69
13748,1015,62,3,2223.61
13749,12066,400,5,8624.0
13750,10515,474,2,6301.48
13751,8983,460,1,4289.39
13752,4074,103,3,4032.63
13753,3885,223,3,6357.32
13754,11006,411,2,1314.33
13755,7659,48,3,1838.87
13756,7708,368,1,1767.74
13757,2104,204,1,5285.57
13758,13925,414,2,8456.47
13759,12804,439,5,3081.57
13760,795,294,2,1759.3
13761,2060,417,2,1315.86
13762,14156,461,1,798.26
13763,13020,293,3,8242.9
13764,9125,184,2,3270.76
13765,1461,83,5,9659.08
13766,9730,453,4,4809.05
13767,4548,121,4,4637.39
13768,8085,23,3,1685.18
13769,1856,356,1,2763.96
13770,10257,64,5,3923.84
13771,4148,110,3,1178.02
13772,7247,122,5,8180.09
13773,8156,34,3,4719.44
13774,8066,319,4,3953.51
13775,206,388,3,5482.96
13776,2147,298,3,8878.51
13777,7867,264,4,9277.81
13778,5812,159,4,1801.45
13779,9668,144,5,1912.27
13780,11639,443,2,9035.35
13781,800,359,5,4809.77
13782,11466,105,4,328.39
13783,9887,116,4,2672.92
13784,3229,479,3,9565.21
13785,2511,73,2,9210.64
13786,14451,448,5,5383.01
13787,7529,130,3,2180.26
13788,705,373,1,5173.76
13789,11827,72,2,879.52
13790,12954,347,1,5876.24
13791,12310,197,5,6070.18
13792,8434,330,3,9882.58
13793,5903,202,4,9011.14
13794,322,168,4,1657.22
13795,9221,471,2,3581.14
13796,6105,29,5,3941.11
13797,2764,53,4,7460.59
13798,1996,447,2,2000.99
13799,10367,142,4,6545.75
13800,11547,226,1,2025.32
13801,2950,218,1,2942.56
13802,9058,421,2,8508.99
13803,1928,493,2,5685.39
13804,5584,230,2,2678.09
13805,14303,35,3,1741.5
13806,13101,256,2,8632.64
13807,8272,379,4,6490.64
13808,8888,413,1,202.63
13809,1497,34,2,4719.44
13810,12212,190,1,1021.97
13811,1022,456,2,8200.2
13812,3748,112,1,8874.43
13813,13189,439,5,3081.57
13814,3757,242,2,7663.19
13815,413,60,2,8583.96
13816,7824,488,2,6635.81
13817,4732,197,2,6070.18
13818,6401,134,4,5480.33
13819,12637,330,2,9882.58
13820,9908,44,4,3917.55
13821,2478,361,4,5463.67
13822,13448,474,2,6301.48
13823,12963,397,5,5628.09
13824,11620,242,1,7663.19
13825,1319,404,2,3218.34
13826,12911,348,3,3047.9
13827,12267,357,5,6115.84
13828,12933,219,2,6055.1
13829,12324,421,2,8508.99
13830,5562,248,5,5592.3
13831,5593,497,2,4248.99
13832,10775,41,4,6972.61
13833,12899,187,5,7403.39
13834,2157,123,2,4560.68
13835,14013,368,4,1767.74
13836,14005,457,4,9921.34
13837,2075,142,4,6545.75
13838,5896,228,1,604.91
13839,3163,61,4,1207.44
13840,8249,175,5,8623.47
13841,10187,71,5,1415.95
13842,9025,123,1,4560.68
13843,11087,322,3,6758.75
13844,1172,374,4,9108.7
13845,7747,117,2,3613.97
13846,5319,268,3,5811.88
13847,9519,498,4,6884.43
13848,6108,324,5,2208.08
13849,10825,389,2,3380.61
13850,798,331,5,1285.58
13851,11435,500,4,9839.38
13852,14458,240,4,9176.21
13853,9739,291,4,5087.5
13854,4250,203,1,8511.61
13855,1528,297,1,6822.62
13856,802,253,5,6781.48
13857,159,33,4,968.15
13858,518,88,1,8219.74
13859,426,440,1,1392.66
13860,12197,9,2,9075.61
13861,5096,126,1,2937.97
13862,2477,327,4,9601.35
13863,10280,80,4,7702.5
13864,8471,280,3,7595.69
13865,267,213,5,3800.6
13866,5473,133,2,418.13
13867,3739,393,4,9148.93
13868,10905,51,4,8177.56
13869,3546,360,1,8818.48
13870,9244,181,2,5638.45
13871,14085,447,1,2000.99
13872,130,57,5,6056.87
13873,7029,82,3,6679.0
13874,10877,35,5,1741.5
13875,158,203,3,8511.61
13876,8110,42,2,4497.14
13877,354,180,3,7937.75
13878,4534,1,1,6315.21
13879,6031,337,4,4035.25
13880,7128,323,3,1809.66
13881,10563,310,4,5989.12
13882,1163,290,1,1424.2
13883,6225,444,1,7201.79
13884,12171,389,2,3380.61
13885,6341,295,5,8795.72
13886,10926,210,4,4078.3
13887,858,156,5,7160.7
13888,1127,402,4,2303.92
13889,13075,162,2,9785.74
13890,8860,283,1,5067.19
13891,9838,257,5,2683.93
13892,174,438,5,9206.62
13893,7003,176,2,8922.31
13894,13,484,3,322.48
13895,7265,400,4,8624.0
13896,5766,50,4,9478.54
13897,9816,232,4,3261.51
13898,3317,360,3,8818.48
13899,126,217,5,9900.58
13900,4655,108,2,1734.18
13901,9847,266,2,4135.03
13902,10652,467,2,2506.92
13903,5739,154,4,7802.63
13904,12677,378,2,3236.96
13905,6271,18,3,1342.37
13906,14734,209,4,9837.59
13907,1761,309,4,6463.56
13908,7490,47,5,6387.23
13909,5834,88,3,8219.74
13910,4444,105,3,328.39
13911,11414,249,2,745.94
13912,10027,9,5,9075.61
13913,1,95,1,3387.4
13914,2103,451,2,5360.01
13915,4400,296,3,3030.48
13916,2531,59,3,3468.76
13917,2744,228,4,604.91
13918,8624,422,5,9215.56
13919,6985,242,2,7663.19
13920,12718,367,3,2146.49
13921,2608,14,3,7643.58
13922,702,414,5,8456.47
13923,13119,16,5,8266.92
13924,11340,407,1,5006.35
13925,7633,191,2,647.57
13926,13302,431,2,7429.75
13927,13015,394,1,6388.25
13928,5099,226,1,2025.32
13929,5419,184,1,3270.76
13930,8214,415,1,2187.71
13931,3287,174,2,7399.81
13932,443,195,1,3311.18
13933,9500,158,5,9478.85
13934,3784,6,5,2683.41
13935,10584,37,2,5308.22
13936,11334,454,3,3126.41
13937,10611,208,3,8638.99
13938,11663,112,2,8874.43
13939,12514,249,4,745.94
13940,11544,145,3,6422.41
13941,9866,440,4,1392.66
13942,13414,458,2,1066.87
13943,11042,197,2,6070.18
13944,11732,193,5,1281.1
13945,6215,278,3,8996.64
13946,6739,82,2,6679.0
13947,13097,25,4,7621.45
13948,7062,202,2,9011.14
13949,13694,70,3,8962.34
13950,3389,299,4,4929.48
13951,10221,413,1,202.63
13952,1202,319,2,3953.51
13953,7778,463,4,7898.4
13954,656,58,5,7243.02
13955,12829,91,5,7135.75
13956,14671,192,1,8165.24
13957,11952,197,4,6070.18
13958,2520,164,5,8667.88
13959,3959,55,3,4706.61
13960,1412,81,4,3619.81
13961,14250,21,3,9286.01
13962,13010,166,3,5626.74
13963,11482,71,1,1415.95
13964,12483,330,2,9882.58
13965,4072,356,2,2763.96
13966,5266,380,4,4507.23
13967,4226,43,3,3765.59
13968,9217,22,5,1658.35
13969,10706,2,1,732.43
13970,6762,33,1,968.15
13971,2676,231,1,1578.47
13972,7856,482,4,6578.94
13973,12188,308,4,3248.37
13974,7129,89,3,2158.02
13975,7061,138,2,9993.87
13976,8631,449,4,7816.26
13977,12007,18,1,1342.37
13978,5147,311,3,7839.59
13979,7362,403,4,4023.58
13980,11639,188,1,5330.51
13981,2123,361,2,5463.67
13982,5768,499,2,3186.27
13983,9291,97,1,509.52
13984,14821,328,3,8910.25
13985,3046,147,4,8276.67
13986,13997,475,4,4830.58
13987,7440,498,5,6884.43
13988,14035,238,3,8127.0
13989,3526,58,3,7243.02
13990,1632,478,2,6425.58
13991,10728,16,4,8266.92
13992,12795,353,2,3759.57
13993,738,125,3,2911.91
13994,13266,271,5,9644.3
13995,1233,4,1,1038.64
13996,350,448,3,5383.01
13997,14088,413,5,202.63
13998,5475,244,3,1081.56
13999,5569,322,5,6758.75
14000,6986,126,3,2937.97
14001,13392,379,5,6490.64
14002,7318,389,1,3380.61
14003,11098,38,4,4667.15
14004,10123,113,2,9827.8
14005,14675,491,3,7055.9
14006,9862,279,4,5378.36
14007,10844,350,1,2158.61
14008,6644,250,3,9260.34
14009,11069,495,3,6702.94
14010,2549,134,5,5480.33
14011,7899,87,3,2322.38
14012,1336,84,1,8556.86
14013,11665,113,1,9827.8
14014,414,230,2,2678.09
14015,13686,124,2,8055.13
14016,14228,213,1,3800.6
14017,6970,59,3,3468.76
14018,4429,353,3,3759.57
14019,4694,276,4,2146.27
14020,7819,80,3,7702.5
14021,5181,113,4,9827.8
14022,6753,253,3,6781.48
14023,1786,180,3,7937.75
14024,11016,125,2,2911.91
14025,11924,476,4,7708.58
14026,5903,156,1,7160.7
14027,1502,173,4,3149.12
14028,1084,312,1,7979.12
14029,14650,127,1,5911.04
14030,5099,321,2,9739.1
14031,14077,61,1,1207.44
14032,7164,300,3,1815.98
14033,5439,374,5,9108.7
14034,6996,216,1,3464.18
14035,13871,374,5,9108.7
14036,13270,452,4,7515.99
14037,10354,358,5,3041.52
14038,14424,50,2,9478.54
14039,14554,93,5,2028.54
14040,12282,392,1,557.07
14041,10091,246,5,6536.29
14042,1387,242,5,7663.19
14043,9130,273,3,6942.27
14044,7426,63,3,5383.93
14045,8742,38,1,4667.15
14046,12510,92,3,8797.95
14047,2958,271,1,9644.3
14048,14026,373,3,5173.76
14049,4344,145,4,6422.41
14050,4848,191,4,647.57
14051,6746,400,3,8624.0
14052,8547,108,3,1734.18
14053,12483,235,1,8300.53
14054,12254,331,3,1285.58
14055,14855,494,1,3573.94
14056,7161,218,3,2942.56
14057,10,30,1,7899.0
14058,6483,496,1,2786.49
14059,2320,94,2,8180.15
14060,12403,445,4,4601.52
14061,2898,339,3,9584.08
14062,12463,53,1,7460.59
14063,2487,360,5,8818.48
14064,14846,39,1,3738.32
14065,504,125,2,2911.91
14066,7861,301,5,9862.65
14067,13642,270,4,3515.69
14068,2246,268,3,5811.88
14069,10368,77,1,7226.24
14070,1597,302,4,256.64
14071,4353,316,3,5796.51
14072,6794,99,2,7770.51
14073,3305,457,1,9921.34
14074,2990,429,4,4716.21
14075,1761,273,5,6942.27
14076,2293,463,1,7898.4
14077,11445,17,3,7305.81
14078,2349,387,4,7256.07
14079,7653,308,4,3248.37
14080,676,330,5,9882.58
14081,8230,339,2,9584.08
14082,2960,25,5,7621.45
14083,3111,269,3,1141.26
14084,3781,478,1,6425.58
14085,1017,356,3,2763.96
14086,869,393,3,9148.93
14087,11692,382,1,2606.69
14088,10029,362,5,9726.31
14089,7396,46,2,8792.03
14090,1530,449,4,7816.26
14091,5516,204,1,5285.57
14092,3450,450,3,6116.29
14093,1085,85,1,2064.18
14094,4839,299,4,4929.48
14095,10414,37,5,5308.22
14096,3067,395,4,5403.61
14097,2037,310,4,5989.12
14098,14398,74,5,199.13
14099,4966,324,3,2208.08
14100,685,164,2,8667.88
14101,6682,73,4,9210.64
14102,4997,2,4,732.43
14103,8341,272,2,4556.48
14104,5862,45,5,1218.3
14105,5948,119,5,3230.43
14106,3685,9,4,9075.61
14107,2524,72,4,879.52
14108,13630,29,2,3941.11
14109,4536,226,5,2025.32
14110,7813,185,3,9608.72
14111,2739,119,1,3230.43
14112,268,147,5,8276.67
14113,11404,253,3,6781.48
14114,4606,401,2,276.76
14115,14388,353,2,3759.57
14116,5621,415,2,2187.71
14117,8606,220,5,4181.4
14118,5875,37,4,5308.22
14119,12968,192,4,8165.24
14120,5159,360,2,8818.48
14121,6990,36,1,5763.51
14122,3812,133,3,418.13
14123,3714,227,1,5782.67
14124,8683,187,4,7403.39
14125,5766,346,2,5073.33
14126,14026,363,1,6816.26
14127,8375,421,3,8508.99
14128,8833,314,2,9504.99
14129,6772,192,2,8165.24
14130,8126,113,3,9827.8
14131,9016,251,5,2903.35
14132,1490,54,3,7895.72
14133,9747,487,5,6550.82
14134,89,453,5,4809.05
14135,12913,418,3,4286.55
14136,6597,290,5,1424.2
14137,5256,37,5,5308.22
14138,2901,88,5,8219.74
14139,2079,337,3,4035.25
14140,4980,301,5,9862.65
14141,4951,24,1,8996.96
14142,3425,281,4,2968.82
14143,13203,304,2,466.87
14144,3468,360,5,8818.48
14145,2788,197,1,6070.18
14146,5071,72,2,879.52
14147,1908,320,2,7113.73
14148,8903,115,3,8618.7
14149,1612,331,5,1285.58
14150,4208,499,4,3186.27
14151,1008,169,4,1462.57
14152,14396,320,5,7113.73
14153,7521,409,2,5767.52
14154,8178,290,2,1424.2
14155,9312,455,3,1899.28
14156,388,17,2,7305.81
14157,13835,315,3,7046.48
14158,9255,68,3,4687.17
14159,12312,241,2,9266.89
14160,10318,106,2,6259.39
14161,925,74,4,199.13
14162,12113,393,3,9148.93
14163,9708,445,5,4601.52
14164,3505,276,4,2146.27
14165,11001,143,4,5350.83
14166,12326,463,3,7898.4
14167,5775,222,3,9786.82
14168,4428,151,4,8809.81
14169,12027,138,4,9993.87
14170,14486,376,1,258.42
14171,1318,87,4,2322.38
14172,14719,146,5,4918.85
14173,3426,433,3,3027.9
14174,11887,89,5,2158.02
14175,11425,291,4,5087.5
14176,8733,71,1,1415.95
14177,1071,384,4,7551.73
14178,2680,339,4,9584.08
14179,8260,74,1,199.13
14180,12385,481,3,4000.0
14181,1677,156,2,7160.7
14182,10286,415,3,2187.71
14183,12879,488,2,6635.81
14184,4825,366,1,3897.58
14185,1808,195,5,3311.18
14186,374,57,2,6056.87
14187,2519,349,1,4111.82
14188,7705,122,5,8180.09
14189,12254,71,2,1415.95
14190,6037,465,2,9276.0
14191,14763,67,2,9629.35
14192,14297,266,1,4135.03
14193,1845,138,4,9993.87
14194,1176,363,1,6816.26
14195,3911,87,3,2322.38
14196,3443,428,4,1211.53
14197,1313,38,5,4667.15
14198,3590,7,3,6834.18
14199,2944,372,3,1234.45
14200,14628,137,4,2848.21
14201,9347,412,5,6068.19
14202,3817,333,2,3312.61
14203,13511,306,1,9402.04
14204,4799,57,4,6056.87
14205,12233,118,4,8743.3
14206,3724,242,2,7663.19
14207,1532,348,1,3047.9
14208,12110,92,5,8797.95
14209,4806,327,1,9601.35
14210,12306,92,1,8797.95
14211,10614,344,1,4696.35
14212,6275,289,4,6753.34
14213,12538,459,1,1906.15
14214,2657,48,2,1838.87
14215,11527,71,1,1415.95
14216,13925,340,2,3757.64
14217,5441,112,1,8874.43
14218,8274,296,3,3030.48
14219,7246,115,1,8618.7
14220,8521,463,1,7898.4
14221,9912,400,1,8624.0
14222,8568,27,4,6600.12
14223,12448,67,5,9629.35
14224,5569,15,2,3870.03
14225,13549,483,4,9066.19
14226,11501,127,5,5911.04
14227,11183,232,5,3261.51
14228,4183,435,2,9744.01
14229,7979,324,2,2208.08
14230,10980,488,3,6635.81
14231,2749,209,4,9837.59
14232,10033,269,1,1141.26
14233,10237,157,5,7290.81
14234,14320,340,4,3757.64
14235,454,430,5,5913.18
14236,9200,440,3,1392.66
14237,3087,140,2,621.76
14238,2802,195,4,3311.18
14239,5397,380,1,4507.23
14240,13757,437,4,3675.25
14241,8358,88,3,8219.74
14242,6031,429,1,4716.21
14243,14370,291,4,5087.5
14244,11451,118,3,8743.3
14245,10518,250,5,9260.34
14246,7414,485,4,8787.67
14247,4636,384,2,7551.73
14248,11569,180,2,7937.75
14249,13893,422,1,9215.56
14250,3857,375,4,6848.53
14251,125,235,4,8300.53
14252,11435,388,2,5482.96
14253,1252,392,4,557.07
14254,14421,86,1,4357.67
14255,6350,391,3,245.15
14256,14626,168,2,1657.22
14257,8147,72,5,879.52
14258,12308,368,5,1767.74
14259,11768,201,4,7769.45
14260,8386,309,1,6463.56
14261,11309,404,4,3218.34
14262,13852,419,4,2984.31
14263,8245,234,3,5838.32
14264,11433,131,1,884.97
14265,13778,495,1,6702.94
14266,4062,4,2,1038.64
14267,3513,60,2,8583.96
14268,2968,446,5,9142.99
14269,5043,490,2,1232.7
14270,13652,333,5,3312.61
14271,2527,365,5,1850.05
14272,1126,352,2,4584.87
14273,11061,240,2,9176.21
14274,5643,458,1,1066.87
14275,11186,218,5,2942.56
14276,3635,170,4,2257.83
14277,2376,260,4,4925.88
14278,6758,220,4,4181.4
14279,2616,34,1,4719.44
14280,3521,129,5,6571.12
14281,5762,127,2,5911.04
14282,5813,149,1,938.71
14283,4026,290,4,1424.2
14284,14045,191,4,647.57
14285,11757,468,5,4653.8
14286,12525,319,3,3953.51
14287,12887,414,1,8456.47
14288,12409,388,2,5482.96
14289,11823,35,2,1741.5
14290,8907,350,4,2158.61
14291,6443,483,4,9066.19
14292,2650,418,2,4286.55
14293,6241,401,5,276.76
14294,3153,495,5,6702.94
14295,10692,219,1,6055.1
14296,7885,395,3,5403.61
14297,4847,418,2,4286.55
14298,11679,324,4,2208.08
14299,8235,273,5,6942.27
14300,498,331,4,1285.58
14301,6323,449,1,7816.26
14302,4923,219,4,6055.1
14303,2233,336,1,7047.79
14304,10598,264,5,9277.81
14305,14952,67,5,9629.35
14306,8640,326,3,8400.33
14307,5109,133,2,418.13
14308,14692,435,2,9744.01
14309,4110,344,4,4696.35
14310,1445,291,1,5087.5
14311,10775,460,3,4289.39
14312,2389,45,4,1218.3
14313,13742,407,4,5006.35
14314,1786,18,2,1342.37
14315,9761,407,3,5006.35
14316,4122,182,1,576.46
14317,1169,403,1,4023.58
14318,1379,16,1,8266.92
14319,545,8,5,6565.53
14320,7968,351,4,5555.13
14321,10229,316,5,5796.51
14322,5404,471,1,3581.14
14323,12179,301,4,9862.65
14324,7184,406,3,5823.84
14325,12940,192,2,8165.24
14326,12114,484,1,322.48
14327,6040,314,2,9504.99
14328,672,301,2,9862.65
14329,8177,308,5,3248.37
14330,13406,334,2,7620.87
14331,1517,201,2,7769.45
14332,3670,73,4,9210.64
14333,1124,92,5,8797.95
14334,13351,296,1,3030.48
14335,11221,264,1,9277.81
14336,8001,160,3,451.76
14337,10119,267,2,9197.24
14338,1586,76,5,704.92
14339,1957,102,2,9476.14
14340,12304,94,4,8180.15
14341,3366,401,5,276.76
14342,2606,79,4,9929.03
14343,11511,320,3,7113.73
14344,14764,255,1,8283.02
14345,648,84,3,8556.86
14346,8761,71,2,1415.95
14347,8836,182,3,576.46
14348,3570,217,1,9900.58
14349,10594,306,5,9402.04
14350,11294,336,4,7047.79
14351,8868,93,4,2028.54
14352,12284,227,3,5782.67
14353,3942,303,4,9299.69
14354,3260,413,4,202.63
14355,10527,350,4,2158.61
14356,8497,375,3,6848.53
14357,13429,269,3,1141.26
14358,14579,33,4,968.15
14359,10875,409,5,5767.52
14360,1587,50,5,9478.54
14361,9499,420,1,968.02
14362,1889,130,4,2180.26
14363,6501,10,2,395.33
14364,6354,431,4,7429.75
14365,10345,265,2,6606.49
14366,1398,378,2,3236.96
14367,7174,10,3,395.33
14368,367,83,2,9659.08
14369,9604,213,2,3800.6
14370,4367,363,4,6816.26
14371,5278,273,5,6942.27
14372,14826,491,4,7055.9
14373,12439,78,5,3697.4
14374,8374,152,5,9565.43
14375,1542,70,2,8962.34
14376,12048,30,2,7899.0
14377,3046,395,3,5403.61
14378,6541,239,5,1994.61
14379,11116,374,5,9108.7
14380,5877,411,3,1314.33
14381,14621,305,3,4723.38
14382,5279,18,2,1342.37
14383,8620,350,3,2158.61
14384,1642,255,4,8283.02
14385,719,381,2,3904.17
14386,4228,181,3,5638.45
14387,35,493,2,5685.39
14388,13594,97,2,509.52
14389,2412,277,2,2568.61
14390,11781,422,5,9215.56
14391,13263,320,1,7113.73
14392,5491,259,2,6946.2
14393,14817,458,1,1066.87
14394,3527,182,5,576.46
14395,14762,33,4,968.15
14396,8303,119,4,3230.43
14397,3064,333,4,3312.61
14398,12812,120,1,8117.66
14399,11305,360,5,8818.48
14400,8246,60,2,8583.96
14401,12830,467,4,2506.92
14402,13640,208,5,8638.99
14403,6424,44,3,3917.55
14404,10964,237,4,5827.48
14405,7669,53,5,7460.59
14406,4415,384,5,7551.73
14407,13906,191,1,647.57
14408,616,494,3,3573.94
14409,5434,164,3,8667.88
14410,6909,436,1,6908.99
14411,13729,117,1,3613.97
14412,14497,66,3,6722.57
14413,11471,278,4,8996.64
14414,4246,407,4,5006.35
14415,6096,389,5,3380.61
14416,901,249,4,745.94
14417,4554,172,3,8002.21
14418,3946,295,4,8795.72
14419,10597,255,2,8283.02
14420,14076,147,5,8276.67
14421,3107,422,5,9215.56
14422,10641,226,1,2025.32
14423,2019,454,4,3126.41
14424,12326,414,5,8456.47
14425,9486,3,3,6914.47
14426,12814,338,1,9668.48
14427,10561,216,2,3464.18
14428,7172,377,3,9039.51
14429,4013,390,5,1940.5
14430,5873,254,1,8610.26
14431,12445,170,5,2257.83
14432,3658,445,3,4601.52
14433,8768,479,4,9565.21
14434,13306,45,2,1218.3
14435,7553,313,1,4182.64
14436,12027,343,2,3581.46
14437,3325,294,1,1759.3
14438,13311,152,1,9565.43
14439,3782,466,1,2173.99
14440,6441,66,2,6722.57
14441,3133,495,5,6702.94
14442,402,108,2,1734.18
14443,5809,93,4,2028.54
14444,10457,421,3,8508.99
14445,7324,142,5,6545.75
14446,3308,226,2,2025.32
14447,13921,479,1,9565.21
14448,10688,413,1,202.63
14449,10493,280,2,7595.69
14450,4702,454,5,3126.41
14451,4498,135,3,5819.88
14452,8986,215,5,5828.57
14453,13314,229,2,1133.55
14454,4317,191,2,647.57
14455,9969,111,4,5010.75
14456,9420,204,2,5285.57
14457,8037,20,3,5418.04
14458,5909,139,1,8246.2
14459,11902,64,4,3923.84
14460,4703,272,1,4556.48
14461,7614,140,3,621.76
14462,9512,299,2,4929.48
14463,2232,301,3,9862.65
14464,8251,51,2,8177.56
14465,14,494,5,3573.94
14466,8824,300,2,1815.98
14467,14665,257,1,2683.93
14468,1047,459,5,1906.15
14469,157,189,3,8899.99
14470,10859,365,5,1850.05
14471,12732,16,4,8266.92
14472,8922,119,1,3230.43
14473,4748,80,4,7702.5
14474,2231,87,3,2322.38
14475,4570,213,2,3800.6
14476,3002,195,4,3311.18
14477,11238,132,2,426.52
14478,12165,30,5,7899.0
14479,6141,136,5,5846.66
14480,10797,109,1,796.13
14481,6843,164,2,8667.88
14482,2552,431,1,7429.75
14483,4862,26,4,482.02
14484,10890,30,1,7899.0
14485,7390,266,2,4135.03
14486,6336,21,5,9286.01
14487,6076,500,1,9839.38
14488,8348,103,4,4032.63
14489,3503,226,5,2025.32
14490,8391,448,4,5383.01
14491,14679,394,4,6388.25
14492,6685,362,4,9726.31
14493,14475,48,4,1838.87
14494,7979,401,4,276.76
14495,9005,330,3,9882.58
14496,5337,84,3,8556.86
14497,10754,486,3,9524.97
14498,14806,183,5,5880.7
14499,8242,128,4,1686.89
14500,3784,465,1,9276.0
14501,1282,483,5,9066.19
14502,7826,281,2,2968.82
14503,6661,448,5,5383.01
14504,890,203,3,8511.61
14505,2422,208,5,8638.99
14506,13373,74,4,199.13
14507,6774,259,2,6946.2
14508,12085,23,2,1685.18
14509,3629,191,4,647.57
14510,9012,147,4,8276.67
14511,3158,341,2,6881.86
14512,2049,204,4,5285.57
14513,8583,434,3,3167.56
14514,924,191,4,647.57
14515,7388,338,4,9668.48
14516,694,88,3,8219.74
14517,7846,490,5,1232.7
14518,1389,90,4,7785.19
14519,4988,487,1,6550.82
14520,3638,325,5,4799.01
14521,728,168,5,1657.22
14522,12532,461,3,798.26
14523,1398,438,4,9206.62
14524,11736,283,1,5067.19
14525,10595,427,5,3259.85
14526,6931,357,4,6115.84
14527,7723,472,4,8162.55
14528,10152,434,1,3167.56
14529,12554,353,4,3759.57
14530,5536,263,1,2663.77
14531,3845,442,4,722.71
14532,14241,135,2,5819.88
14533,6683,346,3,5073.33
14534,7266,297,2,6822.62
14535,8146,94,3,8180.15
14536,3205,440,2,1392.66
14537,2501,407,3,5006.35
14538,572,85,5,2064.18
14539,5936,20,2,5418.04
14540,11040,306,4,9402.04
14541,10196,37,5,5308.22
14542,2229,101,2,6090.24
14543,7871,161,5,8407.44
14544,12410,337,5,4035.25
14545,11984,459,2,1906.15
14546,1451,58,2,7243.02
14547,6419,361,5,5463.67
14548,2804,364,5,9723.49
14549,14881,216,5,3464.18
14550,12171,469,2,1716.73
14551,8142,462,1,9857.56
14552,13019,362,1,9726.31
14553,1186,498,3,6884.43
14554,674,394,1,6388.25
14555,10936,473,3,4297.32
14556,13918,394,3,6388.25
14557,4165,55,3,4706.61
14558,11195,134,1,5480.33
14559,10369,110,3,1178.02
14560,5167,424,3,9131.51
14561,6345,151,4,8809.81
14562,6199,426,1,3257.04
14563,8513,430,1,5913.18
14564,11269,363,5,6816.26
14565,13023,208,5,8638.99
14566,12435,72,3,879.52
14567,2057,139,1,8246.2
14568,5767,299,3,4929.48
14569,5795,150,2,5507.66
14570,1930,260,4,4925.88
14571,12894,15,5,3870.03
14572,5802,224,1,3104.98
14573,12758,278,1,8996.64
14574,2257,19,5,5022.81
14575,6531,104,1,4430.26
14576,8737,36,4,5763.51
14577,13416,463,1,7898.4
14578,13593,48,1,1838.87
14579,3881,51,2,8177.56
14580,12230,281,3,2968.82
14581,8879,241,2,9266.89
14582,164,183,4,5880.7
14583,4521,56,2,7342.67
14584,7486,409,5,5767.52
14585,10476,435,3,9744.01
14586,11333,28,3,966.94
14587,4029,312,2,7979.12
14588,13371,130,4,2180.26
14589,7521,275,5,8842.88
14590,9955,351,3,5555.13
14591,14926,317,1,9246.11
14592,3360,358,2,3041.52
14593,5951,219,1,6055.1
14594,393,421,4,8508.99
14595,6899,232,3,3261.51
14596,8811,40,5,5521.2
14597,2628,185,4,9608.72
14598,1480,312,4,7979.12
14599,1508,426,5,3257.04
14600,696,450,4,6116.29
14601,1394,403,2,4023.58
14602,9872,166,5,5626.74
14603,14938,307,2,4019.4
14604,6541,123,3,4560.68
14605,6860,112,4,8874.43
14606,9497,491,1,7055.9
14607,2738,374,2,9108.7
14608,1516,427,1,3259.85
14609,10942,294,3,1759.3
14610,6852,157,1,7290.81
14611,9601,253,2,6781.48
14612,14968,414,4,8456.47
14613,8704,208,2,8638.99
14614,4710,400,2,8624.0
14615,11604,452,2,7515.99
14616,12423,86,1,4357.67
14617,9263,185,3,9608.72
14618,5975,344,2,4696.35
14619,14766,92,5,8797.95
14620,11566,84,5,8556.86
14621,2000,267,4,9197.24
14622,5667,205,2,4022.8
14623,2588,349,2,4111.82
14624,462,233,2,4748.37
14625,2716,365,1,1850.05
14626,8992,428,1,1211.53
14627,13131,249,3,745.94
14628,4346,369,2,8266.36
14629,14843,240,3,9176.21
14630,2674,214,4,8463.2
14631,2810,332,3,2539.39
14632,13702,447,5,2000.99
14633,3199,167,2,4172.77
14634,11346,121,5,4637.39
14635,6396,10,4,395.33
14636,7022,103,5,4032.63
14637,11287,265,5,6606.49
14638,14713,214,5,8463.2
14639,1259,491,2,7055.9
14640,4538,117,3,3613.97
14641,6680,143,1,5350.83
14642,9107,393,2,9148.93
14643,5830,79,3,9929.03
14644,11703,229,3,1133.55
14645,6915,86,2,4357.67
14646,2419,180,4,7937.75
14647,13182,483,1,9066.19
14648,5797,261,3,980.67
14649,13658,235,5,8300.53
14650,1228,289,4,6753.34
14651,11314,497,1,4248.99
14652,1523,102,2,9476.14
14653,9795,225,3,1137.36
14654,8878,196,4,3830.25
14655,7008,6,5,2683.41
14656,4975,417,2,1315.86
14657,10588,402,2,2303.92
14658,11339,107,2,1494.13
14659,4731,46,2,8792.03
14660,6653,338,1,9668.48
14661,1717,50,3,9478.54
14662,4831,298,1,8878.51
14663,6796,377,2,9039.51
14664,1159,329,2,1250.04
14665,13897,97,1,509.52
14666,11450,64,5,3923.84
14667,1905,170,3,2257.83
14668,13939,416,2,6564.11
14669,6202,325,5,4799.01
14670,3471,91,4,7135.75
14671,3808,427,1,3259.85
14672,7294,61,4,1207.44
14673,14587,76,3,704.92
14674,3476,336,4,7047.79
14675,9010,354,1,7095.06
14676,2183,249,5,745.94
14677,11960,430,4,5913.18
14678,8337,427,1,3259.85
14679,8549,278,3,8996.64
14680,8783,82,5,6679.0
14681,10532,56,5,7342.67
14682,5531,291,4,5087.5
14683,124,29,5,3941.11
14684,13239,91,2,7135.75
14685,10306,332,5,2539.39
14686,9130,312,2,7979.12
14687,7349,156,3,7160.7
14688,10337,458,5,1066.87
14689,1763,495,1,6702.94
14690,10538,381,1,3904.17
14691,1345,395,1,5403.61
14692,10222,415,2,2187.71
14693,13928,283,2,5067.19
14694,11204,63,2,5383.93
14695,12781,125,5,2911.91
14696,1793,359,2,4809.77
14697,5475,362,3,9726.31
14698,3448,453,3,4809.05
14699,2170,182,1,576.46
14700,3166,122,2,8180.09
14701,14838,404,1,3218.34
14702,13928,492,3,9608.88
14703,5922,166,2,5626.74
14704,12860,249,2,745.94
14705,4758,44,3,3917.55
14706,4621,420,3,968.02
14707,5076,297,4,6822.62
14708,3570,255,4,8283.02
14709,7085,187,5,7403.39
14710,4851,361,2,5463.67
14711,2308,349,3,4111.82
14712,9761,410,4,9139.34
14713,747,135,5,5819.88
14714,12802,333,1,3312.61
14715,5529,390,4,1940.5
14716,8936,500,4,9839.38
14717,7977,192,2,8165.24
14718,12246,334,1,7620.87
14719,8521,119,4,3230.43
14720,14375,85,1,2064.18
14721,11446,241,4,9266.89
14722,13219,378,1,3236.96
14723,6957,288,2,6906.22
14724,10657,41,1,6972.61
14725,2157,492,5,9608.88
14726,9990,252,4,4660.57
14727,9059,166,5,5626.74
14728,8076,134,5,5480.33
14729,5984,37,5,5308.22
14730,6236,54,2,7895.72
14731,547,138,1,9993.87
14732,159,350,5,2158.61
14733,14896,284,5,9324.98
14734,11445,250,1,9260.34
14735,12731,487,1,6550.82
14736,700,66,4,6722.57
14737,2465,410,3,9139.34
14738,4774,230,4,2678.09
14739,9520,192,5,8165.24
14740,5281,263,2,2663.77
14741,1947,150,2,5507.66
14742,9920,399,2,5584.71
14743,408,261,4,980.67
14744,11231,451,2,5360.01
14745,2572,147,3,8276.67
14746,5563,172,1,8002.21
14747,9758,9,4,9075.61
14748,14755,402,1,2303.92
14749,12805,264,1,9277.81
14750,1877,19,3,5022.81
14751,10842,464,1,8934.52
14752,2323,410,4,9139.34
14753,7586,236,5,8664.5
14754,856,161,4,8407.44
14755,14992,146,4,4918.85
14756,7979,162,1,9785.74
14757,276,69,1,8226.4
14758,25,362,1,9726.31
14759,11890,317,4,9246.11
14760,12040,325,5,4799.01
14761,11293,364,4,9723.49
14762,7565,316,5,5796.51
14763,4872,318,3,1060.93
14764,1090,338,4,9668.48
14765,9907,481,1,4000.0
14766,6933,448,2,5383.01
14767,9002,173,1,3149.12
14768,2173,369,3,8266.36
14769,4416,331,5,1285.58
14770,2686,44,3,3917.55
14771,5304,39,4,3738.32
14772,7753,4,1,1038.64
14773,12168,253,5,6781.48
14774,10514,36,1,5763.51
14775,13826,337,4,4035.25
14776,13802,341,5,6881.86
14777,14830,190,5,1021.97
14778,458,344,2,4696.35
14779,13626,336,1,7047.79
14780,802,495,4,6702.94
14781,10315,330,4,9882.58
14782,1636,126,3,2937.97
14783,9203,240,1,9176.21
14784,141,372,2,1234.45
14785,7395,191,3,647.57
14786,8076,472,5,8162.55
14787,5409,328,1,8910.25
14788,14984,301,4,9862.65
14789,11617,157,5,7290.81
14790,533,285,5,3933.55
14791,14029,69,5,8226.4
14792,4354,361,5,5463.67
14793,10197,135,4,5819.88
14794,2569,107,4,1494.13
14795,8330,78,3,3697.4
14796,9991,257,3,2683.93
14797,3946,270,4,3515.69
14798,13342,470,1,7905.83
14799,3104,492,1,9608.88
14800,10565,149,3,938.71
14801,5584,147,2,8276.67
14802,1402,452,5,7515.99
14803,13789,362,2,9726.31
14804,12265,131,1,884.97
14805,2848,385,4,9715.08
14806,7280,369,3,8266.36
14807,2844,46,4,8792.03
14808,10093,47,1,6387.23
14809,10997,345,4,7840.69
14810,1637,345,5,7840.69
14811,7989,29,1,3941.11
14812,14905,396,5,8634.83
14813,3957,308,4,3248.37
14814,10690,246,5,6536.29
14815,13219,66,1,6722.57
14816,13660,40,5,5521.2
14817,8991,9,1,9075.61
14818,2829,402,5,2303.92
14819,14374,232,5,3261.51
14820,10581,143,4,5350.83
14821,3880,188,4,5330.51
14822,13953,408,3,8941.62
14823,4525,40,1,5521.2
14824,5043,159,3,1801.45
14825,1948,100,4,9593.58
14826,2203,168,2,1657.22
14827,8544,248,1,5592.3
14828,5892,311,1,7839.59
14829,10274,346,2,5073.33
14830,5723,445,2,4601.52
14831,1300,25,5,7621.45
14832,14589,446,4,9142.99
14833,4925,165,5,5790.97
14834,12739,316,1,5796.51
14835,4087,185,3,9608.72
14836,8975,91,5,7135.75
14837,13110,91,4,7135.75
14838,10207,88,4,8219.74
14839,2351,496,1,2786.49
14840,2626,362,4,9726.31
14841,12575,407,3,5006.35
14842,2276,463,1,7898.4
14843,8227,298,2,8878.51
14844,8434,201,2,7769.45
14845,2020,169,2,1462.57
14846,1922,391,4,245.15
14847,3270,485,4,8787.67
14848,1800,462,2,9857.56
14849,1651,104,3,4430.26
14850,13352,69,3,8226.4
14851,3075,462,3,9857.56
14852,4264,466,5,2173.99
14853,5798,11,2,1837.72
14854,12522,321,2,9739.1
14855,8990,266,2,4135.03
14856,4486,154,4,7802.63
14857,10434,339,1,9584.08
14858,10531,424,3,9131.51
14859,2928,385,3,9715.08
14860,4888,414,4,8456.47
14861,12307,488,4,6635.81
14862,3051,433,3,3027.9
14863,6105,325,1,4799.01
14864,1609,190,1,1021.97
14865,11606,332,2,2539.39
14866,6810,216,5,3464.18
14867,1255,95,1,3387.4
14868,5396,42,2,4497.14
14869,9068,120,2,8117.66
14870,5766,440,2,1392.66
14871,10809,67,2,9629.35
14872,1658,342,3,6063.95
14873,2352,386,1,3146.12
14874,10467,271,1,9644.3
14875,657,220,1,4181.4
14876,11417,14,3,7643.58
14877,4045,169,2,1462.57
14878,1300,459,2,1906.15
14879,9315,214,1,8463.2
14880,6176,238,4,8127.0
14881,11950,194,3,1359.67
14882,6457,209,4,9837.59
14883,4541,212,4,1848.43
14884,3369,242,2,7663.19
14885,3561,185,3,9608.72
14886,10829,301,3,9862.65
14887,13482,213,3,3800.6
14888,11322,61,2,1207.44
14889,5786,447,4,2000.99
14890,8534,253,1,6781.48
14891,8812,344,3,4696.35
14892,14386,51,3,8177.56
14893,3786,47,2,6387.23
14894,6984,494,3,3573.94
14895,7292,78,4,3697.4
14896,9350,419,5,2984.31
14897,6173,126,2,2937.97
14898,10949,28,5,966.94
14899,179,416,5,6564.11
14900,272,443,1,9035.35
14901,11260,155,3,5690.41
14902,1413,236,5,8664.5
14903,10833,71,3,1415.95
14904,8190,267,1,9197.24
14905,7633,495,2,6702.94
14906,3720,112,5,8874.43
14907,9769,281,4,2968.82
14908,3154,40,2,5521.2
14909,6404,18,5,1342.37
14910,14661,89,3,2158.02
14911,2015,448,4,5383.01
14912,12748,466,1,2173.99
14913,5863,261,1,980.67
14914,13083,181,1,5638.45
14915,8920,103,1,4032.63
14916,2599,192,2,8165.24
14917,13557,37,2,5308.22
14918,6867,245,1,8611.56
14919,986,22,3,1658.35
14920,3587,121,2,4637.39
14921,7465,223,4,6357.32
14922,9700,244,4,1081.56
14923,2274,423,4,5539.86
14924,602,123,2,4560.68
14925,3698,445,1,4601.52
14926,10684,490,5,1232.7
14927,8203,180,5,7937.75
14928,4540,397,3,5628.09
14929,436,384,1,7551.73
14930,12205,97,2,509.52
14931,9321,168,3,1657.22
14932,5540,299,1,4929.48
14933,3767,59,2,3468.76
14934,6914,454,1,3126.41
14935,1416,391,1,245.15
14936,7658,423,4,5539.86
14937,9781,26,3,482.02
14938,2412,329,4,1250.04
14939,9944,490,1,1232.7
14940,1487,297,5,6822.62
14941,4249,114,1,3570.81
14942,11935,482,4,6578.94
14943,4237,431,4,7429.75
14944,1572,175,3,8623.47
14945,13918,246,5,6536.29
14946,3784,471,4,3581.14
14947,3221,420,5,968.02
14948,6962,493,3,5685.39
14949,4139,443,2,9035.35
14950,8862,74,4,199.13
14951,1012,351,1,5555.13
14952,13531,398,2,4962.95
14953,14919,358,1,3041.52
14954,6687,437,5,3675.25
14955,14186,387,3,7256.07
14956,9180,224,5,3104.98
14957,7747,339,4,9584.08
14958,1505,76,5,704.92
14959,2821,349,1,4111.82
14960,2977,75,4,8352.41
14961,7749,53,4,7460.59
14962,11691,197,2,6070.18
14963,1900,219,3,6055.1
14964,12406,444,2,7201.79
14965,6510,310,4,5989.12
14966,11767,165,1,5790.97
14967,5968,200,5,2884.6
14968,13625,222,1,9786.82
14969,13671,494,5,3573.94
14970,6984,185,3,9608.72
14971,1376,68,1,4687.17
14972,13335,429,1,4716.21
14973,13319,328,5,8910.25
14974,5264,350,4,2158.61
14975,9713,195,1,3311.18
14976,5400,430,3,5913.18
14977,8998,269,2,1141.26
14978,14399,265,4,6606.49
14979,210,152,3,9565.43
14980,10260,320,3,7113.73
14981,1070,158,1,9478.85
14982,3076,207,5,4423.45
14983,3686,58,5,7243.02
14984,14317,167,2,4172.77
14985,3306,274,2,9374.58
14986,10671,90,3,7785.19
14987,11480,227,3,5782.67
14988,10868,152,2,9565.43
14989,2144,182,4,576.46
14990,3184,77,1,7226.24
14991,5092,19,5,5022.81
14992,12877,312,3,7979.12
14993,8060,180,5,7937.75
14994,8463,144,2,1912.27
14995,7123,463,4,7898.4
14996,8230,465,3,9276.0
14997,7929,219,1,6055.1
14998,9026,359,1,4809.77
14999,14649,128,1,1686.89
15000,11387,33,1,968.15
15001,3361,60,4,8583.96
15002,3296,294,2,1759.3
15003,2753,489,2,3207.62
15004,13586,184,2,3270.76
15005,11148,346,4,5073.33
15006,4467,110,1,1178.02
15007,6404,417,5,1315.86
15008,5530,173,1,3149.12
15009,9148,36,5,5763.51
15010,558,315,5,7046.48
15011,14630,303,2,9299.69
15012,2131,426,5,3257.04
15013,7305,245,2,8611.56
15014,3810,141,3,1098.86
15015,6653,221,5,3345.21
15016,8557,180,3,7937.75
15017,7649,120,2,8117.66
15018,5252,466,1,2173.99
15019,12681,326,3,8400.33
15020,5671,408,1,8941.62
15021,8327,169,3,1462.57
15022,415,169,2,1462.57
15023,2648,206,2,2172.19
15024,6600,251,2,2903.35
15025,4749,283,3,5067.19
15026,1679,209,5,9837.59
15027,688,330,1,9882.58
15028,1375,331,1,1285.58
15029,6556,61,5,1207.44
15030,11160,446,2,9142.99
15031,13516,27,2,6600.12
15032,10910,55,1,4706.61
15033,9135,306,1,9402.04
15034,2345,82,3,6679.0
15035,11852,137,4,2848.21
15036,14638,324,4,2208.08
15037,889,319,2,3953.51
15038,6610,14,4,7643.58
15039,2946,226,4,2025.32
15040,5280,499,2,3186.27
15041,5696,498,2,6884.43
15042,2551,285,4,3933.55
15043,13566,476,3,7708.58
15044,10501,52,2,8643.0
15045,3597,235,3,8300.53
15046,5543,307,5,4019.4
15047,6385,357,4,6115.84
15048,10742,293,5,8242.9
15049,1408,355,3,8627.33
15050,4867,254,3,8610.26
15051,7687,32,5,5922.14
15052,5690,345,4,7840.69
15053,11158,189,1,8899.99
15054,10754,222,1,9786.82
15055,7301,444,1,7201.79
15056,8203,469,2,1716.73
15057,11812,166,4,5626.74
15058,8106,6,4,2683.41
15059,10385,42,2,4497.14
15060,8841,209,4,9837.59
15061,14498,406,4,5823.84
15062,7562,17,1,7305.81
15063,11067,222,3,9786.82
15064,861,128,2,1686.89
15065,5722,242,1,7663.19
15066,14942,50,1,9478.54
15067,3880,493,3,5685.39
15068,4943,209,4,9837.59
15069,5232,1,1,6315.21
15070,5390,103,5,4032.63
15071,14482,325,2,4799.01
15072,7617,411,5,1314.33
15073,2913,134,5,5480.33
15074,206,151,2,8809.81
15075,856,4,3,1038.64
15076,8124,71,3,1415.95
15077,1100,196,3,3830.25
15078,12293,365,5,1850.05
15079,7192,425,2,3696.53
15080,13192,491,4,7055.9
15081,4974,419,5,2984.31
15082,13116,364,4,9723.49
15083,4055,312,1,7979.12
15084,8321,324,2,2208.08
15085,9440,277,5,2568.61
15086,11077,472,2,8162.55
15087,7270,493,2,5685.39
15088,2928,200,3,2884.6
15089,10834,66,1,6722.57
15090,11201,210,4,4078.3
15091,1865,115,1,8618.7
15092,1610,449,1,7816.26
15093,6733,376,4,258.42
15094,10776,403,2,4023.58
15095,12293,488,2,6635.81
15096,289,407,4,5006.35
15097,10197,9,2,9075.61
15098,4467,171,4,9757.17
15099,12083,474,5,6301.48
15100,3238,154,1,7802.63
15101,8432,30,3,7899.0
15102,784,430,2,5913.18
15103,65,436,5,6908.99
15104,12400,500,5,9839.38
15105,8320,218,3,2942.56
15106,603,155,4,5690.41
15107,1461,450,2,6116.29
15108,8562,47,5,6387.23
15109,12031,192,5,8165.24
15110,3722,278,3,8996.64
15111,4626,471,4,3581.14
15112,8571,141,4,1098.86
15113,7962,490,3,1232.7
15114,1172,119,2,3230.43
15115,6057,436,4,6908.99
15116,4722,290,2,1424.2
15117,7889,337,5,4035.25
15118,10828,370,2,8466.61
15119,14447,36,5,5763.51
15120,2312,15,5,3870.03
15121,12885,322,3,6758.75
15122,2117,389,5,3380.61
15123,11282,16,4,8266.92
15124,6656,213,4,3800.6
15125,11135,124,5,8055.13
15126,11237,360,2,8818.48
15127,10401,462,2,9857.56
15128,9130,358,4,3041.52
15129,2191,327,4,9601.35
15130,3811,278,3,8996.64
15131,751,130,5,2180.26
15132,6672,341,4,6881.86
15133,5684,133,5,418.13
15134,6486,81,4,3619.81
15135,9229,91,1,7135.75
15136,6347,278,4,8996.64
15137,2642,471,2,3581.14
15138,6052,488,5,6635.81
15139,10669,314,3,9504.99
15140,7511,343,4,3581.46
15141,11129,14,5,7643.58
15142,13637,106,4,6259.39
15143,5460,62,2,2223.61
15144,1625,270,5,3515.69
15145,3000,193,1,1281.1
15146,4824,59,1,3468.76
15147,14042,240,1,9176.21
15148,14111,420,3,968.02
15149,2062,330,3,9882.58
15150,13685,294,4,1759.3
15151,10963,269,1,1141.26
15152,14682,407,2,5006.35
15153,13583,239,1,1994.61
15154,3959,153,1,8748.36
15155,8636,5,2,6386.27
15156,11876,163,2,1948.49
15157,9231,164,3,8667.88
15158,314,58,4,7243.02
15159,9469,359,3,4809.77
15160,8882,212,4,1848.43
15161,11151,331,3,1285.58
15162,1069,188,2,5330.51
15163,9731,214,5,8463.2
15164,4114,290,5,1424.2
15165,8792,401,5,276.76
15166,8423,308,2,3248.37
15167,13348,369,2,8266.36
15168,2671,311,1,7839.59
15169,7558,321,1,9739.1
15170,6650,80,2,7702.5
15171,13658,160,1,451.76
15172,8752,343,2,3581.46
15173,8530,240,3,9176.21
15174,14796,375,5,6848.53
15175,12046,58,3,7243.02
15176,12114,152,2,9565.43
15177,8342,82,3,6679.0
15178,7443,227,2,5782.67
15179,5535,121,3,4637.39
15180,10845,172,1,8002.21
15181,4175,13,1,7258.78
15182,6543,445,5,4601.52
15183,12706,234,2,5838.32
15184,14300,492,4,9608.88
15185,13120,477,2,9150.54
15186,12982,235,5,8300.53
15187,7094,377,3,9039.51
15188,14574,119,4,3230.43
15189,9975,96,1,2678.45
15190,7718,137,4,2848.21
15191,11261,476,2,7708.58
15192,5798,23,1,1685.18
15193,4748,250,4,9260.34
15194,5532,171,3,9757.17
15195,10870,20,3,5418.04
15196,14204,465,1,9276.0
15197,12565,371,4,2310.72
15198,5538,248,1,5592.3
15199,1870,319,1,3953.51
15200,11377,265,1,6606.49
15201,2254,254,4,8610.26
15202,5780,116,3,2672.92
15203,12211,157,4,7290.81
15204,13157,327,5,9601.35
15205,9479,95,3,3387.4
15206,3012,93,3,2028.54
15207,5885,269,3,1141.26
15208,10249,213,1,3800.6
15209,6335,76,3,704.92
15210,3009,41,3,6972.61
15211,14152,176,5,8922.31
15212,2650,60,1,8583.96
15213,11180,257,3,2683.93
15214,14146,459,4,1906.15
15215,10734,295,3,8795.72
15216,4914,412,1,6068.19
15217,3985,54,1,7895.72
15218,940,405,3,3026.74
15219,5711,121,3,4637.39
15220,30,1,5,6315.21
15221,7044,215,2,5828.57
15222,13246,265,5,6606.49
15223,8873,209,3,9837.59
15224,3435,89,1,2158.02
15225,12564,296,3,3030.48
15226,8500,164,3,8667.88
15227,6895,159,5,1801.45
15228,1725,166,5,5626.74
15229,12117,211,5,9357.68
15230,11008,204,2,5285.57
15231,12259,454,1,3126.41
15232,1109,361,4,5463.67
15233,13473,30,1,7899.0
15234,244,17,4,7305.81
15235,6582,299,4,4929.48
15236,7906,72,1,879.52
15237,5147,165,4,5790.97
15238,6167,476,5,7708.58
15239,6511,180,2,7937.75
15240,5088,475,3,4830.58
15241,12480,333,4,3312.61
15242,3663,201,5,7769.45
15243,6683,260,2,4925.88
15244,8925,111,3,5010.75
15245,7064,75,3,8352.41
15246,5350,438,2,9206.62
15247,7053,319,3,3953.51
15248,3631,289,5,6753.34
15249,3126,175,3,8623.47
15250,12639,437,1,3675.25
15251,8096,66,1,6722.57
15252,7522,350,1,2158.61
15253,9029,344,2,4696.35
15254,9374,197,5,6070.18
15255,14608,116,5,2672.92
15256,8869,44,1,3917.55
15257,3724,188,4,5330.51
15258,6371,415,4,2187.71
15259,3489,481,5,4000.0
15260,11355,363,2,6816.26
15261,9236,130,5,2180.26
15262,13644,17,1,7305.81
15263,7969,415,1,2187.71
15264,13888,228,3,604.91
15265,2695,137,5,2848.21
15266,13330,54,3,7895.72
15267,7348,114,4,3570.81
15268,9804,498,4,6884.43
15269,933,161,5,8407.44
15270,7113,252,4,4660.57
15271,13526,395,1,5403.61
15272,11678,110,1,1178.02
15273,7391,208,4,8638.99
15274,1346,375,5,6848.53
15275,12110,171,3,9757.17
15276,772,278,3,8996.64
15277,9409,425,4,3696.53
15278,9266,248,1,5592.3
15279,4922,365,3,1850.05
15280,12627,478,2,6425.58
15281,6355,442,5,722.71
15282,11423,78,1,3697.4
15283,5537,215,4,5828.57
15284,3080,400,5,8624.0
15285,5438,19,3,5022.81
15286,6075,219,1,6055.1
15287,12639,37,1,5308.22
15288,6636,458,5,1066.87
15289,8559,500,3,9839.38
15290,10430,490,2,1232.7
15291,7313,404,4,3218.34
15292,5126,225,4,1137.36
15293,6313,486,1,9524.97
15294,11747,83,3,9659.08
15295,14834,492,2,9608.88
15296,4046,274,2,9374.58
15297,11216,162,1,9785.74
15298,11390,451,4,5360.01
15299,14424,52,4,8643.0
15300,13884,493,5,5685.39
15301,7369,169,1,1462.57
15302,6370,211,1,9357.68
15303,4174,394,2,6388.25
15304,1782,295,4,8795.72
15305,3172,437,4,3675.25
15306,10150,203,1,8511.61
15307,9837,95,5,3387.4
15308,14064,426,3,3257.04
15309,5312,122,4,8180.09
15310,6048,32,5,5922.14
15311,13192,384,4,7551.73
15312,7004,128,2,1686.89
15313,1042,124,1,8055.13
15314,4220,64,1,3923.84
15315,12960,29,5,3941.11
15316,9625,492,3,9608.88
15317,13015,476,2,7708.58
15318,4965,68,3,4687.17
15319,10512,455,5,1899.28
15320,7674,346,4,5073.33
15321,11009,330,1,9882.58
15322,8636,276,2,2146.27
15323,3136,244,3,1081.56
15324,367,398,2,4962.95
15325,8199,496,1,2786.49
15326,11229,191,4,647.57
15327,2646,371,4,2310.72
15328,12076,441,5,2052.86
15329,9400,332,5,2539.39
15330,7122,56,4,7342.67
15331,670,281,3,2968.82
15332,13699,260,3,4925.88
15333,8450,112,3,8874.43
15334,1784,157,3,7290.81
15335,14986,13,2,7258.78
15336,12683,205,2,4022.8
15337,14607,249,5,745.94
15338,8341,71,1,1415.95
15339,14846,35,1,1741.5
15340,14023,309,4,6463.56
15341,5390,143,3,5350.83
15342,7143,170,5,2257.83
15343,6043,304,5,466.87
15344,6066,195,5,3311.18
15345,9371,245,4,8611.56
15346,4623,322,4,6758.75
15347,12777,478,2,6425.58
15348,8294,237,1,5827.48
15349,1779,100,4,9593.58
15350,13989,251,2,2903.35
15351,3627,435,5,9744.01
15352,1600,261,4,980.67
15353,2500,201,3,7769.45
15354,12130,478,5,6425.58
15355,7718,229,4,1133.55
15356,12727,113,1,9827.8
15357,6990,487,4,6550.82
15358,2582,306,5,9402.04
15359,11846,107,5,1494.13
15360,14564,271,4,9644.3
15361,9041,69,2,8226.4
15362,1185,467,1,2506.92
15363,12488,270,4,3515.69
15364,8255,419,5,2984.31
15365,2393,177,3,1840.37
15366,7128,271,5,9644.3
15367,6958,263,5,2663.77
15368,2594,263,4,2663.77
15369,8379,62,1,2223.61
15370,12551,335,2,1115.92
15371,3442,234,3,5838.32
15372,6619,324,1,2208.08
15373,5646,222,4,9786.82
15374,11634,205,4,4022.8
15375,12315,487,1,6550.82
15376,5019,201,2,7769.45
15377,10787,143,3,5350.83
15378,7029,187,3,7403.39
15379,9059,371,5,2310.72
15380,14204,419,3,2984.31
15381,7951,184,1,3270.76
15382,14691,256,3,8632.64
15383,11244,494,3,3573.94
15384,7199,198,3,946.71
15385,13803,34,1,4719.44
15386,13880,375,3,6848.53
15387,10131,260,1,4925.88
15388,2743,128,4,1686.89
15389,9501,275,3,8842.88
15390,8798,394,3,6388.25
15391,4548,408,2,8941.62
15392,4861,131,4,884.97
15393,6719,83,4,9659.08
15394,878,354,1,7095.06
15395,9687,498,2,6884.43
15396,3686,471,2,3581.14
15397,11164,254,5,8610.26
15398,4000,107,1,1494.13
15399,11050,330,2,9882.58
15400,9886,142,5,6545.75
15401,3901,202,2,9011.14
15402,3937,377,5,9039.51
15403,8678,341,5,6881.86
15404,11297,401,3,276.76
15405,11209,450,4,6116.29
15406,977,92,1,8797.95
15407,10223,4,2,1038.64
15408,3659,333,5,3312.61
15409,6823,275,1,8842.88
15410,11913,100,1,9593.58
15411,2316,475,3,4830.58
15412,8737,479,3,9565.21
15413,9516,57,2,6056.87
15414,1398,139,4,8246.2
15415,7017,347,3,5876.24
15416,10217,315,1,7046.48
15417,8682,437,4,3675.25
15418,12116,461,3,798.26
15419,4202,17,5,7305.81
15420,3678,218,4,2942.56
15421,2136,416,5,6564.11
15422,6022,385,1,9715.08
15423,5956,50,3,9478.54
15424,8739,495,2,6702.94
15425,855,304,1,466.87
15426,4043,287,3,200.71
15427,10633,406,2,5823.84
15428,10310,8,4,6565.53
15429,4359,315,5,7046.48
15430,11591,173,5,3149.12
15431,8454,87,5,2322.38
15432,3336,215,1,5828.57
15433,7967,304,5,466.87
15434,3694,376,1,258.42
15435,5912,204,1,5285.57
15436,8615,107,3,1494.13
15437,193,128,2,1686.89
15438,726,62,1,2223.61
15439,11464,336,4,7047.79
15440,12025,263,2,2663.77
15441,14860,353,1,3759.57
15442,1108,418,3,4286.55
15443,4921,380,2,4507.23
15444,11622,69,3,8226.4
15445,14593,342,3,6063.95
15446,10900,58,3,7243.02
15447,491,489,4,3207.62
15448,11453,149,1,938.71
15449,9309,154,4,7802.63
15450,12758,26,5,482.02
15451,10575,450,5,6116.29
15452,7908,385,3,9715.08
15453,9287,316,3,5796.51
15454,9121,57,3,6056.87
15455,13078,474,4,6301.48
15456,6929,430,4,5913.18
15457,1103,49,2,7978.95
15458,2094,297,5,6822.62
15459,6073,303,1,9299.69
15460,12968,331,1,1285.58
15461,9216,410,1,9139.34
15462,3939,174,2,7399.81
15463,13896,451,3,5360.01
15464,13969,329,3,1250.04
15465,8170,231,1,1578.47
15466,7431,184,5,3270.76
15467,12999,19,2,5022.81
15468,1405,96,3,2678.45
15469,10730,316,3,5796.51
15470,1609,385,4,9715.08
15471,7709,64,4,3923.84
15472,10214,341,1,6881.86
15473,10016,460,3,4289.39
15474,9320,142,4,6545.75
15475,2004,68,4,4687.17
15476,2835,220,5,4181.4
15477,10571,491,2,7055.9
15478,14919,300,5,1815.98
15479,12880,160,2,451.76
15480,14688,429,3,4716.21
15481,418,201,4,7769.45
15482,11744,159,4,1801.45
15483,11893,480,1,5205.62
15484,13561,243,1,3831.51
15485,4053,313,4,4182.64
15486,5820,468,2,4653.8
15487,1615,446,2,9142.99
15488,8738,493,4,5685.39
15489,57,227,1,5782.67
15490,12912,334,5,7620.87
15491,9147,420,3,968.02
15492,8620,135,1,5819.88
15493,1633,297,4,6822.62
15494,2312,237,2,5827.48
15495,7480,305,4,4723.38
15496,13191,111,3,5010.75
15497,11342,497,5,4248.99
15498,778,115,2,8618.7
15499,6378,27,2,6600.12
15500,10465,497,3,4248.99
15501,11429,84,1,8556.86
15502,10728,217,4,9900.58
15503,2845,16,2,8266.92
15504,14081,399,4,5584.71
15505,620,221,4,3345.21
15506,891,471,4,3581.14
15507,2947,62,3,2223.61
15508,5848,40,1,5521.2
15509,1487,277,2,2568.61
15510,7590,291,4,5087.5
15511,7196,477,5,9150.54
15512,5126,236,1,8664.5
15513,5798,345,3,7840.69
15514,4782,180,3,7937.75
15515,3104,416,2,6564.11
15516,4536,2,2,732.43
15517,14137,184,1,3270.76
15518,2586,383,4,5157.46
15519,11988,469,4,1716.73
15520,3744,75,2,8352.41
15521,13905,461,1,798.26
15522,5015,225,5,1137.36
15523,13886,135,5,5819.88
15524,2099,41,5,6972.61
15525,11510,33,4,968.15
15526,1016,156,4,7160.7
15527,8778,60,2,8583.96
15528,14679,13,2,7258.78
15529,14045,125,2,2911.91
15530,3779,268,4,5811.88
15531,2624,271,1,9644.3
15532,13240,60,4,8583.96
15533,9430,277,4,2568.61
15534,8886,48,5,1838.87
15535,12457,352,4,4584.87
15536,6375,366,2,3897.58
15537,13218,247,2,1511.4
15538,11338,439,3,3081.57
15539,7569,283,4,5067.19
15540,10421,121,5,4637.39
15541,8956,119,1,3230.43
15542,7166,164,1,8667.88
15543,5943,187,5,7403.39
15544,5375,186,3,7246.03
15545,7713,144,4,1912.27
15546,14004,362,2,9726.31
15547,12527,71,4,1415.95
15548,5293,498,3,6884.43
15549,8577,202,3,9011.14
15550,3839,325,3,4799.01
15551,11703,16,2,8266.92
15552,1919,254,1,8610.26
15553,2671,336,2,7047.79
15554,758,127,2,5911.04
15555,439,314,3,9504.99
15556,2175,413,5,202.63
15557,878,202,2,9011.14
15558,11199,116,2,2672.92
15559,14395,216,2,3464.18
15560,5512,135,3,5819.88
15561,8743,51,5,8177.56
15562,5415,313,2,4182.64
15563,9597,173,3,3149.12
15564,13086,386,3,3146.12
15565,12043,84,3,8556.86
15566,9778,229,3,1133.55
15567,4028,362,5,9726.31
15568,7511,109,2,796.13
15569,13012,207,2,4423.45
15570,10495,119,2,3230.43
15571,5051,202,4,9011.14
15572,13874,190,3,1021.97
15573,7494,173,2,3149.12
15574,14680,193,1,1281.1
15575,9677,189,4,8899.99
15576,14419,246,3,6536.29
15577,6396,179,4,748.02
15578,2585,207,1,4423.45
15579,14360,427,3,3259.85
15580,10864,53,4,7460.59
15581,9265,269,3,1141.26
15582,1457,170,5,2257.83
15583,1519,354,3,7095.06
15584,8490,243,4,3831.51
15585,11407,149,5,938.71
15586,3431,5,2,6386.27
15587,2004,20,4,5418.04
15588,12505,457,5,9921.34
15589,13758,115,4,8618.7
15590,5203,23,4,1685.18
15591,3147,452,3,7515.99
15592,11310,265,1,6606.49
15593,7880,366,4,3897.58
15594,12797,432,4,226.39
15595,2777,83,3,9659.08
15596,9107,327,3,9601.35
15597,11800,61,1,1207.44
15598,7145,359,2,4809.77
15599,8705,175,2,8623.47
15600,6620,119,2,3230.43
15601,2280,205,5,4022.8
15602,1814,386,5,3146.12
15603,2400,56,4,7342.67
15604,7356,155,5,5690.41
15605,8206,19,1,5022.81
15606,2816,251,1,2903.35
15607,9376,53,5,7460.59
15608,7106,83,2,9659.08
15609,7949,300,2,1815.98
15610,10385,321,3,9739.1
15611,5838,365,1,1850.05
15612,5581,285,2,3933.55
15613,4419,322,3,6758.75
15614,13699,417,4,1315.86
15615,12147,365,1,1850.05
15616,12532,283,5,5067.19
15617,7670,100,2,9593.58
15618,10537,254,4,8610.26
15619,5321,244,2,1081.56
15620,2500,475,3,4830.58
15621,12006,251,5,2903.35
15622,3139,69,1,8226.4
15623,5695,70,4,8962.34
15624,7475,282,1,6977.05
15625,2118,439,1,3081.57
15626,2481,423,4,5539.86
15627,9917,473,1,4297.32
15628,2342,239,4,1994.61
15629,1938,169,4,1462.57
15630,8845,66,5,6722.57
15631,11760,355,2,8627.33
15632,2084,237,5,5827.48
15633,9650,409,1,5767.52
15634,5477,122,2,8180.09
15635,3823,4,1,1038.64
15636,2728,409,3,5767.52
15637,8200,78,2,3697.4
15638,14559,230,3,2678.09
15639,5545,232,4,3261.51
15640,3372,43,3,3765.59
15641,12722,404,1,3218.34
15642,757,143,4,5350.83
15643,7930,161,1,8407.44
15644,1261,110,2,1178.02
15645,227,354,4,7095.06
15646,5427,53,2,7460.59
15647,7527,401,5,276.76
15648,3011,369,4,8266.36
15649,8702,48,3,1838.87
15650,1713,455,1,1899.28
15651,507,67,3,9629.35
15652,3854,146,4,4918.85
15653,11911,187,1,7403.39
15654,7541,462,4,9857.56
15655,13386,289,4,6753.34
15656,12639,222,3,9786.82
15657,10931,230,2,2678.09
15658,2714,353,2,3759.57
15659,2849,222,5,9786.82
15660,9626,315,2,7046.48
15661,10320,62,4,2223.61
15662,12039,419,5,2984.31
15663,12096,183,1,5880.7
15664,13015,36,4,5763.51
15665,8285,394,4,6388.25
15666,12952,315,2,7046.48
15667,2616,144,4,1912.27
15668,760,198,4,946.71
15669,10140,280,1,7595.69
15670,9676,26,5,482.02
15671,1397,478,5,6425.58
15672,1232,253,4,6781.48
15673,6774,384,1,7551.73
15674,9245,398,3,4962.95
15675,13268,78,5,3697.4
15676,13280,321,2,9739.1
15677,5120,276,4,2146.27
15678,3848,397,3,5628.09
15679,13083,31,5,5680.54
15680,5041,227,3,5782.67
15681,13483,444,4,7201.79
15682,9584,14,2,7643.58
15683,310,100,3,9593.58
15684,10994,432,4,226.39
15685,7839,256,5,8632.64
15686,13888,237,1,5827.48
15687,7738,27,1,6600.12
15688,14545,100,3,9593.58
15689,7333,142,4,6545.75
15690,5382,306,3,9402.04
15691,13976,276,2,2146.27
15692,1202,325,4,4799.01
15693,13200,329,1,1250.04
15694,2340,119,4,3230.43
15695,12318,483,5,9066.19
15696,1911,117,5,3613.97
15697,1942,175,5,8623.47
15698,10918,32,3,5922.14
15699,4536,351,2,5555.13
15700,2795,123,4,4560.68
15701,14306,96,5,2678.45
15702,11706,95,5,3387.4
15703,10659,250,1,9260.34
15704,12523,388,1,5482.96
15705,5218,366,5,3897.58
15706,14185,217,4,9900.58
15707,13377,77,5,7226.24
15708,2527,461,5,798.26
15709,6115,480,5,5205.62
15710,8070,275,2,8842.88
15711,10413,442,5,722.71
15712,2481,339,2,9584.08
15713,6762,310,1,5989.12
15714,14438,80,2,7702.5
15715,231,324,4,2208.08
15716,5824,381,2,3904.17
15717,349,174,2,7399.81
15718,7948,283,4,5067.19
15719,8668,405,4,3026.74
15720,7734,307,4,4019.4
15721,5207,59,3,3468.76
15722,14119,474,1,6301.48
15723,8504,257,4,2683.93
15724,13677,422,2,9215.56
15725,1861,122,4,8180.09
15726,109,86,4,4357.67
15727,8821,319,2,3953.51
15728,5247,138,1,9993.87
15729,12861,7,3,6834.18
15730,12238,372,2,1234.45
15731,11618,11,4,1837.72
15732,8041,432,1,226.39
15733,6405,471,4,3581.14
15734,11985,243,1,3831.51
15735,3426,301,3,9862.65
15736,1084,64,5,3923.84
15737,12424,207,3,4423.45
15738,238,170,4,2257.83
15739,5166,377,2,9039.51
15740,2367,456,4,8200.2
15741,14396,4,1,1038.64
15742,14545,23,2,1685.18
15743,14214,69,1,8226.4
15744,11637,199,4,8014.84
15745,6478,306,3,9402.04
15746,8440,186,3,7246.03
15747,12879,206,1,2172.19
15748,7871,100,1,9593.58
15749,1010,376,4,258.42
15750,4505,344,3,4696.35
15751,4890,9,2,9075.61
15752,506,465,5,9276.0
15753,14316,305,2,4723.38
15754,13814,492,1,9608.88
15755,2430,167,2,4172.77
15756,2442,12,2,3492.99
15757,5437,243,1,3831.51
15758,2936,313,3,4182.64
15759,8407,249,4,745.94
15760,11349,384,1,7551.73
15761,11585,404,5,3218.34
15762,268,388,5,5482.96
15763,5188,291,5,5087.5
15764,11874,81,3,3619.81
15765,11807,282,3,6977.05
15766,13988,393,4,9148.93
15767,1037,253,5,6781.48
15768,13312,469,4,1716.73
15769,14881,260,1,4925.88
15770,12858,438,1,9206.62
15771,5120,457,4,9921.34
15772,1802,132,2,426.52
15773,6759,323,2,1809.66
15774,13423,487,5,6550.82
15775,13679,26,5,482.02
15776,13131,47,2,6387.23
15777,12056,43,3,3765.59
15778,2638,88,4,8219.74
15779,9084,375,3,6848.53
15780,9775,74,5,199.13
15781,12432,400,5,8624.0
15782,1250,138,5,9993.87
15783,2969,447,5,2000.99
15784,12759,77,4,7226.24
15785,6496,415,2,2187.71
15786,3501,401,4,276.76
15787,8932,347,4,5876.24
15788,13863,202,1,9011.14
15789,13783,269,4,1141.26
15790,3290,213,1,3800.6
15791,11547,161,5,8407.44
15792,7036,325,2,4799.01
15793,1576,379,4,6490.64
15794,6945,340,3,3757.64
15795,1629,387,4,7256.07
15796,11985,464,5,8934.52
15797,43,44,2,3917.55
15798,11864,86,5,4357.67
15799,5945,470,2,7905.83
15800,948,491,4,7055.9
15801,4960,244,4,1081.56
15802,7400,411,4,1314.33
15803,4497,121,3,4637.39
15804,4169,307,4,4019.4
15805,10548,388,4,5482.96
15806,837,410,1,9139.34
15807,7248,171,4,9757.17
15808,5849,386,2,3146.12
15809,14213,151,1,8809.81
15810,6377,460,5,4289.39
15811,12584,174,4,7399.81
15812,9531,373,2,5173.76
15813,10350,214,1,8463.2
15814,4187,448,1,5383.01
15815,11564,176,1,8922.31
15816,9868,406,3,5823.84
15817,2944,127,4,5911.04
15818,3723,30,1,7899.0
15819,88,377,4,9039.51
15820,1893,385,1,9715.08
15821,3940,384,5,7551.73
15822,6817,10,4,395.33
15823,8576,49,4,7978.95
15824,10101,19,3,5022.81
15825,2444,471,1,3581.14
15826,44,265,4,6606.49
15827,4951,311,5,7839.59
15828,3289,17,3,7305.81
15829,13251,228,4,604.91
15830,8605,280,2,7595.69
15831,3979,52,2,8643.0
15832,14013,113,5,9827.8
15833,13270,342,4,6063.95
15834,2012,423,3,5539.86
15835,14077,425,1,3696.53
15836,14789,271,5,9644.3
15837,14742,364,4,9723.49
15838,3469,45,3,1218.3
15839,5218,183,3,5880.7
15840,4881,419,4,2984.31
15841,13187,249,5,745.94
15842,7875,216,3,3464.18
15843,5923,211,2,9357.68
15844,4391,149,3,938.71
15845,163,347,1,5876.24
15846,2853,48,3,1838.87
15847,31,219,3,6055.1
15848,9758,497,4,4248.99
15849,2818,220,5,4181.4
15850,5311,185,1,9608.72
15851,7153,371,1,2310.72
15852,8842,270,5,3515.69
15853,5793,17,2,7305.81
15854,1837,329,4,1250.04
15855,2859,179,3,748.02
15856,6303,336,4,7047.79
15857,11897,34,3,4719.44
15858,2891,133,5,418.13
15859,8956,345,3,7840.69
15860,10413,272,3,4556.48
15861,10584,492,5,9608.88
15862,564,302,3,256.64
15863,137,385,3,9715.08
15864,1732,370,2,8466.61
15865,4232,425,5,3696.53
15866,5859,31,1,5680.54
15867,5350,401,3,276.76
15868,2303,266,4,4135.03
15869,5313,260,5,4925.88
15870,7845,13,1,7258.78
15871,262,196,5,3830.25
15872,14374,102,4,9476.14
15873,5748,40,3,5521.2
15874,10590,413,3,202.63
15875,13339,198,2,946.71
15876,2123,221,1,3345.21
15877,7395,113,5,9827.8
15878,13451,230,1,2678.09
15879,13099,34,1,4719.44
15880,11324,316,5,5796.51
15881,4270,394,2,6388.25
15882,12129,267,2,9197.24
15883,14110,310,1,5989.12
15884,8945,39,5,3738.32
15885,12820,469,4,1716.73
15886,8256,236,4,8664.5
15887,4826,356,4,2763.96
15888,10060,345,1,7840.69
15889,6507,135,5,5819.88
15890,11115,265,2,6606.49
15891,110,121,5,4637.39
15892,3897,386,3,3146.12
15893,10762,392,1,557.07
15894,4993,141,5,1098.86
15895,10496,177,5,1840.37
15896,7209,375,1,6848.53
15897,5432,173,3,3149.12
15898,8042,325,5,4799.01
15899,1127,251,1,2903.35
15900,52,55,1,4706.61
15901,7798,189,5,8899.99
15902,2690,304,2,466.87
15903,5715,48,2,1838.87
15904,14943,228,2,604.91
15905,7513,383,4,5157.46
15906,13621,83,3,9659.08
15907,11738,181,5,5638.45
15908,13809,268,5,5811.88
15909,14912,384,3,7551.73
15910,14985,6,4,2683.41
15911,241,152,5,9565.43
15912,7698,458,2,1066.87
15913,4358,13,3,7258.78
15914,2110,183,2,5880.7
15915,8953,58,3,7243.02
15916,5125,201,4,7769.45
15917,2544,484,4,322.48
15918,9541,175,2,8623.47
15919,14729,440,2,1392.66
15920,4089,174,5,7399.81
15921,9831,216,5,3464.18
15922,2819,59,4,3468.76
15923,3950,101,3,6090.24
15924,9106,351,3,5555.13
15925,5065,169,2,1462.57
15926,3881,128,3,1686.89
15927,3875,248,2,5592.3
15928,6182,411,3,1314.33
15929,4964,247,4,1511.4
15930,868,114,4,3570.81
15931,11575,66,2,6722.57
15932,10689,280,2,7595.69
15933,13824,247,3,1511.4
15934,5058,115,3,8618.7
15935,8971,440,2,1392.66
15936,4100,489,4,3207.62
15937,2446,268,2,5811.88
15938,14164,45,4,1218.3
15939,13578,247,5,1511.4
15940,9504,273,5,6942.27
15941,13198,329,1,1250.04
15942,11742,246,3,6536.29
15943,11498,316,1,5796.51
15944,10509,341,2,6881.86
15945,2386,500,1,9839.38
15946,575,34,3,4719.44
15947,6665,299,5,4929.48
15948,1759,500,5,9839.38
15949,6502,272,4,4556.48
15950,10349,470,1,7905.83
15951,12364,199,1,8014.84
15952,3695,124,5,8055.13
15953,5239,407,5,5006.35
15954,9791,363,2,6816.26
15955,269,200,3,2884.6
15956,12787,278,5,8996.64
15957,5222,447,2,2000.99
15958,7566,499,2,3186.27
15959,4647,330,5,9882.58
15960,13272,315,3,7046.48
15961,7007,279,4,5378.36
15962,6348,307,4,4019.4
15963,13762,284,5,9324.98
15964,2034,34,1,4719.44
15965,10635,400,2,8624.0
15966,12335,25,3,7621.45
15967,11961,169,1,1462.57
15968,10093,498,3,6884.43
15969,14233,415,3,2187.71
15970,11080,20,1,5418.04
15971,3542,139,2,8246.2
15972,9889,304,5,466.87
15973,14653,47,5,6387.23
15974,11558,314,2,9504.99
15975,5485,470,5,7905.83
15976,7594,409,5,5767.52
15977,14165,11,1,1837.72
15978,1358,114,3,3570.81
15979,45,275,2,8842.88
15980,10638,308,4,3248.37
15981,10925,364,3,9723.49
15982,2795,417,4,1315.86
15983,1770,353,4,3759.57
15984,7369,307,3,4019.4
15985,5779,48,1,1838.87
15986,5823,261,2,980.67
15987,3791,194,1,1359.67
15988,7590,454,5,3126.41
15989,8439,91,3,7135.75
15990,37,102,1,9476.14
15991,5091,254,5,8610.26
15992,6369,296,2,3030.48
15993,11582,236,5,8664.5
15994,13380,269,4,1141.26
15995,10357,209,5,9837.59
15996,9537,373,5,5173.76
15997,8223,86,5,4357.67
15998,1198,20,2,5418.04
15999,2097,355,3,8627.33
16000,7838,192,4,8165.24
16001,5365,133,2,418.13
16002,9219,244,2,1081.56
16003,5352,335,3,1115.92
16004,641,421,1,8508.99
16005,12199,268,1,5811.88
16006,6290,469,1,1716.73
16007,1344,40,5,5521.2
16008,10607,399,2,5584.71
16009,7496,300,1,1815.98
16010,13508,271,2,9644.3
16011,4974,227,5,5782.67
16012,7137,96,1,2678.45
16013,579,88,1,8219.74
16014,13957,422,2,9215.56
16015,5698,74,5,199.13
16016,13386,344,4,4696.35
16017,10397,2,4,732.43
16018,7677,243,5,3831.51
16019,6454,428,5,1211.53
16020,12529,443,4,9035.35
16021,14950,164,5,8667.88
16022,3324,74,1,199.13
16023,3059,59,3,3468.76
16024,13808,114,1,3570.81
16025,6005,164,1,8667.88
16026,14943,181,3,5638.45
16027,9711,207,2,4423.45
16028,13055,302,2,256.64
16029,3036,30,3,7899.0
16030,7312,349,1,4111.82
16031,3935,72,4,879.52
16032,1773,318,4,1060.93
16033,8549,283,4,5067.19
16034,6792,18,5,1342.37
16035,5872,424,1,9131.51
16036,3439,461,4,798.26
16037,7758,384,1,7551.73
16038,9005,411,1,1314.33
16039,9079,403,2,4023.58
16040,8363,104,2,4430.26
16041,2220,309,2,6463.56
16042,14232,46,1,8792.03
16043,916,169,5,1462.57
16044,11487,114,3,3570.81
16045,11613,286,3,8835.5
16046,2474,466,1,2173.99
16047,3152,421,5,8508.99
16048,2508,277,1,2568.61
16049,1262,345,1,7840.69
16050,6555,337,1,4035.25
16051,808,372,5,1234.45
16052,14623,99,2,7770.51
16053,6260,403,4,4023.58
16054,8597,80,2,7702.5
16055,7285,137,4,2848.21
16056,6924,233,1,4748.37
16057,5387,64,2,3923.84
16058,11318,401,3,276.76
16059,2486,141,5,1098.86
16060,7480,437,4,3675.25
16061,14303,12,2,3492.99
16062,2597,231,5,1578.47
16063,3589,471,4,3581.14
16064,5200,138,3,9993.87
16065,8000,317,2,9246.11
16066,115,379,2,6490.64
16067,3815,362,4,9726.31
16068,5499,232,3,3261.51
16069,8018,452,1,7515.99
16070,6948,441,1,2052.86
16071,10141,268,4,5811.88
16072,6997,96,2,2678.45
16073,645,212,2,1848.43
16074,6189,247,5,1511.4
16075,13005,48,3,1838.87
16076,4303,93,4,2028.54
16077,1315,368,5,1767.74
16078,3332,151,5,8809.81
16079,144,218,2,2942.56
16080,5513,124,4,8055.13
16081,4638,207,4,4423.45
16082,9789,366,2,3897.58
16083,12764,458,3,1066.87
16084,1851,311,3,7839.59
16085,12873,309,4,6463.56
16086,4948,68,5,4687.17
16087,11218,16,4,8266.92
16088,6095,308,2,3248.37
16089,3698,383,3,5157.46
16090,10240,371,2,2310.72
16091,3823,80,5,7702.5
16092,335,450,5,6116.29
16093,4742,364,4,9723.49
16094,10718,434,4,3167.56
16095,2995,347,5,5876.24
16096,214,393,1,9148.93
16097,1186,350,2,2158.61
16098,6932,173,1,3149.12
16099,13310,495,4,6702.94
16100,802,40,4,5521.2
16101,14662,133,3,418.13
16102,965,425,3,3696.53
16103,5893,492,2,9608.88
16104,8487,398,4,4962.95
16105,726,14,3,7643.58
16106,7020,486,3,9524.97
16107,14877,254,3,8610.26
16108,14129,468,4,4653.8
16109,5643,130,4,2180.26
16110,14504,209,1,9837.59
16111,12152,178,2,9950.37
16112,14431,275,1,8842.88
16113,9428,74,1,199.13
16114,10814,171,3,9757.17
16115,515,317,2,9246.11
16116,14775,456,5,8200.2
16117,11816,274,2,9374.58
16118,13062,262,2,6965.43
16119,1003,428,4,1211.53
16120,11456,488,4,6635.81
16121,2082,218,1,2942.56
16122,314,241,1,9266.89
16123,5207,275,4,8842.88
16124,5361,359,4,4809.77
16125,10317,475,1,4830.58
16126,5563,331,3,1285.58
16127,7463,478,5,6425.58
16128,7548,45,1,1218.3
16129,13899,185,2,9608.72
16130,6536,43,5,3765.59
16131,2884,478,1,6425.58
16132,9663,116,3,2672.92
16133,2567,50,5,9478.54
16134,11333,44,4,3917.55
16135,14922,469,1,1716.73
16136,7615,4,3,1038.64
16137,10993,275,4,8842.88
16138,6776,490,3,1232.7
16139,11256,285,5,3933.55
16140,8254,288,3,6906.22
16141,6358,381,2,3904.17
16142,14853,376,1,258.42
16143,7161,206,3,2172.19
16144,8562,330,4,9882.58
16145,14037,28,1,966.94
16146,13089,53,3,7460.59
16147,13795,71,2,1415.95
16148,6370,174,1,7399.81
16149,4077,197,5,6070.18
16150,6691,363,1,6816.26
16151,9530,230,4,2678.09
16152,5974,430,4,5913.18
16153,10625,26,3,482.02
16154,13521,297,5,6822.62
16155,1649,261,2,980.67
16156,6872,149,1,938.71
16157,14224,220,4,4181.4
16158,5908,464,5,8934.52
16159,13474,461,4,798.26
16160,12281,136,3,5846.66
16161,7417,287,5,200.71
16162,13365,284,3,9324.98
16163,3746,216,1,3464.18
16164,13651,10,4,395.33
16165,5609,125,4,2911.91
16166,450,361,1,5463.67
16167,9393,282,4,6977.05
16168,5052,134,1,5480.33
16169,9083,494,2,3573.94
16170,12807,381,1,3904.17
16171,9809,172,3,8002.21
16172,12943,81,1,3619.81
16173,6280,128,5,1686.89
16174,14820,79,5,9929.03
16175,7045,33,3,968.15
16176,10062,19,4,5022.81
16177,1390,64,1,3923.84
16178,3714,265,3,6606.49
16179,4569,464,2,8934.52
16180,8029,382,2,2606.69
16181,7930,294,3,1759.3
16182,3280,235,4,8300.53
16183,2401,490,2,1232.7
16184,10738,85,5,2064.18
16185,3213,214,5,8463.2
16186,9003,259,5,6946.2
16187,3168,133,4,418.13
16188,8674,407,4,5006.35
16189,3792,269,1,1141.26
16190,6036,480,4,5205.62
16191,7770,231,4,1578.47
16192,1875,337,4,4035.25
16193,12741,182,3,576.46
16194,12813,130,1,2180.26
16195,3887,42,4,4497.14
16196,1196,204,4,5285.57
16197,1978,120,5,8117.66
16198,11667,490,5,1232.7
16199,5288,146,5,4918.85
16200,13752,115,5,8618.7
16201,9190,417,3,1315.86
16202,12671,193,4,1281.1
16203,14774,363,3,6816.26
16204,8932,483,5,9066.19
16205,7565,309,4,6463.56
16206,6033,206,4,2172.19
16207,12291,315,4,7046.48
16208,13815,9,3,9075.61
16209,1736,489,2,3207.62
16210,11449,51,5,8177.56
16211,1318,19,1,5022.81
16212,13690,404,4,3218.34
16213,5681,359,1,4809.77
16214,6403,467,5,2506.92
16215,14924,361,2,5463.67
16216,8315,92,1,8797.95
16217,3840,335,2,1115.92
16218,7706,204,4,5285.57
16219,6687,280,1,7595.69
16220,12011,234,1,5838.32
16221,5949,191,4,647.57
16222,9521,361,4,5463.67
16223,2776,262,5,6965.43
16224,4419,186,5,7246.03
16225,13282,186,4,7246.03
16226,1692,174,5,7399.81
16227,4542,445,4,4601.52
16228,12400,63,4,5383.93
16229,1566,75,4,8352.41
16230,12772,334,3,7620.87
16231,13269,19,5,5022.81
16232,8846,45,2,1218.3
16233,14347,225,5,1137.36
16234,10400,407,2,5006.35
16235,11711,2,3,732.43
16236,3315,369,4,8266.36
16237,1075,499,2,3186.27
16238,7897,407,4,5006.35
16239,5501,28,4,966.94
16240,7911,429,5,4716.21
16241,5369,203,3,8511.61
16242,8974,74,5,199.13
16243,14741,149,5,938.71
16244,10077,483,1,9066.19
16245,3186,490,3,1232.7
16246,2270,300,2,1815.98
16247,12939,2,1,732.43
16248,1497,262,2,6965.43
16249,5944,241,5,9266.89
16250,6869,345,1,7840.69
16251,7498,225,5,1137.36
16252,9817,218,2,2942.56
16253,169,441,3,2052.86
16254,9064,455,3,1899.28
16255,9434,191,2,647.57
16256,4324,240,1,9176.21
16257,4520,415,5,2187.71
16258,13227,112,3,8874.43
16259,11918,118,1,8743.3
16260,10069,101,1,6090.24
16261,14685,210,1,4078.3
16262,8493,200,2,2884.6
16263,13790,150,4,5507.66
16264,3789,490,5,1232.7
16265,7722,399,1,5584.71
16266,3626,71,1,1415.95
16267,9371,172,4,8002.21
16268,8261,334,3,7620.87
16269,12434,165,2,5790.97
16270,3952,312,4,7979.12
16271,6444,245,4,8611.56
16272,7302,479,1,9565.21
16273,12748,451,1,5360.01
16274,84,179,5,748.02
16275,409,203,2,8511.61
16276,4126,363,5,6816.26
16277,10661,32,5,5922.14
16278,608,93,4,2028.54
16279,10464,131,3,884.97
16280,11214,27,3,6600.12
16281,11052,145,3,6422.41
16282,4777,436,5,6908.99
16283,2057,52,1,8643.0
16284,6296,255,5,8283.02
16285,2537,57,1,6056.87
16286,8731,212,1,1848.43
16287,9809,29,4,3941.11
16288,12627,178,2,9950.37
16289,2698,295,5,8795.72
16290,7173,489,1,3207.62
16291,8034,10,5,395.33
16292,1645,406,5,5823.84
16293,12028,322,3,6758.75
16294,9580,164,1,8667.88
16295,2439,321,3,9739.1
16296,6477,99,4,7770.51
16297,2990,235,4,8300.53
16298,873,20,4,5418.04
16299,14594,398,3,4962.95
16300,12917,356,5,2763.96
16301,9107,385,1,9715.08
16302,2329,345,2,7840.69
16303,9345,447,3,2000.99
16304,208,154,4,7802.63
16305,2584,326,1,8400.33
16306,10867,255,4,8283.02
16307,13395,440,5,1392.66
16308,14235,103,4,4032.63
16309,14225,197,5,6070.18
16310,1534,90,4,7785.19
16311,1303,29,3,3941.11
16312,6960,78,3,3697.4
16313,13171,34,2,4719.44
16314,11158,80,2,7702.5
16315,1847,494,4,3573.94
16316,11536,295,1,8795.72
16317,7909,222,4,9786.82
16318,9905,226,4,2025.32
16319,11742,482,3,6578.94
16320,2198,13,3,7258.78
16321,9029,367,3,2146.49
16322,11856,256,1,8632.64
16323,5183,274,2,9374.58
16324,6862,457,1,9921.34
16325,12912,436,4,6908.99
16326,363,5,2,6386.27
16327,2843,449,5,7816.26
16328,11281,282,1,6977.05
16329,2785,118,3,8743.3
16330,10797,53,4,7460.59
16331,7790,358,4,3041.52
16332,7044,495,4,6702.94
16333,2243,176,1,8922.31
16334,10990,135,3,5819.88
16335,3788,393,5,9148.93
16336,12115,44,3,3917.55
16337,13008,97,5,509.52
16338,14865,297,5,6822.62
16339,6737,74,5,199.13
16340,12614,65,5,7934.0
16341,6860,335,4,1115.92
16342,7562,405,1,3026.74
16343,2044,465,5,9276.0
16344,12382,206,5,2172.19
16345,1605,55,4,4706.61
16346,13814,447,4,2000.99
16347,10642,145,3,6422.41
16348,5121,481,4,4000.0
16349,6842,193,2,1281.1
16350,7420,118,2,8743.3
16351,2535,130,1,2180.26
16352,11600,93,5,2028.54
16353,8842,321,2,9739.1
16354,12127,47,3,6387.23
16355,4048,223,3,6357.32
16356,9619,335,4,1115.92
16357,5364,411,1,1314.33
16358,6755,70,4,8962.34
16359,780,406,5,5823.84
16360,10863,404,1,3218.34
16361,4886,168,1,1657.22
16362,11194,5,5,6386.27
16363,10548,285,2,3933.55
16364,5910,148,4,6826.23
16365,1149,353,2,3759.57
16366,13972,134,1,5480.33
16367,10435,21,2,9286.01
16368,14539,434,1,3167.56
16369,1858,294,4,1759.3
16370,12834,434,1,3167.56
16371,2244,100,4,9593.58
16372,5091,113,3,9827.8
16373,12261,413,3,202.63
16374,6241,79,5,9929.03
16375,6316,100,4,9593.58
16376,5253,348,5,3047.9
16377,11603,342,1,6063.95
16378,4912,263,4,2663.77
16379,9645,476,5,7708.58
16380,6706,281,5,2968.82
16381,1056,307,5,4019.4
16382,10007,282,4,6977.05
16383,2176,192,4,8165.24
16384,13920,262,5,6965.43
16385,991,468,3,4653.8
16386,8927,85,1,2064.18
16387,11294,380,2,4507.23
16388,2012,97,3,509.52
16389,10516,309,2,6463.56
16390,6919,136,4,5846.66
16391,4917,443,2,9035.35
16392,10308,316,4,5796.51
16393,3327,32,2,5922.14
16394,8163,204,5,5285.57
16395,4989,300,5,1815.98
16396,14448,60,3,8583.96
16397,13658,189,3,8899.99
16398,10642,64,3,3923.84
16399,394,206,3,2172.19
16400,9616,272,2,4556.48
16401,68,39,4,3738.32
16402,5364,173,3,3149.12
16403,1602,205,1,4022.8
16404,3428,231,2,1578.47
16405,14925,172,2,8002.21
16406,7106,484,5,322.48
16407,9951,348,3,3047.9
16408,2528,207,4,4423.45
16409,4192,355,1,8627.33
16410,10986,462,3,9857.56
16411,7471,353,4,3759.57
16412,2186,478,1,6425.58
16413,12786,129,3,6571.12
16414,13448,7,4,6834.18
16415,2548,107,3,1494.13
16416,3702,208,3,8638.99
16417,8889,150,5,5507.66
16418,11944,225,1,1137.36
16419,7124,270,5,3515.69
16420,13229,209,5,9837.59
16421,5305,251,5,2903.35
16422,1525,397,4,5628.09
16423,4897,425,2,3696.53
16424,3242,292,1,6604.75
16425,13589,399,3,5584.71
16426,626,357,1,6115.84
16427,3509,65,2,7934.0
16428,1289,266,1,4135.03
16429,443,285,4,3933.55
16430,13683,413,2,202.63
16431,5297,45,2,1218.3
16432,6195,236,5,8664.5
16433,11008,146,1,4918.85
16434,1894,231,1,1578.47
16435,7242,406,3,5823.84
16436,230,182,4,576.46
16437,4147,107,2,1494.13
16438,3699,430,5,5913.18
16439,2791,344,5,4696.35
16440,11212,250,2,9260.34
16441,2797,360,5,8818.48
16442,11596,354,3,7095.06
16443,5985,386,1,3146.12
16444,5013,245,5,8611.56
16445,8792,66,4,6722.57
16446,10709,470,4,7905.83
16447,6895,62,3,2223.61
16448,13180,426,1,3257.04
16449,2895,444,4,7201.79
16450,8414,313,5,4182.64
16451,10074,67,3,9629.35
16452,10373,57,3,6056.87
16453,2115,453,5,4809.05
16454,10359,220,1,4181.4
16455,6006,207,5,4423.45
16456,4136,327,1,9601.35
16457,7324,39,3,3738.32
16458,8811,463,4,7898.4
16459,8388,237,4,5827.48
16460,5143,281,1,2968.82
16461,1442,294,4,1759.3
16462,7992,477,1,9150.54
16463,7604,294,4,1759.3
16464,11295,107,2,1494.13
16465,14707,173,1,3149.12
16466,13796,71,4,1415.95
16467,5777,138,4,9993.87
16468,9601,321,1,9739.1
16469,1086,157,3,7290.81
16470,1504,269,1,1141.26
16471,6007,280,2,7595.69
16472,1870,193,4,1281.1
16473,4018,42,1,4497.14
16474,879,20,3,5418.04
16475,6691,434,2,3167.56
16476,4238,96,2,2678.45
16477,14226,190,2,1021.97
16478,8730,21,4,9286.01
16479,6379,331,2,1285.58
16480,10722,47,1,6387.23
16481,13216,182,5,576.46
16482,6448,306,5,9402.04
16483,6418,305,5,4723.38
16484,11804,358,3,3041.52
16485,10670,447,2,2000.99
16486,6430,298,2,8878.51
16487,10523,173,3,3149.12
16488,7703,317,4,9246.11
16489,7943,269,2,1141.26
16490,1926,249,1,745.94
16491,2705,170,4,2257.83
16492,11096,270,5,3515.69
16493,12573,77,2,7226.24
16494,1944,330,5,9882.58
16495,3119,162,3,9785.74
16496,14548,136,5,5846.66
16497,11474,295,1,8795.72
16498,10552,67,2,9629.35
16499,5943,99,5,7770.51
16500,3105,89,3,2158.02
16501,9360,401,2,276.76
16502,6910,66,3,6722.57
16503,2611,20,5,5418.04
16504,13313,206,2,2172.19
16505,281,14,3,7643.58
16506,6258,320,2,7113.73
16507,7935,190,4,1021.97
16508,5414,148,3,6826.23
16509,8610,60,2,8583.96
16510,1087,428,3,1211.53
16511,13324,233,3,4748.37
16512,13244,423,4,5539.86
16513,6206,105,5,328.39
16514,14185,88,4,8219.74
16515,6820,408,2,8941.62
16516,10702,306,2,9402.04
16517,9594,176,5,8922.31
16518,379,257,4,2683.93
16519,7898,295,3,8795.72
16520,6468,100,5,9593.58
16521,6977,334,5,7620.87
16522,10796,258,5,9737.13
16523,8310,326,3,8400.33
16524,4301,340,3,3757.64
16525,6700,196,1,3830.25
16526,3057,27,4,6600.12
16527,11078,422,4,9215.56
16528,11219,6,2,2683.41
16529,10292,490,2,1232.7
16530,9242,36,5,5763.51
16531,6920,360,3,8818.48
16532,7123,213,1,3800.6
16533,2538,337,1,4035.25
16534,3677,403,2,4023.58
16535,595,158,3,9478.85
16536,3069,438,3,9206.62
16537,369,79,3,9929.03
16538,1260,447,5,2000.99
16539,6809,398,5,4962.95
16540,8031,499,4,3186.27
16541,10668,253,1,6781.48
16542,14835,487,4,6550.82
16543,10978,206,5,2172.19
16544,556,373,5,5173.76
16545,13208,301,2,9862.65
16546,9877,150,4,5507.66
16547,11515,69,5,8226.4
16548,8391,220,2,4181.4
16549,4897,72,1,879.52
16550,4514,373,3,5173.76
16551,663,315,2,7046.48
16552,11501,345,4,7840.69
16553,10559,280,2,7595.69
16554,6070,359,3,4809.77
16555,10632,334,5,7620.87
16556,6049,55,1,4706.61
16557,8244,322,5,6758.75
16558,1675,431,2,7429.75
16559,8632,265,5,6606.49
16560,2761,348,3,3047.9
16561,11761,119,2,3230.43
16562,12811,210,4,4078.3
16563,14231,243,1,3831.51
16564,5716,343,4,3581.46
16565,11483,277,1,2568.61
16566,7551,316,4,5796.51
16567,3807,489,2,3207.62
16568,13657,225,4,1137.36
16569,1859,230,3,2678.09
16570,5899,71,5,1415.95
16571,3407,492,3,9608.88
16572,13562,261,4,980.67
16573,1325,145,2,6422.41
16574,13431,430,2,5913.18
16575,6229,274,4,9374.58
16576,10012,93,5,2028.54
16577,11222,166,3,5626.74
16578,8557,380,5,4507.23
16579,6254,168,5,1657.22
16580,12926,8,5,6565.53
16581,10260,474,1,6301.48
16582,8559,183,5,5880.7
16583,2038,150,5,5507.66
16584,6691,46,2,8792.03
16585,10223,176,1,8922.31
16586,11339,202,5,9011.14
16587,12353,260,3,4925.88
16588,3883,336,2,7047.79
16589,14013,189,5,8899.99
16590,8701,337,5,4035.25
16591,13190,277,4,2568.61
16592,1748,460,2,4289.39
16593,2438,77,5,7226.24
16594,14344,72,5,879.52
16595,7751,193,4,1281.1
16596,2228,137,1,2848.21
16597,9768,144,1,1912.27
16598,7312,280,5,7595.69
16599,6567,156,2,7160.7
16600,4012,379,3,6490.64
16601,12593,90,4,7785.19
16602,6676,63,4,5383.93
16603,5265,35,1,1741.5
16604,3050,134,5,5480.33
16605,7564,406,1,5823.84
16606,10622,220,2,4181.4
16607,2348,254,1,8610.26
16608,780,469,4,1716.73
16609,3429,131,4,884.97
16610,12195,361,1,5463.67
16611,9108,208,1,8638.99
16612,9391,461,4,798.26
16613,3534,115,2,8618.7
16614,8247,258,4,9737.13
16615,5356,73,2,9210.64
16616,14564,440,3,1392.66
16617,10304,452,1,7515.99
16618,10899,279,3,5378.36
16619,2568,70,2,8962.34
16620,6272,437,2,3675.25
16621,7575,216,2,3464.18
16622,4259,131,3,884.97
16623,12056,492,3,9608.88
16624,14918,399,4,5584.71
16625,10276,190,3,1021.97
16626,12594,490,5,1232.7
16627,14826,216,2,3464.18
16628,9121,248,1,5592.3
16629,13720,91,3,7135.75
16630,12628,12,5,3492.99
16631,14863,339,4,9584.08
16632,9688,76,3,704.92
16633,8576,292,1,6604.75
16634,12290,39,4,3738.32
16635,2507,250,3,9260.34
16636,9642,266,4,4135.03
16637,9135,484,1,322.48
16638,1198,454,2,3126.41
16639,4146,394,5,6388.25
16640,7286,209,1,9837.59
16641,7002,322,4,6758.75
16642,1114,23,1,1685.18
16643,12859,158,4,9478.85
16644,13606,390,5,1940.5
16645,7928,490,5,1232.7
16646,904,409,4,5767.52
16647,13635,1,2,6315.21
16648,14800,9,3,9075.61
16649,9141,351,5,5555.13
16650,13032,488,2,6635.81
16651,9132,348,2,3047.9
16652,4615,385,1,9715.08
16653,257,285,1,3933.55
16654,4409,175,1,8623.47
16655,6594,226,5,2025.32
16656,1879,34,4,4719.44
16657,12319,340,2,3757.64
16658,13397,157,3,7290.81
16659,8598,219,4,6055.1
16660,11673,101,5,6090.24
16661,891,320,4,7113.73
16662,1688,433,3,3027.9
16663,11145,294,2,1759.3
16664,7052,96,4,2678.45
16665,1286,346,1,5073.33
16666,6551,25,2,7621.45
16667,14301,303,5,9299.69
16668,7129,377,2,9039.51
16669,6057,412,1,6068.19
16670,2053,393,2,9148.93
16671,11641,101,5,6090.24
16672,13181,492,5,9608.88
16673,5550,472,1,8162.55
16674,12419,288,2,6906.22
16675,10835,397,5,5628.09
16676,13856,405,2,3026.74
16677,10183,455,5,1899.28
16678,3853,83,3,9659.08
16679,7268,18,2,1342.37
16680,12115,209,5,9837.59
16681,3615,181,4,5638.45
16682,14991,427,5,3259.85
16683,12685,255,1,8283.02
16684,3525,17,3,7305.81
16685,1850,285,4,3933.55
16686,400,393,5,9148.93
16687,3035,239,2,1994.61
16688,4261,131,1,884.97
16689,14029,84,4,8556.86
16690,11295,257,4,2683.93
16691,12846,17,2,7305.81
16692,1743,102,3,9476.14
16693,10597,27,4,6600.12
16694,11439,400,1,8624.0
16695,14082,357,5,6115.84
16696,8356,227,2,5782.67
16697,6111,98,1,4922.59
16698,5456,379,3,6490.64
16699,5136,451,1,5360.01
16700,3226,214,5,8463.2
16701,2682,228,5,604.91
16702,191,202,1,9011.14
16703,14521,392,1,557.07
16704,7528,164,3,8667.88
16705,12801,46,4,8792.03
16706,5652,97,3,509.52
16707,2441,208,1,8638.99
16708,5823,21,3,9286.01
16709,13868,105,2,328.39
16710,14607,391,1,245.15
16711,2127,27,5,6600.12
16712,1539,17,1,7305.81
16713,9687,53,3,7460.59
16714,14433,426,4,3257.04
16715,2915,178,4,9950.37
16716,10853,371,5,2310.72
16717,12118,404,2,3218.34
16718,8171,85,5,2064.18
16719,11497,321,1,9739.1
16720,13794,21,1,9286.01
16721,4250,391,3,245.15
16722,7799,209,5,9837.59
16723,14811,218,5,2942.56
16724,12498,136,1,5846.66
16725,10118,263,2,2663.77
16726,14522,295,1,8795.72
16727,12150,500,1,9839.38
16728,13865,179,5,748.02
16729,1571,179,4,748.02
16730,3887,487,2,6550.82
16731,3872,260,3,4925.88
16732,13584,318,3,1060.93
16733,11033,114,4,3570.81
16734,14012,156,2,7160.7
16735,10134,451,3,5360.01
16736,6791,270,5,3515.69
16737,4031,358,1,3041.52
16738,3765,343,5,3581.46
16739,2694,151,4,8809.81
16740,12119,493,3,5685.39
16741,579,353,5,3759.57
16742,541,290,1,1424.2
16743,10027,374,5,9108.7
16744,2887,263,5,2663.77
16745,8223,254,5,8610.26
16746,10799,322,2,6758.75
16747,11123,145,4,6422.41
16748,5995,6,1,2683.41
16749,2926,361,2,5463.67
16750,2290,475,4,4830.58
16751,1060,130,2,2180.26
16752,9520,375,1,6848.53
16753,2718,491,2,7055.9
16754,2659,257,5,2683.93
16755,10786,127,5,5911.04
16756,14864,182,5,576.46
16757,4649,350,3,2158.61
16758,5697,78,5,3697.4
16759,12545,483,1,9066.19
16760,12042,113,5,9827.8
16761,7142,495,5,6702.94
16762,9048,31,3,5680.54
16763,1682,191,5,647.57
16764,12738,251,5,2903.35
16765,6892,6,1,2683.41
16766,11399,112,5,8874.43
16767,6567,24,2,8996.96
16768,2790,495,1,6702.94
16769,12493,277,2,2568.61
16770,3441,158,1,9478.85
16771,4376,207,1,4423.45
16772,1556,385,3,9715.08
16773,9109,492,5,9608.88
16774,5596,449,4,7816.26
16775,3462,333,4,3312.61
16776,919,126,4,2937.97
16777,13197,476,4,7708.58
16778,1456,323,2,1809.66
16779,1447,294,3,1759.3
16780,9609,127,4,5911.04
16781,3001,48,3,1838.87
16782,10963,3,3,6914.47
16783,6437,422,3,9215.56
16784,665,369,2,8266.36
16785,3715,244,2,1081.56
16786,11243,210,5,4078.3
16787,1714,462,4,9857.56
16788,4039,377,4,9039.51
16789,3345,166,3,5626.74
16790,6776,193,2,1281.1
16791,8911,423,4,5539.86
16792,6446,346,2,5073.33
16793,8532,30,2,7899.0
16794,3614,36,2,5763.51
16795,3654,425,5,3696.53
16796,7814,158,2,9478.85
16797,11761,7,5,6834.18
16798,6078,94,1,8180.15
16799,7390,276,2,2146.27
16800,12995,158,1,9478.85
16801,10573,52,1,8643.0
16802,9907,122,4,8180.09
16803,91,229,4,1133.55
16804,969,289,5,6753.34
16805,551,286,3,8835.5
16806,12890,417,5,1315.86
16807,8289,7,1,6834.18
16808,2122,29,2,3941.11
16809,14353,308,4,3248.37
16810,9028,85,2,2064.18
16811,13509,239,5,1994.61
16812,183,321,1,9739.1
16813,6284,74,2,199.13
16814,10910,218,4,2942.56
16815,9949,197,3,6070.18
16816,11072,216,3,3464.18
16817,13886,201,4,7769.45
16818,4921,240,3,9176.21
16819,3410,198,3,946.71
16820,575,273,2,6942.27
16821,14433,216,1,3464.18
16822,1720,133,4,418.13
16823,10517,485,1,8787.67
16824,9654,270,1,3515.69
16825,8566,23,1,1685.18
16826,11342,389,4,3380.61
16827,3384,323,2,1809.66
16828,6848,202,3,9011.14
16829,14110,372,4,1234.45
16830,13301,361,1,5463.67
16831,8920,352,2,4584.87
16832,11507,311,3,7839.59
16833,561,36,1,5763.51
16834,14085,268,1,5811.88
16835,5465,76,5,704.92
16836,6218,440,5,1392.66
16837,9851,404,4,3218.34
16838,8503,63,3,5383.93
16839,5707,154,1,7802.63
16840,11868,13,3,7258.78
16841,197,291,5,5087.5
16842,9354,313,5,4182.64
16843,894,315,5,7046.48
16844,9207,216,3,3464.18
16845,12588,444,5,7201.79
16846,14972,96,3,2678.45
16847,3995,307,3,4019.4
16848,144,358,4,3041.52
16849,12867,67,2,9629.35
16850,6452,72,2,879.52
16851,5755,470,2,7905.83
16852,4243,137,4,2848.21
16853,5751,422,4,9215.56
16854,2113,190,3,1021.97
16855,12419,334,4,7620.87
16856,13893,433,4,3027.9
16857,6258,486,5,9524.97
16858,5977,48,4,1838.87
16859,10720,100,1,9593.58
16860,11826,394,4,6388.25
16861,7332,260,1,4925.88
16862,5694,302,2,256.64
16863,3894,426,3,3257.04
16864,319,11,4,1837.72
16865,8356,21,4,9286.01
16866,3954,495,2,6702.94
16867,3781,258,3,9737.13
16868,2977,182,2,576.46
16869,5381,299,5,4929.48
16870,6672,140,1,621.76
16871,14750,349,5,4111.82
16872,1744,408,1,8941.62
16873,548,44,2,3917.55
16874,803,17,5,7305.81
16875,11395,116,4,2672.92
16876,12015,426,1,3257.04
16877,10789,83,1,9659.08
16878,8181,403,3,4023.58
16879,6715,124,2,8055.13
16880,2810,159,1,1801.45
16881,8070,139,1,8246.2
16882,2739,204,2,5285.57
16883,8059,326,1,8400.33
16884,518,373,4,5173.76
16885,6475,141,1,1098.86
16886,9278,210,4,4078.3
16887,9134,405,4,3026.74
16888,9467,229,4,1133.55
16889,7701,385,2,9715.08
16890,3157,133,3,418.13
16891,4218,169,2,1462.57
16892,7769,464,1,8934.52
16893,2247,362,3,9726.31
16894,13158,21,3,9286.01
16895,3059,223,3,6357.32
16896,6331,210,1,4078.3
16897,7488,107,4,1494.13
16898,13068,324,3,2208.08
16899,14273,67,4,9629.35
16900,10681,371,3,2310.72
16901,9386,336,1,7047.79
16902,472,62,3,2223.61
16903,4238,398,2,4962.95
16904,14271,497,1,4248.99
16905,8927,279,4,5378.36
16906,9703,124,4,8055.13
16907,10048,138,5,9993.87
16908,1365,82,2,6679.0
16909,7540,454,2,3126.41
16910,10993,140,1,621.76
16911,14383,239,2,1994.61
16912,1968,217,5,9900.58
16913,10963,109,3,796.13
16914,11166,411,1,1314.33
16915,13180,269,3,1141.26
16916,4610,137,4,2848.21
16917,11734,236,3,8664.5
16918,415,190,3,1021.97
16919,4838,257,1,2683.93
16920,1797,324,2,2208.08
16921,7987,246,2,6536.29
16922,121,171,5,9757.17
16923,8110,469,1,1716.73
16924,1355,235,2,8300.53
16925,7371,221,2,3345.21
16926,14605,216,3,3464.18
16927,3050,130,3,2180.26
16928,5814,401,4,276.76
16929,8198,305,3,4723.38
16930,11680,234,1,5838.32
16931,8783,30,3,7899.0
16932,7750,226,2,2025.32
16933,2899,416,3,6564.11
16934,12346,387,2,7256.07
16935,10450,56,3,7342.67
16936,8789,498,2,6884.43
16937,12669,121,1,4637.39
16938,7084,382,1,2606.69
16939,2642,60,1,8583.96
16940,4384,487,1,6550.82
16941,1346,106,2,6259.39
16942,7379,260,4,4925.88
16943,6188,53,3,7460.59
16944,9189,380,5,4507.23
16945,3622,313,3,4182.64
16946,8991,24,2,8996.96
16947,1412,164,4,8667.88
16948,9200,373,4,5173.76
16949,12719,437,5,3675.25
16950,10271,27,2,6600.12
16951,4971,413,4,202.63
16952,1479,500,1,9839.38
16953,4097,195,5,3311.18
16954,2317,33,3,968.15
16955,584,213,4,3800.6
16956,6441,78,5,3697.4
16957,11108,395,4,5403.61
16958,11076,398,1,4962.95
16959,6447,138,2,9993.87
16960,3737,378,3,3236.96
16961,10808,399,5,5584.71
16962,364,291,5,5087.5
16963,12961,432,1,226.39
16964,14088,250,4,9260.34
16965,5422,428,1,1211.53
16966,886,82,2,6679.0
16967,9304,365,1,1850.05
16968,417,48,2,1838.87
16969,2995,469,2,1716.73
16970,6599,278,2,8996.64
16971,1194,219,3,6055.1
16972,1929,259,4,6946.2
16973,695,165,4,5790.97
16974,7771,160,3,451.76
16975,5807,12,3,3492.99
16976,9155,248,1,5592.3
16977,13189,459,2,1906.15
16978,8027,18,5,1342.37
16979,12094,98,3,4922.59
16980,1850,214,5,8463.2
16981,14080,379,5,6490.64
16982,10716,266,2,4135.03
16983,1140,193,5,1281.1
16984,2846,81,5,3619.81
16985,11710,22,5,1658.35
16986,14363,180,2,7937.75
16987,4147,290,1,1424.2
16988,8691,110,4,1178.02
16989,9477,386,1,3146.12
16990,1319,73,3,9210.64
16991,11958,222,3,9786.82
16992,950,287,5,200.71
16993,14069,318,4,1060.93
16994,14658,63,1,5383.93
16995,10728,311,3,7839.59
16996,13921,470,2,7905.83
16997,14276,321,5,9739.1
16998,14584,270,1,3515.69
16999,12823,48,2,1838.87
17000,14206,50,2,9478.54
17001,5392,428,5,1211.53
17002,11770,83,3,9659.08
17003,12859,88,1,8219.74
17004,2488,45,1,1218.3
17005,7525,377,1,9039.51
17006,3624,257,2,2683.93
17007,13998,48,2,1838.87
17008,11458,15,2,3870.03
17009,5222,124,5,8055.13
17010,11357,24,3,8996.96
17011,6039,267,4,9197.24
17012,8416,153,4,8748.36
17013,2922,51,5,8177.56
17014,9235,93,1,2028.54
17015,10817,7,1,6834.18
17016,3171,316,1,5796.51
17017,12107,93,4,2028.54
17018,4656,387,5,7256.07
17019,1851,55,5,4706.61
17020,366,473,3,4297.32
17021,3318,403,3,4023.58
17022,5947,239,4,1994.61
17023,8273,220,5,4181.4
17024,9958,313,4,4182.64
17025,730,239,3,1994.61
17026,931,285,3,3933.55
17027,13944,161,2,8407.44
17028,8687,159,3,1801.45
17029,4204,273,5,6942.27
17030,14205,256,3,8632.64
17031,129,492,4,9608.88
17032,13873,464,1,8934.52
17033,12796,477,1,9150.54
17034,13054,135,2,5819.88
17035,8324,371,3,2310.72
17036,5506,137,3,2848.21
17037,13567,305,4,4723.38
17038,4859,292,3,6604.75
17039,10937,73,4,9210.64
17040,8136,146,3,4918.85
17041,4762,387,4,7256.07
17042,11564,180,3,7937.75
17043,10779,59,3,3468.76
17044,10832,484,4,322.48
17045,10605,443,5,9035.35
17046,13496,42,3,4497.14
17047,7696,7,5,6834.18
17048,6179,98,5,4922.59
17049,4511,112,3,8874.43
17050,5361,416,5,6564.11
17051,1373,245,4,8611.56
17052,696,177,4,1840.37
17053,6111,498,2,6884.43
17054,9826,401,4,276.76
17055,9653,98,4,4922.59
17056,1987,114,3,3570.81
17057,12155,189,5,8899.99
17058,2211,113,2,9827.8
17059,9700,155,4,5690.41
17060,12577,368,3,1767.74
17061,9819,245,3,8611.56
17062,3509,417,3,1315.86
17063,10228,300,5,1815.98
17064,1589,462,1,9857.56
17065,1881,356,4,2763.96
17066,1150,155,2,5690.41
17067,990,489,2,3207.62
17068,1349,150,1,5507.66
17069,13219,15,3,3870.03
17070,4157,63,1,5383.93
17071,2254,3,5,6914.47
17072,14538,4,5,1038.64
17073,6892,348,3,3047.9
17074,3102,46,5,8792.03
17075,8338,461,2,798.26
17076,14453,43,3,3765.59
17077,1029,136,5,5846.66
17078,5902,135,2,5819.88
17079,14302,416,5,6564.11
17080,2085,119,3,3230.43
17081,14075,499,3,3186.27
17082,4642,288,3,6906.22
17083,11058,164,1,8667.88
17084,5724,378,2,3236.96
17085,10003,1,3,6315.21
17086,9343,436,2,6908.99
17087,41,427,4,3259.85
17088,372,120,3,8117.66
17089,5743,219,1,6055.1
17090,5710,321,4,9739.1
17091,139,359,5,4809.77
17092,11237,456,3,8200.2
17093,5258,82,2,6679.0
17094,12246,397,2,5628.09
17095,564,158,2,9478.85
17096,11594,137,3,2848.21
17097,8044,221,1,3345.21
17098,6774,89,3,2158.02
17099,78,347,4,5876.24
17100,10247,318,4,1060.93
17101,3046,249,5,745.94
17102,9362,104,4,4430.26
17103,9543,152,5,9565.43
17104,2638,230,4,2678.09
17105,2303,203,3,8511.61
17106,1095,256,5,8632.64
17107,10311,364,4,9723.49
17108,3847,102,5,9476.14
17109,4901,385,5,9715.08
17110,11957,224,2,3104.98
17111,8127,58,5,7243.02
17112,13848,476,1,7708.58
17113,6170,386,2,3146.12
17114,4646,494,4,3573.94
17115,4045,353,5,3759.57
17116,2456,343,2,3581.46
17117,13703,226,1,2025.32
17118,2132,243,5,3831.51
17119,10123,323,5,1809.66
17120,9526,253,1,6781.48
17121,11779,320,1,7113.73
17122,5356,28,4,966.94
17123,1187,318,4,1060.93
17124,4941,17,5,7305.81
17125,12772,140,2,621.76
17126,7504,354,5,7095.06
17127,5786,357,2,6115.84
17128,450,47,2,6387.23
17129,14622,213,3,3800.6
17130,1507,179,3,748.02
17131,10162,467,3,2506.92
17132,8452,365,4,1850.05
17133,9391,403,3,4023.58
17134,3611,333,2,3312.61
17135,8450,308,1,3248.37
17136,5654,293,1,8242.9
17137,14173,35,2,1741.5
17138,88,231,5,1578.47
17139,5375,75,2,8352.41
17140,6490,109,1,796.13
17141,6675,349,1,4111.82
17142,6287,292,5,6604.75
17143,69,309,1,6463.56
17144,13119,284,4,9324.98
17145,5524,70,3,8962.34
17146,3607,100,1,9593.58
17147,6974,196,5,3830.25
17148,3170,499,1,3186.27
17149,7677,258,1,9737.13
17150,13890,294,3,1759.3
17151,4564,195,3,3311.18
17152,6184,369,5,8266.36
17153,5043,484,5,322.48
17154,6833,83,4,9659.08
17155,5240,8,1,6565.53
17156,3463,22,3,1658.35
17157,8908,240,5,9176.21
17158,12644,277,5,2568.61
17159,4881,129,4,6571.12
17160,1489,282,5,6977.05
17161,1172,159,2,1801.45
17162,56,9,3,9075.61
17163,8053,426,1,3257.04
17164,14423,410,1,9139.34
17165,6980,277,3,2568.61
17166,14212,173,3,3149.12
17167,5470,478,1,6425.58
17168,9715,444,2,7201.79
17169,8420,153,1,8748.36
17170,1532,201,4,7769.45
17171,3349,214,2,8463.2
17172,3317,409,5,5767.52
17173,7766,11,5,1837.72
17174,10085,377,3,9039.51
17175,11662,62,2,2223.61
17176,1042,226,4,2025.32
17177,11785,482,1,6578.94
17178,8454,324,5,2208.08
17179,4229,389,3,3380.61
17180,1193,26,4,482.02
17181,9823,328,2,8910.25
17182,12886,396,1,8634.83
17183,12038,234,5,5838.32
17184,11529,462,5,9857.56
17185,8395,273,3,6942.27
17186,3753,167,1,4172.77
17187,8135,100,2,9593.58
17188,11245,4,1,1038.64
17189,3092,375,4,6848.53
17190,8419,217,5,9900.58
17191,10370,185,5,9608.72
17192,9053,492,2,9608.88
17193,10854,330,1,9882.58
17194,6259,146,1,4918.85
17195,10155,30,2,7899.0
17196,6204,490,5,1232.7
17197,1481,89,2,2158.02
17198,14360,59,5,3468.76
17199,12835,232,5,3261.51
17200,10832,376,5,258.42
17201,5430,34,5,4719.44
17202,13903,185,1,9608.72
17203,13733,196,5,3830.25
17204,6734,103,5,4032.63
17205,11929,250,3,9260.34
17206,13782,242,2,7663.19
17207,1635,303,3,9299.69
17208,10535,437,1,3675.25
17209,8233,184,1,3270.76
17210,6428,314,3,9504.99
17211,6602,79,2,9929.03
17212,4627,33,3,968.15
17213,14487,38,4,4667.15
17214,14428,451,5,5360.01
17215,10501,388,1,5482.96
17216,1409,475,5,4830.58
17217,12217,256,2,8632.64
17218,10991,136,2,5846.66
17219,1396,359,2,4809.77
17220,9721,341,2,6881.86
17221,13807,80,1,7702.5
17222,4423,198,2,946.71
17223,4494,311,2,7839.59
17224,9752,409,3,5767.52
17225,8415,153,2,8748.36
17226,14909,271,2,9644.3
17227,6436,224,2,3104.98
17228,4285,436,2,6908.99
17229,984,442,3,722.71
17230,10982,42,2,4497.14
17231,3213,114,3,3570.81
17232,8501,265,1,6606.49
17233,2316,158,4,9478.85
17234,6880,59,1,3468.76
17235,12850,254,3,8610.26
17236,438,62,4,2223.61
17237,2434,236,5,8664.5
17238,12525,166,4,5626.74
17239,5927,211,1,9357.68
17240,6982,154,3,7802.63
17241,2989,262,2,6965.43
17242,9012,102,5,9476.14
17243,8383,243,2,3831.51
17244,7345,42,1,4497.14
17245,4775,437,1,3675.25
17246,11846,172,2,8002.21
17247,4298,183,3,5880.7
17248,11787,176,1,8922.31
17249,13401,426,3,3257.04
17250,11810,109,1,796.13
17251,8827,100,2,9593.58
17252,5891,24,2,8996.96
17253,9373,49,1,7978.95
17254,10648,193,4,1281.1
17255,13443,400,3,8624.0
17256,793,468,1,4653.8
17257,14039,424,3,9131.51
17258,6821,282,1,6977.05
17259,473,134,2,5480.33
17260,10483,157,5,7290.81
17261,5250,159,1,1801.45
17262,4680,485,3,8787.67
17263,9444,213,5,3800.6
17264,6241,149,1,938.71
17265,14252,3,4,6914.47
17266,4516,342,5,6063.95
17267,12276,55,4,4706.61
17268,277,146,2,4918.85
17269,1956,3,1,6914.47
17270,9292,414,5,8456.47
17271,5871,76,4,704.92
17272,11738,79,5,9929.03
17273,10459,50,1,9478.54
17274,12425,286,5,8835.5
17275,7790,25,5,7621.45
17276,14760,110,1,1178.02
17277,5087,444,3,7201.79
17278,11597,208,1,8638.99
17279,889,291,3,5087.5
17280,12361,261,4,980.67
17281,8754,407,5,5006.35
17282,6500,362,3,9726.31
17283,12143,324,5,2208.08
17284,1721,491,1,7055.9
17285,5747,388,4,5482.96
17286,1259,494,1,3573.94
17287,5612,450,3,6116.29
17288,3657,104,2,4430.26
17289,12377,13,2,7258.78
17290,5403,269,3,1141.26
17291,9631,472,3,8162.55
17292,10927,31,1,5680.54
17293,14547,12,1,3492.99
17294,3609,225,1,1137.36
17295,13474,43,4,3765.59
17296,1481,70,5,8962.34
17297,11192,44,2,3917.55
17298,10441,409,4,5767.52
17299,9947,130,4,2180.26
17300,763,109,5,796.13
17301,7910,473,2,4297.32
17302,4904,331,1,1285.58
17303,5532,466,3,2173.99
17304,13044,393,2,9148.93
17305,5651,472,4,8162.55
17306,7655,198,5,946.71
17307,7723,138,5,9993.87
17308,8632,106,3,6259.39
17309,14532,246,1,6536.29
17310,13460,312,5,7979.12
17311,3309,406,5,5823.84
17312,1660,496,2,2786.49
17313,3325,256,4,8632.64
17314,697,490,5,1232.7
17315,9075,458,2,1066.87
17316,206,245,5,8611.56
17317,7628,61,4,1207.44
17318,3025,330,1,9882.58
17319,2163,57,5,6056.87
17320,1289,236,5,8664.5
17321,114,3,5,6914.47
17322,1234,192,5,8165.24
17323,4970,212,2,1848.43
17324,4642,116,4,2672.92
17325,2891,48,5,1838.87
17326,11161,369,3,8266.36
17327,8515,231,1,1578.47
17328,13600,144,1,1912.27
17329,5825,399,2,5584.71
17330,3167,223,4,6357.32
17331,8580,126,4,2937.97
17332,7366,203,1,8511.61
17333,4256,330,3,9882.58
17334,7742,291,1,5087.5
17335,4778,265,2,6606.49
17336,10703,200,4,2884.6
17337,8737,458,4,1066.87
17338,8633,37,5,5308.22
17339,11567,166,5,5626.74
17340,10500,54,1,7895.72
17341,11128,492,4,9608.88
17342,4167,241,3,9266.89
17343,13056,29,2,3941.11
17344,11702,70,1,8962.34
17345,5425,15,2,3870.03
17346,6272,453,1,4809.05
17347,4864,198,1,946.71
17348,7497,247,2,1511.4
17349,3756,392,2,557.07
17350,309,453,2,4809.05
17351,2028,164,3,8667.88
17352,13242,84,4,8556.86
17353,12693,480,5,5205.62
17354,14262,240,5,9176.21
17355,6628,35,4,1741.5
17356,10809,134,4,5480.33
17357,7148,253,1,6781.48
17358,10055,406,5,5823.84
17359,13401,335,2,1115.92
17360,6279,431,3,7429.75
17361,8118,1,5,6315.21
17362,9874,144,2,1912.27
17363,13731,109,3,796.13
17364,4320,325,5,4799.01
17365,5742,122,4,8180.09
17366,13624,236,2,8664.5
17367,1788,105,2,328.39
17368,3505,74,1,199.13
17369,10723,135,3,5819.88
17370,8123,240,1,9176.21
17371,153,479,4,9565.21
17372,10637,37,3,5308.22
17373,4702,281,5,2968.82
17374,8612,279,1,5378.36
17375,14017,37,4,5308.22
17376,9181,401,3,276.76
17377,7625,341,3,6881.86
17378,3243,47,1,6387.23
17379,13590,397,4,5628.09
17380,12071,362,4,9726.31
17381,11104,10,3,395.33
17382,7625,359,3,4809.77
17383,138,26,4,482.02
17384,4201,445,4,4601.52
17385,13575,98,3,4922.59
17386,9517,231,1,1578.47
17387,10857,335,3,1115.92
17388,7858,165,2,5790.97
17389,288,56,1,7342.67
17390,7318,287,4,200.71
17391,1315,82,1,6679.0
17392,13387,71,3,1415.95
17393,4022,133,2,418.13
17394,5160,67,4,9629.35
17395,4363,386,1,3146.12
17396,10823,451,2,5360.01
17397,10874,255,2,8283.02
17398,2156,494,1,3573.94
17399,10364,187,3,7403.39
17400,933,418,2,4286.55
17401,5287,309,1,6463.56
17402,10165,449,3,7816.26
17403,11017,213,5,3800.6
17404,10641,419,1,2984.31
17405,13254,79,5,9929.03
17406,10296,455,1,1899.28
17407,6988,289,4,6753.34
17408,14038,283,2,5067.19
17409,12686,240,5,9176.21
17410,8798,1,2,6315.21
17411,12699,295,2,8795.72
17412,11315,243,4,3831.51
17413,11806,277,4,2568.61
17414,5602,155,5,5690.41
17415,3510,11,1,1837.72
17416,9109,430,2,5913.18
17417,3143,122,5,8180.09
17418,11351,268,3,5811.88
17419,9165,469,2,1716.73
17420,6445,252,4,4660.57
17421,8877,446,4,9142.99
17422,9725,97,1,509.52
17423,6130,95,4,3387.4
17424,11657,408,5,8941.62
17425,8894,74,1,199.13
17426,13945,196,2,3830.25
17427,5837,190,1,1021.97
17428,6541,194,3,1359.67
17429,10610,90,1,7785.19
17430,11066,49,5,7978.95
17431,880,219,5,6055.1
17432,13425,173,1,3149.12
17433,359,177,2,1840.37
17434,10867,402,2,2303.92
17435,12284,103,3,4032.63
17436,9006,380,3,4507.23
17437,6620,368,3,1767.74
17438,906,45,1,1218.3
17439,2295,79,2,9929.03
17440,1897,487,3,6550.82
17441,14327,107,5,1494.13
17442,9849,300,3,1815.98
17443,11077,296,2,3030.48
17444,9333,188,3,5330.51
17445,2522,165,3,5790.97
17446,11275,274,2,9374.58
17447,6992,96,2,2678.45
17448,14500,361,1,5463.67
17449,14279,43,4,3765.59
17450,10208,362,3,9726.31
17451,2617,257,2,2683.93
17452,9935,116,1,2672.92
17453,5390,457,4,9921.34
17454,8198,78,2,3697.4
17455,140,279,2,5378.36
17456,8419,360,2,8818.48
17457,11762,73,5,9210.64
17458,4790,288,1,6906.22
17459,1351,67,2,9629.35
17460,12030,97,2,509.52
17461,9264,20,4,5418.04
17462,7265,186,2,7246.03
17463,3165,112,5,8874.43
17464,8456,235,2,8300.53
17465,13998,321,1,9739.1
17466,6002,310,2,5989.12
17467,8622,360,4,8818.48
17468,14651,83,5,9659.08
17469,9961,499,2,3186.27
17470,6910,394,2,6388.25
17471,5109,426,5,3257.04
17472,11864,222,2,9786.82
17473,2898,499,5,3186.27
17474,12543,160,3,451.76
17475,2459,82,2,6679.0
17476,13333,491,4,7055.9
17477,3608,59,1,3468.76
17478,5205,224,2,3104.98
17479,12223,339,1,9584.08
17480,2255,219,3,6055.1
17481,12826,185,1,9608.72
17482,12511,3,5,6914.47
17483,8836,472,1,8162.55
17484,10045,57,1,6056.87
17485,10996,268,3,5811.88
17486,2404,459,2,1906.15
17487,13230,456,2,8200.2
17488,10572,71,4,1415.95
17489,10586,5,5,6386.27
17490,5399,219,2,6055.1
17491,14539,279,4,5378.36
17492,11429,401,4,276.76
17493,6879,75,4,8352.41
17494,12798,258,5,9737.13
17495,11184,226,1,2025.32
17496,7146,205,1,4022.8
17497,7099,233,4,4748.37
17498,12828,255,2,8283.02
17499,722,163,2,1948.49
17500,13231,164,5,8667.88
17501,6832,281,3,2968.82
17502,3131,102,3,9476.14
17503,12273,492,2,9608.88
17504,8673,270,5,3515.69
17505,13721,218,1,2942.56
17506,5622,223,1,6357.32
17507,10244,434,3,3167.56
17508,5827,395,4,5403.61
17509,12860,33,4,968.15
17510,4548,163,5,1948.49
17511,9794,309,4,6463.56
17512,2306,493,1,5685.39
17513,4434,281,5,2968.82
17514,14701,361,1,5463.67
17515,1515,109,2,796.13
17516,5165,190,3,1021.97
17517,12207,472,4,8162.55
17518,5961,136,1,5846.66
17519,7916,262,5,6965.43
17520,7331,85,3,2064.18
17521,12481,35,4,1741.5
17522,815,269,3,1141.26
17523,14714,466,2,2173.99
17524,10305,178,2,9950.37
17525,995,466,2,2173.99
17526,14801,66,3,6722.57
17527,8276,465,5,9276.0
17528,2536,264,2,9277.81
17529,11695,480,2,5205.62
17530,5652,421,4,8508.99
17531,6033,26,2,482.02
17532,8521,411,1,1314.33
17533,127,102,5,9476.14
17534,3015,326,4,8400.33
17535,5466,483,2,9066.19
17536,2964,17,1,7305.81
17537,12817,212,4,1848.43
17538,1048,135,1,5819.88
17539,3476,350,4,2158.61
17540,7782,298,5,8878.51
17541,13567,155,2,5690.41
17542,6258,293,5,8242.9
17543,8455,238,3,8127.0
17544,2165,250,5,9260.34
17545,9366,255,2,8283.02
17546,11012,291,3,5087.5
17547,12640,471,1,3581.14
17548,2201,284,5,9324.98
17549,9647,265,3,6606.49
17550,13734,360,1,8818.48
17551,14249,482,2,6578.94
17552,10699,85,2,2064.18
17553,14783,128,5,1686.89
17554,14399,488,1,6635.81
17555,6171,158,3,9478.85
17556,917,436,1,6908.99
17557,9195,491,4,7055.9
17558,6751,485,3,8787.67
17559,9777,95,2,3387.4
17560,12368,347,3,5876.24
17561,13298,29,3,3941.11
17562,2381,10,3,395.33
17563,4391,109,4,796.13
17564,8714,480,5,5205.62
17565,10131,456,1,8200.2
17566,13770,222,1,9786.82
17567,2540,434,2,3167.56
17568,2175,415,3,2187.71
17569,10150,288,1,6906.22
17570,421,142,1,6545.75
17571,8068,268,4,5811.88
17572,5848,306,2,9402.04
17573,2710,476,2,7708.58
17574,10513,142,4,6545.75
17575,9874,283,5,5067.19
17576,12971,47,5,6387.23
17577,2157,89,2,2158.02
17578,5826,398,2,4962.95
17579,5242,296,4,3030.48
17580,5228,271,4,9644.3
17581,6187,9,4,9075.61
17582,8237,493,2,5685.39
17583,10528,19,2,5022.81
17584,14666,176,4,8922.31
17585,2643,468,2,4653.8
17586,4140,6,3,2683.41
17587,8104,234,1,5838.32
17588,2446,301,3,9862.65
17589,14932,27,3,6600.12
17590,9496,225,1,1137.36
17591,5050,209,3,9837.59
17592,4356,440,2,1392.66
17593,8950,356,2,2763.96
17594,1052,446,5,9142.99
17595,2971,24,5,8996.96
17596,6154,440,4,1392.66
17597,13205,421,5,8508.99
17598,9005,472,3,8162.55
17599,3158,113,2,9827.8
17600,7752,344,4,4696.35
17601,12668,278,5,8996.64
17602,4254,256,3,8632.64
17603,5647,42,2,4497.14
17604,7841,476,1,7708.58
17605,2665,485,2,8787.67
17606,546,300,5,1815.98
17607,13083,79,3,9929.03
17608,8108,296,4,3030.48
17609,8007,149,3,938.71
17610,13894,116,1,2672.92
17611,11148,67,2,9629.35
17612,3160,492,1,9608.88
17613,2300,124,3,8055.13
17614,7146,43,2,3765.59
17615,2184,357,3,6115.84
17616,8365,138,2,9993.87
17617,4631,189,5,8899.99
17618,4134,145,2,6422.41
17619,2651,481,1,4000.0
17620,12189,446,5,9142.99
17621,7112,259,4,6946.2
17622,12769,238,5,8127.0
17623,4338,53,3,7460.59
17624,5938,322,5,6758.75
17625,2762,203,5,8511.61
17626,13858,304,3,466.87
17627,12528,153,1,8748.36
17628,7877,482,5,6578.94
17629,14355,187,4,7403.39
17630,6129,60,2,8583.96
17631,13914,260,3,4925.88
17632,289,54,3,7895.72
17633,6283,278,5,8996.64
17634,14685,407,5,5006.35
17635,14604,120,3,8117.66
17636,867,30,5,7899.0
17637,14564,255,3,8283.02
17638,7542,80,4,7702.5
17639,2684,339,3,9584.08
17640,5800,245,3,8611.56
17641,1982,398,1,4962.95
17642,11444,31,5,5680.54
17643,14804,141,5,1098.86
17644,10607,109,3,796.13
17645,8146,327,2,9601.35
17646,1833,457,4,9921.34
17647,9454,201,2,7769.45
17648,9657,256,1,8632.64
17649,7759,437,4,3675.25
17650,14470,468,5,4653.8
17651,8837,221,5,3345.21
17652,268,121,5,4637.39
17653,5708,247,2,1511.4
17654,12755,36,3,5763.51
17655,12148,305,5,4723.38
17656,12482,169,1,1462.57
17657,6045,210,2,4078.3
17658,13550,144,2,1912.27
17659,5611,340,1,3757.64
17660,32,427,4,3259.85
17661,13477,96,1,2678.45
17662,10075,400,5,8624.0
17663,14170,303,2,9299.69
17664,3541,21,4,9286.01
17665,1249,283,2,5067.19
17666,10633,208,1,8638.99
17667,4258,283,3,5067.19
17668,8223,146,5,4918.85
17669,9746,425,1,3696.53
17670,14659,354,3,7095.06
17671,72,222,3,9786.82
17672,14842,141,4,1098.86
17673,1231,326,1,8400.33
17674,11864,441,4,2052.86
17675,13165,115,2,8618.7
17676,4601,486,2,9524.97
17677,13588,99,5,7770.51
17678,673,100,4,9593.58
17679,13178,380,1,4507.23
17680,4292,320,3,7113.73
17681,1442,354,4,7095.06
17682,14345,427,5,3259.85
17683,3994,485,4,8787.67
17684,798,343,3,3581.46
17685,11621,480,1,5205.62
17686,10618,339,1,9584.08
17687,5321,132,5,426.52
17688,208,81,3,3619.81
17689,4164,82,4,6679.0
17690,12951,163,3,1948.49
17691,4067,373,5,5173.76
17692,3633,294,3,1759.3
17693,241,230,4,2678.09
17694,5014,65,1,7934.0
17695,11250,51,2,8177.56
17696,9076,411,2,1314.33
17697,12481,58,1,7243.02
17698,10500,357,3,6115.84
17699,13896,470,3,7905.83
17700,6689,406,4,5823.84
17701,8692,298,1,8878.51
17702,13598,19,5,5022.81
17703,10505,241,3,9266.89
17704,14492,445,3,4601.52
17705,14854,268,4,5811.88
17706,310,270,5,3515.69
17707,4838,95,5,3387.4
17708,14441,210,4,4078.3
17709,2571,143,4,5350.83
17710,4830,209,3,9837.59
17711,5102,458,1,1066.87
17712,7101,334,4,7620.87
17713,2497,83,3,9659.08
17714,4770,108,2,1734.18
17715,4165,158,5,9478.85
17716,4839,27,3,6600.12
17717,7791,377,4,9039.51
17718,13983,293,4,8242.9
17719,8490,19,3,5022.81
17720,1920,26,3,482.02
17721,6086,257,4,2683.93
17722,11408,478,2,6425.58
17723,12625,246,4,6536.29
17724,1980,43,5,3765.59
17725,7587,271,4,9644.3
17726,6082,416,5,6564.11
17727,6038,80,3,7702.5
17728,10836,237,1,5827.48
17729,1295,52,2,8643.0
17730,7177,52,3,8643.0
17731,11610,396,5,8634.83
17732,8907,468,3,4653.8
17733,7874,404,1,3218.34
17734,4032,442,3,722.71
17735,2228,190,1,1021.97
17736,11439,285,3,3933.55
17737,2957,61,2,1207.44
17738,7668,453,1,4809.05
17739,6276,478,1,6425.58
17740,6902,339,3,9584.08
17741,1999,211,2,9357.68
17742,11478,205,4,4022.8
17743,364,275,3,8842.88
17744,12786,432,5,226.39
17745,240,432,5,226.39
17746,4229,277,2,2568.61
17747,8535,431,1,7429.75
17748,3177,87,2,2322.38
17749,9464,441,1,2052.86
17750,1100,284,3,9324.98
17751,6596,465,2,9276.0
17752,6166,153,5,8748.36
17753,12112,411,1,1314.33
17754,5195,52,3,8643.0
17755,13261,401,1,276.76
17756,7599,128,5,1686.89
17757,6659,65,3,7934.0
17758,9742,208,5,8638.99
17759,1811,14,5,7643.58
17760,4926,363,1,6816.26
17761,4165,433,4,3027.9
17762,7096,342,1,6063.95
17763,12459,340,1,3757.64
17764,2457,221,2,3345.21
17765,5225,51,2,8177.56
17766,11695,99,2,7770.51
17767,13190,179,2,748.02
17768,10050,482,1,6578.94
17769,13419,157,1,7290.81
17770,2547,60,2,8583.96
17771,8658,398,3,4962.95
17772,10566,58,5,7243.02
17773,11763,157,5,7290.81
17774,1140,430,3,5913.18
17775,12189,77,2,7226.24
17776,4347,133,5,418.13
17777,14245,383,2,5157.46
17778,4407,20,5,5418.04
17779,3347,18,2,1342.37
17780,8600,491,3,7055.9
17781,8826,266,2,4135.03
17782,8321,456,3,8200.2
17783,856,303,2,9299.69
17784,3820,171,3,9757.17
17785,8080,126,2,2937.97
17786,3424,111,1,5010.75
17787,9831,492,5,9608.88
17788,8189,393,1,9148.93
17789,11238,256,2,8632.64
17790,5842,481,3,4000.0
17791,4769,346,5,5073.33
17792,7035,409,4,5767.52
17793,4499,225,1,1137.36
17794,14170,482,5,6578.94
17795,14987,395,3,5403.61
17796,8104,78,1,3697.4
17797,8453,154,2,7802.63
17798,5806,134,5,5480.33
17799,4628,376,3,258.42
17800,7095,201,4,7769.45
17801,13195,183,2,5880.7
17802,14071,148,4,6826.23
17803,12510,421,3,8508.99
17804,7660,407,4,5006.35
17805,13874,233,1,4748.37
17806,4411,167,5,4172.77
17807,14888,394,3,6388.25
17808,8488,316,1,5796.51
17809,3024,259,3,6946.2
17810,8719,82,5,6679.0
17811,8214,380,1,4507.23
17812,9902,393,3,9148.93
17813,6009,100,1,9593.58
17814,1625,367,5,2146.49
17815,5113,31,5,5680.54
17816,4870,373,1,5173.76
17817,10031,356,2,2763.96
17818,7855,145,2,6422.41
17819,9678,183,3,5880.7
17820,11585,186,1,7246.03
17821,8732,192,1,8165.24
17822,8829,138,2,9993.87
17823,11334,191,4,647.57
17824,8876,145,4,6422.41
17825,11399,319,1,3953.51
17826,13927,428,5,1211.53
17827,6477,106,5,6259.39
17828,6725,23,5,1685.18
17829,5122,266,5,4135.03
17830,1426,275,1,8842.88
17831,10679,251,1,2903.35
17832,9122,35,5,1741.5
17833,13420,202,2,9011.14
17834,3462,53,4,7460.59
17835,13584,447,3,2000.99
17836,957,149,2,938.71
17837,6579,276,3,2146.27
17838,5334,282,2,6977.05
17839,3431,94,3,8180.15
17840,8855,435,1,9744.01
17841,6099,136,1,5846.66
17842,1157,180,1,7937.75
17843,10543,216,4,3464.18
17844,4093,150,1,5507.66
17845,4053,115,5,8618.7
17846,1442,262,4,6965.43
17847,14915,482,5,6578.94
17848,7400,14,4,7643.58
17849,6883,153,1,8748.36
17850,5169,398,5,4962.95
17851,6693,366,4,3897.58
17852,5998,114,2,3570.81
17853,9295,125,4,2911.91
17854,5126,352,3,4584.87
17855,4226,322,1,6758.75
17856,1759,183,5,5880.7
17857,10311,422,2,9215.56
17858,2979,48,2,1838.87
17859,11846,293,4,8242.9
17860,11305,103,1,4032.63
17861,8935,177,3,1840.37
17862,484,103,2,4032.63
17863,12706,227,2,5782.67
17864,14647,341,1,6881.86
17865,3467,33,3,968.15
17866,11294,263,2,2663.77
17867,10986,310,3,5989.12
17868,3917,334,4,7620.87
17869,8903,341,4,6881.86
17870,664,236,5,8664.5
17871,3294,338,2,9668.48
17872,3640,151,3,8809.81
17873,4572,474,4,6301.48
17874,14796,489,3,3207.62
17875,7917,56,2,7342.67
17876,99,427,2,3259.85
17877,14985,132,4,426.52
17878,3912,490,5,1232.7
17879,11141,210,3,4078.3
17880,4378,328,1,8910.25
17881,1586,148,3,6826.23
17882,553,247,1,1511.4
17883,12569,327,5,9601.35
17884,11939,420,2,968.02
17885,13406,157,4,7290.81
17886,5405,300,2,1815.98
17887,14808,378,5,3236.96
17888,14094,270,4,3515.69
17889,10294,488,3,6635.81
17890,5406,119,2,3230.43
17891,4524,182,1,576.46
17892,13967,378,3,3236.96
17893,11547,34,3,4719.44
17894,12820,164,5,8667.88
17895,13780,356,4,2763.96
17896,10754,278,5,8996.64
17897,9301,214,3,8463.2
17898,12725,307,5,4019.4
17899,4477,452,3,7515.99
17900,14021,310,1,5989.12
17901,5217,252,4,4660.57
17902,12168,236,2,8664.5
17903,10150,441,2,2052.86
17904,11837,359,5,4809.77
17905,2600,363,2,6816.26
17906,9581,258,1,9737.13
17907,2364,105,3,328.39
17908,5581,153,2,8748.36
17909,11997,208,4,8638.99
17910,11581,24,2,8996.96
17911,14324,357,5,6115.84
17912,10756,301,5,9862.65
17913,720,460,5,4289.39
17914,13758,30,4,7899.0
17915,7635,437,2,3675.25
17916,8626,314,5,9504.99
17917,2579,48,5,1838.87
17918,11941,412,3,6068.19
17919,1323,373,3,5173.76
17920,5097,103,4,4032.63
17921,11601,191,1,647.57
17922,12254,411,5,1314.33
17923,6414,481,3,4000.0
17924,13001,213,4,3800.6
17925,6718,404,1,3218.34
17926,3421,216,2,3464.18
17927,12348,229,5,1133.55
17928,7833,67,3,9629.35
17929,5227,216,2,3464.18
17930,11354,114,3,3570.81
17931,1227,312,2,7979.12
17932,11681,144,3,1912.27
17933,7643,44,2,3917.55
17934,5693,1,2,6315.21
17935,7403,419,3,2984.31
17936,9579,108,4,1734.18
17937,10244,322,5,6758.75
17938,2021,263,5,2663.77
17939,14596,371,2,2310.72
17940,11386,298,3,8878.51
17941,12412,85,5,2064.18
17942,8878,88,4,8219.74
17943,13920,380,2,4507.23
17944,11833,102,1,9476.14
17945,6932,134,1,5480.33
17946,4273,279,5,5378.36
17947,10412,105,4,328.39
17948,5495,149,4,938.71
17949,11086,245,2,8611.56
17950,11824,16,5,8266.92
17951,5165,438,5,9206.62
17952,1532,113,4,9827.8
17953,10526,439,4,3081.57
17954,3733,489,4,3207.62
17955,9954,325,4,4799.01
17956,6959,404,1,3218.34
17957,11227,461,3,798.26
17958,5074,337,2,4035.25
17959,3292,468,3,4653.8
17960,435,61,5,1207.44
17961,2854,314,5,9504.99
17962,4563,418,1,4286.55
17963,11501,69,3,8226.4
17964,2377,384,5,7551.73
17965,10627,356,2,2763.96
17966,2347,417,3,1315.86
17967,9672,357,4,6115.84
17968,417,488,5,6635.81
17969,1576,401,2,276.76
17970,3498,343,2,3581.46
17971,11095,42,1,4497.14
17972,13977,478,2,6425.58
17973,10482,431,3,7429.75
17974,5477,352,4,4584.87
17975,6269,421,1,8508.99
17976,14183,19,2,5022.81
17977,14715,388,5,5482.96
17978,8449,272,5,4556.48
17979,2827,342,4,6063.95
17980,2777,63,5,5383.93
17981,4738,319,5,3953.51
17982,1533,166,3,5626.74
17983,7933,402,4,2303.92
17984,3520,21,2,9286.01
17985,199,221,5,3345.21
17986,9788,52,3,8643.0
17987,4856,140,4,621.76
17988,8432,478,3,6425.58
17989,2579,296,1,3030.48
17990,78,156,2,7160.7
17991,11484,335,1,1115.92
17992,1636,230,5,2678.09
17993,6418,89,4,2158.02
17994,197,13,2,7258.78
17995,10314,291,2,5087.5
17996,5434,452,3,7515.99
17997,1979,69,4,8226.4
17998,1208,261,2,980.67
17999,2313,230,1,2678.09
18000,11718,13,4,7258.78
18001,5726,434,5,3167.56
18002,2553,486,4,9524.97
18003,13656,196,1,3830.25
18004,11754,289,4,6753.34
18005,10642,13,4,7258.78
18006,3928,319,3,3953.51
18007,12933,340,1,3757.64
18008,12573,177,3,1840.37
18009,13863,231,2,1578.47
18010,10705,179,3,748.02
18011,2111,459,4,1906.15
18012,13871,197,5,6070.18
18013,8472,394,4,6388.25
18014,13906,220,5,4181.4
18015,6123,39,4,3738.32
18016,6801,297,5,6822.62
18017,11440,349,1,4111.82
18018,1737,152,3,9565.43
18019,11750,177,4,1840.37
18020,4284,146,2,4918.85
18021,2117,416,2,6564.11
18022,2663,65,2,7934.0
18023,14551,469,2,1716.73
18024,2893,84,2,8556.86
18025,3458,169,3,1462.57
18026,8251,214,5,8463.2
18027,3613,411,4,1314.33
18028,14692,174,4,7399.81
18029,10446,350,5,2158.61
18030,895,33,4,968.15
18031,13597,34,5,4719.44
18032,4949,376,1,258.42
18033,14134,460,4,4289.39
18034,12697,334,5,7620.87
18035,1340,42,5,4497.14
18036,6060,197,2,6070.18
18037,5115,231,2,1578.47
18038,468,143,4,5350.83
18039,8942,317,3,9246.11
18040,6481,374,3,9108.7
18041,12578,309,1,6463.56
18042,1791,425,5,3696.53
18043,10489,78,2,3697.4
18044,9470,408,3,8941.62
18045,1845,74,2,199.13
18046,3965,72,1,879.52
18047,5154,199,5,8014.84
18048,16,361,1,5463.67
18049,8986,461,2,798.26
18050,14077,433,5,3027.9
18051,11985,239,5,1994.61
18052,10082,306,2,9402.04
18053,2188,383,3,5157.46
18054,7643,234,5,5838.32
18055,4487,435,2,9744.01
18056,2608,192,1,8165.24
18057,283,341,2,6881.86
18058,9732,193,3,1281.1
18059,13284,270,2,3515.69
18060,12633,284,5,9324.98
18061,7117,96,4,2678.45
18062,2367,237,4,5827.48
18063,6515,308,4,3248.37
18064,2306,389,4,3380.61
18065,231,263,3,2663.77
18066,5581,425,5,3696.53
18067,11502,324,5,2208.08
18068,242,397,1,5628.09
18069,5896,234,1,5838.32
18070,7835,357,4,6115.84
18071,2826,193,3,1281.1
18072,11718,252,4,4660.57
18073,4826,58,4,7243.02
18074,12955,165,5,5790.97
18075,194,34,5,4719.44
18076,3707,56,3,7342.67
18077,7938,256,3,8632.64
18078,7975,230,2,2678.09
18079,9100,283,4,5067.19
18080,4021,209,3,9837.59
18081,10812,101,2,6090.24
18082,7386,421,3,8508.99
18083,7658,268,2,5811.88
18084,8014,180,5,7937.75
18085,6636,290,1,1424.2
18086,7963,217,3,9900.58
18087,6843,107,5,1494.13
18088,877,234,2,5838.32
18089,2127,278,3,8996.64
18090,11932,7,4,6834.18
18091,2954,117,1,3613.97
18092,9895,150,3,5507.66
18093,6999,334,5,7620.87
18094,13531,8,1,6565.53
18095,14659,476,4,7708.58
18096,7170,363,5,6816.26
18097,8679,329,5,1250.04
18098,1644,429,2,4716.21
18099,10595,407,1,5006.35
18100,586,208,1,8638.99
18101,6158,202,3,9011.14
18102,6478,31,1,5680.54
18103,14997,99,3,7770.51
18104,3907,71,1,1415.95
18105,4741,482,3,6578.94
18106,5573,352,4,4584.87
18107,14294,101,5,6090.24
18108,2788,484,2,322.48
18109,11459,225,1,1137.36
18110,4831,109,4,796.13
18111,10195,302,5,256.64
18112,8220,61,3,1207.44
18113,11857,138,4,9993.87
18114,9094,84,4,8556.86
18115,839,284,5,9324.98
18116,8478,482,4,6578.94
18117,5343,326,1,8400.33
18118,11093,415,2,2187.71
18119,943,371,3,2310.72
18120,749,204,5,5285.57
18121,12349,414,2,8456.47
18122,719,205,1,4022.8
18123,6999,479,3,9565.21
18124,12406,315,1,7046.48
18125,9468,260,4,4925.88
18126,12102,180,3,7937.75
18127,82,460,2,4289.39
18128,12413,255,3,8283.02
18129,4486,424,3,9131.51
18130,5145,66,4,6722.57
18131,9051,313,2,4182.64
18132,11783,23,2,1685.18
18133,3850,296,3,3030.48
18134,4619,361,1,5463.67
18135,12805,101,2,6090.24
18136,3042,266,4,4135.03
18137,2101,162,1,9785.74
18138,6316,376,1,258.42
18139,2253,83,5,9659.08
18140,5518,111,5,5010.75
18141,11405,39,1,3738.32
18142,12779,439,4,3081.57
18143,12334,328,2,8910.25
18144,3678,213,5,3800.6
18145,10028,353,4,3759.57
18146,13869,433,4,3027.9
18147,3432,408,4,8941.62
18148,5996,353,5,3759.57
18149,5290,229,1,1133.55
18150,5555,107,2,1494.13
18151,3307,441,2,2052.86
18152,9589,381,4,3904.17
18153,7868,456,4,8200.2
18154,6158,2,3,732.43
18155,119,172,4,8002.21
18156,231,299,1,4929.48
18157,1391,145,5,6422.41
18158,14827,334,5,7620.87
18159,14142,128,1,1686.89
18160,5987,293,3,8242.9
18161,4748,6,5,2683.41
18162,3385,61,5,1207.44
18163,14941,240,3,9176.21
18164,5812,400,2,8624.0
18165,11267,12,5,3492.99
18166,3653,64,1,3923.84
18167,7863,446,5,9142.99
18168,12487,153,5,8748.36
18169,14271,4,5,1038.64
18170,2282,178,3,9950.37
18171,9503,477,2,9150.54
18172,14179,498,1,6884.43
18173,6908,420,2,968.02
18174,11164,324,1,2208.08
18175,1485,187,5,7403.39
18176,6332,164,3,8667.88
18177,12896,247,2,1511.4
18178,658,226,3,2025.32
18179,14087,187,2,7403.39
18180,11952,437,4,3675.25
18181,7554,12,4,3492.99
18182,1581,173,3,3149.12
18183,13118,105,2,328.39
18184,10263,69,1,8226.4
18185,14776,280,4,7595.69
18186,783,62,5,2223.61
18187,1541,226,2,2025.32
18188,7219,248,5,5592.3
18189,13686,349,4,4111.82
18190,69,154,5,7802.63
18191,11664,375,5,6848.53
18192,10236,348,3,3047.9
18193,7929,435,1,9744.01
18194,9981,80,1,7702.5
18195,1537,22,1,1658.35
18196,5288,197,2,6070.18
18197,5433,176,1,8922.31
18198,4397,316,5,5796.51
18199,11442,218,3,2942.56
18200,10183,1,5,6315.21
18201,5883,108,4,1734.18
18202,3027,237,4,5827.48
18203,2871,336,4,7047.79
18204,9807,151,4,8809.81
18205,14614,286,5,8835.5
18206,13058,229,3,1133.55
18207,2893,390,2,1940.5
18208,11882,85,3,2064.18
18209,98,348,4,3047.9
18210,2061,192,2,8165.24
18211,13580,278,4,8996.64
18212,4813,342,1,6063.95
18213,6875,153,1,8748.36
18214,5637,362,4,9726.31
18215,2403,406,1,5823.84
18216,3709,222,3,9786.82
18217,11573,36,3,5763.51
18218,13035,273,5,6942.27
18219,2383,119,2,3230.43
18220,11038,17,4,7305.81
18221,5147,116,1,2672.92
18222,14366,306,1,9402.04
18223,175,41,3,6972.61
18224,991,448,2,5383.01
18225,10992,456,4,8200.2
18226,8585,111,2,5010.75
18227,4963,73,5,9210.64
18228,4442,370,2,8466.61
18229,7864,367,5,2146.49
18230,6222,235,5,8300.53
18231,4499,493,3,5685.39
18232,9320,409,2,5767.52
18233,10325,289,5,6753.34
18234,14650,191,1,647.57
18235,7187,107,3,1494.13
18236,11190,235,4,8300.53
18237,8614,206,1,2172.19
18238,12659,375,1,6848.53
18239,13314,55,4,4706.61
18240,2235,23,3,1685.18
18241,523,195,3,3311.18
18242,13744,426,5,3257.04
18243,262,146,3,4918.85
18244,14333,96,5,2678.45
18245,6160,500,5,9839.38
18246,3646,296,2,3030.48
18247,14116,87,3,2322.38
18248,10416,387,1,7256.07
18249,6819,384,5,7551.73
18250,5683,388,4,5482.96
18251,5814,114,3,3570.81
18252,12489,17,5,7305.81
18253,13290,148,2,6826.23
18254,6185,498,4,6884.43
18255,14361,488,5,6635.81
18256,8035,322,3,6758.75
18257,12488,22,5,1658.35
18258,9402,282,2,6977.05
18259,5721,196,1,3830.25
18260,14554,350,1,2158.61
18261,9062,365,1,1850.05
18262,12861,32,5,5922.14
18263,2152,306,5,9402.04
18264,10314,117,1,3613.97
18265,6447,289,2,6753.34
18266,3254,390,4,1940.5
18267,9639,347,5,5876.24
18268,8824,171,1,9757.17
18269,3058,257,3,2683.93
18270,6155,444,4,7201.79
18271,3445,238,4,8127.0
18272,8280,383,1,5157.46
18273,1938,118,1,8743.3
18274,11397,103,5,4032.63
18275,5279,468,5,4653.8
18276,11995,70,4,8962.34
18277,11852,391,5,245.15
18278,1679,369,4,8266.36
18279,3373,378,2,3236.96
18280,54,191,1,647.57
18281,6559,46,1,8792.03
18282,6267,441,1,2052.86
18283,6013,308,4,3248.37
18284,7360,417,4,1315.86
18285,14521,412,5,6068.19
18286,2394,109,1,796.13
18287,2883,379,4,6490.64
18288,9886,349,2,4111.82
18289,8281,447,4,2000.99
18290,3351,401,4,276.76
18291,9991,332,3,2539.39
18292,11557,291,3,5087.5
18293,3034,12,5,3492.99
18294,1012,310,1,5989.12
18295,2864,168,1,1657.22
18296,14236,62,1,2223.61
18297,2975,287,3,200.71
18298,12916,285,5,3933.55
18299,3274,78,2,3697.4
18300,14606,349,3,4111.82
18301,12380,316,1,5796.51
18302,10795,267,3,9197.24
18303,6652,21,5,9286.01
18304,3578,38,4,4667.15
18305,4771,99,5,7770.51
18306,893,165,4,5790.97
18307,14157,157,4,7290.81
18308,5491,399,3,5584.71
18309,10733,264,3,9277.81
18310,7381,43,5,3765.59
18311,6537,197,1,6070.18
18312,11091,346,1,5073.33
18313,6735,46,2,8792.03
18314,9712,177,2,1840.37
18315,1587,298,3,8878.51
18316,14747,380,4,4507.23
18317,10780,275,2,8842.88
18318,9380,13,5,7258.78
18319,7953,240,3,9176.21
18320,7811,92,1,8797.95
18321,13929,293,3,8242.9
18322,9076,223,2,6357.32
18323,9035,394,4,6388.25
18324,8003,486,5,9524.97
18325,14159,202,5,9011.14
18326,1804,219,4,6055.1
18327,2421,355,1,8627.33
18328,8883,176,3,8922.31
18329,2490,334,1,7620.87
18330,14665,373,1,5173.76
18331,9665,351,2,5555.13
18332,773,247,5,1511.4
18333,3382,379,4,6490.64
18334,12160,95,3,3387.4
18335,312,430,2,5913.18
18336,2759,444,2,7201.79
18337,3405,195,2,3311.18
18338,11296,117,5,3613.97
18339,7278,319,5,3953.51
18340,4840,308,5,3248.37
18341,14576,227,3,5782.67
18342,6466,488,2,6635.81
18343,3890,278,5,8996.64
18344,3595,73,2,9210.64
18345,12649,306,2,9402.04
18346,12128,163,2,1948.49
18347,1360,400,4,8624.0
18348,7426,218,3,2942.56
18349,5118,83,5,9659.08
18350,9055,281,5,2968.82
18351,6592,385,2,9715.08
18352,1719,364,1,9723.49
18353,6369,18,1,1342.37
18354,14380,242,3,7663.19
18355,3083,475,2,4830.58
18356,3330,226,5,2025.32
18357,11287,265,5,6606.49
18358,5359,410,4,9139.34
18359,4504,363,5,6816.26
18360,7321,241,2,9266.89
18361,3921,215,2,5828.57
18362,1829,348,3,3047.9
18363,6350,368,5,1767.74
18364,1317,228,4,604.91
18365,3333,177,4,1840.37
18366,14904,419,1,2984.31
18367,3915,306,2,9402.04
18368,4920,144,5,1912.27
18369,2749,258,4,9737.13
18370,3977,60,1,8583.96
18371,5420,286,1,8835.5
18372,11001,487,5,6550.82
18373,10598,471,4,3581.14
18374,14449,327,1,9601.35
18375,261,278,3,8996.64
18376,6355,3,4,6914.47
18377,12537,409,3,5767.52
18378,14622,320,1,7113.73
18379,6028,427,5,3259.85
18380,3640,248,5,5592.3
18381,2324,30,1,7899.0
18382,10448,19,2,5022.81
18383,10884,209,4,9837.59
18384,3140,403,5,4023.58
18385,12363,335,3,1115.92
18386,1790,260,2,4925.88
18387,11956,184,4,3270.76
18388,3501,50,5,9478.54
18389,12091,421,2,8508.99
18390,10032,341,3,6881.86
18391,10714,271,3,9644.3
18392,2436,55,3,4706.61
18393,11149,452,3,7515.99
18394,4916,36,5,5763.51
18395,8490,377,5,9039.51
18396,4460,410,3,9139.34
18397,4196,329,4,1250.04
18398,2313,341,4,6881.86
18399,480,438,4,9206.62
18400,8122,116,5,2672.92
18401,14117,343,4,3581.46
18402,8694,201,5,7769.45
18403,105,184,5,3270.76
18404,3131,482,1,6578.94
18405,6953,207,5,4423.45
18406,1761,476,3,7708.58
18407,422,167,5,4172.77
18408,14090,255,5,8283.02
18409,6256,278,5,8996.64
18410,4825,106,3,6259.39
18411,2647,496,3,2786.49
18412,845,261,2,980.67
18413,5958,308,4,3248.37
18414,1822,460,3,4289.39
18415,1856,162,5,9785.74
18416,459,187,5,7403.39
18417,2627,166,1,5626.74
18418,12849,111,5,5010.75
18419,3561,342,4,6063.95
18420,4707,363,3,6816.26
18421,2007,343,4,3581.46
18422,8200,461,5,798.26
18423,220,134,3,5480.33
18424,1834,325,2,4799.01
18425,6957,121,2,4637.39
18426,12096,354,2,7095.06
18427,8921,467,4,2506.92
18428,9712,445,4,4601.52
18429,7621,343,4,3581.46
18430,835,431,5,7429.75
18431,5949,173,5,3149.12
18432,10139,76,3,704.92
18433,8611,435,5,9744.01
18434,986,178,2,9950.37
18435,11036,301,3,9862.65
18436,11804,390,3,1940.5
18437,12284,364,4,9723.49
18438,2355,487,2,6550.82
18439,5878,83,3,9659.08
18440,12806,451,1,5360.01
18441,1433,126,4,2937.97
18442,3529,87,3,2322.38
18443,388,1,4,6315.21
18444,635,278,1,8996.64
18445,2682,463,2,7898.4
18446,13192,360,1,8818.48
18447,6663,459,1,1906.15
18448,5116,219,4,6055.1
18449,12264,217,2,9900.58
18450,2438,62,3,2223.61
18451,6687,121,2,4637.39
18452,13010,433,3,3027.9
18453,8218,69,1,8226.4
18454,5488,308,4,3248.37
18455,11093,334,5,7620.87
18456,11670,471,2,3581.14
18457,5468,477,4,9150.54
18458,11635,451,3,5360.01
18459,13433,62,4,2223.61
18460,1166,185,5,9608.72
18461,11066,63,2,5383.93
18462,4178,265,4,6606.49
18463,5671,353,5,3759.57
18464,9135,275,4,8842.88
18465,2081,426,3,3257.04
18466,3090,499,2,3186.27
18467,436,497,5,4248.99
18468,4321,404,3,3218.34
18469,12519,381,3,3904.17
18470,8549,88,3,8219.74
18471,2415,115,1,8618.7
18472,2188,49,4,7978.95
18473,14423,108,1,1734.18
18474,10756,202,5,9011.14
18475,597,474,3,6301.48
18476,7380,458,3,1066.87
18477,2894,424,2,9131.51
18478,14996,293,4,8242.9
18479,828,23,3,1685.18
18480,1005,485,5,8787.67
18481,14276,390,4,1940.5
18482,3430,125,3,2911.91
18483,10989,261,5,980.67
18484,4584,59,2,3468.76
18485,10808,104,2,4430.26
18486,5217,470,2,7905.83
18487,13707,389,5,3380.61
18488,3333,33,2,968.15
18489,13873,189,5,8899.99
18490,8106,165,3,5790.97
18491,2745,298,2,8878.51
18492,1898,103,2,4032.63
18493,1691,131,3,884.97
18494,8990,282,5,6977.05
18495,9678,427,5,3259.85
18496,11309,430,1,5913.18
18497,947,431,5,7429.75
18498,6341,240,5,9176.21
18499,6809,213,3,3800.6
18500,2340,241,4,9266.89
18501,11802,471,3,3581.14
18502,7641,462,4,9857.56
18503,7654,464,5,8934.52
18504,6040,177,2,1840.37
18505,3124,2,4,732.43
18506,5517,178,4,9950.37
18507,2490,297,2,6822.62
18508,13452,12,3,3492.99
18509,7370,375,3,6848.53
18510,9869,225,4,1137.36
18511,3656,51,1,8177.56
18512,4272,467,3,2506.92
18513,12929,225,2,1137.36
18514,9742,133,4,418.13
18515,6829,257,5,2683.93
18516,7971,461,3,798.26
18517,3329,144,2,1912.27
18518,2226,350,4,2158.61
18519,4069,354,2,7095.06
18520,6132,94,5,8180.15
18521,1801,28,4,966.94
18522,4612,352,1,4584.87
18523,8162,416,4,6564.11
18524,9487,410,5,9139.34
18525,6134,262,4,6965.43
18526,3664,282,3,6977.05
18527,12563,375,2,6848.53
18528,875,340,1,3757.64
18529,10580,192,2,8165.24
18530,13840,124,4,8055.13
18531,250,497,3,4248.99
18532,14163,8,1,6565.53
18533,6507,233,2,4748.37
18534,7170,141,3,1098.86
18535,7186,247,1,1511.4
18536,6965,6,3,2683.41
18537,11688,446,3,9142.99
18538,11024,193,2,1281.1
18539,12040,51,4,8177.56
18540,3166,33,1,968.15
18541,719,429,5,4716.21
18542,11885,327,3,9601.35
18543,9728,59,5,3468.76
18544,223,172,3,8002.21
18545,3691,106,4,6259.39
18546,4756,375,2,6848.53
18547,12813,147,1,8276.67
18548,6809,380,5,4507.23
18549,7286,56,4,7342.67
18550,8246,9,3,9075.61
18551,7758,202,4,9011.14
18552,14060,160,2,451.76
18553,2375,422,5,9215.56
18554,4960,9,5,9075.61
18555,5247,351,3,5555.13
18556,8146,165,3,5790.97
18557,8166,150,2,5507.66
18558,10025,379,1,6490.64
18559,13084,323,5,1809.66
18560,4567,74,1,199.13
18561,317,141,5,1098.86
18562,468,297,2,6822.62
18563,10024,249,4,745.94
18564,14701,95,5,3387.4
18565,481,45,5,1218.3
18566,1433,387,3,7256.07
18567,14431,19,1,5022.81
18568,6085,452,3,7515.99
18569,5790,436,4,6908.99
18570,8586,146,5,4918.85
18571,6578,143,2,5350.83
18572,11447,294,3,1759.3
18573,11867,13,5,7258.78
18574,1948,482,1,6578.94
18575,4483,345,1,7840.69
18576,3455,491,1,7055.9
18577,5428,90,1,7785.19
18578,10116,281,4,2968.82
18579,3551,130,2,2180.26
18580,3200,332,5,2539.39
18581,3893,391,5,245.15
18582,13497,309,3,6463.56
18583,7253,241,3,9266.89
18584,3250,379,2,6490.64
18585,13643,477,2,9150.54
18586,13884,141,5,1098.86
18587,6445,13,1,7258.78
18588,6705,275,3,8842.88
18589,11189,420,1,968.02
18590,13801,17,4,7305.81
18591,6777,454,1,3126.41
18592,7570,211,5,9357.68
18593,12115,345,4,7840.69
18594,10516,194,5,1359.67
18595,8134,116,4,2672.92
18596,5125,432,1,226.39
18597,338,334,4,7620.87
18598,11033,12,2,3492.99
18599,5412,207,2,4423.45
18600,7247,40,3,5521.2
18601,4834,55,4,4706.61
18602,5358,326,5,8400.33
18603,6148,471,3,3581.14
18604,12216,10,4,395.33
18605,4340,470,3,7905.83
18606,6336,266,2,4135.03
18607,9398,333,1,3312.61
18608,13546,364,1,9723.49
18609,11703,354,5,7095.06
18610,1592,6,4,2683.41
18611,7252,371,2,2310.72
18612,8894,99,4,7770.51
18613,5168,157,3,7290.81
18614,6265,396,1,8634.83
18615,13647,421,3,8508.99
18616,3942,396,1,8634.83
18617,3080,195,1,3311.18
18618,10812,202,1,9011.14
18619,529,438,1,9206.62
18620,976,349,3,4111.82
18621,13720,323,1,1809.66
18622,4627,26,4,482.02
18623,3924,256,1,8632.64
18624,1701,372,5,1234.45
18625,7862,204,3,5285.57
18626,14008,489,4,3207.62
18627,34,458,5,1066.87
18628,13854,353,3,3759.57
18629,13553,266,5,4135.03
18630,10482,315,5,7046.48
18631,3505,122,3,8180.09
18632,9045,478,5,6425.58
18633,12528,388,5,5482.96
18634,522,177,4,1840.37
18635,10886,157,2,7290.81
18636,14886,133,1,418.13
18637,8915,265,4,6606.49
18638,3568,475,5,4830.58
18639,12104,256,4,8632.64
18640,4748,462,3,9857.56
18641,3986,321,3,9739.1
18642,9616,39,1,3738.32
18643,12788,494,3,3573.94
18644,14845,132,1,426.52
18645,8021,101,1,6090.24
18646,8485,186,1,7246.03
18647,7716,16,5,8266.92
18648,438,223,1,6357.32
18649,1891,347,4,5876.24
18650,6704,103,1,4032.63
18651,3812,422,3,9215.56
18652,9413,255,2,8283.02
18653,12691,294,4,1759.3
18654,13596,331,5,1285.58
18655,3365,249,5,745.94
18656,12322,3,5,6914.47
18657,856,152,1,9565.43
18658,2934,29,1,3941.11
18659,300,368,2,1767.74
18660,9166,244,3,1081.56
18661,11028,279,5,5378.36
18662,11412,209,5,9837.59
18663,244,308,2,3248.37
18664,4305,467,2,2506.92
18665,6685,365,2,1850.05
18666,4824,445,3,4601.52
18667,7131,287,5,200.71
18668,2525,496,1,2786.49
18669,9083,386,5,3146.12
18670,14968,301,3,9862.65
18671,5927,109,4,796.13
18672,14201,433,1,3027.9
18673,14789,301,5,9862.65
18674,1940,208,5,8638.99
18675,12795,400,5,8624.0
18676,7652,202,5,9011.14
18677,13563,122,2,8180.09
18678,11346,257,1,2683.93
18679,7595,167,4,4172.77
18680,4147,167,2,4172.77
18681,8568,398,3,4962.95
18682,7383,459,1,1906.15
18683,4866,456,5,8200.2
18684,10804,321,4,9739.1
18685,14556,324,2,2208.08
18686,757,240,3,9176.21
18687,3358,120,2,8117.66
18688,1301,145,3,6422.41
18689,13498,36,2,5763.51
18690,14884,407,2,5006.35
18691,13923,195,4,3311.18
18692,7467,350,4,2158.61
18693,1448,485,1,8787.67
18694,14574,98,4,4922.59
18695,3632,191,4,647.57
18696,6076,229,5,1133.55
18697,13358,429,5,4716.21
18698,13716,470,4,7905.83
18699,12407,12,4,3492.99
18700,11594,163,1,1948.49
18701,995,374,3,9108.7
18702,14465,74,3,199.13
18703,9512,95,2,3387.4
18704,8423,272,2,4556.48
18705,10508,144,4,1912.27
18706,11574,93,5,2028.54
18707,7566,98,4,4922.59
18708,5677,69,3,8226.4
18709,14882,356,5,2763.96
18710,2719,299,5,4929.48
18711,7677,323,5,1809.66
18712,9090,462,1,9857.56
18713,8575,388,2,5482.96
18714,789,367,3,2146.49
18715,14983,132,2,426.52
18716,5557,159,1,1801.45
18717,7618,210,4,4078.3
18718,11218,10,4,395.33
18719,2943,500,2,9839.38
18720,10934,352,2,4584.87
18721,9789,72,2,879.52
18722,12165,212,3,1848.43
18723,11973,163,3,1948.49
18724,12318,253,3,6781.48
18725,4231,360,4,8818.48
18726,12018,439,5,3081.57
18727,11671,438,2,9206.62
18728,10367,323,1,1809.66
18729,13698,12,1,3492.99
18730,13968,113,2,9827.8
18731,2140,205,2,4022.8
18732,12459,438,1,9206.62
18733,5564,479,2,9565.21
18734,9484,233,5,4748.37
18735,12902,163,5,1948.49
18736,3601,411,2,1314.33
18737,12282,399,5,5584.71
18738,14346,70,5,8962.34
18739,11023,488,3,6635.81
18740,8941,491,5,7055.9
18741,10887,285,1,3933.55
18742,13606,77,5,7226.24
18743,10204,491,4,7055.9
18744,1762,183,2,5880.7
18745,10113,159,5,1801.45
18746,11412,174,2,7399.81
18747,1557,75,3,8352.41
18748,7356,136,5,5846.66
18749,927,396,5,8634.83
18750,8989,145,3,6422.41
18751,11279,373,2,5173.76
18752,5621,87,2,2322.38
18753,6653,162,1,9785.74
18754,6731,46,1,8792.03
18755,5956,455,4,1899.28
18756,8360,353,1,3759.57
18757,5510,244,3,1081.56
18758,11383,362,1,9726.31
18759,11784,295,1,8795.72
18760,12372,183,4,5880.7
18761,12513,79,5,9929.03
18762,603,439,3,3081.57
18763,3739,384,3,7551.73
18764,14155,381,5,3904.17
18765,1068,40,5,5521.2
18766,7087,420,1,968.02
18767,190,391,2,245.15
18768,10228,115,5,8618.7
18769,6689,332,1,2539.39
18770,11428,469,4,1716.73
18771,373,255,4,8283.02
18772,13188,430,2,5913.18
18773,1209,190,3,1021.97
18774,8254,177,3,1840.37
18775,7985,116,3,2672.92
18776,9475,322,3,6758.75
18777,3220,97,5,509.52
18778,13426,284,4,9324.98
18779,10053,366,5,3897.58
18780,10117,9,5,9075.61
18781,4670,14,3,7643.58
18782,6501,340,1,3757.64
18783,11622,189,1,8899.99
18784,13480,371,1,2310.72
18785,7979,424,5,9131.51
18786,9355,427,4,3259.85
18787,3810,39,5,3738.32
18788,4546,458,3,1066.87
18789,13853,96,2,2678.45
18790,12990,418,2,4286.55
18791,13428,340,4,3757.64
18792,12724,421,3,8508.99
18793,3425,322,1,6758.75
18794,2962,224,5,3104.98
18795,8479,105,5,328.39
18796,13778,327,4,9601.35
18797,13174,145,5,6422.41
18798,2247,261,1,980.67
18799,542,231,1,1578.47
18800,1666,369,2,8266.36
18801,3172,195,2,3311.18
18802,10040,157,4,7290.81
18803,10657,385,1,9715.08
18804,2750,144,1,1912.27
18805,9455,243,3,3831.51
18806,14970,364,1,9723.49
18807,8825,126,2,2937.97
18808,11936,381,2,3904.17
18809,7903,382,1,2606.69
18810,7013,483,1,9066.19
18811,9041,95,4,3387.4
18812,482,378,3,3236.96
18813,6000,58,3,7243.02
18814,11518,217,5,9900.58
18815,1784,426,2,3257.04
18816,11163,96,2,2678.45
18817,8604,291,3,5087.5
18818,261,282,1,6977.05
18819,12975,492,2,9608.88
18820,14881,407,3,5006.35
18821,10602,245,5,8611.56
18822,9290,65,4,7934.0
18823,538,305,4,4723.38
18824,7949,139,5,8246.2
18825,12830,146,5,4918.85
18826,5545,296,1,3030.48
18827,3181,356,3,2763.96
18828,2650,378,1,3236.96
18829,3533,81,4,3619.81
18830,6851,200,1,2884.6
18831,7422,194,2,1359.67
18832,11654,346,4,5073.33
18833,11713,403,2,4023.58
18834,2674,23,2,1685.18
18835,4978,350,3,2158.61
18836,4660,125,4,2911.91
18837,866,77,2,7226.24
18838,6275,122,3,8180.09
18839,10489,204,5,5285.57
18840,2031,54,4,7895.72
18841,1301,347,1,5876.24
18842,3096,215,1,5828.57
18843,8438,468,2,4653.8
18844,13038,366,5,3897.58
18845,3741,471,4,3581.14
18846,9609,27,1,6600.12
18847,6303,279,3,5378.36
18848,10924,6,1,2683.41
18849,9537,116,5,2672.92
18850,537,386,5,3146.12
18851,4078,144,4,1912.27
18852,1288,107,3,1494.13
18853,646,26,3,482.02
18854,5429,433,2,3027.9
18855,7373,19,2,5022.81
18856,6176,37,1,5308.22
18857,7982,136,5,5846.66
18858,13037,457,2,9921.34
18859,6979,410,5,9139.34
18860,9936,357,3,6115.84
18861,14242,308,1,3248.37
18862,14403,320,2,7113.73
18863,725,460,1,4289.39
18864,4937,123,1,4560.68
18865,6206,77,5,7226.24
18866,7425,283,5,5067.19
18867,14749,7,4,6834.18
18868,10723,120,5,8117.66
18869,14779,231,4,1578.47
18870,11742,271,1,9644.3
18871,2616,391,3,245.15
18872,11981,162,5,9785.74
18873,4991,401,2,276.76
18874,11902,489,4,3207.62
18875,6690,130,2,2180.26
18876,8398,404,1,3218.34
18877,12985,34,4,4719.44
18878,6030,24,3,8996.96
18879,5397,459,1,1906.15
18880,7580,466,4,2173.99
18881,9301,46,3,8792.03
18882,3720,120,5,8117.66
18883,4692,272,5,4556.48
18884,8307,57,4,6056.87
18885,2459,102,3,9476.14
18886,3255,1,2,6315.21
18887,9976,354,3,7095.06
18888,2165,475,5,4830.58
18889,7443,100,3,9593.58
18890,9804,373,5,5173.76
18891,11306,179,4,748.02
18892,8685,268,1,5811.88
18893,7652,302,4,256.64
18894,578,349,4,4111.82
18895,11479,111,3,5010.75
18896,3483,466,3,2173.99
18897,4380,279,2,5378.36
18898,14484,106,5,6259.39
18899,5557,133,1,418.13
18900,12669,387,2,7256.07
18901,1395,492,1,9608.88
18902,3648,115,3,8618.7
18903,4435,417,1,1315.86
18904,1205,438,1,9206.62
18905,14355,212,1,1848.43
18906,7212,219,5,6055.1
18907,11103,441,5,2052.86
18908,12416,16,2,8266.92
18909,2387,134,4,5480.33
18910,14713,303,2,9299.69
18911,836,57,4,6056.87
18912,12345,433,4,3027.9
18913,7758,285,2,3933.55
18914,2284,218,3,2942.56
18915,9658,316,5,5796.51
18916,12639,60,3,8583.96
18917,10224,386,5,3146.12
18918,7849,94,1,8180.15
18919,5914,251,1,2903.35
18920,7796,163,4,1948.49
18921,3950,354,4,7095.06
18922,13700,332,1,2539.39
18923,8497,54,4,7895.72
18924,1291,102,2,9476.14
18925,13057,304,3,466.87
18926,7986,417,3,1315.86
18927,12308,29,5,3941.11
18928,13430,157,5,7290.81
18929,4691,36,5,5763.51
18930,7630,27,1,6600.12
18931,3779,9,2,9075.61
18932,2779,397,2,5628.09
18933,916,212,2,1848.43
18934,11910,36,4,5763.51
18935,9396,400,2,8624.0
18936,3650,458,4,1066.87
18937,8919,103,3,4032.63
18938,3467,186,4,7246.03
18939,6317,211,4,9357.68
18940,2117,451,2,5360.01
18941,10678,211,5,9357.68
18942,12830,191,1,647.57
18943,1658,235,2,8300.53
18944,3789,167,3,4172.77
18945,8577,121,1,4637.39
18946,7719,131,3,884.97
18947,5691,430,2,5913.18
18948,3352,392,2,557.07
18949,7679,410,5,9139.34
18950,1050,192,4,8165.24
18951,6005,285,1,3933.55
18952,7655,37,3,5308.22
18953,4679,11,1,1837.72
18954,9816,146,1,4918.85
18955,6940,481,3,4000.0
18956,12364,147,5,8276.67
18957,6393,219,3,6055.1
18958,6953,394,3,6388.25
18959,13663,155,5,5690.41
18960,6124,423,1,5539.86
18961,14299,138,4,9993.87
18962,784,397,3,5628.09
18963,3510,216,5,3464.18
18964,9449,165,5,5790.97
18965,10999,298,1,8878.51
18966,7726,142,2,6545.75
18967,12565,267,1,9197.24
18968,4258,170,1,2257.83
18969,8125,421,4,8508.99
18970,12977,82,3,6679.0
18971,10022,410,3,9139.34
18972,5719,33,4,968.15
18973,13518,236,3,8664.5
18974,6947,1,5,6315.21
18975,6900,114,4,3570.81
18976,1315,190,4,1021.97
18977,3933,417,4,1315.86
18978,14821,446,2,9142.99
18979,2573,449,5,7816.26
18980,9607,370,3,8466.61
18981,2472,454,3,3126.41
18982,4007,36,4,5763.51
18983,13502,238,3,8127.0
18984,13066,33,1,968.15
18985,6391,489,2,3207.62
18986,613,10,4,395.33
18987,2441,136,4,5846.66
18988,4298,488,5,6635.81
18989,3827,354,3,7095.06
18990,9125,169,1,1462.57
18991,2844,127,4,5911.04
18992,11857,15,3,3870.03
18993,8376,400,5,8624.0
18994,1725,465,3,9276.0
18995,8372,90,2,7785.19
18996,12454,393,2,9148.93
18997,9318,58,1,7243.02
18998,2931,362,3,9726.31
18999,6414,67,1,9629.35
19000,10298,27,3,6600.12
19001,1210,338,5,9668.48
19002,5735,199,1,8014.84
19003,5319,443,4,9035.35
19004,8612,361,1,5463.67
19005,12875,256,5,8632.64
19006,6441,350,1,2158.61
19007,6699,176,5,8922.31
19008,8884,444,3,7201.79
19009,2298,432,1,226.39
19010,14033,281,5,2968.82
19011,1802,300,4,1815.98
19012,13189,497,1,4248.99
19013,4797,412,4,6068.19
19014,8439,349,5,4111.82
19015,7181,313,2,4182.64
19016,11517,399,3,5584.71
19017,3737,110,1,1178.02
19018,5275,104,3,4430.26
19019,11139,167,4,4172.77
19020,7000,290,5,1424.2
19021,5784,55,4,4706.61
19022,5234,194,4,1359.67
19023,11289,251,1,2903.35
19024,23,165,2,5790.97
19025,9233,111,1,5010.75
19026,10841,247,3,1511.4
19027,1033,233,2,4748.37
19028,13219,228,1,604.91
19029,2208,380,5,4507.23
19030,3758,97,1,509.52
19031,5255,450,3,6116.29
19032,13649,388,1,5482.96
19033,7039,19,2,5022.81
19034,9310,355,4,8627.33
19035,10886,360,1,8818.48
19036,7308,498,3,6884.43
19037,14919,478,1,6425.58
19038,4719,159,1,1801.45
19039,13101,238,5,8127.0
19040,959,16,2,8266.92
19041,2888,76,5,704.92
19042,4739,334,2,7620.87
19043,8586,203,4,8511.61
19044,13033,5,5,6386.27
19045,9632,107,1,1494.13
19046,4972,466,4,2173.99
19047,11216,88,4,8219.74
19048,6168,407,2,5006.35
19049,7052,382,1,2606.69
19050,607,120,1,8117.66
19051,10157,145,3,6422.41
19052,2800,226,5,2025.32
19053,1091,108,3,1734.18
19054,432,316,2,5796.51
19055,10159,168,2,1657.22
19056,14778,148,3,6826.23
19057,13874,366,5,3897.58
19058,4891,56,4,7342.67
19059,2809,15,2,3870.03
19060,5345,111,3,5010.75
19061,12475,108,5,1734.18
19062,11339,90,5,7785.19
19063,10554,87,1,2322.38
19064,10319,1,3,6315.21
19065,12382,283,3,5067.19
19066,8246,228,1,604.91
19067,5905,444,2,7201.79
19068,5819,335,2,1115.92
19069,6130,394,5,6388.25
19070,4729,257,5,2683.93
19071,12210,382,2,2606.69
19072,9153,499,4,3186.27
19073,6455,269,2,1141.26
19074,14355,433,2,3027.9
19075,3671,261,1,980.67
19076,1436,368,4,1767.74
19077,8012,210,5,4078.3
19078,13057,64,3,3923.84
19079,1669,483,3,9066.19
19080,7422,402,4,2303.92
19081,7370,476,2,7708.58
19082,11562,498,3,6884.43
19083,10190,211,5,9357.68
19084,8125,128,5,1686.89
19085,7416,35,3,1741.5
19086,8667,189,1,8899.99
19087,12422,11,5,1837.72
19088,11143,158,5,9478.85
19089,3440,65,4,7934.0
19090,11833,15,5,3870.03
19091,6754,476,1,7708.58
19092,14377,480,3,5205.62
19093,10039,283,5,5067.19
19094,14968,446,1,9142.99
19095,2361,494,4,3573.94
19096,10400,221,2,3345.21
19097,10862,130,4,2180.26
19098,5487,293,3,8242.9
19099,8111,419,4,2984.31
19100,6087,383,1,5157.46
19101,12751,246,1,6536.29
19102,672,214,3,8463.2
19103,14087,36,2,5763.51
19104,9147,225,5,1137.36
19105,4764,341,4,6881.86
19106,5550,287,4,200.71
19107,4857,160,3,451.76
19108,6533,329,2,1250.04
19109,14003,155,2,5690.41
19110,9729,202,5,9011.14
19111,60,102,4,9476.14
19112,2472,445,5,4601.52
19113,7345,419,4,2984.31
19114,10537,42,5,4497.14
19115,14672,133,2,418.13
19116,8457,348,5,3047.9
19117,2292,69,3,8226.4
19118,7346,105,5,328.39
19119,13744,474,2,6301.48
19120,5677,324,1,2208.08
19121,91,367,2,2146.49
19122,7475,81,4,3619.81
19123,607,279,2,5378.36
19124,12506,272,2,4556.48
19125,11711,51,3,8177.56
19126,6525,438,5,9206.62
19127,4756,126,5,2937.97
19128,1438,323,3,1809.66
19129,11026,414,2,8456.47
19130,14301,169,4,1462.57
19131,717,200,3,2884.6
19132,8651,485,5,8787.67
19133,1387,29,5,3941.11
19134,6520,29,3,3941.11
19135,668,240,1,9176.21
19136,2814,106,1,6259.39
19137,6340,377,3,9039.51
19138,7770,31,2,5680.54
19139,11116,264,5,9277.81
19140,8409,91,2,7135.75
19141,7209,228,4,604.91
19142,5279,355,4,8627.33
19143,1996,393,1,9148.93
19144,2472,30,4,7899.0
19145,3182,453,5,4809.05
19146,1559,364,5,9723.49
19147,2352,453,1,4809.05
19148,9218,103,3,4032.63
19149,9760,259,2,6946.2
19150,12142,52,2,8643.0
19151,5634,12,2,3492.99
19152,13042,160,2,451.76
19153,5661,332,3,2539.39
19154,11822,271,1,9644.3
19155,8790,235,2,8300.53
19156,10874,45,3,1218.3
19157,6271,181,4,5638.45
19158,7785,248,3,5592.3
19159,8953,450,5,6116.29
19160,4828,109,5,796.13
19161,14986,446,2,9142.99
19162,14597,169,4,1462.57
19163,7460,423,4,5539.86
19164,7268,71,2,1415.95
19165,12712,171,4,9757.17
19166,4012,116,2,2672.92
19167,5685,218,1,2942.56
19168,9277,500,2,9839.38
19169,12194,71,3,1415.95
19170,2697,323,3,1809.66
19171,7220,253,1,6781.48
19172,5328,278,5,8996.64
19173,5481,36,2,5763.51
19174,6645,93,3,2028.54
19175,765,453,2,4809.05
19176,4385,450,3,6116.29
19177,13178,475,5,4830.58
19178,1835,420,2,968.02
19179,7175,16,2,8266.92
19180,4300,216,2,3464.18
19181,6837,15,1,3870.03
19182,14703,46,3,8792.03
19183,5564,395,1,5403.61
19184,9995,316,3,5796.51
19185,12926,118,4,8743.3
19186,5339,234,1,5838.32
19187,7121,425,1,3696.53
19188,11216,386,5,3146.12
19189,7817,344,1,4696.35
19190,5772,416,5,6564.11
19191,3081,403,3,4023.58
19192,4998,259,5,6946.2
19193,14745,38,2,4667.15
19194,14333,444,5,7201.79
19195,6793,16,4,8266.92
19196,7909,304,3,466.87
19197,5663,60,5,8583.96
19198,5951,124,5,8055.13
19199,2476,107,2,1494.13
19200,8356,293,3,8242.9
19201,11628,156,1,7160.7
19202,4944,52,3,8643.0
19203,14820,312,1,7979.12
19204,12662,41,5,6972.61
19205,10609,437,4,3675.25
19206,12063,348,2,3047.9
19207,12835,63,4,5383.93
19208,8792,291,1,5087.5
19209,361,471,2,3581.14
19210,59,234,1,5838.32
19211,13358,219,3,6055.1
19212,11705,317,3,9246.11
19213,9867,302,2,256.64
19214,1461,292,5,6604.75
19215,326,124,4,8055.13
19216,13499,199,1,8014.84
19217,14555,74,3,199.13
19218,1178,94,4,8180.15
19219,10794,317,1,9246.11
19220,10961,225,4,1137.36
19221,11988,248,5,5592.3
19222,6878,150,4,5507.66
19223,13475,31,1,5680.54
19224,4321,348,4,3047.9
19225,13994,245,4,8611.56
19226,8775,79,4,9929.03
19227,4686,41,5,6972.61
19228,7448,31,2,5680.54
19229,1581,71,2,1415.95
19230,2667,73,4,9210.64
19231,9091,230,5,2678.09
19232,4270,66,1,6722.57
19233,6500,62,3,2223.61
19234,2921,81,1,3619.81
19235,947,222,1,9786.82
19236,12490,333,3,3312.61
19237,407,60,4,8583.96
19238,14253,51,4,8177.56
19239,1311,314,2,9504.99
19240,6006,449,4,7816.26
19241,843,359,1,4809.77
19242,12077,482,3,6578.94
19243,9496,255,3,8283.02
19244,7106,257,4,2683.93
19245,14428,37,4,5308.22
19246,12779,100,2,9593.58
19247,11791,232,5,3261.51
19248,185,155,1,5690.41
19249,2832,390,2,1940.5
19250,2792,240,3,9176.21
19251,6684,277,3,2568.61
19252,4996,73,3,9210.64
19253,2730,482,5,6578.94
19254,8118,293,3,8242.9
19255,1539,359,5,4809.77
19256,14650,293,4,8242.9
19257,13863,183,1,5880.7
19258,3046,156,4,7160.7
19259,856,238,4,8127.0
19260,2810,108,5,1734.18
19261,13979,240,4,9176.21
19262,1395,309,3,6463.56
19263,1117,12,4,3492.99
19264,9664,78,5,3697.4
19265,1390,94,1,8180.15
19266,12532,188,5,5330.51
19267,3600,360,5,8818.48
19268,8947,439,5,3081.57
19269,5488,284,5,9324.98
19270,1367,342,2,6063.95
19271,14874,383,4,5157.46
19272,10255,187,4,7403.39
19273,1772,135,2,5819.88
19274,2174,246,1,6536.29
19275,1622,231,1,1578.47
19276,9998,410,4,9139.34
19277,14514,58,4,7243.02
19278,2845,273,3,6942.27
19279,4659,261,5,980.67
19280,8460,72,5,879.52
19281,14625,110,2,1178.02
19282,600,31,3,5680.54
19283,12841,271,5,9644.3
19284,11404,345,1,7840.69
19285,8153,68,2,4687.17
19286,14873,445,5,4601.52
19287,11089,201,1,7769.45
19288,9414,234,4,5838.32
19289,2666,328,1,8910.25
19290,2488,165,1,5790.97
19291,353,354,4,7095.06
19292,8562,16,5,8266.92
19293,10792,235,5,8300.53
19294,8470,14,5,7643.58
19295,1531,496,5,2786.49
19296,7096,452,5,7515.99
19297,10678,310,2,5989.12
19298,13340,218,2,2942.56
19299,8917,124,4,8055.13
19300,14370,229,3,1133.55
19301,14411,269,3,1141.26
19302,14049,128,3,1686.89
19303,13767,61,4,1207.44
19304,11395,371,2,2310.72
19305,10358,293,3,8242.9
19306,12226,1,3,6315.21
19307,4793,483,3,9066.19
19308,7654,429,4,4716.21
19309,13688,264,4,9277.81
19310,960,450,2,6116.29
19311,3425,217,3,9900.58
19312,4003,269,5,1141.26
19313,13229,43,3,3765.59
19314,396,334,2,7620.87
19315,5790,152,3,9565.43
19316,3572,372,4,1234.45
19317,60,16,5,8266.92
19318,10313,199,5,8014.84
19319,2904,383,3,5157.46
19320,12153,247,5,1511.4
19321,3985,152,2,9565.43
19322,7963,498,4,6884.43
19323,6380,66,3,6722.57
19324,9900,220,1,4181.4
19325,13011,315,4,7046.48
19326,3151,261,1,980.67
19327,5616,354,4,7095.06
19328,633,276,3,2146.27
19329,5008,104,2,4430.26
19330,7240,386,3,3146.12
19331,804,206,5,2172.19
19332,1559,500,3,9839.38
19333,514,14,1,7643.58
19334,10631,441,4,2052.86
19335,2216,242,5,7663.19
19336,5647,407,1,5006.35
19337,2428,464,1,8934.52
19338,13735,23,2,1685.18
19339,13744,269,1,1141.26
19340,12843,318,4,1060.93
19341,12898,14,3,7643.58
19342,12208,161,3,8407.44
19343,10583,111,3,5010.75
19344,1823,310,3,5989.12
19345,3,256,1,8632.64
19346,10137,183,2,5880.7
19347,10919,129,3,6571.12
19348,2455,349,4,4111.82
19349,14129,92,2,8797.95
19350,1256,340,1,3757.64
19351,9267,128,1,1686.89
19352,3754,209,5,9837.59
19353,3543,167,4,4172.77
19354,8231,381,3,3904.17
19355,7676,484,5,322.48
19356,6931,16,4,8266.92
19357,4548,212,1,1848.43
19358,4523,14,4,7643.58
19359,8381,56,5,7342.67
19360,2511,76,5,704.92
19361,5998,226,5,2025.32
19362,5462,117,1,3613.97
19363,9358,403,1,4023.58
19364,1681,236,2,8664.5
19365,7632,238,2,8127.0
19366,6199,120,1,8117.66
19367,3573,316,2,5796.51
19368,10231,225,5,1137.36
19369,6190,307,3,4019.4
19370,14841,385,5,9715.08
19371,4205,221,2,3345.21
19372,8647,16,4,8266.92
19373,1356,115,2,8618.7
19374,4107,19,1,5022.81
19375,7038,196,1,3830.25
19376,3344,27,1,6600.12
19377,3083,461,1,798.26
19378,2928,57,5,6056.87
19379,2079,267,3,9197.24
19380,10258,470,5,7905.83
19381,1968,128,5,1686.89
19382,10696,259,2,6946.2
19383,4647,362,1,9726.31
19384,14774,434,1,3167.56
19385,9927,231,1,1578.47
19386,1038,163,2,1948.49
19387,11430,250,4,9260.34
19388,1780,420,2,968.02
19389,13934,450,3,6116.29
19390,9539,43,3,3765.59
19391,968,391,5,245.15
19392,10187,486,4,9524.97
19393,2135,416,3,6564.11
19394,2244,377,5,9039.51
19395,5704,285,5,3933.55
19396,1782,192,3,8165.24
19397,5468,244,5,1081.56
19398,1432,331,4,1285.58
19399,4715,312,5,7979.12
19400,14120,328,3,8910.25
19401,14528,270,2,3515.69
19402,12087,192,3,8165.24
19403,752,218,4,2942.56
19404,3253,232,1,3261.51
19405,13404,22,1,1658.35
19406,13901,230,1,2678.09
19407,14617,188,5,5330.51
19408,5249,408,5,8941.62
19409,1420,29,1,3941.11
19410,4712,429,2,4716.21
19411,8281,5,3,6386.27
19412,8754,80,1,7702.5
19413,6777,231,5,1578.47
19414,4467,65,2,7934.0
19415,11287,489,4,3207.62
19416,14495,69,2,8226.4
19417,10303,246,4,6536.29
19418,12781,224,1,3104.98
19419,10477,161,4,8407.44
19420,8097,54,1,7895.72
19421,4654,275,4,8842.88
19422,5844,496,5,2786.49
19423,7922,179,5,748.02
19424,7188,480,3,5205.62
19425,8273,286,2,8835.5
19426,24,447,1,2000.99
19427,14578,295,1,8795.72
19428,10532,468,2,4653.8
19429,4257,9,5,9075.61
19430,14985,279,4,5378.36
19431,1972,415,4,2187.71
19432,5465,387,3,7256.07
19433,3530,120,3,8117.66
19434,13741,346,3,5073.33
19435,4626,153,1,8748.36
19436,1985,259,1,6946.2
19437,10813,350,4,2158.61
19438,325,403,3,4023.58
19439,3752,403,1,4023.58
19440,2191,111,3,5010.75
19441,10002,416,4,6564.11
19442,10038,376,1,258.42
19443,12238,323,1,1809.66
19444,8731,54,4,7895.72
19445,10486,495,1,6702.94
19446,133,190,4,1021.97
19447,2948,369,1,8266.36
19448,14887,233,4,4748.37
19449,13938,384,3,7551.73
19450,3092,251,2,2903.35
19451,11370,407,4,5006.35
19452,5907,381,4,3904.17
19453,2410,496,1,2786.49
19454,8401,198,3,946.71
19455,5505,252,5,4660.57
19456,13316,197,1,6070.18
19457,14861,10,1,395.33
19458,11963,252,5,4660.57
19459,12452,82,2,6679.0
19460,4467,127,2,5911.04
19461,11499,284,4,9324.98
19462,5438,346,3,5073.33
19463,13062,377,2,9039.51
19464,10483,197,3,6070.18
19465,1850,350,1,2158.61
19466,7566,185,4,9608.72
19467,13362,368,2,1767.74
19468,4350,156,4,7160.7
19469,3867,362,2,9726.31
19470,10148,165,1,5790.97
19471,9969,27,3,6600.12
19472,12457,387,3,7256.07
19473,10282,216,5,3464.18
19474,7711,282,2,6977.05
19475,14734,1,3,6315.21
19476,6783,75,2,8352.41
19477,12901,207,5,4423.45
19478,14187,462,3,9857.56
19479,14780,313,2,4182.64
19480,8045,139,4,8246.2
19481,13153,336,4,7047.79
19482,10928,172,1,8002.21
19483,13481,470,5,7905.83
19484,8097,115,1,8618.7
19485,2727,286,4,8835.5
19486,4394,262,2,6965.43
19487,8639,417,3,1315.86
19488,12517,271,5,9644.3
19489,6718,197,1,6070.18
19490,2295,343,3,3581.46
19491,4647,23,2,1685.18
19492,14612,217,4,9900.58
19493,7688,351,1,5555.13
19494,2950,379,1,6490.64
19495,12945,426,5,3257.04
19496,14459,72,2,879.52
19497,2711,360,4,8818.48
19498,13532,95,3,3387.4
19499,7440,450,1,6116.29
19500,14508,465,1,9276.0
19501,8370,194,4,1359.67
19502,2405,418,4,4286.55
19503,5398,287,2,200.71
19504,7200,201,4,7769.45
19505,6594,229,3,1133.55
19506,4903,104,1,4430.26
19507,5243,467,5,2506.92
19508,2007,415,3,2187.71
19509,740,42,2,4497.14
19510,3085,193,4,1281.1
19511,9763,336,1,7047.79
19512,5530,117,2,3613.97
19513,9860,72,1,879.52
19514,10082,39,5,3738.32
19515,2249,362,5,9726.31
19516,635,46,3,8792.03
19517,12145,325,3,4799.01
19518,7315,264,3,9277.81
19519,9799,239,2,1994.61
19520,11732,181,2,5638.45
19521,2055,290,2,1424.2
19522,11239,190,5,1021.97
19523,3836,120,4,8117.66
19524,182,101,5,6090.24
19525,9996,473,4,4297.32
19526,5401,149,5,938.71
19527,1129,421,3,8508.99
19528,10223,108,4,1734.18
19529,5941,475,2,4830.58
19530,2417,289,5,6753.34
19531,6528,110,1,1178.02
19532,6619,176,3,8922.31
19533,5637,488,3,6635.81
19534,2170,234,1,5838.32
19535,13650,265,3,6606.49
19536,8932,439,3,3081.57
19537,3721,469,2,1716.73
19538,10387,485,3,8787.67
19539,8855,262,5,6965.43
19540,3131,433,3,3027.9
19541,13711,323,1,1809.66
19542,14465,479,4,9565.21
19543,13212,14,1,7643.58
19544,3404,107,5,1494.13
19545,12565,244,1,1081.56
19546,13211,271,4,9644.3
19547,9626,423,5,5539.86
19548,12464,325,4,4799.01
19549,9955,477,3,9150.54
19550,9981,36,4,5763.51
19551,8983,100,2,9593.58
19552,2821,88,3,8219.74
19553,801,341,1,6881.86
19554,14746,103,1,4032.63
19555,10358,346,5,5073.33
19556,13745,95,3,3387.4
19557,4237,84,5,8556.86
19558,8014,429,4,4716.21
19559,8345,74,5,199.13
19560,11994,300,4,1815.98
19561,11892,295,5,8795.72
19562,3638,497,2,4248.99
19563,12158,454,2,3126.41
19564,12590,343,3,3581.46
19565,11768,124,4,8055.13
19566,1616,99,3,7770.51
19567,9992,123,4,4560.68
19568,3499,474,4,6301.48
19569,12506,64,2,3923.84
19570,7169,458,3,1066.87
19571,1010,112,1,8874.43
19572,2020,258,1,9737.13
19573,525,400,3,8624.0
19574,3131,179,4,748.02
19575,10813,127,5,5911.04
19576,5774,283,4,5067.19
19577,11884,357,4,6115.84
19578,14483,481,5,4000.0
19579,5067,395,3,5403.61
19580,1772,426,2,3257.04
19581,8626,187,2,7403.39
19582,13148,384,2,7551.73
19583,6204,47,4,6387.23
19584,10682,411,4,1314.33
19585,3109,400,5,8624.0
19586,9208,25,3,7621.45
19587,674,324,2,2208.08
19588,7399,179,3,748.02
19589,6937,307,4,4019.4
19590,14614,221,3,3345.21
19591,14819,377,5,9039.51
19592,6884,294,1,1759.3
19593,6085,486,5,9524.97
19594,8022,320,5,7113.73
19595,4067,141,3,1098.86
19596,3701,408,1,8941.62
19597,1718,367,1,2146.49
19598,5610,232,3,3261.51
19599,2547,92,4,8797.95
19600,13669,75,2,8352.41
19601,11103,130,5,2180.26
19602,6598,333,2,3312.61
19603,11863,265,4,6606.49
19604,3681,304,2,466.87
19605,14146,82,3,6679.0
19606,3835,52,3,8643.0
19607,9679,38,3,4667.15
19608,1541,91,3,7135.75
19609,9284,187,5,7403.39
19610,10750,295,2,8795.72
19611,12021,358,3,3041.52
19612,8953,244,3,1081.56
19613,8621,192,1,8165.24
19614,11463,322,4,6758.75
19615,8511,389,5,3380.61
19616,1285,135,4,5819.88
19617,1265,139,5,8246.2
19618,872,320,5,7113.73
19619,12633,492,5,9608.88
19620,5132,154,2,7802.63
19621,7436,287,3,200.71
19622,14445,29,5,3941.11
19623,2185,179,3,748.02
19624,8403,137,2,2848.21
19625,14366,415,3,2187.71
19626,14715,454,4,3126.41
19627,3774,434,1,3167.56
19628,14500,204,1,5285.57
19629,10282,153,4,8748.36
19630,14669,159,2,1801.45
19631,9816,151,5,8809.81
19632,7736,418,1,4286.55
19633,4955,107,3,1494.13
19634,13181,496,1,2786.49
19635,977,47,3,6387.23
19636,6632,161,2,8407.44
19637,9894,471,4,3581.14
19638,7433,207,5,4423.45
19639,13092,191,2,647.57
19640,14793,147,3,8276.67
19641,12985,407,1,5006.35
19642,5614,340,4,3757.64
19643,4999,239,2,1994.61
19644,7685,255,3,8283.02
19645,3257,80,3,7702.5
19646,11972,340,2,3757.64
19647,13575,375,2,6848.53
19648,8902,199,1,8014.84
19649,13536,251,5,2903.35
19650,332,79,5,9929.03
19651,6429,463,1,7898.4
19652,865,204,1,5285.57
19653,3474,159,2,1801.45
19654,4092,55,5,4706.61
19655,6784,283,1,5067.19
19656,13773,443,1,9035.35
19657,1734,113,1,9827.8
19658,8960,317,3,9246.11
19659,2797,339,5,9584.08
19660,12430,407,1,5006.35
19661,11164,304,4,466.87
19662,4925,96,4,2678.45
19663,10509,223,5,6357.32
19664,1870,417,3,1315.86
19665,14879,169,4,1462.57
19666,6950,483,3,9066.19
19667,10295,499,5,3186.27
19668,14773,171,3,9757.17
19669,12310,306,3,9402.04
19670,5120,122,3,8180.09
19671,9465,28,3,966.94
19672,6974,345,4,7840.69
19673,13786,409,1,5767.52
19674,12517,277,1,2568.61
19675,5858,418,3,4286.55
19676,7542,280,2,7595.69
19677,13893,179,3,748.02
19678,4186,271,4,9644.3
19679,4758,229,5,1133.55
19680,8445,200,3,2884.6
19681,1665,209,4,9837.59
19682,4332,372,1,1234.45
19683,7918,309,3,6463.56
19684,12548,383,2,5157.46
19685,11500,166,4,5626.74
19686,8170,409,4,5767.52
19687,3873,12,1,3492.99
19688,1738,202,4,9011.14
19689,12692,297,3,6822.62
19690,1308,320,3,7113.73
19691,4911,144,4,1912.27
19692,3028,337,3,4035.25
19693,7409,377,3,9039.51
19694,7320,324,1,2208.08
19695,2502,132,4,426.52
19696,11786,408,4,8941.62
19697,11622,163,1,1948.49
19698,5853,401,3,276.76
19699,7880,263,5,2663.77
19700,10123,494,3,3573.94
19701,7285,74,4,199.13
19702,12246,33,4,968.15
19703,9015,418,1,4286.55
19704,2052,146,2,4918.85
19705,14113,484,2,322.48
19706,582,277,3,2568.61
19707,708,79,5,9929.03
19708,4203,372,4,1234.45
19709,2344,139,5,8246.2
19710,5807,496,4,2786.49
19711,10828,154,1,7802.63
19712,3872,328,4,8910.25
19713,6124,116,1,2672.92
19714,14035,358,2,3041.52
19715,4870,140,2,621.76
19716,3029,433,3,3027.9
19717,5856,499,4,3186.27
19718,12683,291,5,5087.5
19719,2331,306,2,9402.04
19720,374,208,3,8638.99
19721,14203,131,5,884.97
19722,10283,337,2,4035.25
19723,11115,325,4,4799.01
19724,3421,37,5,5308.22
19725,12188,209,1,9837.59
19726,10742,158,3,9478.85
19727,6497,56,4,7342.67
19728,2510,233,5,4748.37
19729,1918,498,4,6884.43
19730,1581,464,3,8934.52
19731,12555,16,5,8266.92
19732,670,345,3,7840.69
19733,6911,15,2,3870.03
19734,11750,276,2,2146.27
19735,1982,451,5,5360.01
19736,1163,93,1,2028.54
19737,9313,19,2,5022.81
19738,7225,225,1,1137.36
19739,11339,323,5,1809.66
19740,8735,276,2,2146.27
19741,10301,133,4,418.13
19742,9105,435,1,9744.01
19743,11106,381,5,3904.17
19744,10215,210,4,4078.3
19745,2983,163,3,1948.49
19746,10694,85,3,2064.18
19747,14278,40,1,5521.2
19748,11946,162,1,9785.74
19749,8049,30,5,7899.0
19750,5780,333,3,3312.61
19751,14756,335,3,1115.92
19752,7028,443,5,9035.35
19753,2592,99,2,7770.51
19754,12862,185,5,9608.72
19755,3842,255,4,8283.02
19756,13220,398,1,4962.95
19757,12879,212,2,1848.43
19758,5389,273,1,6942.27
19759,3031,104,5,4430.26
19760,5717,111,2,5010.75
19761,4637,135,1,5819.88
19762,14203,421,5,8508.99
19763,11594,438,5,9206.62
19764,10297,127,4,5911.04
19765,372,500,2,9839.38
19766,8935,394,4,6388.25
19767,2709,38,4,4667.15
19768,1232,76,5,704.92
19769,8807,361,5,5463.67
19770,596,464,2,8934.52
19771,5695,161,1,8407.44
19772,8082,392,4,557.07
19773,286,75,4,8352.41
19774,9201,248,1,5592.3
19775,12064,367,3,2146.49
19776,13282,41,1,6972.61
19777,10263,120,2,8117.66
19778,10476,105,4,328.39
19779,14796,31,1,5680.54
19780,13827,366,3,3897.58
19781,13253,59,4,3468.76
19782,6432,298,5,8878.51
19783,6299,285,2,3933.55
19784,13644,343,3,3581.46
19785,1232,262,4,6965.43
19786,583,417,4,1315.86
19787,13936,484,2,322.48
19788,2658,452,1,7515.99
19789,722,51,2,8177.56
19790,14179,462,4,9857.56
19791,6802,413,4,202.63
19792,10947,245,1,8611.56
19793,8994,347,5,5876.24
19794,12155,46,5,8792.03
19795,1498,206,5,2172.19
19796,9313,96,5,2678.45
19797,10268,260,4,4925.88
19798,3680,326,1,8400.33
19799,13972,50,1,9478.54
19800,8742,259,4,6946.2
19801,1726,19,1,5022.81
19802,3974,133,1,418.13
19803,9788,427,5,3259.85
19804,14388,433,3,3027.9
19805,12703,134,5,5480.33
19806,4598,293,5,8242.9
19807,13641,126,1,2937.97
19808,7464,412,4,6068.19
19809,4611,321,5,9739.1
19810,932,377,3,9039.51
19811,4800,451,1,5360.01
19812,8950,179,3,748.02
19813,1702,167,5,4172.77
19814,7795,266,4,4135.03
19815,13261,157,5,7290.81
19816,10209,101,2,6090.24
19817,6320,182,3,576.46
19818,11700,373,4,5173.76
19819,9523,135,5,5819.88
19820,12473,419,4,2984.31
19821,5307,304,5,466.87
19822,9220,377,5,9039.51
19823,13473,475,1,4830.58
19824,152,108,2,1734.18
19825,2810,228,5,604.91
19826,11913,408,1,8941.62
19827,3333,264,2,9277.81
19828,961,492,4,9608.88
19829,3677,165,5,5790.97
19830,9167,134,1,5480.33
19831,8379,14,5,7643.58
19832,14464,118,5,8743.3
19833,2685,134,3,5480.33
19834,4603,290,3,1424.2
19835,1078,18,2,1342.37
19836,14264,282,1,6977.05
19837,2304,204,2,5285.57
19838,6940,311,5,7839.59
19839,5528,239,4,1994.61
19840,13482,36,1,5763.51
19841,7585,310,4,5989.12
19842,7134,271,5,9644.3
19843,1676,295,1,8795.72
19844,11426,469,4,1716.73
19845,4204,493,4,5685.39
19846,2696,421,5,8508.99
19847,6699,45,2,1218.3
19848,7640,466,4,2173.99
19849,11944,64,1,3923.84
19850,9429,313,5,4182.64
19851,12659,52,5,8643.0
19852,14250,421,5,8508.99
19853,13996,361,3,5463.67
19854,8944,148,4,6826.23
19855,5432,417,5,1315.86
19856,11857,78,2,3697.4
19857,3453,124,1,8055.13
19858,5021,386,3,3146.12
19859,6649,392,5,557.07
19860,14270,200,2,2884.6
19861,5245,344,3,4696.35
19862,5388,70,1,8962.34
19863,5078,187,4,7403.39
19864,11113,436,1,6908.99
19865,13324,443,4,9035.35
19866,5267,43,5,3765.59
19867,8103,155,3,5690.41
19868,14221,424,1,9131.51
19869,3479,400,3,8624.0
19870,78,322,3,6758.75
19871,2759,459,1,1906.15
19872,2922,23,2,1685.18
19873,1410,29,4,3941.11
19874,12383,316,1,5796.51
19875,9520,140,3,621.76
19876,9442,221,5,3345.21
19877,13973,305,3,4723.38
19878,9125,383,5,5157.46
19879,10385,130,2,2180.26
19880,4893,271,1,9644.3
19881,8651,88,2,8219.74
19882,14815,208,1,8638.99
19883,13136,240,1,9176.21
19884,8619,68,5,4687.17
19885,2374,14,3,7643.58
19886,3691,241,2,9266.89
19887,8173,380,1,4507.23
19888,12631,29,1,3941.11
19889,6623,470,4,7905.83
19890,620,440,2,1392.66
19891,6653,266,1,4135.03
19892,187,15,2,3870.03
19893,8339,349,1,4111.82
19894,11730,103,3,4032.63
19895,5072,212,5,1848.43
19896,80,261,5,980.67
19897,9085,3,3,6914.47
19898,14706,382,4,2606.69
19899,1598,390,3,1940.5
19900,13534,177,5,1840.37
19901,11508,23,1,1685.18
19902,1877,183,2,5880.7
19903,7564,17,5,7305.81
19904,7497,310,3,5989.12
19905,9666,366,4,3897.58
19906,13940,222,1,9786.82
19907,3221,154,5,7802.63
19908,8291,367,5,2146.49
19909,2444,331,3,1285.58
19910,9898,266,3,4135.03
19911,4444,54,5,7895.72
19912,14110,342,4,6063.95
19913,9165,23,3,1685.18
19914,642,357,5,6115.84
19915,12416,377,3,9039.51
19916,6737,210,1,4078.3
19917,5629,168,2,1657.22
19918,13581,440,3,1392.66
19919,13350,64,2,3923.84
19920,69,22,4,1658.35
19921,10738,188,2,5330.51
19922,3680,384,2,7551.73
19923,13450,494,5,3573.94
19924,8573,322,1,6758.75
19925,8333,42,3,4497.14
19926,5381,475,4,4830.58
19927,13888,94,2,8180.15
19928,1392,393,3,9148.93
19929,4243,186,4,7246.03
19930,2460,442,3,722.71
19931,14461,330,3,9882.58
19932,9400,359,4,4809.77
19933,4067,424,2,9131.51
19934,2658,112,3,8874.43
19935,6701,449,1,7816.26
19936,532,212,1,1848.43
19937,1458,345,1,7840.69
19938,2121,23,2,1685.18
19939,36,354,5,7095.06
19940,1388,38,2,4667.15
19941,13921,224,3,3104.98
19942,4784,198,2,946.71
19943,400,299,1,4929.48
19944,7664,190,2,1021.97
19945,8952,452,5,7515.99
19946,10894,294,2,1759.3
19947,13884,492,4,9608.88
19948,13873,38,2,4667.15
19949,11427,445,2,4601.52
19950,3802,292,2,6604.75
19951,6994,329,1,1250.04
19952,12504,94,4,8180.15
19953,8540,153,4,8748.36
19954,5876,444,1,7201.79
19955,4554,271,4,9644.3
19956,2377,460,3,4289.39
19957,14815,112,4,8874.43
19958,14892,292,2,6604.75
19959,3826,496,4,2786.49
19960,9241,201,1,7769.45
19961,4176,260,4,4925.88
19962,13018,121,4,4637.39
19963,13689,285,5,3933.55
19964,14027,333,5,3312.61
19965,1139,155,3,5690.41
19966,13482,98,2,4922.59
19967,2150,70,3,8962.34
19968,14773,464,1,8934.52
19969,14550,139,5,8246.2
19970,4024,241,2,9266.89
19971,1839,480,5,5205.62
19972,6400,41,4,6972.61
19973,5214,246,5,6536.29
19974,9774,375,5,6848.53
19975,13954,39,4,3738.32
19976,13254,72,3,879.52
19977,970,60,2,8583.96
19978,3771,166,2,5626.74
19979,12034,436,2,6908.99
19980,9366,287,2,200.71
19981,9240,400,2,8624.0
19982,8143,465,2,9276.0
19983,949,242,4,7663.19
19984,4818,291,4,5087.5
19985,14614,312,3,7979.12
19986,7677,78,1,3697.4
19987,4700,119,1,3230.43
19988,14613,76,2,704.92
19989,877,429,3,4716.21
19990,6715,150,1,5507.66
19991,7561,124,2,8055.13
19992,14203,186,2,7246.03
19993,7921,453,2,4809.05
19994,3494,355,4,8627.33
19995,5734,135,4,5819.88
19996,10424,192,1,8165.24
19997,2605,442,4,722.71
19998,6981,308,3,3248.37
19999,14948,265,1,6606.49
20000,4730,389,2,3380.61
20001,7837,37,3,5308.22
20002,7101,57,2,6056.87
20003,11613,448,2,5383.01
20004,7241,71,5,1415.95
20005,14813,480,4,5205.62
20006,8426,457,2,9921.34
20007,1107,383,1,5157.46
20008,4365,427,5,3259.85
20009,8168,54,2,7895.72
20010,6810,6,3,2683.41
20011,9606,140,2,621.76
20012,1114,405,5,3026.74
20013,3158,130,1,2180.26
20014,7043,267,1,9197.24
20015,9279,355,1,8627.33
20016,397,44,3,3917.55
20017,3736,362,4,9726.31
20018,14501,31,1,5680.54
20019,14087,54,4,7895.72
20020,7196,409,5,5767.52
20021,11953,115,2,8618.7
20022,5564,136,4,5846.66
20023,13805,327,2,9601.35
20024,11302,339,2,9584.08
20025,10292,79,3,9929.03
20026,8756,477,1,9150.54
20027,12312,227,1,5782.67
20028,10083,189,2,8899.99
20029,1883,5,2,6386.27
20030,7424,225,2,1137.36
20031,13171,230,1,2678.09
20032,6343,397,3,5628.09
20033,11629,295,4,8795.72
20034,3978,70,3,8962.34
20035,4351,94,2,8180.15
20036,1069,317,3,9246.11
20037,1971,251,4,2903.35
20038,10633,272,5,4556.48
20039,11609,368,1,1767.74
20040,5741,478,5,6425.58
20041,801,488,2,6635.81
20042,14317,491,2,7055.9
20043,12191,214,2,8463.2
20044,7677,499,4,3186.27
20045,13322,435,5,9744.01
20046,5060,402,3,2303.92
20047,10495,289,4,6753.34
20048,10016,269,4,1141.26
20049,1075,439,5,3081.57
20050,3276,458,4,1066.87
20051,8848,22,5,1658.35
20052,1215,193,2,1281.1
20053,1414,227,2,5782.67
20054,14133,225,4,1137.36
20055,13870,315,5,7046.48
20056,11691,278,1,8996.64
20057,12567,222,4,9786.82
20058,6548,318,5,1060.93
20059,6446,194,3,1359.67
20060,5056,206,5,2172.19
20061,7815,138,4,9993.87
20062,4142,252,1,4660.57
20063,9857,56,1,7342.67
20064,2406,52,5,8643.0
20065,3883,8,2,6565.53
20066,1670,187,4,7403.39
20067,9767,285,4,3933.55
20068,9643,422,1,9215.56
20069,3794,467,1,2506.92
20070,8574,174,2,7399.81
20071,4674,162,3,9785.74
20072,5831,70,2,8962.34
20073,3324,123,1,4560.68
20074,13674,265,2,6606.49
20075,7492,350,4,2158.61
20076,407,137,1,2848.21
20077,11530,70,1,8962.34
20078,66,395,4,5403.61
20079,2607,180,5,7937.75
20080,2401,369,4,8266.36
20081,2592,283,1,5067.19
20082,1254,157,3,7290.81
20083,13785,323,1,1809.66
20084,9139,482,3,6578.94
20085,12231,311,1,7839.59
20086,2362,179,1,748.02
20087,5516,82,1,6679.0
20088,12605,312,4,7979.12
20089,10939,207,1,4423.45
20090,14152,292,5,6604.75
20091,1169,211,3,9357.68
20092,14687,249,3,745.94
20093,267,145,3,6422.41
20094,14271,114,1,3570.81
20095,10732,197,4,6070.18
20096,5100,371,4,2310.72
20097,2184,223,3,6357.32
20098,13014,106,5,6259.39
20099,1460,25,5,7621.45
20100,502,41,4,6972.61
20101,646,234,4,5838.32
20102,2130,407,5,5006.35
20103,5910,236,4,8664.5
20104,211,211,4,9357.68
20105,3168,364,4,9723.49
20106,13428,159,3,1801.45
20107,8903,305,2,4723.38
20108,12532,15,2,3870.03
20109,14261,338,5,9668.48
20110,5570,489,3,3207.62
20111,1009,303,2,9299.69
20112,13993,82,3,6679.0
20113,12512,169,5,1462.57
20114,4721,253,1,6781.48
20115,3599,194,5,1359.67
20116,9883,118,1,8743.3
20117,12558,349,3,4111.82
20118,7255,1,2,6315.21
20119,1571,89,5,2158.02
20120,7601,485,4,8787.67
20121,2747,395,2,5403.61
20122,14777,276,1,2146.27
20123,1358,473,2,4297.32
20124,6259,274,3,9374.58
20125,3579,231,5,1578.47
20126,2880,104,1,4430.26
20127,13338,89,1,2158.02
20128,4081,292,3,6604.75
20129,468,23,3,1685.18
20130,3216,146,1,4918.85
20131,13493,109,2,796.13
20132,7041,91,3,7135.75
20133,5173,359,4,4809.77
20134,3451,469,5,1716.73
20135,2050,281,3,2968.82
20136,13833,364,2,9723.49
20137,6792,457,3,9921.34
20138,9803,78,4,3697.4
20139,12752,292,2,6604.75
20140,7718,306,2,9402.04
20141,8424,120,2,8117.66
20142,10698,410,4,9139.34
20143,10780,267,3,9197.24
20144,10043,440,2,1392.66
20145,3845,202,2,9011.14
20146,11361,38,4,4667.15
20147,6367,358,3,3041.52
20148,13465,483,2,9066.19
20149,12749,403,1,4023.58
20150,10804,18,1,1342.37
20151,4738,60,3,8583.96
20152,7888,359,3,4809.77
20153,5371,421,5,8508.99
20154,7215,315,2,7046.48
20155,14319,335,5,1115.92
20156,2501,271,1,9644.3
20157,5126,92,1,8797.95
20158,911,148,3,6826.23
20159,1005,58,5,7243.02
20160,6169,25,4,7621.45
20161,1621,387,4,7256.07
20162,5592,468,5,4653.8
20163,2172,216,2,3464.18
20164,3970,253,2,6781.48
20165,8938,306,2,9402.04
20166,12663,71,4,1415.95
20167,4915,76,2,704.92
20168,9251,100,4,9593.58
20169,4268,67,2,9629.35
20170,5424,34,1,4719.44
20171,10951,90,2,7785.19
20172,2782,61,2,1207.44
20173,11166,242,2,7663.19
20174,14315,113,1,9827.8
20175,9989,206,3,2172.19
20176,1184,460,5,4289.39
20177,1368,361,3,5463.67
20178,10288,179,3,748.02
20179,5049,139,3,8246.2
20180,11090,92,5,8797.95
20181,12831,163,3,1948.49
20182,6043,144,1,1912.27
20183,4262,122,2,8180.09
20184,4763,62,4,2223.61
20185,4666,471,5,3581.14
20186,3200,408,1,8941.62
20187,6836,187,4,7403.39
20188,2420,12,1,3492.99
20189,7666,443,4,9035.35
20190,3113,3,4,6914.47
20191,8516,255,1,8283.02
20192,10925,461,2,798.26
20193,607,26,4,482.02
20194,14493,144,1,1912.27
20195,5367,85,5,2064.18
20196,4269,133,3,418.13
20197,14655,220,1,4181.4
20198,8709,27,2,6600.12
20199,11787,484,4,322.48
20200,5839,409,4,5767.52
20201,2454,72,3,879.52
20202,8057,459,2,1906.15
20203,6233,227,5,5782.67
20204,3477,500,3,9839.38
20205,10517,435,3,9744.01
20206,8644,212,3,1848.43
20207,3010,90,5,7785.19
20208,11643,207,2,4423.45
20209,5048,305,1,4723.38
20210,14496,367,3,2146.49
20211,7031,489,4,3207.62
20212,11357,200,1,2884.6
20213,5254,25,4,7621.45
20214,2087,189,3,8899.99
20215,1146,207,4,4423.45
20216,647,37,3,5308.22
20217,3959,462,2,9857.56
20218,12255,78,4,3697.4
20219,5917,344,2,4696.35
20220,1324,99,4,7770.51
20221,14036,157,5,7290.81
20222,4063,27,1,6600.12
20223,1642,7,1,6834.18
20224,12489,389,4,3380.61
20225,12699,106,3,6259.39
20226,9998,268,4,5811.88
20227,13054,11,2,1837.72
20228,10679,433,5,3027.9
20229,201,480,3,5205.62
20230,644,208,3,8638.99
20231,7536,33,5,968.15
20232,7748,45,2,1218.3
20233,8979,279,4,5378.36
20234,5105,359,2,4809.77
20235,6686,17,1,7305.81
20236,4916,497,5,4248.99
20237,14149,178,1,9950.37
20238,7017,499,3,3186.27
20239,10077,231,4,1578.47
20240,13040,459,1,1906.15
20241,1609,293,5,8242.9
20242,14230,291,3,5087.5
20243,1859,335,3,1115.92
20244,6483,10,2,395.33
20245,11472,84,5,8556.86
20246,9978,36,3,5763.51
20247,11699,434,4,3167.56
20248,1343,443,2,9035.35
20249,7612,474,5,6301.48
20250,2672,393,2,9148.93
20251,12590,253,2,6781.48
20252,3261,149,3,938.71
20253,14196,216,5,3464.18
20254,955,499,5,3186.27
20255,9400,329,5,1250.04
20256,543,500,3,9839.38
20257,9827,155,4,5690.41
20258,1118,444,1,7201.79
20259,777,385,1,9715.08
20260,11150,497,2,4248.99
20261,12600,99,3,7770.51
20262,9852,190,5,1021.97
20263,10393,372,2,1234.45
20264,13920,143,5,5350.83
20265,12495,88,2,8219.74
20266,2449,182,4,576.46
20267,8636,102,4,9476.14
20268,14628,395,4,5403.61
20269,573,209,2,9837.59
20270,11908,487,5,6550.82
20271,9276,347,4,5876.24
20272,4053,463,1,7898.4
20273,14538,329,4,1250.04
20274,1518,342,3,6063.95
20275,7762,119,5,3230.43
20276,5664,167,2,4172.77
20277,4921,451,5,5360.01
20278,2167,370,5,8466.61
20279,14271,60,5,8583.96
20280,13519,76,4,704.92
20281,13868,411,5,1314.33
20282,10183,258,1,9737.13
20283,5839,100,4,9593.58
20284,8891,35,3,1741.5
20285,3995,361,4,5463.67
20286,4373,90,4,7785.19
20287,121,37,3,5308.22
20288,7422,167,3,4172.77
20289,11011,79,2,9929.03
20290,9175,244,4,1081.56
20291,9357,343,1,3581.46
20292,9656,22,3,1658.35
20293,6536,355,4,8627.33
20294,2731,22,1,1658.35
20295,14305,325,1,4799.01
20296,11573,43,1,3765.59
20297,11012,184,4,3270.76
20298,10961,397,4,5628.09
20299,5195,286,2,8835.5
20300,13980,398,2,4962.95
20301,14645,408,5,8941.62
20302,10441,418,2,4286.55
20303,6907,468,1,4653.8
20304,6305,362,5,9726.31
20305,4957,383,3,5157.46
20306,7815,291,3,5087.5
20307,10998,337,2,4035.25
20308,5648,194,1,1359.67
20309,6531,391,2,245.15
20310,536,238,5,8127.0
20311,1966,164,2,8667.88
20312,1112,351,4,5555.13
20313,8052,203,5,8511.61
20314,4403,58,3,7243.02
20315,13721,119,4,3230.43
20316,5544,459,4,1906.15
20317,7332,287,2,200.71
20318,4446,40,3,5521.2
20319,12547,390,4,1940.5
20320,8131,405,3,3026.74
20321,10528,396,3,8634.83
20322,4100,394,3,6388.25
20323,2735,143,2,5350.83
20324,3195,52,1,8643.0
20325,14666,10,1,395.33
20326,13749,310,3,5989.12
20327,10080,233,1,4748.37
20328,12262,161,5,8407.44
20329,11859,45,3,1218.3
20330,8509,148,2,6826.23
20331,13941,223,5,6357.32
20332,14950,349,4,4111.82
20333,1773,32,2,5922.14
20334,5521,119,2,3230.43
20335,14117,362,1,9726.31
20336,6192,74,2,199.13
20337,6882,15,5,3870.03
20338,1141,286,3,8835.5
20339,7107,333,2,3312.61
20340,745,145,3,6422.41
20341,14272,432,4,226.39
20342,9318,398,5,4962.95
20343,5889,171,2,9757.17
20344,2652,156,4,7160.7
20345,1074,236,3,8664.5
20346,8591,289,4,6753.34
20347,1684,3,4,6914.47
20348,13834,216,1,3464.18
20349,6349,177,2,1840.37
20350,10850,427,2,3259.85
20351,8941,81,3,3619.81
20352,5622,101,1,6090.24
20353,8728,447,5,2000.99
20354,280,390,2,1940.5
20355,4888,111,2,5010.75
20356,1709,444,3,7201.79
20357,9932,44,5,3917.55
20358,10362,235,4,8300.53
20359,4132,183,3,5880.7
20360,7482,304,4,466.87
20361,556,185,5,9608.72
20362,12843,164,5,8667.88
20363,12413,189,2,8899.99
20364,11124,57,5,6056.87
20365,6877,347,1,5876.24
20366,9192,397,4,5628.09
20367,5278,40,1,5521.2
20368,8491,204,3,5285.57
20369,14348,144,1,1912.27
20370,517,308,1,3248.37
20371,5602,71,2,1415.95
20372,6577,140,5,621.76
20373,675,464,3,8934.52
20374,7264,428,4,1211.53
20375,14768,82,1,6679.0
20376,10909,219,4,6055.1
20377,14875,76,3,704.92
20378,14601,495,4,6702.94
20379,2035,205,4,4022.8
20380,3610,34,4,4719.44
20381,14857,248,1,5592.3
20382,9817,373,3,5173.76
20383,14576,50,5,9478.54
20384,14853,399,2,5584.71
20385,6890,322,4,6758.75
20386,6284,142,1,6545.75
20387,4309,134,4,5480.33
20388,12551,366,2,3897.58
20389,744,181,5,5638.45
20390,3325,154,4,7802.63
20391,2815,141,4,1098.86
20392,5364,203,1,8511.61
20393,12068,362,5,9726.31
20394,14262,257,4,2683.93
20395,12670,76,4,704.92
20396,9193,125,3,2911.91
20397,7697,250,2,9260.34
20398,12315,438,1,9206.62
20399,6525,359,4,4809.77
20400,14180,32,1,5922.14
20401,12509,154,3,7802.63
20402,3244,274,4,9374.58
20403,4875,241,3,9266.89
20404,114,70,2,8962.34
20405,2505,98,3,4922.59
20406,12413,201,3,7769.45
20407,11759,434,2,3167.56
20408,8601,319,4,3953.51
20409,10901,104,2,4430.26
20410,7446,446,3,9142.99
20411,11393,164,3,8667.88
20412,2947,335,3,1115.92
20413,283,6,4,2683.41
20414,3843,344,3,4696.35
20415,3869,190,3,1021.97
20416,14771,67,5,9629.35
20417,2991,458,1,1066.87
20418,13168,382,4,2606.69
20419,3700,361,5,5463.67
20420,6421,365,4,1850.05
20421,5414,187,1,7403.39
20422,12175,286,4,8835.5
20423,10163,214,5,8463.2
20424,4321,2,2,732.43
20425,3486,87,5,2322.38
20426,14321,173,2,3149.12
20427,1238,300,4,1815.98
20428,2393,396,2,8634.83
20429,13545,468,5,4653.8
20430,13259,379,2,6490.64
20431,302,500,4,9839.38
20432,8328,194,4,1359.67
20433,428,470,2,7905.83
20434,1322,432,2,226.39
20435,5491,489,1,3207.62
20436,10477,332,5,2539.39
20437,5754,377,4,9039.51
20438,14028,300,5,1815.98
20439,8535,129,3,6571.12
20440,1363,447,2,2000.99
20441,1248,138,2,9993.87
20442,5389,270,5,3515.69
20443,7903,230,4,2678.09
20444,5768,297,1,6822.62
20445,5297,68,1,4687.17
20446,7743,214,3,8463.2
20447,6715,444,2,7201.79
20448,2060,156,1,7160.7
20449,10612,465,1,9276.0
20450,1896,209,1,9837.59
20451,5271,246,5,6536.29
20452,4199,213,4,3800.6
20453,8096,407,3,5006.35
20454,3529,296,5,3030.48
20455,3068,354,2,7095.06
20456,2821,28,3,966.94
20457,1098,479,4,9565.21
20458,3581,135,5,5819.88
20459,9519,297,5,6822.62
20460,4033,6,3,2683.41
20461,11276,424,1,9131.51
20462,6222,291,5,5087.5
20463,13255,129,5,6571.12
20464,5288,198,4,946.71
20465,188,321,5,9739.1
20466,7816,313,2,4182.64
20467,8992,494,4,3573.94
20468,3760,472,3,8162.55
20469,3729,366,5,3897.58
20470,14614,171,4,9757.17
20471,4287,463,4,7898.4
20472,418,459,4,1906.15
20473,11862,90,2,7785.19
20474,8652,458,4,1066.87
20475,8254,107,4,1494.13
20476,11337,57,3,6056.87
20477,7545,46,5,8792.03
20478,3779,422,5,9215.56
20479,5467,402,4,2303.92
20480,3898,224,4,3104.98
20481,1478,454,5,3126.41
20482,6758,10,5,395.33
20483,10726,142,2,6545.75
20484,8186,348,5,3047.9
20485,7383,364,2,9723.49
20486,3754,87,4,2322.38
20487,11297,345,2,7840.69
20488,2647,348,1,3047.9
20489,3799,488,2,6635.81
20490,2804,227,3,5782.67
20491,1780,12,2,3492.99
20492,7059,52,4,8643.0
20493,13631,296,3,3030.48
20494,8630,363,4,6816.26
20495,9314,312,3,7979.12
20496,12935,433,4,3027.9
20497,6116,324,5,2208.08
20498,9815,308,1,3248.37
20499,12502,357,3,6115.84
20500,5676,29,3,3941.11
20501,6840,373,2,5173.76
20502,5765,292,3,6604.75
20503,9526,498,3,6884.43
20504,8429,192,1,8165.24
20505,5428,433,5,3027.9
20506,7952,385,3,9715.08
20507,2371,485,3,8787.67
20508,1474,361,3,5463.67
20509,8345,100,1,9593.58
20510,5789,441,1,2052.86
20511,956,248,3,5592.3
20512,8476,218,5,2942.56
20513,12031,222,4,9786.82
20514,575,43,3,3765.59
20515,10370,430,3,5913.18
20516,2258,203,4,8511.61
20517,5350,38,3,4667.15
20518,6640,227,5,5782.67
20519,6693,311,1,7839.59
20520,5956,384,1,7551.73
20521,6254,149,3,938.71
20522,8176,100,3,9593.58
20523,2810,374,5,9108.7
20524,3966,170,3,2257.83
20525,12434,154,4,7802.63
20526,584,427,2,3259.85
20527,7038,93,4,2028.54
20528,6711,191,2,647.57
20529,2856,212,5,1848.43
20530,5896,362,4,9726.31
20531,2519,90,5,7785.19
20532,8247,286,1,8835.5
20533,10554,49,2,7978.95
20534,1905,125,1,2911.91
20535,14695,132,1,426.52
20536,10093,338,4,9668.48
20537,1309,140,5,621.76
20538,11494,63,2,5383.93
20539,2381,143,4,5350.83
20540,7607,24,4,8996.96
20541,1202,404,2,3218.34
20542,4789,149,4,938.71
20543,5078,493,2,5685.39
20544,2504,192,4,8165.24
20545,12571,10,3,395.33
20546,10999,266,5,4135.03
20547,14552,498,1,6884.43
20548,10247,422,1,9215.56
20549,10381,172,4,8002.21
20550,11914,293,3,8242.9
20551,9199,177,3,1840.37
20552,11529,335,2,1115.92
20553,5243,174,1,7399.81
20554,4149,154,3,7802.63
20555,2559,269,3,1141.26
20556,450,119,4,3230.43
20557,13501,225,5,1137.36
20558,11569,291,4,5087.5
20559,497,412,1,6068.19
20560,8953,380,4,4507.23
20561,12907,87,3,2322.38
20562,5082,485,3,8787.67
20563,2263,44,3,3917.55
20564,14486,124,3,8055.13
20565,8873,260,5,4925.88
20566,3422,353,5,3759.57
20567,6082,315,2,7046.48
20568,2009,470,4,7905.83
20569,3622,262,4,6965.43
20570,4356,198,5,946.71
20571,2750,257,3,2683.93
20572,10002,139,3,8246.2
20573,14182,86,2,4357.67
20574,9370,459,2,1906.15
20575,592,396,1,8634.83
20576,2048,330,2,9882.58
20577,137,144,2,1912.27
20578,7484,232,1,3261.51
20579,13068,141,2,1098.86
20580,5713,281,4,2968.82
20581,7780,45,1,1218.3
20582,2947,294,3,1759.3
20583,249,374,1,9108.7
20584,14649,487,4,6550.82
20585,3413,241,5,9266.89
20586,5223,381,3,3904.17
20587,281,347,2,5876.24
20588,5481,243,1,3831.51
20589,374,457,5,9921.34
20590,13095,256,5,8632.64
20591,830,197,3,6070.18
20592,7219,15,4,3870.03
20593,13750,100,4,9593.58
20594,14049,346,3,5073.33
20595,9098,161,4,8407.44
20596,12066,486,1,9524.97
20597,10691,79,5,9929.03
20598,285,52,4,8643.0
20599,645,355,5,8627.33
20600,6587,246,5,6536.29
20601,12678,472,3,8162.55
20602,10398,63,2,5383.93
20603,3405,285,2,3933.55
20604,5998,208,5,8638.99
20605,6783,301,4,9862.65
20606,9675,366,4,3897.58
20607,4596,404,5,3218.34
20608,13264,199,2,8014.84
20609,6417,226,2,2025.32
20610,14207,93,5,2028.54
20611,1728,421,5,8508.99
20612,2438,59,1,3468.76
20613,9858,360,5,8818.48
20614,9301,440,4,1392.66
20615,6802,230,2,2678.09
20616,9392,13,5,7258.78
20617,11250,260,2,4925.88
20618,13668,47,5,6387.23
20619,5510,309,4,6463.56
20620,10384,430,1,5913.18
20621,13073,306,2,9402.04
20622,7504,9,3,9075.61
20623,7014,4,1,1038.64
20624,467,2,5,732.43
20625,829,416,4,6564.11
20626,7561,358,5,3041.52
20627,10403,243,2,3831.51
20628,5914,293,3,8242.9
20629,3731,359,3,4809.77
20630,7280,60,3,8583.96
20631,12351,238,1,8127.0
20632,4686,273,3,6942.27
20633,12282,206,1,2172.19
20634,6990,406,1,5823.84
20635,5684,33,4,968.15
20636,5081,369,5,8266.36
20637,3086,305,1,4723.38
20638,8618,260,1,4925.88
20639,1132,172,1,8002.21
20640,4039,48,1,1838.87
20641,2453,35,3,1741.5
20642,719,453,2,4809.05
20643,7769,34,5,4719.44
20644,9986,470,2,7905.83
20645,10063,13,1,7258.78
20646,11552,115,2,8618.7
20647,5085,476,3,7708.58
20648,12038,96,4,2678.45
20649,9800,76,2,704.92
20650,10745,424,1,9131.51
20651,1835,183,4,5880.7
20652,11504,99,1,7770.51
20653,5070,428,2,1211.53
20654,6599,194,2,1359.67
20655,6554,53,3,7460.59
20656,13111,157,1,7290.81
20657,5815,259,3,6946.2
20658,10834,67,5,9629.35
20659,7712,498,3,6884.43
20660,9941,100,4,9593.58
20661,9599,62,3,2223.61
20662,9565,468,4,4653.8
20663,12236,64,5,3923.84
20664,4364,154,4,7802.63
20665,3392,153,4,8748.36
20666,5935,243,3,3831.51
20667,4759,455,3,1899.28
20668,13156,434,4,3167.56
20669,57,367,4,2146.49
20670,7359,397,1,5628.09
20671,10247,472,2,8162.55
20672,6748,183,3,5880.7
20673,6571,216,1,3464.18
20674,6726,500,5,9839.38
20675,4625,443,2,9035.35
20676,6959,359,1,4809.77
20677,1094,248,1,5592.3
20678,2683,254,5,8610.26
20679,6810,100,2,9593.58
20680,14022,132,3,426.52
20681,563,184,2,3270.76
20682,11916,285,3,3933.55
20683,11974,317,5,9246.11
20684,1938,26,3,482.02
20685,14164,499,4,3186.27
20686,3960,440,5,1392.66
20687,3675,250,4,9260.34
20688,866,458,2,1066.87
20689,4099,458,1,1066.87
20690,14108,317,4,9246.11
20691,2778,214,1,8463.2
20692,6143,242,3,7663.19
20693,2672,15,2,3870.03
20694,10070,390,5,1940.5
20695,13275,188,1,5330.51
20696,55,440,5,1392.66
20697,10099,88,3,8219.74
20698,1740,67,1,9629.35
20699,1236,395,4,5403.61
20700,7636,226,3,2025.32
20701,9300,13,5,7258.78
20702,11066,431,2,7429.75
20703,12200,124,2,8055.13
20704,11615,491,3,7055.9
20705,5041,450,2,6116.29
20706,9301,481,1,4000.0
20707,9558,296,3,3030.48
20708,12961,293,1,8242.9
20709,8724,171,2,9757.17
20710,3914,422,5,9215.56
20711,12832,343,2,3581.46
20712,11192,255,1,8283.02
20713,10979,68,4,4687.17
20714,13700,226,5,2025.32
20715,1419,432,2,226.39
20716,7084,336,4,7047.79
20717,13848,302,4,256.64
20718,1383,274,3,9374.58
20719,12653,226,4,2025.32
20720,2894,364,3,9723.49
20721,5007,479,3,9565.21
20722,14649,450,5,6116.29
20723,5881,478,3,6425.58
20724,6933,152,4,9565.43
20725,814,171,2,9757.17
20726,10999,205,1,4022.8
20727,2738,72,2,879.52
20728,8663,450,5,6116.29
20729,7519,176,3,8922.31
20730,4286,345,1,7840.69
20731,13715,444,4,7201.79
20732,14243,12,2,3492.99
20733,10552,389,3,3380.61
20734,9296,428,4,1211.53
20735,6375,394,2,6388.25
20736,6176,299,2,4929.48
20737,2528,219,2,6055.1
20738,11811,212,3,1848.43
20739,10757,171,1,9757.17
20740,2036,472,1,8162.55
20741,811,54,5,7895.72
20742,2589,187,5,7403.39
20743,9311,135,5,5819.88
20744,865,392,1,557.07
20745,9387,412,3,6068.19
20746,7703,37,1,5308.22
20747,8266,11,4,1837.72
20748,7795,49,5,7978.95
20749,5722,165,1,5790.97
20750,12156,269,1,1141.26
20751,12672,175,3,8623.47
20752,14558,146,4,4918.85
20753,6832,279,2,5378.36
20754,10026,400,4,8624.0
20755,6214,146,5,4918.85
20756,1057,479,5,9565.21
20757,4889,29,1,3941.11
20758,922,283,3,5067.19
20759,10672,176,2,8922.31
20760,10710,426,4,3257.04
20761,13531,461,4,798.26
20762,733,33,1,968.15
20763,13308,281,5,2968.82
20764,3283,357,1,6115.84
20765,5556,430,4,5913.18
20766,6687,456,5,8200.2
20767,4055,102,2,9476.14
20768,14644,235,1,8300.53
20769,1580,326,4,8400.33
20770,10957,303,4,9299.69
20771,12519,351,5,5555.13
20772,11957,83,1,9659.08
20773,11131,256,2,8632.64
20774,1280,446,1,9142.99
20775,6594,466,2,2173.99
20776,10911,113,1,9827.8
20777,7096,7,3,6834.18
20778,11637,337,5,4035.25
20779,13955,296,5,3030.48
20780,10217,220,3,4181.4
20781,2110,362,2,9726.31
20782,1367,223,4,6357.32
20783,3891,35,1,1741.5
20784,6553,303,3,9299.69
20785,13615,432,3,226.39
20786,9493,304,5,466.87
20787,3423,30,2,7899.0
20788,9928,486,3,9524.97
20789,5712,406,4,5823.84
20790,14400,318,2,1060.93
20791,1372,237,2,5827.48
20792,11902,402,4,2303.92
20793,4037,255,3,8283.02
20794,14180,321,3,9739.1
20795,7274,347,3,5876.24
20796,773,84,3,8556.86
20797,8021,14,5,7643.58
20798,13858,304,5,466.87
20799,7820,104,2,4430.26
20800,7745,357,1,6115.84
20801,13863,105,4,328.39
20802,10697,287,2,200.71
20803,1205,369,1,8266.36
20804,10036,437,2,3675.25
20805,7759,46,4,8792.03
20806,6036,333,2,3312.61
20807,11997,230,3,2678.09
20808,12573,138,4,9993.87
20809,8053,313,3,4182.64
20810,10917,453,5,4809.05
20811,6577,241,3,9266.89
20812,5416,451,2,5360.01
20813,4572,341,4,6881.86
20814,10661,449,1,7816.26
20815,10357,324,5,2208.08
20816,10147,200,1,2884.6
20817,758,483,3,9066.19
20818,9214,131,3,884.97
20819,2121,91,4,7135.75
20820,9533,194,3,1359.67
20821,10096,426,4,3257.04
20822,497,334,3,7620.87
20823,4319,60,3,8583.96
20824,12510,287,2,200.71
20825,4203,469,2,1716.73
20826,8784,167,3,4172.77
20827,13097,186,5,7246.03
20828,5184,35,4,1741.5
20829,10239,237,4,5827.48
20830,7360,270,4,3515.69
20831,1085,174,1,7399.81
20832,8688,257,4,2683.93
20833,5802,443,1,9035.35
20834,2234,322,2,6758.75
20835,353,167,2,4172.77
20836,9217,342,2,6063.95
20837,8417,236,5,8664.5
20838,6287,217,2,9900.58
20839,9095,140,2,621.76
20840,6540,436,5,6908.99
20841,2138,63,3,5383.93
20842,4632,207,3,4423.45
20843,11939,111,3,5010.75
20844,12389,268,5,5811.88
20845,2254,134,3,5480.33
20846,7871,344,1,4696.35
20847,11865,233,2,4748.37
20848,4527,80,3,7702.5
20849,13215,93,3,2028.54
20850,3973,411,1,1314.33
20851,64,33,4,968.15
20852,10105,391,3,245.15
20853,3737,227,3,5782.67
20854,7385,31,3,5680.54
20855,2066,183,5,5880.7
20856,2002,63,5,5383.93
20857,1241,465,1,9276.0
20858,7800,493,2,5685.39
20859,1246,113,5,9827.8
20860,150,271,1,9644.3
20861,4699,162,1,9785.74
20862,9955,70,3,8962.34
20863,12443,276,4,2146.27
20864,2525,345,1,7840.69
20865,11780,234,4,5838.32
20866,11676,358,4,3041.52
20867,12585,208,1,8638.99
20868,10042,375,4,6848.53
20869,6258,213,2,3800.6
20870,7373,375,4,6848.53
20871,5920,39,3,3738.32
20872,13994,430,4,5913.18
20873,7034,159,3,1801.45
20874,6884,360,3,8818.48
20875,14846,211,4,9357.68
20876,8298,140,4,621.76
20877,920,73,2,9210.64
20878,1401,433,4,3027.9
20879,6135,159,4,1801.45
20880,14614,198,1,946.71
20881,2997,390,5,1940.5
20882,12780,187,5,7403.39
20883,5031,142,1,6545.75
20884,9559,170,1,2257.83
20885,13064,203,3,8511.61
20886,10301,496,5,2786.49
20887,4478,421,5,8508.99
20888,12054,392,4,557.07
20889,4791,335,2,1115.92
20890,7516,254,5,8610.26
20891,981,141,1,1098.86
20892,1958,18,2,1342.37
20893,2093,136,4,5846.66
20894,1120,158,1,9478.85
20895,13542,145,3,6422.41
20896,1543,120,2,8117.66
20897,11179,118,1,8743.3
20898,493,149,5,938.71
20899,6711,104,4,4430.26
20900,14787,291,4,5087.5
20901,4231,329,1,1250.04
20902,2215,55,4,4706.61
20903,1256,347,2,5876.24
20904,11478,420,3,968.02
20905,7803,369,5,8266.36
20906,13832,472,3,8162.55
20907,6135,48,3,1838.87
20908,8233,359,4,4809.77
20909,5069,224,3,3104.98
20910,5424,69,3,8226.4
20911,4567,355,5,8627.33
20912,377,470,2,7905.83
20913,10730,366,2,3897.58
20914,4466,266,2,4135.03
20915,1363,227,4,5782.67
20916,11852,225,3,1137.36
20917,7666,183,3,5880.7
20918,14945,346,5,5073.33
20919,14630,254,4,8610.26
20920,1509,443,2,9035.35
20921,3204,292,5,6604.75
20922,13419,16,4,8266.92
20923,14332,233,3,4748.37
20924,11705,125,3,2911.91
20925,13910,250,3,9260.34
20926,14169,162,2,9785.74
20927,10962,412,3,6068.19
20928,10184,335,3,1115.92
20929,2701,373,2,5173.76
20930,4092,14,5,7643.58
20931,14040,474,4,6301.48
20932,601,324,1,2208.08
20933,11103,244,2,1081.56
20934,7324,229,1,1133.55
20935,6065,290,1,1424.2
20936,9244,388,1,5482.96
20937,882,255,3,8283.02
20938,3195,268,1,5811.88
20939,171,207,2,4423.45
20940,898,178,3,9950.37
20941,10285,360,5,8818.48
20942,4483,249,2,745.94
20943,1573,78,5,3697.4
20944,14794,420,5,968.02
20945,12240,387,4,7256.07
20946,4717,134,5,5480.33
20947,7470,11,3,1837.72
20948,9751,386,2,3146.12
20949,13000,88,2,8219.74
20950,4085,34,5,4719.44
20951,3420,465,1,9276.0
20952,14733,326,4,8400.33
20953,10339,428,5,1211.53
20954,13184,122,5,8180.09
20955,8936,82,4,6679.0
20956,1918,331,3,1285.58
20957,7479,374,2,9108.7
20958,5578,104,2,4430.26
20959,6776,278,5,8996.64
20960,6055,284,4,9324.98
20961,4046,61,5,1207.44
20962,6007,402,2,2303.92
20963,14833,188,1,5330.51
20964,9277,382,2,2606.69
20965,11024,56,2,7342.67
20966,11051,193,3,1281.1
20967,2133,166,5,5626.74
20968,8161,96,4,2678.45
20969,8876,340,2,3757.64
20970,10322,222,4,9786.82
20971,9862,255,4,8283.02
20972,159,249,4,745.94
20973,2547,296,4,3030.48
20974,9025,381,2,3904.17
20975,3624,372,3,1234.45
20976,11369,97,2,509.52
20977,4107,220,2,4181.4
20978,4877,54,3,7895.72
20979,11002,409,1,5767.52
20980,560,219,4,6055.1
20981,8221,33,1,968.15
20982,3370,145,2,6422.41
20983,2316,356,1,2763.96
20984,10236,179,1,748.02
20985,5038,483,4,9066.19
20986,537,405,3,3026.74
20987,6887,21,3,9286.01
20988,4164,419,5,2984.31
20989,3904,246,2,6536.29
20990,3793,439,2,3081.57
20991,12546,209,1,9837.59
20992,10362,223,1,6357.32
20993,7375,345,1,7840.69
20994,2943,139,3,8246.2
20995,11814,227,2,5782.67
20996,1858,4,3,1038.64
20997,2951,117,3,3613.97
20998,11075,337,2,4035.25
20999,5908,79,3,9929.03
21000,12772,289,5,6753.34
21001,10851,232,4,3261.51
21002,1789,393,2,9148.93
21003,2724,487,3,6550.82
21004,10635,408,3,8941.62
21005,896,41,3,6972.61
21006,10514,496,5,2786.49
21007,3925,186,2,7246.03
21008,7768,11,1,1837.72
21009,3666,222,3,9786.82
21010,11695,222,3,9786.82
21011,8564,49,4,7978.95
21012,14043,127,1,5911.04
21013,10302,344,5,4696.35
21014,5007,135,4,5819.88
21015,4769,458,4,1066.87
21016,3358,43,2,3765.59
21017,60,314,1,9504.99
21018,2972,19,1,5022.81
21019,3703,244,5,1081.56
21020,13309,217,5,9900.58
21021,9695,278,2,8996.64
21022,7784,366,3,3897.58
21023,4870,223,2,6357.32
21024,10732,63,3,5383.93
21025,8733,410,1,9139.34
21026,9462,244,2,1081.56
21027,1398,282,4,6977.05
21028,8180,300,1,1815.98
21029,10468,26,3,482.02
21030,10376,176,1,8922.31
21031,4884,164,1,8667.88
21032,6037,109,3,796.13
21033,4464,492,5,9608.88
21034,11814,100,1,9593.58
21035,13226,309,4,6463.56
21036,13857,302,3,256.64
21037,6341,145,2,6422.41
21038,715,273,2,6942.27
21039,7309,445,5,4601.52
21040,4230,423,5,5539.86
21041,5767,3,4,6914.47
21042,10080,494,4,3573.94
21043,2841,18,2,1342.37
21044,669,236,3,8664.5
21045,595,359,5,4809.77
21046,9564,45,5,1218.3
21047,7241,312,2,7979.12
21048,4851,44,2,3917.55
21049,10190,312,3,7979.12
21050,3038,260,3,4925.88
21051,6617,452,5,7515.99
21052,7471,26,1,482.02
21053,9558,489,2,3207.62
21054,8409,450,3,6116.29
21055,5271,76,5,704.92
21056,7544,30,3,7899.0
21057,14196,486,2,9524.97
21058,6242,330,2,9882.58
21059,3462,38,3,4667.15
21060,9324,44,3,3917.55
21061,5397,378,2,3236.96
21062,4746,181,2,5638.45
21063,14164,70,3,8962.34
21064,1620,286,2,8835.5
21065,8097,436,2,6908.99
21066,10468,406,2,5823.84
21067,10505,38,3,4667.15
21068,11330,376,1,258.42
21069,8112,480,1,5205.62
21070,11963,325,4,4799.01
21071,3642,174,2,7399.81
21072,3356,98,1,4922.59
21073,7789,357,2,6115.84
21074,6755,48,5,1838.87
21075,6756,344,4,4696.35
21076,542,205,4,4022.8
21077,4972,254,4,8610.26
21078,8229,241,3,9266.89
21079,369,341,2,6881.86
21080,3990,172,5,8002.21
21081,14426,297,3,6822.62
21082,11130,499,1,3186.27
21083,14127,415,4,2187.71
21084,4772,346,2,5073.33
21085,2096,57,3,6056.87
21086,14070,446,1,9142.99
21087,2748,2,4,732.43
21088,659,337,1,4035.25
21089,9129,245,5,8611.56
21090,9837,343,1,3581.46
21091,10895,372,2,1234.45
21092,9574,320,3,7113.73
21093,13578,270,1,3515.69
21094,6026,172,5,8002.21
21095,10771,334,2,7620.87
21096,2568,195,3,3311.18
21097,215,127,4,5911.04
21098,1554,287,1,200.71
21099,12826,463,4,7898.4
21100,5048,393,1,9148.93
21101,6533,139,5,8246.2
21102,3317,461,5,798.26
21103,10665,171,3,9757.17
21104,8723,189,2,8899.99
21105,6611,450,2,6116.29
21106,6338,245,1,8611.56
21107,11818,128,1,1686.89
21108,5644,50,2,9478.54
21109,229,255,4,8283.02
21110,764,222,3,9786.82
21111,1869,492,1,9608.88
21112,8236,90,5,7785.19
21113,2574,78,1,3697.4
21114,605,210,5,4078.3
21115,3877,118,4,8743.3
21116,14855,408,1,8941.62
21117,6238,15,1,3870.03
21118,3789,103,1,4032.63
21119,4623,131,3,884.97
21120,6799,21,1,9286.01
21121,93,275,1,8842.88
21122,4003,266,4,4135.03
21123,8013,411,3,1314.33
21124,5465,65,1,7934.0
21125,3138,194,2,1359.67
21126,12369,108,4,1734.18
21127,11634,245,5,8611.56
21128,3143,183,3,5880.7
21129,4036,297,4,6822.62
21130,5980,291,2,5087.5
21131,8477,333,5,3312.61
21132,12486,355,4,8627.33
21133,1506,364,5,9723.49
21134,2536,360,1,8818.48
21135,1654,11,4,1837.72
21136,1515,6,3,2683.41
21137,13852,74,3,199.13
21138,8657,472,3,8162.55
21139,11255,442,5,722.71
21140,10873,118,3,8743.3
21141,2495,87,2,2322.38
21142,13119,360,1,8818.48
21143,12576,131,5,884.97
21144,12629,216,3,3464.18
21145,4753,75,3,8352.41
21146,8941,314,5,9504.99
21147,7113,158,5,9478.85
21148,6047,130,2,2180.26
21149,9397,165,4,5790.97
21150,9832,389,5,3380.61
21151,1402,372,2,1234.45
21152,3705,142,5,6545.75
21153,12576,402,5,2303.92
21154,100,108,1,1734.18
21155,2004,431,3,7429.75
21156,5914,147,5,8276.67
21157,2002,324,1,2208.08
21158,14923,187,1,7403.39
21159,1379,121,5,4637.39
21160,14616,60,2,8583.96
21161,4629,137,2,2848.21
21162,14791,458,4,1066.87
21163,8535,226,3,2025.32
21164,8474,267,5,9197.24
21165,1303,344,3,4696.35
21166,5931,238,2,8127.0
21167,10119,300,4,1815.98
21168,9756,276,2,2146.27
21169,11267,340,4,3757.64
21170,14852,157,5,7290.81
21171,11393,42,3,4497.14
21172,9027,305,5,4723.38
21173,1526,89,1,2158.02
21174,5104,93,2,2028.54
21175,5211,165,1,5790.97
21176,12319,465,2,9276.0
21177,14846,170,2,2257.83
21178,9890,371,2,2310.72
21179,3719,56,3,7342.67
21180,4084,248,3,5592.3
21181,13892,57,4,6056.87
21182,2518,388,5,5482.96
21183,12565,14,4,7643.58
21184,5042,399,3,5584.71
21185,3151,213,3,3800.6
21186,8189,316,1,5796.51
21187,1643,44,2,3917.55
21188,465,352,2,4584.87
21189,7724,223,4,6357.32
21190,1310,97,4,509.52
21191,4260,53,2,7460.59
21192,13842,319,1,3953.51
21193,9462,444,5,7201.79
21194,428,270,2,3515.69
21195,12744,291,3,5087.5
21196,13767,221,3,3345.21
21197,4641,384,2,7551.73
21198,13875,435,1,9744.01
21199,1003,292,3,6604.75
21200,12425,99,3,7770.51
21201,1722,448,5,5383.01
21202,5870,312,1,7979.12
21203,5227,449,2,7816.26
21204,11465,361,1,5463.67
21205,13449,129,5,6571.12
21206,6256,377,2,9039.51
21207,11218,240,4,9176.21
21208,11011,401,1,276.76
21209,7049,151,5,8809.81
21210,3296,376,1,258.42
21211,11573,303,5,9299.69
21212,14727,297,2,6822.62
21213,6682,365,4,1850.05
21214,3229,489,1,3207.62
21215,1854,86,4,4357.67
21216,8890,84,2,8556.86
21217,4922,160,3,451.76
21218,6763,402,1,2303.92
21219,9966,250,2,9260.34
21220,9895,20,5,5418.04
21221,5888,38,1,4667.15
21222,14184,402,1,2303.92
21223,7953,239,2,1994.61
21224,13692,436,5,6908.99
21225,2985,465,1,9276.0
21226,12962,44,1,3917.55
21227,9659,467,2,2506.92
21228,5454,44,4,3917.55
21229,2189,385,5,9715.08
21230,5869,219,3,6055.1
21231,12443,104,5,4430.26
21232,11417,405,3,3026.74
21233,4721,270,4,3515.69
21234,4390,93,4,2028.54
21235,6344,103,4,4032.63
21236,2382,364,2,9723.49
21237,333,190,5,1021.97
21238,11789,169,2,1462.57
21239,12449,430,2,5913.18
21240,11893,428,1,1211.53
21241,3314,422,3,9215.56
21242,10336,312,1,7979.12
21243,10760,115,3,8618.7
21244,5549,110,2,1178.02
21245,7712,96,2,2678.45
21246,14536,208,5,8638.99
21247,294,171,4,9757.17
21248,10995,314,5,9504.99
21249,3120,341,2,6881.86
21250,551,286,4,8835.5
21251,11757,477,2,9150.54
21252,5140,280,3,7595.69
21253,9366,485,1,8787.67
21254,3300,359,3,4809.77
21255,14706,149,3,938.71
21256,4219,226,4,2025.32
21257,4338,109,5,796.13
21258,8209,28,4,966.94
21259,9644,264,5,9277.81
21260,7042,157,5,7290.81
21261,4575,209,2,9837.59
21262,14555,41,5,6972.61
21263,11795,223,1,6357.32
21264,5701,271,1,9644.3
21265,842,56,1,7342.67
21266,3045,158,3,9478.85
21267,9375,171,5,9757.17
21268,2120,151,4,8809.81
21269,4541,312,5,7979.12
21270,2329,27,1,6600.12
21271,13624,493,5,5685.39
21272,13765,245,4,8611.56
21273,4221,301,1,9862.65
21274,3351,420,4,968.02
21275,7113,28,3,966.94
21276,407,58,5,7243.02
21277,10347,297,5,6822.62
21278,6433,414,3,8456.47
21279,183,79,1,9929.03
21280,932,10,2,395.33
21281,1696,352,1,4584.87
21282,14003,135,3,5819.88
21283,4589,236,5,8664.5
21284,5497,336,4,7047.79
21285,3208,120,5,8117.66
21286,12006,317,3,9246.11
21287,6197,374,2,9108.7
21288,14297,447,3,2000.99
21289,3668,291,1,5087.5
21290,5105,67,5,9629.35
21291,7920,138,1,9993.87
21292,8135,402,2,2303.92
21293,3407,492,1,9608.88
21294,6715,222,3,9786.82
21295,1454,431,4,7429.75
21296,6919,484,2,322.48
21297,14647,330,5,9882.58
21298,1522,68,2,4687.17
21299,8247,12,3,3492.99
21300,1485,284,1,9324.98
21301,4283,187,3,7403.39
21302,3539,464,1,8934.52
21303,3052,165,1,5790.97
21304,7115,50,4,9478.54
21305,6087,405,4,3026.74
21306,3896,93,5,2028.54
21307,13126,84,4,8556.86
21308,4948,131,5,884.97
21309,10645,336,1,7047.79
21310,2601,297,1,6822.62
21311,4557,151,3,8809.81
21312,8802,195,1,3311.18
21313,9319,356,5,2763.96
21314,7337,156,4,7160.7
21315,11709,335,2,1115.92
21316,11637,443,1,9035.35
21317,10339,222,1,9786.82
21318,2552,237,1,5827.48
21319,8996,35,4,1741.5
21320,9975,203,1,8511.61
21321,13292,112,3,8874.43
21322,10900,413,3,202.63
21323,5633,412,1,6068.19
21324,11122,199,4,8014.84
21325,12600,90,2,7785.19
21326,4579,4,4,1038.64
21327,6563,452,3,7515.99
21328,14574,157,1,7290.81
21329,2633,430,3,5913.18
21330,14378,360,1,8818.48
21331,1416,389,2,3380.61
21332,1583,29,1,3941.11
21333,2376,51,1,8177.56
21334,2024,260,5,4925.88
21335,11858,42,5,4497.14
21336,12045,242,4,7663.19
21337,9868,481,1,4000.0
21338,11338,31,4,5680.54
21339,4082,378,4,3236.96
21340,2953,291,3,5087.5
21341,1815,378,3,3236.96
21342,11760,198,1,946.71
21343,8351,396,3,8634.83
21344,1881,309,4,6463.56
21345,1800,463,2,7898.4
21346,7981,423,3,5539.86
21347,14810,178,5,9950.37
21348,14741,19,5,5022.81
21349,6542,409,1,5767.52
21350,11371,91,4,7135.75
21351,8043,241,4,9266.89
21352,2637,11,5,1837.72
21353,528,112,1,8874.43
21354,10171,90,1,7785.19
21355,12240,128,5,1686.89
21356,8012,54,5,7895.72
21357,14551,494,4,3573.94
21358,12279,29,5,3941.11
21359,10689,20,1,5418.04
21360,12281,274,5,9374.58
21361,2605,119,5,3230.43
21362,14963,201,5,7769.45
21363,14911,23,4,1685.18
21364,5760,483,1,9066.19
21365,3369,159,5,1801.45
21366,10473,183,4,5880.7
21367,10503,301,4,9862.65
21368,8357,247,5,1511.4
21369,4479,39,3,3738.32
21370,11764,116,1,2672.92
21371,11031,298,2,8878.51
21372,2320,107,5,1494.13
21373,6542,479,5,9565.21
21374,14370,488,5,6635.81
21375,1134,410,5,9139.34
21376,1847,81,3,3619.81
21377,12596,300,1,1815.98
21378,2132,341,1,6881.86
21379,9327,478,1,6425.58
21380,8643,318,3,1060.93
21381,3296,460,1,4289.39
21382,9101,234,2,5838.32
21383,12591,367,3,2146.49
21384,7518,396,3,8634.83
21385,4495,371,4,2310.72
21386,9051,33,1,968.15
21387,12182,302,4,256.64
21388,9180,219,5,6055.1
21389,3308,71,1,1415.95
21390,1192,55,2,4706.61
21391,3108,229,5,1133.55
21392,5098,364,5,9723.49
21393,10086,69,4,8226.4
21394,10670,174,2,7399.81
21395,6434,393,5,9148.93
21396,5318,447,1,2000.99
21397,12407,6,1,2683.41
21398,14609,439,1,3081.57
21399,858,469,2,1716.73
21400,13181,489,5,3207.62
21401,6357,244,3,1081.56
21402,11201,476,2,7708.58
21403,10974,201,5,7769.45
21404,5423,342,3,6063.95
21405,11883,326,1,8400.33
21406,12142,434,1,3167.56
21407,13854,138,3,9993.87
21408,9295,15,1,3870.03
21409,3139,277,2,2568.61
21410,3030,37,5,5308.22
21411,6138,43,2,3765.59
21412,6009,321,3,9739.1
21413,8552,425,5,3696.53
21414,12060,202,5,9011.14
21415,6999,76,4,704.92
21416,7142,452,5,7515.99
21417,5805,283,5,5067.19
21418,12537,466,4,2173.99
21419,8099,402,1,2303.92
21420,12462,410,3,9139.34
21421,3043,421,1,8508.99
21422,3060,22,4,1658.35
21423,6863,214,1,8463.2
21424,8463,97,2,509.52
21425,5861,253,2,6781.48
21426,13403,221,1,3345.21
21427,11763,434,5,3167.56
21428,1121,124,2,8055.13
21429,14408,370,3,8466.61
21430,5380,39,1,3738.32
21431,8468,196,3,3830.25
21432,4429,499,5,3186.27
21433,10431,447,4,2000.99
21434,9968,249,1,745.94
21435,7672,39,2,3738.32
21436,7359,124,4,8055.13
21437,4163,374,3,9108.7
21438,8369,254,3,8610.26
21439,6728,118,4,8743.3
21440,10889,304,3,466.87
21441,2444,301,4,9862.65
21442,14726,471,1,3581.14
21443,11183,105,1,328.39
21444,507,315,2,7046.48
21445,6201,358,1,3041.52
21446,10770,364,5,9723.49
21447,10237,194,4,1359.67
21448,4383,338,5,9668.48
21449,6703,339,3,9584.08
21450,4170,407,4,5006.35
21451,3538,155,3,5690.41
21452,14938,343,5,3581.46
21453,10431,20,5,5418.04
21454,7604,319,5,3953.51
21455,8040,452,4,7515.99
21456,4036,10,3,395.33
21457,11814,45,2,1218.3
21458,8417,38,2,4667.15
21459,8078,203,2,8511.61
21460,8003,203,2,8511.61
21461,12918,373,1,5173.76
21462,13220,49,3,7978.95
21463,1785,442,2,722.71
21464,2694,29,4,3941.11
21465,1837,288,4,6906.22
21466,8519,462,1,9857.56
21467,2069,164,5,8667.88
21468,5608,209,1,9837.59
21469,1506,242,1,7663.19
21470,2035,201,4,7769.45
21471,1345,188,3,5330.51
21472,10760,381,2,3904.17
21473,5479,206,4,2172.19
21474,7909,266,1,4135.03
21475,7672,423,2,5539.86
21476,14468,357,1,6115.84
21477,11899,489,2,3207.62
21478,8232,139,3,8246.2
21479,13408,28,3,966.94
21480,13288,4,3,1038.64
21481,8598,97,2,509.52
21482,4327,273,4,6942.27
21483,2636,359,5,4809.77
21484,11360,299,4,4929.48
21485,8603,431,4,7429.75
21486,8595,352,2,4584.87
21487,8078,255,4,8283.02
21488,8052,74,3,199.13
21489,12781,104,5,4430.26
21490,240,370,3,8466.61
21491,4277,445,2,4601.52
21492,6351,475,2,4830.58
21493,3691,131,1,884.97
21494,8094,277,1,2568.61
21495,14309,412,2,6068.19
21496,13444,428,1,1211.53
21497,9531,426,2,3257.04
21498,7800,211,1,9357.68
21499,1080,255,2,8283.02
21500,6452,142,3,6545.75
21501,9662,303,4,9299.69
21502,10206,71,5,1415.95
21503,6088,419,4,2984.31
21504,2738,440,5,1392.66
21505,1011,177,3,1840.37
21506,12725,464,5,8934.52
21507,12729,278,2,8996.64
21508,11283,196,1,3830.25
21509,7050,384,2,7551.73
21510,3218,312,3,7979.12
21511,7715,255,4,8283.02
21512,7097,376,4,258.42
21513,14910,266,3,4135.03
21514,66,185,5,9608.72
21515,2308,453,3,4809.05
21516,12637,56,1,7342.67
21517,138,124,4,8055.13
21518,12315,470,4,7905.83
21519,5501,437,2,3675.25
21520,456,406,5,5823.84
21521,6694,464,1,8934.52
21522,4669,367,3,2146.49
21523,14115,472,3,8162.55
21524,6518,448,4,5383.01
21525,1419,393,5,9148.93
21526,5450,166,2,5626.74
21527,14261,57,5,6056.87
21528,6680,114,5,3570.81
21529,3377,96,5,2678.45
21530,12451,59,2,3468.76
21531,10753,451,5,5360.01
21532,12903,420,5,968.02
21533,6770,201,5,7769.45
21534,14423,81,3,3619.81
21535,10233,459,2,1906.15
21536,445,284,2,9324.98
21537,8237,196,1,3830.25
21538,13464,1,5,6315.21
21539,8006,31,2,5680.54
21540,9117,60,4,8583.96
21541,3303,118,2,8743.3
21542,11490,353,5,3759.57
21543,4207,67,1,9629.35
21544,9721,16,5,8266.92
21545,11711,73,4,9210.64
21546,13186,443,2,9035.35
21547,4165,344,4,4696.35
21548,8545,98,1,4922.59
21549,794,169,5,1462.57
21550,6239,19,3,5022.81
21551,10800,376,1,258.42
21552,14077,125,1,2911.91
21553,9688,258,4,9737.13
21554,27,56,1,7342.67
21555,14458,473,4,4297.32
21556,13881,167,5,4172.77
21557,6508,185,5,9608.72
21558,391,188,5,5330.51
21559,14521,63,1,5383.93
21560,14538,125,4,2911.91
21561,4938,405,4,3026.74
21562,14646,41,5,6972.61
21563,2217,469,2,1716.73
21564,4252,279,5,5378.36
21565,7170,308,1,3248.37
21566,4305,214,5,8463.2
21567,10226,236,5,8664.5
21568,10883,461,2,798.26
21569,2700,360,1,8818.48
21570,14265,10,2,395.33
21571,4988,191,1,647.57
21572,14928,411,5,1314.33
21573,11636,149,3,938.71
21574,2248,270,4,3515.69
21575,6936,317,1,9246.11
21576,8229,480,4,5205.62
21577,9322,94,3,8180.15
21578,14410,300,3,1815.98
21579,4215,223,1,6357.32
21580,6926,108,2,1734.18
21581,7485,400,5,8624.0
21582,11915,199,2,8014.84
21583,14999,83,4,9659.08
21584,14392,166,5,5626.74
21585,5807,206,2,2172.19
21586,13914,55,1,4706.61
21587,14119,38,4,4667.15
21588,269,167,4,4172.77
21589,11852,331,3,1285.58
21590,5983,266,4,4135.03
21591,2236,305,2,4723.38
21592,575,361,5,5463.67
21593,5654,89,2,2158.02
21594,4036,73,4,9210.64
21595,11768,441,4,2052.86
21596,11001,287,3,200.71
21597,10887,119,5,3230.43
21598,9264,243,5,3831.51
21599,14657,37,3,5308.22
21600,11573,231,2,1578.47
21601,11186,104,2,4430.26
21602,7566,372,4,1234.45
21603,5731,239,1,1994.61
21604,11363,423,5,5539.86
21605,9281,445,1,4601.52
21606,10178,220,4,4181.4
21607,8227,418,2,4286.55
21608,6573,47,5,6387.23
21609,3462,316,1,5796.51
21610,5168,284,5,9324.98
21611,14454,259,3,6946.2
21612,545,175,1,8623.47
21613,11469,139,2,8246.2
21614,3684,275,4,8842.88
21615,14040,128,5,1686.89
21616,14112,349,5,4111.82
21617,2361,465,4,9276.0
21618,13325,240,2,9176.21
21619,2414,408,1,8941.62
21620,10840,124,3,8055.13
21621,6832,88,1,8219.74
21622,7592,15,3,3870.03
21623,3973,288,5,6906.22
21624,7114,484,4,322.48
21625,1214,320,2,7113.73
21626,522,32,1,5922.14
21627,1669,248,4,5592.3
21628,11829,152,2,9565.43
21629,3014,56,1,7342.67
21630,3179,8,5,6565.53
21631,6015,62,4,2223.61
21632,6841,443,3,9035.35
21633,1999,229,1,1133.55
21634,1084,44,2,3917.55
21635,14698,92,3,8797.95
21636,1147,192,2,8165.24
21637,3188,262,1,6965.43
21638,4745,177,2,1840.37
21639,14630,133,2,418.13
21640,4145,243,4,3831.51
21641,1538,134,4,5480.33
21642,13568,306,3,9402.04
21643,723,300,4,1815.98
21644,1181,391,5,245.15
21645,10633,181,3,5638.45
21646,7848,120,4,8117.66
21647,11655,332,2,2539.39
21648,7136,257,4,2683.93
21649,2303,179,4,748.02
21650,4262,448,4,5383.01
21651,10751,59,3,3468.76
21652,9538,447,4,2000.99
21653,4898,107,5,1494.13
21654,4009,113,2,9827.8
21655,1613,286,4,8835.5
21656,440,291,3,5087.5
21657,13942,198,4,946.71
21658,5554,377,1,9039.51
21659,7328,482,4,6578.94
21660,12708,219,3,6055.1
21661,12144,466,3,2173.99
21662,10437,57,5,6056.87
21663,7479,314,1,9504.99
21664,7011,376,3,258.42
21665,7538,440,3,1392.66
21666,8006,360,2,8818.48
21667,11329,298,2,8878.51
21668,4371,370,5,8466.61
21669,8038,452,5,7515.99
21670,3555,19,4,5022.81
21671,5211,335,5,1115.92
21672,10841,187,3,7403.39
21673,2868,289,2,6753.34
21674,239,10,2,395.33
21675,4565,246,1,6536.29
21676,14456,282,3,6977.05
21677,10802,486,5,9524.97
21678,10785,21,3,9286.01
21679,4968,298,3,8878.51
21680,14617,184,1,3270.76
21681,7928,223,5,6357.32
21682,3720,6,3,2683.41
21683,8684,40,4,5521.2
21684,1051,10,3,395.33
21685,5955,479,4,9565.21
21686,10937,33,1,968.15
21687,14545,366,2,3897.58
21688,7764,253,2,6781.48
21689,3708,217,5,9900.58
21690,5535,428,4,1211.53
21691,4094,383,2,5157.46
21692,13772,367,3,2146.49
21693,3334,186,1,7246.03
21694,12564,453,2,4809.05
21695,9942,304,1,466.87
21696,3301,19,5,5022.81
21697,8649,220,4,4181.4
21698,14823,6,2,2683.41
21699,2696,38,5,4667.15
21700,9632,487,2,6550.82
21701,5538,266,4,4135.03
21702,14281,259,2,6946.2
21703,14386,448,4,5383.01
21704,12375,299,5,4929.48
21705,4135,339,1,9584.08
21706,4545,177,4,1840.37
21707,12414,116,1,2672.92
21708,453,123,5,4560.68
21709,4517,126,4,2937.97
21710,3369,257,1,2683.93
21711,6583,132,5,426.52
21712,1194,368,4,1767.74
21713,4060,392,1,557.07
21714,12819,476,1,7708.58
21715,1692,142,5,6545.75
21716,1279,37,1,5308.22
21717,9375,394,5,6388.25
21718,14069,225,1,1137.36
21719,12282,140,1,621.76
21720,2285,57,1,6056.87
21721,12799,225,5,1137.36
21722,10049,46,5,8792.03
21723,14509,131,4,884.97
21724,1354,38,2,4667.15
21725,1982,203,2,8511.61
21726,1616,150,3,5507.66
21727,13413,244,2,1081.56
21728,6682,9,3,9075.61
21729,11618,138,2,9993.87
21730,6501,483,3,9066.19
21731,7523,383,5,5157.46
21732,12760,37,5,5308.22
21733,6620,399,3,5584.71
21734,2297,360,4,8818.48
21735,2465,388,4,5482.96
21736,518,178,4,9950.37
21737,1943,115,2,8618.7
21738,173,385,3,9715.08
21739,3716,198,1,946.71
21740,7181,434,5,3167.56
21741,2150,207,3,4423.45
21742,9953,263,3,2663.77
21743,10394,319,4,3953.51
21744,12747,201,2,7769.45
21745,6993,333,4,3312.61
21746,13505,333,5,3312.61
21747,7642,362,2,9726.31
21748,2785,2,5,732.43
21749,8778,102,1,9476.14
21750,10969,2,3,732.43
21751,9678,490,3,1232.7
21752,6487,51,3,8177.56
21753,11853,35,5,1741.5
21754,14841,345,2,7840.69
21755,3180,259,2,6946.2
21756,2742,495,4,6702.94
21757,3908,129,5,6571.12
21758,12154,235,1,8300.53
21759,866,139,3,8246.2
21760,11730,385,1,9715.08
21761,10319,205,2,4022.8
21762,3386,419,1,2984.31
21763,6179,125,3,2911.91
21764,7337,328,1,8910.25
21765,6461,313,5,4182.64
21766,941,455,5,1899.28
21767,8352,225,1,1137.36
21768,4414,318,3,1060.93
21769,4860,25,4,7621.45
21770,10634,378,4,3236.96
21771,6674,473,1,4297.32
21772,3625,307,3,4019.4
21773,14541,272,3,4556.48
21774,9654,44,3,3917.55
21775,7107,452,2,7515.99
21776,7515,283,5,5067.19
21777,9509,189,3,8899.99
21778,11889,208,2,8638.99
21779,10687,49,3,7978.95
21780,2932,145,2,6422.41
21781,584,296,1,3030.48
21782,12940,452,4,7515.99
21783,9221,247,4,1511.4
21784,1077,433,5,3027.9
21785,7154,180,5,7937.75
21786,9235,242,1,7663.19
21787,13846,395,4,5403.61
21788,9933,268,1,5811.88
21789,436,346,2,5073.33
21790,7552,391,3,245.15
21791,13451,298,2,8878.51
21792,9237,171,3,9757.17
21793,8067,256,2,8632.64
21794,10087,168,2,1657.22
21795,10802,416,5,6564.11
21796,8490,144,5,1912.27
21797,11526,149,2,938.71
21798,10545,13,2,7258.78
21799,7260,432,2,226.39
21800,9564,24,5,8996.96
21801,10508,280,5,7595.69
21802,1602,230,2,2678.09
21803,14123,124,5,8055.13
21804,4746,368,5,1767.74
21805,12756,338,4,9668.48
21806,14901,145,4,6422.41
21807,5595,486,3,9524.97
21808,14603,218,3,2942.56
21809,5718,228,3,604.91
21810,9894,456,3,8200.2
21811,13927,160,2,451.76
21812,13385,50,3,9478.54
21813,14042,317,2,9246.11
21814,12523,59,5,3468.76
21815,10095,79,2,9929.03
21816,14728,206,5,2172.19
21817,8654,429,3,4716.21
21818,1778,351,4,5555.13
21819,7573,87,1,2322.38
21820,9625,471,2,3581.14
21821,3780,455,1,1899.28
21822,9723,328,5,8910.25
21823,13065,101,4,6090.24
21824,4501,317,1,9246.11
21825,9498,350,3,2158.61
21826,14277,350,3,2158.61
21827,9643,329,4,1250.04
21828,9275,107,1,1494.13
21829,4660,26,1,482.02
21830,13275,171,1,9757.17
21831,4181,218,2,2942.56
21832,9963,341,3,6881.86
21833,5824,228,5,604.91
21834,2108,34,2,4719.44
21835,14552,74,1,199.13
21836,6547,43,2,3765.59
21837,13846,351,3,5555.13
21838,2200,238,1,8127.0
21839,7269,230,2,2678.09
21840,12045,365,3,1850.05
21841,6242,128,2,1686.89
21842,2729,469,3,1716.73
21843,11878,141,3,1098.86
21844,7901,51,5,8177.56
21845,12562,441,4,2052.86
21846,1529,48,5,1838.87
21847,4086,367,2,2146.49
21848,12978,280,5,7595.69
21849,9184,178,2,9950.37
21850,12099,240,5,9176.21
21851,2268,223,5,6357.32
21852,11937,197,4,6070.18
21853,14498,480,2,5205.62
21854,3043,219,3,6055.1
21855,11355,454,5,3126.41
21856,9898,20,3,5418.04
21857,11056,307,4,4019.4
21858,7766,497,4,4248.99
21859,14646,308,4,3248.37
21860,12359,257,3,2683.93
21861,859,26,3,482.02
21862,6140,369,1,8266.36
21863,14697,318,5,1060.93
21864,12582,95,5,3387.4
21865,14204,377,3,9039.51
21866,7434,1,4,6315.21
21867,6178,470,4,7905.83
21868,10914,264,2,9277.81
21869,6355,215,5,5828.57
21870,9884,119,4,3230.43
21871,3926,319,3,3953.51
21872,11620,25,5,7621.45
21873,10390,228,1,604.91
21874,7329,100,2,9593.58
21875,3411,18,1,1342.37
21876,3993,484,1,322.48
21877,13754,474,2,6301.48
21878,9991,134,5,5480.33
21879,9868,188,1,5330.51
21880,14379,390,2,1940.5
21881,5966,346,4,5073.33
21882,2010,222,1,9786.82
21883,8647,470,3,7905.83
21884,3607,414,1,8456.47
21885,5027,140,4,621.76
21886,3185,403,4,4023.58
21887,12024,319,2,3953.51
21888,10677,195,2,3311.18
21889,9141,204,1,5285.57
21890,14298,478,5,6425.58
21891,2449,429,3,4716.21
21892,14366,341,4,6881.86
21893,14374,64,3,3923.84
21894,4767,65,3,7934.0
21895,14064,436,5,6908.99
21896,10122,21,1,9286.01
21897,2109,325,1,4799.01
21898,842,183,2,5880.7
21899,11386,138,4,9993.87
21900,9664,127,5,5911.04
21901,11645,121,1,4637.39
21902,6485,371,3,2310.72
21903,6998,195,1,3311.18
21904,7448,100,1,9593.58
21905,1054,437,1,3675.25
21906,14745,310,3,5989.12
21907,1444,367,1,2146.49
21908,5507,78,3,3697.4
21909,14998,295,1,8795.72
21910,3410,313,1,4182.64
21911,10489,156,1,7160.7
21912,8574,98,2,4922.59
21913,3175,243,1,3831.51
21914,12436,131,3,884.97
21915,7183,470,2,7905.83
21916,5621,193,4,1281.1
21917,4108,323,2,1809.66
21918,6287,235,4,8300.53
21919,3720,98,5,4922.59
21920,1182,179,5,748.02
21921,13821,127,3,5911.04
21922,9608,320,1,7113.73
21923,9087,70,2,8962.34
21924,6439,93,1,2028.54
21925,13875,331,5,1285.58
21926,5768,360,1,8818.48
21927,11155,198,3,946.71
21928,10285,55,5,4706.61
21929,10477,435,1,9744.01
21930,6804,427,1,3259.85
21931,5127,40,2,5521.2
21932,9966,353,5,3759.57
21933,12104,447,1,2000.99
21934,8855,158,2,9478.85
21935,13792,94,2,8180.15
21936,3735,404,2,3218.34
21937,4954,453,4,4809.05
21938,14977,282,4,6977.05
21939,605,274,2,9374.58
21940,2905,434,1,3167.56
21941,3774,447,4,2000.99
21942,4754,483,1,9066.19
21943,14288,156,3,7160.7
21944,4875,373,3,5173.76
21945,4787,187,4,7403.39
21946,6598,377,4,9039.51
21947,4332,381,3,3904.17
21948,7649,288,1,6906.22
21949,9425,446,5,9142.99
21950,7014,144,3,1912.27
21951,2254,324,2,2208.08
21952,5901,399,2,5584.71
21953,5327,98,2,4922.59
21954,10161,249,5,745.94
21955,3836,300,5,1815.98
21956,13560,409,3,5767.52
21957,5576,297,1,6822.62
21958,5367,427,4,3259.85
21959,9672,148,4,6826.23
21960,2823,86,2,4357.67
21961,13872,157,5,7290.81
21962,3050,493,1,5685.39
21963,1322,65,5,7934.0
21964,10439,366,5,3897.58
21965,753,275,3,8842.88
21966,10561,357,2,6115.84
21967,10051,83,5,9659.08
21968,3957,405,4,3026.74
21969,14167,436,3,6908.99
21970,4943,268,5,5811.88
21971,4861,125,1,2911.91
21972,9307,345,4,7840.69
21973,7184,366,4,3897.58
21974,380,38,2,4667.15
21975,12777,102,2,9476.14
21976,5913,132,5,426.52
21977,1120,425,2,3696.53
21978,7279,183,3,5880.7
21979,13177,244,2,1081.56
21980,4135,334,3,7620.87
21981,12082,159,3,1801.45
21982,14146,78,3,3697.4
21983,13445,437,1,3675.25
21984,7893,441,4,2052.86
21985,14638,251,3,2903.35
21986,7605,408,3,8941.62
21987,2683,391,3,245.15
21988,14925,268,3,5811.88
21989,7650,491,3,7055.9
21990,4515,275,3,8842.88
21991,14546,467,2,2506.92
21992,11024,470,3,7905.83
21993,9939,309,5,6463.56
21994,13870,312,4,7979.12
21995,13666,57,2,6056.87
21996,346,493,2,5685.39
21997,9855,89,5,2158.02
21998,13630,259,1,6946.2
21999,2025,494,1,3573.94
22000,12599,319,5,3953.51
22001,14096,85,1,2064.18
22002,8272,412,1,6068.19
22003,998,218,3,2942.56
22004,1363,46,4,8792.03
22005,12039,2,4,732.43
22006,268,145,4,6422.41
22007,4985,207,4,4423.45
22008,10732,453,3,4809.05
22009,4713,311,1,7839.59
22010,14935,102,3,9476.14
22011,231,289,3,6753.34
22012,8047,462,1,9857.56
22013,5873,490,1,1232.7
22014,4637,284,3,9324.98
22015,5016,443,4,9035.35
22016,11815,423,2,5539.86
22017,2972,136,5,5846.66
22018,8472,295,1,8795.72
22019,10734,93,5,2028.54
22020,5917,482,2,6578.94
22021,12823,473,3,4297.32
22022,8429,367,4,2146.49
22023,4963,441,2,2052.86
22024,10599,213,1,3800.6
22025,10109,100,3,9593.58
22026,11870,63,4,5383.93
22027,11066,255,1,8283.02
22028,3792,184,1,3270.76
22029,12437,102,4,9476.14
22030,7091,55,4,4706.61
22031,14425,456,4,8200.2
22032,3733,23,2,1685.18
22033,5298,360,1,8818.48
22034,5095,322,1,6758.75
22035,13997,176,3,8922.31
22036,9966,456,1,8200.2
22037,9530,63,4,5383.93
22038,13963,137,2,2848.21
22039,1861,92,3,8797.95
22040,11218,360,3,8818.48
22041,4196,19,4,5022.81
22042,3286,432,4,226.39
22043,2636,304,4,466.87
22044,4886,484,3,322.48
22045,7593,358,5,3041.52
22046,7797,127,4,5911.04
22047,7336,493,4,5685.39
22048,9410,309,3,6463.56
22049,4926,29,1,3941.11
22050,1490,291,1,5087.5
22051,9961,314,2,9504.99
22052,13453,208,5,8638.99
22053,4342,441,4,2052.86
22054,1161,34,1,4719.44
22055,13002,413,4,202.63
22056,5161,292,3,6604.75
22057,10217,449,2,7816.26
22058,950,158,1,9478.85
22059,7769,31,5,5680.54
22060,12443,331,4,1285.58
22061,470,177,3,1840.37
22062,6714,46,4,8792.03
22063,4483,255,3,8283.02
22064,2437,138,5,9993.87
22065,6753,100,2,9593.58
22066,12064,335,1,1115.92
22067,7265,276,1,2146.27
22068,9561,232,2,3261.51
22069,13032,371,3,2310.72
22070,2993,170,5,2257.83
22071,6602,79,2,9929.03
22072,2940,352,2,4584.87
22073,11505,411,3,1314.33
22074,13591,210,3,4078.3
22075,5282,169,4,1462.57
22076,11109,124,4,8055.13
22077,9641,255,3,8283.02
22078,10973,440,5,1392.66
22079,10664,183,1,5880.7
22080,12798,331,2,1285.58
22081,5946,389,1,3380.61
22082,477,314,1,9504.99
22083,7645,67,3,9629.35
22084,10820,417,4,1315.86
22085,7955,337,5,4035.25
22086,7370,140,4,621.76
22087,4057,432,4,226.39
22088,767,257,5,2683.93
22089,14582,223,2,6357.32
22090,6865,406,4,5823.84
22091,14822,161,2,8407.44
22092,4524,68,5,4687.17
22093,10244,76,1,704.92
22094,10476,187,5,7403.39
22095,2697,206,4,2172.19
22096,2406,137,2,2848.21
22097,4150,105,1,328.39
22098,14314,310,2,5989.12
22099,9940,395,1,5403.61
22100,14455,53,4,7460.59
22101,9447,498,4,6884.43
22102,10972,118,4,8743.3
22103,9224,461,2,798.26
22104,3620,342,2,6063.95
22105,910,491,1,7055.9
22106,9435,306,3,9402.04
22107,9286,229,2,1133.55
22108,4517,396,2,8634.83
22109,13561,455,2,1899.28
22110,12724,323,4,1809.66
22111,5413,256,1,8632.64
22112,13847,383,1,5157.46
22113,4322,420,2,968.02
22114,9624,425,5,3696.53
22115,5797,105,1,328.39
22116,2934,254,3,8610.26
22117,2218,281,1,2968.82
22118,5319,2,5,732.43
22119,14359,464,5,8934.52
22120,10202,124,2,8055.13
22121,934,71,4,1415.95
22122,11177,59,3,3468.76
22123,10678,413,3,202.63
22124,11542,219,4,6055.1
22125,7164,445,3,4601.52
22126,14846,415,1,2187.71
22127,10360,197,3,6070.18
22128,3840,200,3,2884.6
22129,450,107,2,1494.13
22130,2523,288,5,6906.22
22131,8227,144,2,1912.27
22132,3430,242,1,7663.19
22133,9759,77,3,7226.24
22134,1868,207,2,4423.45
22135,4420,13,1,7258.78
22136,5849,453,2,4809.05
22137,10997,258,1,9737.13
22138,5396,39,3,3738.32
22139,11767,102,3,9476.14
22140,12856,2,4,732.43
22141,13493,11,3,1837.72
22142,10612,181,2,5638.45
22143,5836,381,2,3904.17
22144,9900,374,5,9108.7
22145,7100,201,5,7769.45
22146,10016,465,4,9276.0
22147,2340,65,1,7934.0
22148,7065,137,3,2848.21
22149,2670,450,4,6116.29
22150,13086,90,3,7785.19
22151,9792,9,2,9075.61
22152,10223,276,3,2146.27
22153,6258,69,5,8226.4
22154,8086,26,3,482.02
22155,4977,337,4,4035.25
22156,9638,197,3,6070.18
22157,6303,444,2,7201.79
22158,10573,83,1,9659.08
22159,12057,358,4,3041.52
22160,14894,36,1,5763.51
22161,10272,358,5,3041.52
22162,10308,177,1,1840.37
22163,6806,390,1,1940.5
22164,10580,267,2,9197.24
22165,2995,8,5,6565.53
22166,7537,386,5,3146.12
22167,1300,198,4,946.71
22168,6967,353,4,3759.57
22169,4403,223,3,6357.32
22170,3625,40,1,5521.2
22171,5549,408,5,8941.62
22172,10393,436,3,6908.99
22173,3440,333,5,3312.61
22174,4414,486,5,9524.97
22175,9009,409,5,5767.52
22176,14201,163,1,1948.49
22177,712,318,2,1060.93
22178,12900,15,5,3870.03
22179,11013,279,3,5378.36
22180,7865,197,5,6070.18
22181,12131,208,2,8638.99
22182,5526,49,3,7978.95
22183,14293,18,4,1342.37
22184,11490,417,5,1315.86
22185,6757,4,1,1038.64
22186,1390,21,3,9286.01
22187,12746,480,1,5205.62
22188,1666,306,3,9402.04
22189,1074,57,4,6056.87
22190,14421,308,3,3248.37
22191,9320,481,4,4000.0
22192,1260,438,3,9206.62
22193,13871,412,4,6068.19
22194,7787,459,5,1906.15
22195,7783,327,4,9601.35
22196,14372,248,4,5592.3
22197,8197,190,4,1021.97
22198,7199,4,2,1038.64
22199,259,44,2,3917.55
22200,3275,311,4,7839.59
22201,12466,382,5,2606.69
22202,6021,404,1,3218.34
22203,846,351,1,5555.13
22204,13181,11,4,1837.72
22205,12426,169,5,1462.57
22206,13364,206,5,2172.19
22207,13898,76,2,704.92
22208,7771,206,5,2172.19
22209,2081,215,4,5828.57
22210,2642,35,3,1741.5
22211,6480,292,5,6604.75
22212,1377,120,4,8117.66
22213,2961,471,5,3581.14
22214,12441,60,1,8583.96
22215,12569,199,3,8014.84
22216,12871,138,2,9993.87
22217,9268,248,4,5592.3
22218,14772,14,1,7643.58
22219,12552,326,5,8400.33
22220,11850,141,5,1098.86
22221,11441,483,4,9066.19
22222,14081,458,4,1066.87
22223,5432,334,5,7620.87
22224,3684,404,5,3218.34
22225,6840,198,2,946.71
22226,1800,101,1,6090.24
22227,11094,52,5,8643.0
22228,890,41,5,6972.61
22229,9144,5,2,6386.27
22230,14578,96,4,2678.45
22231,3560,344,4,4696.35
22232,14835,420,2,968.02
22233,8471,101,4,6090.24
22234,3688,284,5,9324.98
22235,14541,334,3,7620.87
22236,11721,133,3,418.13
22237,14728,494,3,3573.94
22238,12204,86,2,4357.67
22239,13104,108,3,1734.18
22240,2654,196,1,3830.25
22241,6221,220,2,4181.4
22242,11171,257,1,2683.93
22243,8335,255,1,8283.02
22244,10101,292,3,6604.75
22245,14498,145,1,6422.41
22246,2625,176,5,8922.31
22247,4347,148,3,6826.23
22248,10569,113,4,9827.8
22249,7891,331,4,1285.58
22250,8249,221,4,3345.21
22251,114,312,3,7979.12
22252,5506,200,3,2884.6
22253,9886,336,2,7047.79
22254,12266,37,2,5308.22
22255,949,374,5,9108.7
22256,6108,292,4,6604.75
22257,7718,264,1,9277.81
22258,13076,213,3,3800.6
22259,8117,164,2,8667.88
22260,9970,211,4,9357.68
22261,10797,293,2,8242.9
22262,4398,336,2,7047.79
22263,9392,9,1,9075.61
22264,2584,64,3,3923.84
22265,14766,55,5,4706.61
22266,5031,173,4,3149.12
22267,3806,230,1,2678.09
22268,7910,259,3,6946.2
22269,9749,28,5,966.94
22270,193,483,3,9066.19
22271,1340,123,1,4560.68
22272,2115,147,1,8276.67
22273,10980,66,2,6722.57
22274,11447,303,4,9299.69
22275,2196,93,4,2028.54
22276,13686,236,2,8664.5
22277,6760,3,2,6914.47
22278,14911,261,4,980.67
22279,14882,474,1,6301.48
22280,11878,262,1,6965.43
22281,12630,375,1,6848.53
22282,529,6,4,2683.41
22283,6939,151,1,8809.81
22284,6662,264,2,9277.81
22285,4155,145,1,6422.41
22286,3807,244,5,1081.56
22287,4059,320,4,7113.73
22288,1724,229,5,1133.55
22289,2104,86,1,4357.67
22290,11695,372,3,1234.45
22291,6834,76,2,704.92
22292,8837,183,4,5880.7
22293,159,461,2,798.26
22294,12539,238,4,8127.0
22295,8569,344,3,4696.35
22296,6959,136,5,5846.66
22297,107,326,2,8400.33
22298,11553,470,1,7905.83
22299,14147,204,5,5285.57
22300,6670,459,1,1906.15
22301,13912,322,2,6758.75
22302,9449,405,2,3026.74
22303,5583,362,1,9726.31
22304,8827,224,4,3104.98
22305,5551,381,4,3904.17
22306,1528,99,2,7770.51
22307,3948,1,4,6315.21
22308,140,55,3,4706.61
22309,11463,212,1,1848.43
22310,2726,435,1,9744.01
22311,11120,200,1,2884.6
22312,8307,150,2,5507.66
22313,19,294,5,1759.3
22314,13277,413,1,202.63
22315,8385,359,2,4809.77
22316,12764,95,3,3387.4
22317,1031,267,4,9197.24
22318,10525,193,4,1281.1
22319,5957,222,2,9786.82
22320,4024,430,5,5913.18
22321,12035,48,3,1838.87
22322,13514,492,2,9608.88
22323,10734,277,4,2568.61
22324,5599,395,1,5403.61
22325,11224,408,1,8941.62
22326,3866,361,5,5463.67
22327,5208,178,2,9950.37
22328,2196,463,4,7898.4
22329,7270,305,2,4723.38
22330,8054,496,4,2786.49
22331,4249,500,2,9839.38
22332,4410,357,2,6115.84
22333,7204,454,2,3126.41
22334,3923,37,2,5308.22
22335,1270,391,3,245.15
22336,9709,222,5,9786.82
22337,1807,284,3,9324.98
22338,3,485,3,8787.67
22339,7593,498,3,6884.43
22340,8549,99,4,7770.51
22341,2393,89,1,2158.02
22342,13172,222,3,9786.82
22343,5344,231,5,1578.47
22344,5613,128,3,1686.89
22345,5135,312,4,7979.12
22346,4855,239,5,1994.61
22347,14265,209,3,9837.59
22348,9853,41,3,6972.61
22349,1160,213,2,3800.6
22350,5806,178,4,9950.37
22351,1128,217,3,9900.58
22352,10043,81,5,3619.81
22353,2903,62,5,2223.61
22354,13967,210,3,4078.3
22355,4380,270,1,3515.69
22356,8245,479,1,9565.21
22357,6267,39,3,3738.32
22358,10693,87,1,2322.38
22359,1101,26,1,482.02
22360,14598,315,2,7046.48
22361,6750,310,1,5989.12
22362,2899,349,4,4111.82
22363,2314,335,3,1115.92
22364,12279,322,2,6758.75
22365,5455,359,2,4809.77
22366,11419,362,3,9726.31
22367,8003,452,3,7515.99
22368,11983,146,4,4918.85
22369,10542,3,2,6914.47
22370,4205,43,3,3765.59
22371,4340,157,1,7290.81
22372,282,297,3,6822.62
22373,1847,49,4,7978.95
22374,12106,394,2,6388.25
22375,9897,367,3,2146.49
22376,12994,310,1,5989.12
22377,13023,446,1,9142.99
22378,4879,276,2,2146.27
22379,10999,409,3,5767.52
22380,14392,322,5,6758.75
22381,14039,361,1,5463.67
22382,2587,8,3,6565.53
22383,4798,434,1,3167.56
22384,3018,323,1,1809.66
22385,7510,115,1,8618.7
22386,11148,169,1,1462.57
22387,5367,193,3,1281.1
22388,13857,411,2,1314.33
22389,4237,451,5,5360.01
22390,9057,469,1,1716.73
22391,11593,396,3,8634.83
22392,14128,473,1,4297.32
22393,1532,286,2,8835.5
22394,4922,466,4,2173.99
22395,190,372,1,1234.45
22396,5643,371,4,2310.72
22397,3503,443,3,9035.35
22398,538,28,3,966.94
22399,10035,391,1,245.15
22400,312,220,3,4181.4
22401,7511,318,4,1060.93
22402,7760,282,1,6977.05
22403,7583,209,4,9837.59
22404,1247,119,1,3230.43
22405,13155,323,3,1809.66
22406,63,96,5,2678.45
22407,1379,399,4,5584.71
22408,5313,170,2,2257.83
22409,9372,62,5,2223.61
22410,13969,211,1,9357.68
22411,4372,483,3,9066.19
22412,6179,327,4,9601.35
22413,6545,148,1,6826.23
22414,8601,179,2,748.02
22415,5850,303,2,9299.69
22416,11090,312,4,7979.12
22417,11449,123,1,4560.68
22418,3079,112,3,8874.43
22419,3002,363,1,6816.26
22420,4332,238,3,8127.0
22421,6347,316,4,5796.51
22422,14382,354,3,7095.06
22423,9063,396,1,8634.83
22424,5752,466,3,2173.99
22425,10076,447,4,2000.99
22426,7180,105,5,328.39
22427,1375,410,1,9139.34
22428,12569,313,5,4182.64
22429,675,104,3,4430.26
22430,13306,234,1,5838.32
22431,1513,199,3,8014.84
22432,7117,417,5,1315.86
22433,273,433,4,3027.9
22434,8950,187,5,7403.39
22435,8773,359,2,4809.77
22436,1595,398,2,4962.95
22437,5064,396,5,8634.83
22438,10032,433,1,3027.9
22439,12442,8,4,6565.53
22440,4337,14,2,7643.58
22441,13028,353,1,3759.57
22442,8129,225,5,1137.36
22443,3653,129,2,6571.12
22444,12986,123,3,4560.68
22445,1964,415,5,2187.71
22446,12949,87,1,2322.38
22447,5569,396,2,8634.83
22448,10331,112,5,8874.43
22449,14053,337,4,4035.25
22450,14298,6,5,2683.41
22451,13916,494,1,3573.94
22452,6519,341,3,6881.86
22453,7188,161,4,8407.44
22454,14258,311,4,7839.59
22455,14069,148,3,6826.23
22456,14912,258,1,9737.13
22457,7798,328,5,8910.25
22458,2282,201,4,7769.45
22459,7499,121,2,4637.39
22460,1866,499,5,3186.27
22461,176,5,4,6386.27
22462,6600,449,3,7816.26
22463,2418,195,3,3311.18
22464,4679,390,3,1940.5
22465,2992,448,3,5383.01
22466,11624,348,1,3047.9
22467,4909,491,4,7055.9
22468,958,235,2,8300.53
22469,6476,434,2,3167.56
22470,11209,2,5,732.43
22471,5594,473,2,4297.32
22472,8743,334,2,7620.87
22473,14615,217,3,9900.58
22474,9307,470,5,7905.83
22475,9662,425,4,3696.53
22476,1565,61,2,1207.44
22477,10558,2,3,732.43
22478,8334,178,1,9950.37
22479,9305,5,1,6386.27
22480,6167,452,1,7515.99
22481,1827,10,3,395.33
22482,2008,403,4,4023.58
22483,2481,168,4,1657.22
22484,3662,316,2,5796.51
22485,7521,119,4,3230.43
22486,9446,325,2,4799.01
22487,4454,80,5,7702.5
22488,13496,349,2,4111.82
22489,4224,251,2,2903.35
22490,743,172,5,8002.21
22491,4469,299,1,4929.48
22492,8116,398,2,4962.95
22493,2713,178,4,9950.37
22494,10250,370,4,8466.61
22495,3412,363,2,6816.26
22496,8142,130,3,2180.26
22497,6249,281,1,2968.82
22498,5714,293,1,8242.9
22499,4126,225,4,1137.36
22500,4693,83,3,9659.08
22501,12747,115,4,8618.7
22502,10090,272,2,4556.48
22503,1977,48,4,1838.87
22504,8123,451,5,5360.01
22505,9818,251,3,2903.35
22506,8215,408,1,8941.62
22507,6250,359,1,4809.77
22508,9522,420,1,968.02
22509,3532,86,5,4357.67
22510,8894,396,4,8634.83
22511,7981,13,5,7258.78
22512,6506,79,5,9929.03
22513,3258,404,2,3218.34
22514,7682,149,1,938.71
22515,12690,375,5,6848.53
22516,14804,238,3,8127.0
22517,13152,89,1,2158.02
22518,5268,172,1,8002.21
22519,10681,152,1,9565.43
22520,10177,55,2,4706.61
22521,10062,90,3,7785.19
22522,689,154,2,7802.63
22523,1735,468,5,4653.8
22524,5845,291,5,5087.5
22525,3868,108,4,1734.18
22526,11111,351,3,5555.13
22527,9598,288,3,6906.22
22528,12419,470,5,7905.83
22529,5510,271,5,9644.3
22530,3335,471,1,3581.14
22531,2625,461,4,798.26
22532,5549,16,5,8266.92
22533,300,272,5,4556.48
22534,4587,233,5,4748.37
22535,514,285,2,3933.55
22536,6015,322,3,6758.75
22537,9698,285,3,3933.55
22538,13977,464,5,8934.52
22539,1380,408,2,8941.62
22540,541,79,3,9929.03
22541,2567,326,5,8400.33
22542,6549,191,5,647.57
22543,7515,293,1,8242.9
22544,12539,5,4,6386.27
22545,6957,323,3,1809.66
22546,13072,122,1,8180.09
22547,10930,171,1,9757.17
22548,8503,46,1,8792.03
22549,330,58,4,7243.02
22550,13687,169,4,1462.57
22551,4341,138,3,9993.87
22552,1636,419,3,2984.31
22553,7062,236,5,8664.5
22554,9871,379,1,6490.64
22555,9333,39,4,3738.32
22556,9033,349,1,4111.82
22557,12378,487,5,6550.82
22558,2345,193,5,1281.1
22559,2695,98,3,4922.59
22560,10335,18,3,1342.37
22561,3934,142,4,6545.75
22562,69,160,2,451.76
22563,4428,158,5,9478.85
22564,2677,174,4,7399.81
22565,2918,11,5,1837.72
22566,6523,288,2,6906.22
22567,14617,20,3,5418.04
22568,8804,214,1,8463.2
22569,9753,218,1,2942.56
22570,13452,97,5,509.52
22571,12899,4,1,1038.64
22572,13400,186,4,7246.03
22573,4279,129,2,6571.12
22574,5492,284,1,9324.98
22575,13102,70,1,8962.34
22576,8400,390,1,1940.5
22577,1030,274,1,9374.58
22578,6224,155,5,5690.41
22579,13031,29,2,3941.11
22580,12955,89,3,2158.02
22581,13959,198,2,946.71
22582,8688,500,5,9839.38
22583,9320,105,3,328.39
22584,1455,300,2,1815.98
22585,6402,81,3,3619.81
22586,2811,478,1,6425.58
22587,7714,164,5,8667.88
22588,7514,413,1,202.63
22589,8707,462,3,9857.56
22590,1369,355,3,8627.33
22591,869,146,5,4918.85
22592,9352,116,4,2672.92
22593,6063,28,2,966.94
22594,10997,169,3,1462.57
22595,8683,477,4,9150.54
22596,1138,202,2,9011.14
22597,8422,237,2,5827.48
22598,13349,319,1,3953.51
22599,3006,142,4,6545.75
22600,12397,143,5,5350.83
22601,10053,202,4,9011.14
22602,14486,270,1,3515.69
22603,4574,86,2,4357.67
22604,1588,150,2,5507.66
22605,10916,208,5,8638.99
22606,4784,182,3,576.46
22607,3745,496,2,2786.49
22608,463,85,3,2064.18
22609,273,291,2,5087.5
22610,5379,259,5,6946.2
22611,9336,366,3,3897.58
22612,5646,180,3,7937.75
22613,5555,466,5,2173.99
22614,4282,122,1,8180.09
22615,10154,293,3,8242.9
22616,8257,326,5,8400.33
22617,530,62,4,2223.61
22618,5817,101,2,6090.24
22619,3845,61,2,1207.44
22620,3786,493,3,5685.39
22621,9244,57,1,6056.87
22622,34,7,5,6834.18
22623,7571,375,2,6848.53
22624,2292,473,5,4297.32
22625,12683,63,4,5383.93
22626,10161,443,2,9035.35
22627,1771,334,2,7620.87
22628,13980,83,4,9659.08
22629,1403,326,4,8400.33
22630,351,409,1,5767.52
22631,958,303,3,9299.69
22632,10626,227,5,5782.67
22633,4554,2,5,732.43
22634,14728,240,3,9176.21
22635,10761,42,1,4497.14
22636,451,70,1,8962.34
22637,8745,289,1,6753.34
22638,2616,185,3,9608.72
22639,11463,102,2,9476.14
22640,5835,147,3,8276.67
22641,8795,348,2,3047.9
22642,9563,25,4,7621.45
22643,13619,353,2,3759.57
22644,9164,66,3,6722.57
22645,1692,142,4,6545.75
22646,5952,255,2,8283.02
22647,47,151,5,8809.81
22648,13075,263,2,2663.77
22649,11650,280,5,7595.69
22650,1519,252,4,4660.57
22651,3466,381,5,3904.17
22652,13170,317,3,9246.11
22653,1412,18,5,1342.37
22654,8124,56,4,7342.67
22655,13172,157,1,7290.81
22656,11066,274,4,9374.58
22657,9444,429,1,4716.21
22658,2767,328,5,8910.25
22659,342,356,3,2763.96
22660,14605,208,4,8638.99
22661,5381,145,5,6422.41
22662,10349,281,2,2968.82
22663,11436,31,5,5680.54
22664,6553,489,4,3207.62
22665,8438,341,4,6881.86
22666,6728,114,3,3570.81
22667,11248,138,2,9993.87
22668,2335,19,3,5022.81
22669,10112,441,3,2052.86
22670,2519,245,2,8611.56
22671,9218,275,4,8842.88
22672,13040,14,5,7643.58
22673,4335,135,1,5819.88
22674,4711,450,3,6116.29
22675,6051,147,1,8276.67
22676,8774,336,3,7047.79
22677,6393,25,3,7621.45
22678,5528,140,4,621.76
22679,12962,306,3,9402.04
22680,14069,385,5,9715.08
22681,13528,317,4,9246.11
22682,9862,107,3,1494.13
22683,4210,461,3,798.26
22684,2943,90,4,7785.19
22685,8148,273,3,6942.27
22686,9492,33,4,968.15
22687,3701,305,3,4723.38
22688,3851,206,5,2172.19
22689,12945,137,3,2848.21
22690,11467,302,2,256.64
22691,6047,8,5,6565.53
22692,9636,297,4,6822.62
22693,7717,162,3,9785.74
22694,13388,251,5,2903.35
22695,942,459,4,1906.15
22696,14694,285,3,3933.55
22697,1410,92,4,8797.95
22698,4906,72,2,879.52
22699,3552,1,5,6315.21
22700,9037,174,5,7399.81
22701,13343,416,5,6564.11
22702,6076,298,2,8878.51
22703,6967,130,3,2180.26
22704,7332,181,4,5638.45
22705,11245,408,4,8941.62
22706,8836,95,3,3387.4
22707,1352,217,3,9900.58
22708,284,75,4,8352.41
22709,10465,136,4,5846.66
22710,8300,121,2,4637.39
22711,9306,282,2,6977.05
22712,13085,495,2,6702.94
22713,1768,285,5,3933.55
22714,14922,84,2,8556.86
22715,11482,307,1,4019.4
22716,2437,437,5,3675.25
22717,167,406,5,5823.84
22718,3251,256,1,8632.64
22719,2557,355,1,8627.33
22720,11209,139,1,8246.2
22721,11711,264,3,9277.81
22722,14978,21,3,9286.01
22723,2872,488,2,6635.81
22724,6493,484,4,322.48
22725,2427,195,5,3311.18
22726,2515,15,5,3870.03
22727,4018,479,5,9565.21
22728,10100,421,4,8508.99
22729,3951,421,1,8508.99
22730,6793,177,1,1840.37
22731,5612,197,5,6070.18
22732,12031,334,5,7620.87
22733,4449,358,2,3041.52
22734,12248,317,3,9246.11
22735,4765,68,4,4687.17
22736,6952,172,1,8002.21
22737,14373,25,3,7621.45
22738,5507,300,5,1815.98
22739,621,107,5,1494.13
22740,4816,408,5,8941.62
22741,12852,317,2,9246.11
22742,1123,347,5,5876.24
22743,7957,200,2,2884.6
22744,9102,177,3,1840.37
22745,12821,152,1,9565.43
22746,7663,215,1,5828.57
22747,13187,192,3,8165.24
22748,10568,431,4,7429.75
22749,14327,8,5,6565.53
22750,12780,350,5,2158.61
22751,8548,106,5,6259.39
22752,2997,57,3,6056.87
22753,12009,207,3,4423.45
22754,5556,236,5,8664.5
22755,6385,87,2,2322.38
22756,1487,117,1,3613.97
22757,13667,383,2,5157.46
22758,11534,483,2,9066.19
22759,14538,397,4,5628.09
22760,6613,51,5,8177.56
22761,14042,344,5,4696.35
22762,13369,371,1,2310.72
22763,12288,237,2,5827.48
22764,12793,237,1,5827.48
22765,3735,192,3,8165.24
22766,9914,248,4,5592.3
22767,14144,2,3,732.43
22768,10058,112,5,8874.43
22769,5367,295,5,8795.72
22770,12423,213,4,3800.6
22771,4214,382,4,2606.69
22772,1885,389,2,3380.61
22773,3621,439,2,3081.57
22774,11049,171,4,9757.17
22775,1484,363,5,6816.26
22776,4656,72,3,879.52
22777,8110,118,1,8743.3
22778,6247,70,1,8962.34
22779,14249,185,2,9608.72
22780,3984,318,2,1060.93
22781,13356,85,5,2064.18
22782,6306,110,1,1178.02
22783,7823,459,3,1906.15
22784,1430,23,4,1685.18
22785,13864,376,4,258.42
22786,9287,213,4,3800.6
22787,8374,30,5,7899.0
22788,6206,336,4,7047.79
22789,6057,334,4,7620.87
22790,12882,40,4,5521.2
22791,1636,442,3,722.71
22792,1265,52,2,8643.0
22793,14674,387,2,7256.07
22794,6034,47,4,6387.23
22795,1421,245,3,8611.56
22796,11862,59,2,3468.76
22797,14886,117,5,3613.97
22798,5163,418,4,4286.55
22799,8347,38,2,4667.15
22800,837,342,4,6063.95
22801,5412,24,5,8996.96
22802,8177,281,3,2968.82
22803,4903,68,5,4687.17
22804,10855,121,1,4637.39
22805,3367,308,4,3248.37
22806,3918,330,4,9882.58
22807,5953,398,1,4962.95
22808,2428,270,2,3515.69
22809,4378,292,5,6604.75
22810,13228,11,4,1837.72
22811,1697,371,3,2310.72
22812,948,36,5,5763.51
22813,3056,262,4,6965.43
22814,11751,312,5,7979.12
22815,11515,213,2,3800.6
22816,4837,227,1,5782.67
22817,10598,194,1,1359.67
22818,2972,235,1,8300.53
22819,13589,141,5,1098.86
22820,8466,246,5,6536.29
22821,3251,30,5,7899.0
22822,9696,437,3,3675.25
22823,14759,264,4,9277.81
22824,10196,465,4,9276.0
22825,8644,331,5,1285.58
22826,7236,399,1,5584.71
22827,671,164,5,8667.88
22828,2361,340,4,3757.64
22829,9200,319,4,3953.51
22830,6673,286,2,8835.5
22831,2251,479,2,9565.21
22832,8654,194,4,1359.67
22833,3243,365,4,1850.05
22834,8688,315,4,7046.48
22835,12139,78,4,3697.4
22836,9130,60,3,8583.96
22837,10306,352,4,4584.87
22838,13393,218,4,2942.56
22839,1075,137,1,2848.21
22840,246,415,1,2187.71
22841,4712,74,3,199.13
22842,8693,96,1,2678.45
22843,12202,265,2,6606.49
22844,10745,288,4,6906.22
22845,10968,18,1,1342.37
22846,14893,428,5,1211.53
22847,1752,452,2,7515.99
22848,12482,176,2,8922.31
22849,2793,396,1,8634.83
22850,7000,421,3,8508.99
22851,12612,364,5,9723.49
22852,2930,148,4,6826.23
22853,2834,120,3,8117.66
22854,14193,494,1,3573.94
22855,4519,464,4,8934.52
22856,12828,409,1,5767.52
22857,449,494,4,3573.94
22858,11562,35,4,1741.5
22859,7771,377,5,9039.51
22860,4512,293,4,8242.9
22861,1350,214,1,8463.2
22862,11547,81,2,3619.81
22863,2002,279,4,5378.36
22864,393,276,2,2146.27
22865,10763,49,4,7978.95
22866,1621,437,4,3675.25
22867,2083,211,3,9357.68
22868,5290,390,4,1940.5
22869,13033,406,4,5823.84
22870,4332,396,2,8634.83
22871,10622,279,3,5378.36
22872,11539,152,4,9565.43
22873,10094,274,5,9374.58
22874,10334,335,2,1115.92
22875,8979,226,3,2025.32
22876,10680,364,2,9723.49
22877,11943,301,1,9862.65
22878,2850,426,4,3257.04
22879,6764,36,4,5763.51
22880,1406,341,2,6881.86
22881,4605,149,5,938.71
22882,13714,21,4,9286.01
22883,14835,352,5,4584.87
22884,13021,351,2,5555.13
22885,3276,143,2,5350.83
22886,8468,418,4,4286.55
22887,10432,270,4,3515.69
22888,551,311,4,7839.59
22889,3819,62,2,2223.61
22890,4918,231,4,1578.47
22891,4503,383,4,5157.46
22892,1301,162,3,9785.74
22893,4033,127,2,5911.04
22894,295,245,3,8611.56
22895,7070,13,5,7258.78
22896,1429,223,5,6357.32
22897,8509,64,5,3923.84
22898,6016,185,2,9608.72
22899,12805,410,1,9139.34
22900,4457,154,2,7802.63
22901,4048,40,3,5521.2
22902,2884,341,4,6881.86
22903,10359,158,4,9478.85
22904,7432,188,1,5330.51
22905,12902,268,1,5811.88
22906,5021,72,1,879.52
22907,1043,106,2,6259.39
22908,13346,302,4,256.64
22909,6962,198,1,946.71
22910,3205,480,1,5205.62
22911,1640,365,4,1850.05
22912,6487,274,4,9374.58
22913,14785,214,1,8463.2
22914,11248,211,2,9357.68
22915,11805,180,2,7937.75
22916,4110,111,4,5010.75
22917,13365,282,1,6977.05
22918,11756,238,4,8127.0
22919,651,488,4,6635.81
22920,6971,147,1,8276.67
22921,8440,300,2,1815.98
22922,6268,120,4,8117.66
22923,14132,135,2,5819.88
22924,10346,404,3,3218.34
22925,1548,402,4,2303.92
22926,4531,356,4,2763.96
22927,14376,70,1,8962.34
22928,8461,230,2,2678.09
22929,3146,50,1,9478.54
22930,6649,171,4,9757.17
22931,8420,385,2,9715.08
22932,9219,77,3,7226.24
22933,5971,447,4,2000.99
22934,10580,445,2,4601.52
22935,8721,496,1,2786.49
22936,848,187,1,7403.39
22937,6860,265,1,6606.49
22938,8122,89,3,2158.02
22939,3422,226,4,2025.32
22940,5736,283,1,5067.19
22941,11219,248,5,5592.3
22942,5117,216,4,3464.18
22943,9829,409,4,5767.52
22944,1631,254,5,8610.26
22945,3488,16,3,8266.92
22946,11638,240,3,9176.21
22947,14985,329,2,1250.04
22948,5486,475,5,4830.58
22949,10169,94,4,8180.15
22950,7548,234,3,5838.32
22951,4568,451,3,5360.01
22952,9379,13,4,7258.78
22953,2505,89,1,2158.02
22954,3416,9,2,9075.61
22955,7904,430,1,5913.18
22956,472,464,4,8934.52
22957,13516,49,1,7978.95
22958,5521,339,2,9584.08
22959,4735,116,5,2672.92
22960,4481,430,1,5913.18
22961,12747,490,1,1232.7
22962,13217,380,4,4507.23
22963,10810,455,5,1899.28
22964,2173,61,5,1207.44
22965,9234,341,1,6881.86
22966,11713,126,3,2937.97
22967,5206,455,5,1899.28
22968,5556,40,3,5521.2
22969,9507,24,1,8996.96
22970,7285,193,1,1281.1
22971,8179,152,5,9565.43
22972,4712,153,2,8748.36
22973,4934,455,5,1899.28
22974,2033,297,3,6822.62
22975,7888,255,1,8283.02
22976,1679,253,3,6781.48
22977,2089,168,4,1657.22
22978,10737,414,5,8456.47
22979,1064,164,1,8667.88
22980,1285,192,3,8165.24
22981,307,347,3,5876.24
22982,14479,84,5,8556.86
22983,921,288,1,6906.22
22984,50,229,4,1133.55
22985,4854,248,4,5592.3
22986,8757,456,2,8200.2
22987,9669,264,4,9277.81
22988,12327,205,5,4022.8
22989,1756,297,1,6822.62
22990,2643,479,1,9565.21
22991,8819,351,2,5555.13
22992,4973,329,2,1250.04
22993,12000,263,5,2663.77
22994,369,467,3,2506.92
22995,9009,205,4,4022.8
22996,12855,448,5,5383.01
22997,8402,480,3,5205.62
22998,3432,459,4,1906.15
22999,2668,39,1,3738.32
23000,10943,350,2,2158.61
23001,9064,353,5,3759.57
23002,4141,458,3,1066.87
23003,2415,342,1,6063.95
23004,2280,55,4,4706.61
23005,1268,103,4,4032.63
23006,224,6,4,2683.41
23007,3672,277,1,2568.61
23008,11241,248,1,5592.3
23009,5259,21,2,9286.01
23010,11537,202,1,9011.14
23011,11183,471,3,3581.14
23012,9998,198,2,946.71
23013,10229,165,1,5790.97
23014,9295,100,2,9593.58
23015,4963,332,2,2539.39
23016,8355,112,1,8874.43
23017,14231,2,1,732.43
23018,3714,226,4,2025.32
23019,1416,217,2,9900.58
23020,3319,402,1,2303.92
23021,9023,397,4,5628.09
23022,4858,226,1,2025.32
23023,1300,215,1,5828.57
23024,7611,3,1,6914.47
23025,5042,376,4,258.42
23026,9922,329,3,1250.04
23027,590,305,5,4723.38
23028,5363,384,5,7551.73
23029,1786,41,1,6972.61
23030,1452,416,3,6564.11
23031,2234,181,4,5638.45
23032,12188,180,5,7937.75
23033,6929,117,1,3613.97
23034,13231,449,5,7816.26
23035,6926,341,1,6881.86
23036,12660,347,4,5876.24
23037,9139,359,4,4809.77
23038,3975,305,3,4723.38
23039,12109,442,4,722.71
23040,9014,181,1,5638.45
23041,14517,16,1,8266.92
23042,11937,223,4,6357.32
23043,4769,332,4,2539.39
23044,4410,258,3,9737.13
23045,5646,299,3,4929.48
23046,11410,375,1,6848.53
23047,3310,191,4,647.57
23048,3048,225,1,1137.36
23049,281,45,2,1218.3
23050,6434,476,1,7708.58
23051,3233,499,5,3186.27
23052,4284,96,3,2678.45
23053,8031,337,2,4035.25
23054,8554,387,2,7256.07
23055,9116,360,2,8818.48
23056,10021,355,2,8627.33
23057,9491,225,4,1137.36
23058,1019,373,5,5173.76
23059,9308,211,4,9357.68
23060,14704,39,2,3738.32
23061,6502,44,1,3917.55
23062,13729,451,2,5360.01
23063,1374,281,2,2968.82
23064,2811,444,5,7201.79
23065,6504,422,2,9215.56
23066,3975,34,2,4719.44
23067,916,224,2,3104.98
23068,12583,213,1,3800.6
23069,3199,343,3,3581.46
23070,7425,119,1,3230.43
23071,2954,339,4,9584.08
23072,7344,335,4,1115.92
23073,7867,76,3,704.92
23074,11994,59,3,3468.76
23075,4331,468,5,4653.8
23076,2695,43,4,3765.59
23077,13055,438,5,9206.62
23078,5335,98,1,4922.59
23079,4208,40,4,5521.2
23080,14255,322,2,6758.75
23081,6199,295,3,8795.72
23082,14407,297,4,6822.62
23083,10257,81,3,3619.81
23084,10453,403,4,4023.58
23085,8122,156,4,7160.7
23086,1780,48,2,1838.87
23087,11508,468,3,4653.8
23088,8279,101,3,6090.24
23089,3823,9,5,9075.61
23090,5674,45,1,1218.3
23091,6879,8,2,6565.53
23092,3666,255,3,8283.02
23093,12520,428,2,1211.53
23094,5040,187,1,7403.39
23095,8254,104,1,4430.26
23096,9020,306,1,9402.04
23097,11654,168,2,1657.22
23098,9587,417,2,1315.86
23099,4557,486,4,9524.97
23100,12001,125,5,2911.91
23101,5469,56,5,7342.67
23102,6465,45,4,1218.3
23103,6806,170,3,2257.83
23104,12476,210,5,4078.3
23105,13081,486,1,9524.97
23106,516,352,1,4584.87
23107,12814,110,4,1178.02
23108,6165,290,2,1424.2
23109,367,399,1,5584.71
23110,4455,51,1,8177.56
23111,12431,158,3,9478.85
23112,14789,231,3,1578.47
23113,5951,122,1,8180.09
23114,14197,240,2,9176.21
23115,12516,257,4,2683.93
23116,5742,214,3,8463.2
23117,11173,38,3,4667.15
23118,618,416,1,6564.11
23119,13220,23,4,1685.18
23120,8441,374,3,9108.7
23121,14360,254,4,8610.26
23122,12306,97,5,509.52
23123,12917,95,4,3387.4
23124,14620,448,5,5383.01
23125,8846,16,3,8266.92
23126,8045,417,5,1315.86
23127,11154,29,2,3941.11
23128,13249,80,5,7702.5
23129,630,265,3,6606.49
23130,11083,299,4,4929.48
23131,10422,91,4,7135.75
23132,502,166,2,5626.74
23133,8873,21,2,9286.01
23134,2170,465,1,9276.0
23135,5085,157,3,7290.81
23136,11270,82,1,6679.0
23137,2934,40,4,5521.2
23138,774,304,2,466.87
23139,726,359,3,4809.77
23140,10817,30,2,7899.0
23141,10735,80,1,7702.5
23142,9281,243,3,3831.51
23143,12879,299,1,4929.48
23144,5262,365,1,1850.05
23145,7475,122,1,8180.09
23146,5665,282,5,6977.05
23147,1079,323,5,1809.66
23148,3536,115,5,8618.7
23149,5882,421,3,8508.99
23150,11854,30,3,7899.0
23151,1082,178,3,9950.37
23152,9287,210,4,4078.3
23153,11425,410,1,9139.34
23154,12114,344,2,4696.35
23155,8972,151,5,8809.81
23156,5033,125,2,2911.91
23157,8490,99,2,7770.51
23158,2516,133,4,418.13
23159,2694,262,1,6965.43
23160,6130,89,1,2158.02
23161,8877,394,4,6388.25
23162,9621,147,3,8276.67
23163,2815,200,4,2884.6
23164,9018,457,1,9921.34
23165,4844,206,4,2172.19
23166,7199,467,2,2506.92
23167,3913,70,1,8962.34
23168,6951,454,3,3126.41
23169,3005,312,5,7979.12
23170,8313,423,5,5539.86
23171,12967,101,1,6090.24
23172,861,338,5,9668.48
23173,14026,381,1,3904.17
23174,8393,164,2,8667.88
23175,9579,12,1,3492.99
23176,11844,301,1,9862.65
23177,3164,296,4,3030.48
23178,14404,210,1,4078.3
23179,6796,428,5,1211.53
23180,3817,486,1,9524.97
23181,6953,462,4,9857.56
23182,7938,283,5,5067.19
23183,9884,298,5,8878.51
23184,4701,242,5,7663.19
23185,9913,135,5,5819.88
23186,13661,500,2,9839.38
23187,6616,397,2,5628.09
23188,12391,499,4,3186.27
23189,1561,390,4,1940.5
23190,5332,36,3,5763.51
23191,4224,233,1,4748.37
23192,3911,303,1,9299.69
23193,4567,155,1,5690.41
23194,13319,174,2,7399.81
23195,8416,498,1,6884.43
23196,5266,192,1,8165.24
23197,14463,46,4,8792.03
23198,13815,292,1,6604.75
23199,14707,321,3,9739.1
23200,336,201,1,7769.45
23201,10323,29,2,3941.11
23202,8707,354,4,7095.06
23203,9377,349,2,4111.82
23204,2532,138,4,9993.87
23205,4766,193,1,1281.1
23206,10344,5,1,6386.27
23207,14019,215,3,5828.57
23208,14050,4,3,1038.64
23209,9891,12,1,3492.99
23210,13242,330,4,9882.58
23211,3111,451,1,5360.01
23212,11288,272,2,4556.48
23213,14684,409,1,5767.52
23214,14508,23,3,1685.18
23215,10763,77,1,7226.24
23216,5878,288,1,6906.22
23217,10188,139,2,8246.2
23218,8241,269,5,1141.26
23219,7719,333,5,3312.61
23220,3072,302,2,256.64
23221,3981,9,3,9075.61
23222,5679,119,5,3230.43
23223,12048,447,2,2000.99
23224,2698,360,1,8818.48
23225,11726,473,5,4297.32
23226,7181,32,4,5922.14
23227,9719,252,4,4660.57
23228,5302,135,1,5819.88
23229,8745,30,4,7899.0
23230,4310,432,3,226.39
23231,2173,437,1,3675.25
23232,14547,24,5,8996.96
23233,13519,267,2,9197.24
23234,13757,158,2,9478.85
23235,10739,494,1,3573.94
23236,11624,52,1,8643.0
23237,13931,375,3,6848.53
23238,236,399,4,5584.71
23239,10193,115,1,8618.7
23240,3715,128,1,1686.89
23241,9706,313,5,4182.64
23242,9221,36,3,5763.51
23243,5201,27,4,6600.12
23244,12372,275,3,8842.88
23245,973,233,4,4748.37
23246,3533,78,2,3697.4
23247,1003,67,1,9629.35
23248,14765,321,3,9739.1
23249,11224,11,2,1837.72
23250,14012,197,2,6070.18
23251,6416,481,5,4000.0
23252,7595,262,4,6965.43
23253,3919,421,1,8508.99
23254,5845,445,4,4601.52
23255,4919,222,2,9786.82
23256,7268,20,3,5418.04
23257,8853,35,5,1741.5
23258,13485,117,5,3613.97
23259,95,282,4,6977.05
23260,7014,98,4,4922.59
23261,1743,125,1,2911.91
23262,419,31,2,5680.54
23263,67,65,2,7934.0
23264,13498,136,1,5846.66
23265,9142,302,5,256.64
23266,9877,133,2,418.13
23267,3295,76,5,704.92
23268,10722,224,3,3104.98
23269,1217,98,4,4922.59
23270,7253,57,1,6056.87
23271,3989,487,1,6550.82
23272,9525,31,3,5680.54
23273,7718,135,2,5819.88
23274,11921,92,4,8797.95
23275,589,307,4,4019.4
23276,4845,50,1,9478.54
23277,6185,257,2,2683.93
23278,1844,306,3,9402.04
23279,11324,339,2,9584.08
23280,1732,137,4,2848.21
23281,6588,274,4,9374.58
23282,9977,408,3,8941.62
23283,9709,483,5,9066.19
23284,2974,395,3,5403.61
23285,3451,107,5,1494.13
23286,7145,48,5,1838.87
23287,6544,458,2,1066.87
23288,9404,469,4,1716.73
23289,1659,261,3,980.67
23290,6483,377,4,9039.51
23291,5470,158,4,9478.85
23292,8648,347,1,5876.24
23293,14995,155,3,5690.41
23294,2842,17,1,7305.81
23295,5488,399,4,5584.71
23296,13245,4,2,1038.64
23297,5314,182,5,576.46
23298,758,82,1,6679.0
23299,5870,187,4,7403.39
23300,6422,415,5,2187.71
23301,12523,282,1,6977.05
23302,2475,64,4,3923.84
23303,8050,244,5,1081.56
23304,10600,121,2,4637.39
23305,2219,34,5,4719.44
23306,8539,1,5,6315.21
23307,6805,123,1,4560.68
23308,478,494,4,3573.94
23309,5265,140,1,621.76
23310,9945,198,3,946.71
23311,11506,256,4,8632.64
23312,7009,378,1,3236.96
23313,2464,284,1,9324.98
23314,8310,369,2,8266.36
23315,11841,296,4,3030.48
23316,5418,282,5,6977.05
23317,6668,65,2,7934.0
23318,11771,255,5,8283.02
23319,7252,239,1,1994.61
23320,4766,403,4,4023.58
23321,12168,13,4,7258.78
23322,2723,299,2,4929.48
23323,7103,485,5,8787.67
23324,4434,314,3,9504.99
23325,2287,438,2,9206.62
23326,10368,25,3,7621.45
23327,5461,148,3,6826.23
23328,2080,267,3,9197.24
23329,699,218,4,2942.56
23330,13852,222,1,9786.82
23331,14828,119,5,3230.43
23332,4226,121,5,4637.39
23333,3279,193,4,1281.1
23334,9167,128,2,1686.89
23335,6679,321,2,9739.1
23336,10957,463,4,7898.4
23337,5671,228,5,604.91
23338,6913,442,5,722.71
23339,955,123,5,4560.68
23340,9169,31,3,5680.54
23341,2195,334,3,7620.87
23342,11911,16,1,8266.92
23343,8594,289,1,6753.34
23344,8178,268,1,5811.88
23345,3705,171,3,9757.17
23346,10600,309,2,6463.56
23347,8036,79,5,9929.03
23348,7420,301,1,9862.65
23349,4820,126,3,2937.97
23350,14895,181,2,5638.45
23351,9844,449,5,7816.26
23352,453,16,2,8266.92
23353,13217,17,5,7305.81
23354,11757,444,1,7201.79
23355,11835,287,2,200.71
23356,14704,226,5,2025.32
23357,12720,232,5,3261.51
23358,14117,288,1,6906.22
23359,3885,147,4,8276.67
23360,8811,216,5,3464.18
23361,1810,231,1,1578.47
23362,5983,289,3,6753.34
23363,12156,416,5,6564.11
23364,11622,343,1,3581.46
23365,3650,32,2,5922.14
23366,12162,492,3,9608.88
23367,2069,294,2,1759.3
23368,3257,406,4,5823.84
23369,6821,266,1,4135.03
23370,8046,181,5,5638.45
23371,14595,422,4,9215.56
23372,7050,488,4,6635.81
23373,800,270,5,3515.69
23374,253,397,2,5628.09
23375,12229,16,5,8266.92
23376,7705,39,1,3738.32
23377,9106,304,1,466.87
23378,10122,370,5,8466.61
23379,13741,170,5,2257.83
23380,11057,180,4,7937.75
23381,13530,259,3,6946.2
23382,2316,75,1,8352.41
23383,8365,385,1,9715.08
23384,14226,408,1,8941.62
23385,5392,4,5,1038.64
23386,13309,340,5,3757.64
23387,1774,441,5,2052.86
23388,1666,396,4,8634.83
23389,7328,485,3,8787.67
23390,10028,7,5,6834.18
23391,7808,316,2,5796.51
23392,4735,217,4,9900.58
23393,8438,215,3,5828.57
23394,6524,268,2,5811.88
23395,13280,454,2,3126.41
23396,4821,460,4,4289.39
23397,7465,343,1,3581.46
23398,5466,56,2,7342.67
23399,3585,159,2,1801.45
23400,4788,363,1,6816.26
23401,5791,93,1,2028.54
23402,2468,173,4,3149.12
23403,6905,479,2,9565.21
23404,11384,4,1,1038.64
23405,14383,278,3,8996.64
23406,2792,240,4,9176.21
23407,2936,313,5,4182.64
23408,12464,198,2,946.71
23409,13590,474,3,6301.48
23410,4588,202,2,9011.14
23411,4838,324,1,2208.08
23412,2798,324,3,2208.08
23413,4869,418,1,4286.55
23414,14679,351,1,5555.13
23415,14837,65,2,7934.0
23416,3603,290,2,1424.2
23417,12034,441,5,2052.86
23418,11577,286,2,8835.5
23419,12712,84,3,8556.86
23420,14403,278,2,8996.64
23421,11798,296,3,3030.48
23422,9176,398,3,4962.95
23423,4150,394,3,6388.25
23424,8014,83,2,9659.08
23425,14499,399,4,5584.71
23426,2061,301,2,9862.65
23427,8172,494,2,3573.94
23428,4592,434,4,3167.56
23429,3542,301,2,9862.65
23430,3083,308,4,3248.37
23431,8343,178,5,9950.37
23432,9131,282,5,6977.05
23433,5135,264,3,9277.81
23434,9796,183,4,5880.7
23435,13562,456,2,8200.2
23436,267,230,5,2678.09
23437,967,80,3,7702.5
23438,13784,310,5,5989.12
23439,7739,288,3,6906.22
23440,12097,287,3,200.71
23441,3882,182,4,576.46
23442,4144,464,2,8934.52
23443,1892,114,1,3570.81
23444,12460,244,3,1081.56
23445,8474,268,1,5811.88
23446,9243,253,4,6781.48
23447,995,298,1,8878.51
23448,11027,461,1,798.26
23449,9684,429,3,4716.21
23450,339,121,4,4637.39
23451,14989,364,5,9723.49
23452,10867,232,5,3261.51
23453,13801,259,1,6946.2
23454,14035,140,3,621.76
23455,9550,313,4,4182.64
23456,5394,111,3,5010.75
23457,13252,53,5,7460.59
23458,12535,480,5,5205.62
23459,13678,164,5,8667.88
23460,1095,267,1,9197.24
23461,1995,12,5,3492.99
23462,6274,468,3,4653.8
23463,2516,65,2,7934.0
23464,3897,455,4,1899.28
23465,11622,202,1,9011.14
23466,2992,239,5,1994.61
23467,1414,455,5,1899.28
23468,4147,293,5,8242.9
23469,12414,390,1,1940.5
23470,3405,441,1,2052.86
23471,3191,374,2,9108.7
23472,1910,473,2,4297.32
23473,7536,121,3,4637.39
23474,11666,38,4,4667.15
23475,690,69,2,8226.4
23476,13333,127,4,5911.04
23477,11698,358,5,3041.52
23478,3625,10,3,395.33
23479,5637,158,5,9478.85
23480,13101,234,4,5838.32
23481,5466,76,2,704.92
23482,4463,239,4,1994.61
23483,12055,132,2,426.52
23484,7800,434,4,3167.56
23485,6228,404,5,3218.34
23486,4636,248,1,5592.3
23487,1619,371,4,2310.72
23488,13080,90,4,7785.19
23489,1134,396,2,8634.83
23490,14391,315,2,7046.48
23491,14364,134,1,5480.33
23492,8608,494,5,3573.94
23493,14059,42,4,4497.14
23494,2199,353,2,3759.57
23495,9071,284,2,9324.98
23496,5807,217,5,9900.58
23497,7106,453,4,4809.05
23498,2399,444,3,7201.79
23499,9076,380,5,4507.23
23500,798,31,1,5680.54
23501,14944,331,1,1285.58
23502,10903,277,1,2568.61
23503,232,478,3,6425.58
23504,13926,231,1,1578.47
23505,12025,294,2,1759.3
23506,3464,77,1,7226.24
23507,5591,350,1,2158.61
23508,9221,240,2,9176.21
23509,6799,186,5,7246.03
23510,8081,370,5,8466.61
23511,4468,367,4,2146.49
23512,5799,42,3,4497.14
23513,7229,171,1,9757.17
23514,9248,457,3,9921.34
23515,11484,243,3,3831.51
23516,5724,281,3,2968.82
23517,12247,256,3,8632.64
23518,4187,392,1,557.07
23519,2310,155,2,5690.41
23520,1547,207,2,4423.45
23521,13146,383,5,5157.46
23522,12749,360,2,8818.48
23523,1061,177,1,1840.37
23524,14038,370,5,8466.61
23525,12021,212,3,1848.43
23526,4567,204,2,5285.57
23527,10879,152,2,9565.43
23528,5491,386,1,3146.12
23529,8667,464,3,8934.52
23530,5270,382,2,2606.69
23531,4205,212,3,1848.43
23532,5353,17,2,7305.81
23533,8046,486,1,9524.97
23534,3203,463,2,7898.4
23535,9840,403,3,4023.58
23536,3447,355,5,8627.33
23537,9132,17,4,7305.81
23538,1448,490,5,1232.7
23539,7774,500,5,9839.38
23540,8534,92,3,8797.95
23541,14722,496,5,2786.49
23542,3186,32,2,5922.14
23543,12411,449,1,7816.26
23544,14321,391,1,245.15
23545,14950,252,5,4660.57
23546,908,103,3,4032.63
23547,8401,226,2,2025.32
23548,7684,293,3,8242.9
23549,7155,430,1,5913.18
23550,1797,337,4,4035.25
23551,2956,57,1,6056.87
23552,6917,389,4,3380.61
23553,14308,73,2,9210.64
23554,8629,87,4,2322.38
23555,11876,279,5,5378.36
23556,14517,177,4,1840.37
23557,7108,50,1,9478.54
23558,2115,397,2,5628.09
23559,3823,448,5,5383.01
23560,12878,102,4,9476.14
23561,6130,332,5,2539.39
23562,3525,84,3,8556.86
23563,2529,51,1,8177.56
23564,12734,225,3,1137.36
23565,647,318,4,1060.93
23566,1763,61,1,1207.44
23567,3231,116,3,2672.92
23568,8812,145,3,6422.41
23569,4188,219,1,6055.1
23570,2328,113,4,9827.8
23571,13744,120,3,8117.66
23572,14283,394,5,6388.25
23573,2500,258,5,9737.13
23574,9370,39,3,3738.32
23575,14255,390,4,1940.5
23576,13437,476,5,7708.58
23577,12357,381,2,3904.17
23578,6966,321,1,9739.1
23579,12539,230,1,2678.09
23580,914,396,2,8634.83
23581,13170,36,2,5763.51
23582,11423,396,5,8634.83
23583,12022,34,3,4719.44
23584,1906,324,1,2208.08
23585,14742,19,2,5022.81
23586,11444,86,4,4357.67
23587,6128,340,5,3757.64
23588,2644,400,1,8624.0
23589,3730,367,3,2146.49
23590,12081,344,1,4696.35
23591,14209,427,5,3259.85
23592,9106,115,3,8618.7
23593,10782,210,5,4078.3
23594,11578,215,3,5828.57
23595,7835,152,4,9565.43
23596,5900,55,5,4706.61
23597,10971,162,4,9785.74
23598,3703,69,1,8226.4
23599,10150,18,1,1342.37
23600,932,292,3,6604.75
23601,8126,243,2,3831.51
23602,3443,364,3,9723.49
23603,9623,19,5,5022.81
23604,8917,215,1,5828.57
23605,8830,93,3,2028.54
23606,13257,124,1,8055.13
23607,12927,37,4,5308.22
23608,2797,399,2,5584.71
23609,5857,374,4,9108.7
23610,12788,299,2,4929.48
23611,10484,89,5,2158.02
23612,5514,191,3,647.57
23613,10674,291,2,5087.5
23614,5063,226,2,2025.32
23615,10803,165,3,5790.97
23616,2607,468,2,4653.8
23617,11840,12,4,3492.99
23618,2081,349,2,4111.82
23619,11110,329,1,1250.04
23620,11064,324,1,2208.08
23621,12992,141,4,1098.86
23622,12523,210,5,4078.3
23623,6690,49,1,7978.95
23624,7046,192,2,8165.24
23625,6027,425,5,3696.53
23626,11445,184,3,3270.76
23627,27,182,5,576.46
23628,5873,443,3,9035.35
23629,11742,469,4,1716.73
23630,14514,92,5,8797.95
23631,527,301,4,9862.65
23632,11677,383,3,5157.46
23633,8287,393,1,9148.93
23634,14743,499,5,3186.27
23635,9908,104,4,4430.26
23636,6088,485,5,8787.67
23637,11110,73,4,9210.64
23638,14871,399,5,5584.71
23639,8804,298,5,8878.51
23640,7705,359,3,4809.77
23641,4774,449,5,7816.26
23642,2849,142,1,6545.75
23643,2718,237,3,5827.48
23644,10875,65,4,7934.0
23645,9501,313,5,4182.64
23646,5651,438,4,9206.62
23647,10862,224,2,3104.98
23648,5519,188,5,5330.51
23649,11896,410,4,9139.34
23650,831,91,1,7135.75
23651,3836,397,1,5628.09
23652,8254,163,1,1948.49
23653,7497,354,3,7095.06
23654,6966,75,1,8352.41
23655,9365,438,3,9206.62
23656,10380,394,5,6388.25
23657,10389,213,2,3800.6
23658,5894,168,4,1657.22
23659,11924,247,3,1511.4
23660,13346,181,2,5638.45
23661,6499,361,4,5463.67
23662,10248,84,5,8556.86
23663,3864,13,3,7258.78
23664,9718,5,2,6386.27
23665,6244,14,1,7643.58
23666,11288,360,4,8818.48
23667,12050,358,5,3041.52
23668,10563,202,1,9011.14
23669,3650,151,3,8809.81
23670,10487,350,5,2158.61
23671,8332,106,5,6259.39
23672,6943,92,3,8797.95
23673,4810,29,2,3941.11
23674,13220,98,5,4922.59
23675,10559,1,2,6315.21
23676,14025,56,5,7342.67
23677,13920,360,5,8818.48
23678,3175,170,3,2257.83
23679,7345,377,5,9039.51
23680,7555,131,3,884.97
23681,6414,135,1,5819.88
23682,10072,45,5,1218.3
23683,10167,51,3,8177.56
23684,777,185,1,9608.72
23685,13954,318,3,1060.93
23686,4234,17,4,7305.81
23687,7206,82,5,6679.0
23688,14163,380,5,4507.23
23689,6520,69,2,8226.4
23690,7437,227,3,5782.67
23691,1014,219,1,6055.1
23692,9571,467,5,2506.92
23693,5370,121,2,4637.39
23694,5087,221,4,3345.21
23695,13438,76,2,704.92
23696,7810,125,3,2911.91
23697,3939,34,2,4719.44
23698,3005,101,2,6090.24
23699,13259,417,3,1315.86
23700,14180,144,5,1912.27
23701,11016,444,1,7201.79
23702,8011,305,5,4723.38
23703,12043,290,5,1424.2
23704,10273,431,3,7429.75
23705,9844,497,5,4248.99
23706,11020,446,5,9142.99
23707,10352,23,3,1685.18
23708,13989,289,5,6753.34
23709,12768,417,1,1315.86
23710,13971,454,4,3126.41
23711,13328,340,4,3757.64
23712,14254,173,4,3149.12
23713,14926,63,1,5383.93
23714,10494,364,5,9723.49
23715,2160,482,1,6578.94
23716,11763,284,4,9324.98
23717,5762,13,5,7258.78
23718,3456,226,3,2025.32
23719,13436,70,5,8962.34
23720,11907,118,5,8743.3
23721,9410,86,5,4357.67
23722,8299,104,3,4430.26
23723,10632,203,5,8511.61
23724,5089,185,1,9608.72
23725,3552,401,5,276.76
23726,10540,340,5,3757.64
23727,12143,413,2,202.63
23728,4783,423,2,5539.86
23729,14774,21,1,9286.01
23730,8090,480,5,5205.62
23731,12971,367,1,2146.49
23732,588,423,1,5539.86
23733,7477,362,5,9726.31
23734,1151,229,1,1133.55
23735,14015,200,4,2884.6
23736,13836,189,3,8899.99
23737,13013,328,1,8910.25
23738,13669,271,4,9644.3
23739,6916,209,1,9837.59
23740,7010,344,5,4696.35
23741,1904,409,1,5767.52
23742,7203,227,5,5782.67
23743,1271,99,1,7770.51
23744,5254,124,4,8055.13
23745,670,207,4,4423.45
23746,8707,46,4,8792.03
23747,6599,446,5,9142.99
23748,3553,466,1,2173.99
23749,13357,310,3,5989.12
23750,11038,286,5,8835.5
23751,8993,495,4,6702.94
23752,8634,9,1,9075.61
23753,13279,304,5,466.87
23754,7936,392,1,557.07
23755,10727,85,1,2064.18
23756,9922,428,1,1211.53
23757,10030,70,3,8962.34
23758,6044,467,2,2506.92
23759,3682,2,3,732.43
23760,1518,259,5,6946.2
23761,13841,103,2,4032.63
23762,12290,384,2,7551.73
23763,443,128,1,1686.89
23764,9095,375,4,6848.53
23765,6983,5,4,6386.27
23766,11200,106,2,6259.39
23767,11539,9,3,9075.61
23768,2577,346,4,5073.33
23769,9566,331,4,1285.58
23770,6835,143,5,5350.83
23771,11628,104,4,4430.26
23772,4300,274,3,9374.58
23773,9443,372,3,1234.45
23774,11368,330,4,9882.58
23775,6326,277,2,2568.61
23776,3033,15,3,3870.03
23777,5672,469,4,1716.73
23778,11405,324,1,2208.08
23779,381,417,1,1315.86
23780,5073,95,1,3387.4
23781,13517,85,2,2064.18
23782,13984,56,4,7342.67
23783,8705,377,5,9039.51
23784,8749,402,3,2303.92
23785,1063,5,1,6386.27
23786,5177,43,5,3765.59
23787,9950,400,3,8624.0
23788,3982,261,1,980.67
23789,329,329,3,1250.04
23790,2923,245,5,8611.56
23791,6630,150,1,5507.66
23792,8629,490,2,1232.7
23793,14882,2,2,732.43
23794,311,261,5,980.67
23795,203,280,1,7595.69
23796,21,292,2,6604.75
23797,5898,79,5,9929.03
23798,2700,401,5,276.76
23799,9318,444,3,7201.79
23800,5972,27,5,6600.12
23801,6671,73,1,9210.64
23802,3783,28,2,966.94
23803,6642,398,1,4962.95
23804,7304,397,2,5628.09
23805,2818,355,3,8627.33
23806,13343,171,3,9757.17
23807,7786,157,4,7290.81
23808,14020,240,1,9176.21
23809,11617,122,2,8180.09
23810,10725,453,5,4809.05
23811,6092,132,4,426.52
23812,722,205,4,4022.8
23813,13138,410,5,9139.34
23814,4611,93,5,2028.54
23815,14630,406,4,5823.84
23816,2022,475,2,4830.58
23817,9814,255,5,8283.02
23818,13066,15,1,3870.03
23819,795,38,1,4667.15
23820,5432,351,5,5555.13
23821,9460,280,4,7595.69
23822,1990,29,4,3941.11
23823,14367,143,2,5350.83
23824,9274,390,3,1940.5
23825,11436,444,2,7201.79
23826,14807,306,3,9402.04
23827,5583,289,1,6753.34
23828,6625,298,1,8878.51
23829,10362,388,2,5482.96
23830,13203,235,4,8300.53
23831,4899,455,1,1899.28
23832,9431,122,5,8180.09
23833,12454,354,4,7095.06
23834,11126,50,2,9478.54
23835,7271,381,1,3904.17
23836,14654,17,5,7305.81
23837,6532,372,2,1234.45
23838,6470,276,5,2146.27
23839,234,193,2,1281.1
23840,7288,81,2,3619.81
23841,1415,428,2,1211.53
23842,2975,48,1,1838.87
23843,13810,190,3,1021.97
23844,2645,230,1,2678.09
23845,12929,128,2,1686.89
23846,9666,417,4,1315.86
23847,6216,232,5,3261.51
23848,4756,177,2,1840.37
23849,7150,353,2,3759.57
23850,4285,8,1,6565.53
23851,10989,318,4,1060.93
23852,14870,341,3,6881.86
23853,10922,55,5,4706.61
23854,8341,51,1,8177.56
23855,10323,421,4,8508.99
23856,4171,208,4,8638.99
23857,13306,418,4,4286.55
23858,2410,475,2,4830.58
23859,7797,389,5,3380.61
23860,7095,208,1,8638.99
23861,3109,245,4,8611.56
23862,6339,156,5,7160.7
23863,3176,316,5,5796.51
23864,13854,193,1,1281.1
23865,310,155,1,5690.41
23866,12301,61,3,1207.44
23867,6539,14,5,7643.58
23868,9251,259,3,6946.2
23869,1877,142,5,6545.75
23870,4760,268,3,5811.88
23871,682,497,3,4248.99
23872,7191,366,1,3897.58
23873,3653,221,3,3345.21
23874,14264,281,1,2968.82
23875,14662,31,2,5680.54
23876,8287,110,1,1178.02
23877,8510,366,1,3897.58
23878,9157,207,5,4423.45
23879,14314,141,3,1098.86
23880,5290,256,3,8632.64
23881,6912,142,4,6545.75
23882,7770,306,3,9402.04
23883,11429,153,3,8748.36
23884,11831,193,4,1281.1
23885,10194,420,2,968.02
23886,4714,192,5,8165.24
23887,12664,57,3,6056.87
23888,13573,370,3,8466.61
23889,6952,374,1,9108.7
23890,12757,355,1,8627.33
23891,9340,323,5,1809.66
23892,343,297,4,6822.62
23893,2706,207,2,4423.45
23894,6264,329,2,1250.04
23895,1089,214,1,8463.2
23896,14566,12,2,3492.99
23897,2464,158,1,9478.85
23898,13555,252,4,4660.57
23899,2977,465,4,9276.0
23900,10407,398,1,4962.95
23901,8930,242,3,7663.19
23902,9698,175,3,8623.47
23903,5619,464,3,8934.52
23904,7663,360,3,8818.48
23905,2543,286,1,8835.5
23906,7436,358,4,3041.52
23907,12266,64,1,3923.84
23908,12770,443,1,9035.35
23909,8986,360,2,8818.48
23910,2540,135,1,5819.88
23911,394,43,3,3765.59
23912,3933,272,1,4556.48
23913,574,338,4,9668.48
23914,14954,133,1,418.13
23915,11521,115,4,8618.7
23916,5148,299,5,4929.48
23917,640,106,1,6259.39
23918,11785,42,1,4497.14
23919,14836,494,3,3573.94
23920,3381,193,4,1281.1
23921,2170,289,4,6753.34
23922,4050,251,1,2903.35
23923,2920,420,4,968.02
23924,10331,183,5,5880.7
23925,4633,308,1,3248.37
23926,6439,222,4,9786.82
23927,3480,190,3,1021.97
23928,4349,381,3,3904.17
23929,8187,67,3,9629.35
23930,7673,166,5,5626.74
23931,12716,18,2,1342.37
23932,9028,33,5,968.15
23933,9344,17,3,7305.81
23934,3801,315,5,7046.48
23935,9339,438,5,9206.62
23936,1675,37,5,5308.22
23937,7044,312,1,7979.12
23938,10339,364,1,9723.49
23939,5739,253,3,6781.48
23940,1332,135,1,5819.88
23941,7893,141,5,1098.86
23942,11066,326,3,8400.33
23943,3744,356,2,2763.96
23944,7281,315,4,7046.48
23945,2913,254,3,8610.26
23946,14061,172,4,8002.21
23947,10389,486,4,9524.97
23948,9089,329,5,1250.04
23949,6856,407,2,5006.35
23950,12073,166,3,5626.74
23951,11308,493,4,5685.39
23952,4547,172,5,8002.21
23953,5604,22,3,1658.35
23954,5672,462,5,9857.56
23955,63,202,5,9011.14
23956,1756,251,1,2903.35
23957,7076,439,3,3081.57
23958,4336,304,2,466.87
23959,10802,73,3,9210.64
23960,14920,198,1,946.71
23961,2522,301,1,9862.65
23962,2797,47,2,6387.23
23963,6126,464,1,8934.52
23964,12235,469,2,1716.73
23965,3103,429,3,4716.21
23966,3093,373,5,5173.76
23967,8895,24,5,8996.96
23968,5034,82,4,6679.0
23969,230,14,3,7643.58
23970,11560,122,4,8180.09
23971,12284,198,5,946.71
23972,2162,70,4,8962.34
23973,8128,125,5,2911.91
23974,8650,377,5,9039.51
23975,9654,256,2,8632.64
23976,916,301,1,9862.65
23977,10109,46,4,8792.03
23978,6795,261,3,980.67
23979,6126,18,1,1342.37
23980,2563,483,4,9066.19
23981,7867,310,1,5989.12
23982,12252,435,5,9744.01
23983,11043,420,4,968.02
23984,9124,167,5,4172.77
23985,835,273,4,6942.27
23986,5570,169,2,1462.57
23987,2782,285,2,3933.55
23988,13339,471,3,3581.14
23989,1519,70,1,8962.34
23990,3326,260,2,4925.88
23991,3925,73,3,9210.64
23992,8844,323,4,1809.66
23993,6944,17,5,7305.81
23994,12106,171,4,9757.17
23995,6465,309,1,6463.56
23996,3370,84,5,8556.86
23997,12161,43,4,3765.59
23998,8382,485,3,8787.67
23999,7771,357,2,6115.84
24000,14339,152,3,9565.43
24001,4662,331,2,1285.58
24002,8980,337,1,4035.25
24003,12601,220,1,4181.4
24004,13931,448,3,5383.01
24005,5058,133,3,418.13
24006,1546,173,2,3149.12
24007,10761,438,4,9206.62
24008,500,15,2,3870.03
24009,11623,258,5,9737.13
24010,4032,426,1,3257.04
24011,8516,406,1,5823.84
24012,5168,253,3,6781.48
24013,11054,152,4,9565.43
24014,14058,371,4,2310.72
24015,10021,490,1,1232.7
24016,11003,338,1,9668.48
24017,12744,39,3,3738.32
24018,14008,11,5,1837.72
24019,9455,109,3,796.13
24020,12178,46,2,8792.03
24021,10410,383,4,5157.46
24022,4141,342,4,6063.95
24023,3714,196,2,3830.25
24024,14694,342,1,6063.95
24025,4852,9,5,9075.61
24026,10496,493,2,5685.39
24027,396,267,1,9197.24
24028,955,372,5,1234.45
24029,2669,156,5,7160.7
24030,5392,308,3,3248.37
24031,13603,261,5,980.67
24032,13930,311,2,7839.59
24033,13915,291,3,5087.5
24034,10035,338,5,9668.48
24035,2198,245,1,8611.56
24036,12831,411,4,1314.33
24037,6481,489,5,3207.62
24038,3317,74,1,199.13
24039,1616,188,5,5330.51
24040,12209,253,1,6781.48
24041,6188,43,2,3765.59
24042,4691,479,4,9565.21
24043,8226,287,1,200.71
24044,8704,210,2,4078.3
24045,1516,459,5,1906.15
24046,5571,96,4,2678.45
24047,10673,329,3,1250.04
24048,14332,85,1,2064.18
24049,12446,346,3,5073.33
24050,2170,25,1,7621.45
24051,6332,279,2,5378.36
24052,10741,145,2,6422.41
24053,14631,94,1,8180.15
24054,10079,67,1,9629.35
24055,5356,284,3,9324.98
24056,1573,237,1,5827.48
24057,2424,150,4,5507.66
24058,8149,498,1,6884.43
24059,3153,441,1,2052.86
24060,14283,426,5,3257.04
24061,8967,399,2,5584.71
24062,3812,396,3,8634.83
24063,1028,83,4,9659.08
24064,2509,120,4,8117.66
24065,12452,418,1,4286.55
24066,9803,120,4,8117.66
24067,4863,131,5,884.97
24068,13210,417,4,1315.86
24069,9959,77,1,7226.24
24070,1243,189,2,8899.99
24071,216,109,5,796.13
24072,3170,315,4,7046.48
24073,12790,455,2,1899.28
24074,11001,123,3,4560.68
24075,12117,60,4,8583.96
24076,2141,326,5,8400.33
24077,14591,54,4,7895.72
24078,8109,329,2,1250.04
24079,11649,166,5,5626.74
24080,5294,72,5,879.52
24081,13897,31,4,5680.54
24082,123,263,2,2663.77
24083,6784,56,2,7342.67
24084,5437,230,2,2678.09
24085,8151,466,4,2173.99
24086,2990,249,2,745.94
24087,11762,154,4,7802.63
24088,5970,288,5,6906.22
24089,6951,16,2,8266.92
24090,9313,143,4,5350.83
24091,9086,332,3,2539.39
24092,1538,28,3,966.94
24093,3069,9,5,9075.61
24094,4695,499,2,3186.27
24095,11806,223,4,6357.32
24096,9794,273,1,6942.27
24097,7544,387,3,7256.07
24098,4626,127,2,5911.04
24099,4178,124,2,8055.13
24100,3876,238,5,8127.0
24101,2529,341,5,6881.86
24102,7469,79,2,9929.03
24103,8771,277,1,2568.61
24104,13596,21,2,9286.01
24105,6829,54,1,7895.72
24106,712,464,2,8934.52
24107,3538,441,2,2052.86
24108,567,69,1,8226.4
24109,13882,376,4,258.42
24110,12376,484,3,322.48
24111,4614,49,1,7978.95
24112,829,76,1,704.92
24113,3299,332,5,2539.39
24114,9036,105,3,328.39
24115,11099,20,2,5418.04
24116,1327,186,1,7246.03
24117,1842,494,3,3573.94
24118,13765,312,3,7979.12
24119,4095,17,3,7305.81
24120,1870,468,3,4653.8
24121,13078,372,4,1234.45
24122,7350,390,4,1940.5
24123,11180,425,1,3696.53
24124,5998,61,3,1207.44
24125,7684,91,2,7135.75
24126,6145,87,5,2322.38
24127,5228,333,3,3312.61
24128,10801,484,4,322.48
24129,14914,84,2,8556.86
24130,12290,186,5,7246.03
24131,1210,271,1,9644.3
24132,4065,301,2,9862.65
24133,1072,414,4,8456.47
24134,13621,286,1,8835.5
24135,13286,372,2,1234.45
24136,2251,318,5,1060.93
24137,13381,497,1,4248.99
24138,12922,470,2,7905.83
24139,12241,146,1,4918.85
24140,5111,96,5,2678.45
24141,14607,373,1,5173.76
24142,4873,187,5,7403.39
24143,5203,193,5,1281.1
24144,3345,393,2,9148.93
24145,3189,487,2,6550.82
24146,5904,259,4,6946.2
24147,12167,466,5,2173.99
24148,4978,26,4,482.02
24149,9040,93,2,2028.54
24150,14882,467,5,2506.92
24151,9424,355,3,8627.33
24152,1739,157,4,7290.81
24153,13008,69,5,8226.4
24154,9199,468,5,4653.8
24155,2440,362,4,9726.31
24156,1890,233,5,4748.37
24157,2295,63,3,5383.93
24158,3423,116,4,2672.92
24159,13677,159,5,1801.45
24160,2876,469,3,1716.73
24161,14684,482,5,6578.94
24162,3401,489,2,3207.62
24163,9739,82,4,6679.0
24164,9283,451,5,5360.01
24165,1566,366,3,3897.58
24166,6818,477,3,9150.54
24167,7271,221,5,3345.21
24168,4787,234,5,5838.32
24169,6436,37,1,5308.22
24170,6273,2,5,732.43
24171,11578,458,1,1066.87
24172,10352,246,5,6536.29
24173,1556,74,5,199.13
24174,9593,217,4,9900.58
24175,12435,205,1,4022.8
24176,10821,160,1,451.76
24177,14851,144,2,1912.27
24178,13363,144,4,1912.27
24179,1858,396,2,8634.83
24180,14519,373,3,5173.76
24181,10681,497,1,4248.99
24182,5609,119,2,3230.43
24183,10532,445,5,4601.52
24184,14408,397,4,5628.09
24185,8676,203,2,8511.61
24186,12622,110,3,1178.02
24187,7995,315,4,7046.48
24188,8601,489,1,3207.62
24189,8252,225,1,1137.36
24190,4335,215,1,5828.57
24191,1786,32,3,5922.14
24192,5923,143,3,5350.83
24193,922,481,3,4000.0
24194,11231,52,1,8643.0
24195,14286,428,3,1211.53
24196,14092,297,5,6822.62
24197,2317,467,5,2506.92
24198,13766,161,2,8407.44
24199,4812,202,3,9011.14
24200,13251,293,1,8242.9
24201,1304,150,4,5507.66
24202,7276,399,3,5584.71
24203,11083,58,5,7243.02
24204,12288,135,3,5819.88
24205,6587,43,2,3765.59
24206,5102,320,3,7113.73
24207,8777,277,1,2568.61
24208,8697,141,3,1098.86
24209,11002,80,3,7702.5
24210,6285,25,3,7621.45
24211,14686,223,3,6357.32
24212,2144,371,1,2310.72
24213,2688,276,4,2146.27
24214,12156,295,4,8795.72
24215,11326,106,4,6259.39
24216,8046,242,3,7663.19
24217,12515,441,1,2052.86
24218,8077,206,4,2172.19
24219,7364,242,2,7663.19
24220,13393,298,4,8878.51
24221,6983,130,4,2180.26
24222,9393,421,5,8508.99
24223,10827,427,2,3259.85
24224,10753,5,2,6386.27
24225,10047,38,3,4667.15
24226,12343,331,4,1285.58
24227,14486,157,5,7290.81
24228,2790,494,5,3573.94
24229,14333,302,1,256.64
24230,6018,199,5,8014.84
24231,5648,457,1,9921.34
24232,8835,33,5,968.15
24233,11081,482,4,6578.94
24234,1765,290,4,1424.2
24235,8902,218,2,2942.56
24236,9285,181,2,5638.45
24237,3815,195,1,3311.18
24238,12727,186,5,7246.03
24239,4963,253,2,6781.48
24240,2664,13,4,7258.78
24241,5569,6,2,2683.41
24242,14793,209,2,9837.59
24243,11111,366,2,3897.58
24244,5242,17,5,7305.81
24245,889,20,2,5418.04
24246,9596,309,1,6463.56
24247,9443,208,3,8638.99
24248,1610,234,3,5838.32
24249,10991,184,3,3270.76
24250,12398,198,1,946.71
24251,10598,297,3,6822.62
24252,7039,93,5,2028.54
24253,5350,410,2,9139.34
24254,6824,252,1,4660.57
24255,7310,424,2,9131.51
24256,14448,185,1,9608.72
24257,1250,103,3,4032.63
24258,2329,189,5,8899.99
24259,6415,276,1,2146.27
24260,6121,124,4,8055.13
24261,958,392,2,557.07
24262,4557,200,4,2884.6
24263,11290,31,5,5680.54
24264,5393,345,4,7840.69
24265,7315,245,1,8611.56
24266,9485,313,4,4182.64
24267,6764,217,5,9900.58
24268,6565,181,3,5638.45
24269,5099,402,2,2303.92
24270,12767,294,3,1759.3
24271,1043,467,2,2506.92
24272,13015,27,5,6600.12
24273,12551,261,1,980.67
24274,11000,212,2,1848.43
24275,4265,63,3,5383.93
24276,13690,217,2,9900.58
24277,9254,350,4,2158.61
24278,14615,99,4,7770.51
24279,1265,416,1,6564.11
24280,12936,363,3,6816.26
24281,7249,473,2,4297.32
24282,1980,204,4,5285.57
24283,12201,458,3,1066.87
24284,3528,147,4,8276.67
24285,10098,450,1,6116.29
24286,6384,496,5,2786.49
24287,13119,267,4,9197.24
24288,14934,462,5,9857.56
24289,11701,37,5,5308.22
24290,14999,251,1,2903.35
24291,6393,445,5,4601.52
24292,2474,110,2,1178.02
24293,6079,88,3,8219.74
24294,2838,420,4,968.02
24295,7094,126,1,2937.97
24296,11591,191,2,647.57
24297,3841,473,4,4297.32
24298,14193,65,1,7934.0
24299,1944,498,3,6884.43
24300,340,249,4,745.94
24301,11611,132,1,426.52
24302,7434,404,2,3218.34
24303,272,246,1,6536.29
24304,2150,122,3,8180.09
24305,4493,346,2,5073.33
24306,12518,127,2,5911.04
24307,2690,249,4,745.94
24308,10406,360,1,8818.48
24309,4135,81,4,3619.81
24310,2004,53,5,7460.59
24311,9263,347,3,5876.24
24312,11646,104,5,4430.26
24313,7776,39,5,3738.32
24314,5608,52,3,8643.0
24315,12778,335,2,1115.92
24316,4462,336,4,7047.79
24317,11323,274,5,9374.58
24318,1389,398,1,4962.95
24319,5439,304,5,466.87
24320,7237,1,3,6315.21
24321,6026,60,4,8583.96
24322,2140,251,1,2903.35
24323,13041,215,4,5828.57
24324,14311,295,5,8795.72
24325,426,181,5,5638.45
24326,5036,41,2,6972.61
24327,6784,330,5,9882.58
24328,4477,319,2,3953.51
24329,11541,269,2,1141.26
24330,1048,89,1,2158.02
24331,8554,430,4,5913.18
24332,14333,302,3,256.64
24333,5434,94,5,8180.15
24334,8607,293,5,8242.9
24335,13004,469,1,1716.73
24336,10046,126,3,2937.97
24337,9787,493,4,5685.39
24338,1294,132,5,426.52
24339,3629,235,4,8300.53
24340,8411,248,2,5592.3
24341,5310,26,2,482.02
24342,10142,365,2,1850.05
24343,12658,370,3,8466.61
24344,3584,382,2,2606.69
24345,1713,207,4,4423.45
24346,6676,226,4,2025.32
24347,8364,200,4,2884.6
24348,583,190,1,1021.97
24349,2459,179,2,748.02
24350,3217,278,2,8996.64
24351,7087,210,5,4078.3
24352,13270,393,2,9148.93
24353,4450,336,5,7047.79
24354,14827,51,3,8177.56
24355,9428,410,1,9139.34
24356,6119,55,5,4706.61
24357,11344,79,3,9929.03
24358,7109,335,2,1115.92
24359,1213,107,5,1494.13
24360,6665,69,1,8226.4
24361,10727,343,2,3581.46
24362,2666,115,3,8618.7
24363,10629,51,1,8177.56
24364,11865,52,4,8643.0
24365,10637,382,4,2606.69
24366,9512,356,1,2763.96
24367,10514,264,3,9277.81
24368,14092,355,4,8627.33
24369,12381,132,3,426.52
24370,10219,427,4,3259.85
24371,10561,100,4,9593.58
24372,12485,10,2,395.33
24373,13783,389,2,3380.61
24374,8076,322,3,6758.75
24375,10380,364,4,9723.49
24376,6570,287,4,200.71
24377,4494,406,1,5823.84
24378,9333,76,4,704.92
24379,13564,475,5,4830.58
24380,9614,295,5,8795.72
24381,6830,444,4,7201.79
24382,12681,430,3,5913.18
24383,13333,17,1,7305.81
24384,1766,44,4,3917.55
24385,701,106,1,6259.39
24386,6121,161,2,8407.44
24387,2929,62,3,2223.61
24388,10436,55,5,4706.61
24389,9740,296,5,3030.48
24390,3315,99,2,7770.51
24391,2546,18,5,1342.37
24392,13117,456,5,8200.2
24393,8798,451,1,5360.01
24394,6064,115,2,8618.7
24395,6251,162,5,9785.74
24396,13950,20,1,5418.04
24397,4806,256,2,8632.64
24398,14470,4,5,1038.64
24399,11093,74,3,199.13
24400,14832,411,4,1314.33
24401,7043,500,4,9839.38
24402,13227,28,5,966.94
24403,1608,457,1,9921.34
24404,13231,120,5,8117.66
24405,4049,15,4,3870.03
24406,9127,483,2,9066.19
24407,110,212,5,1848.43
24408,12775,264,5,9277.81
24409,13725,240,1,9176.21
24410,5177,415,5,2187.71
24411,816,322,4,6758.75
24412,12070,468,1,4653.8
24413,3315,260,5,4925.88
24414,8156,341,2,6881.86
24415,3500,6,1,2683.41
24416,6794,350,4,2158.61
24417,6804,165,1,5790.97
24418,2535,367,3,2146.49
24419,2162,473,1,4297.32
24420,12934,387,1,7256.07
24421,2792,374,2,9108.7
24422,12747,330,4,9882.58
24423,14922,113,5,9827.8
24424,10279,336,5,7047.79
24425,8860,60,5,8583.96
24426,5,291,1,5087.5
24427,11707,80,1,7702.5
24428,7269,472,5,8162.55
24429,8605,117,3,3613.97
24430,8881,445,3,4601.52
24431,11659,271,1,9644.3
24432,12057,191,1,647.57
24433,2543,371,1,2310.72
24434,5983,68,4,4687.17
24435,13519,225,2,1137.36
24436,8344,47,2,6387.23
24437,2740,60,2,8583.96
24438,458,41,4,6972.61
24439,2546,179,2,748.02
24440,12522,88,4,8219.74
24441,784,154,3,7802.63
24442,4396,407,5,5006.35
24443,13472,87,1,2322.38
24444,3221,383,4,5157.46
24445,2113,368,2,1767.74
24446,10704,79,2,9929.03
24447,6082,49,2,7978.95
24448,4527,20,5,5418.04
24449,2213,227,3,5782.67
24450,13562,281,3,2968.82
24451,2870,453,4,4809.05
24452,6943,431,3,7429.75
24453,12951,38,4,4667.15
24454,5607,447,1,2000.99
24455,708,60,4,8583.96
24456,4370,469,3,1716.73
24457,6305,82,2,6679.0
24458,2677,214,4,8463.2
24459,9030,300,1,1815.98
24460,10867,110,3,1178.02
24461,9531,7,3,6834.18
24462,11946,426,3,3257.04
24463,13279,88,1,8219.74
24464,1984,413,1,202.63
24465,7550,156,4,7160.7
24466,13985,436,4,6908.99
24467,9865,141,2,1098.86
24468,7078,311,2,7839.59
24469,3243,306,2,9402.04
24470,3335,203,4,8511.61
24471,14230,402,2,2303.92
24472,1200,140,1,621.76
24473,6595,185,5,9608.72
24474,13457,255,3,8283.02
24475,13164,231,3,1578.47
24476,9668,339,3,9584.08
24477,14782,260,5,4925.88
24478,773,421,3,8508.99
24479,7055,220,4,4181.4
24480,2132,362,3,9726.31
24481,5435,457,2,9921.34
24482,13317,302,4,256.64
24483,7552,166,1,5626.74
24484,6657,292,2,6604.75
24485,7980,459,3,1906.15
24486,9165,371,5,2310.72
24487,14007,405,5,3026.74
24488,8488,182,1,576.46
24489,9554,423,3,5539.86
24490,6978,215,5,5828.57
24491,3161,191,3,647.57
24492,13978,93,3,2028.54
24493,4473,398,5,4962.95
24494,1449,330,2,9882.58
24495,10016,398,2,4962.95
24496,2788,254,2,8610.26
24497,9498,416,1,6564.11
24498,1221,69,5,8226.4
24499,1558,360,4,8818.48
24500,416,24,2,8996.96
24501,2827,320,5,7113.73
24502,11746,23,2,1685.18
24503,6302,148,5,6826.23
24504,5143,252,4,4660.57
24505,5791,373,1,5173.76
24506,2665,450,4,6116.29
24507,13376,406,5,5823.84
24508,13670,427,5,3259.85
24509,821,239,5,1994.61
24510,11043,129,2,6571.12
24511,2014,221,3,3345.21
24512,2509,312,3,7979.12
24513,10089,142,3,6545.75
24514,6397,313,2,4182.64
24515,11135,407,5,5006.35
24516,54,266,3,4135.03
24517,5165,286,3,8835.5
24518,6188,39,2,3738.32
24519,11578,255,4,8283.02
24520,970,429,2,4716.21
24521,7418,60,1,8583.96
24522,12230,430,5,5913.18
24523,3537,433,5,3027.9
24524,13503,282,1,6977.05
24525,2736,83,2,9659.08
24526,6603,392,4,557.07
24527,6475,404,1,3218.34
24528,2346,15,3,3870.03
24529,8940,218,5,2942.56
24530,6567,33,3,968.15
24531,8408,384,4,7551.73
24532,8065,472,4,8162.55
24533,5329,53,1,7460.59
24534,4235,9,5,9075.61
24535,6588,233,5,4748.37
24536,9816,158,4,9478.85
24537,1615,19,2,5022.81
24538,2126,375,1,6848.53
24539,6338,289,4,6753.34
24540,12665,89,5,2158.02
24541,5806,34,1,4719.44
24542,5053,34,2,4719.44
24543,10987,414,4,8456.47
24544,5771,252,3,4660.57
24545,14065,235,2,8300.53
24546,1907,394,1,6388.25
24547,1806,408,1,8941.62
24548,11128,81,2,3619.81
24549,5017,87,4,2322.38
24550,13035,1,2,6315.21
24551,1295,398,4,4962.95
24552,12137,155,4,5690.41
24553,12012,198,2,946.71
24554,1321,484,2,322.48
24555,406,83,1,9659.08
24556,4942,444,2,7201.79
24557,11411,275,1,8842.88
24558,1672,37,5,5308.22
24559,2518,401,3,276.76
24560,13751,148,5,6826.23
24561,3105,445,2,4601.52
24562,13819,466,1,2173.99
24563,8273,150,5,5507.66
24564,14827,414,2,8456.47
24565,14264,246,3,6536.29
24566,10892,64,2,3923.84
24567,11947,188,1,5330.51
24568,3570,107,1,1494.13
24569,95,78,5,3697.4
24570,9269,330,5,9882.58
24571,3492,310,1,5989.12
24572,13438,294,2,1759.3
24573,3597,370,3,8466.61
24574,347,269,1,1141.26
24575,651,28,5,966.94
24576,1344,207,4,4423.45
24577,10998,234,5,5838.32
24578,2034,263,1,2663.77
24579,9315,177,4,1840.37
24580,9457,137,5,2848.21
24581,6464,469,2,1716.73
24582,4305,251,5,2903.35
24583,10747,125,5,2911.91
24584,4040,76,3,704.92
24585,14004,11,4,1837.72
24586,5643,263,3,2663.77
24587,7403,350,2,2158.61
24588,6090,186,4,7246.03
24589,14364,78,2,3697.4
24590,9847,371,2,2310.72
24591,2509,11,3,1837.72
24592,1867,274,5,9374.58
24593,9532,360,1,8818.48
24594,3872,338,4,9668.48
24595,2235,67,1,9629.35
24596,13126,416,4,6564.11
24597,10013,218,1,2942.56
24598,13231,47,3,6387.23
24599,12375,483,1,9066.19
24600,13989,35,4,1741.5
24601,9430,420,5,968.02
24602,4318,246,4,6536.29
24603,11253,440,5,1392.66
24604,13148,187,5,7403.39
24605,6817,241,5,9266.89
24606,12236,158,2,9478.85
24607,4559,229,1,1133.55
24608,8409,168,4,1657.22
24609,7686,123,1,4560.68
24610,13870,463,5,7898.4
24611,233,123,3,4560.68
24612,12056,153,3,8748.36
24613,14255,446,5,9142.99
24614,8185,465,5,9276.0
24615,3094,276,5,2146.27
24616,9877,490,5,1232.7
24617,2334,97,1,509.52
24618,2220,137,5,2848.21
24619,11722,310,3,5989.12
24620,11972,314,2,9504.99
24621,11381,137,5,2848.21
24622,1325,87,2,2322.38
24623,11948,215,3,5828.57
24624,14550,385,3,9715.08
24625,9238,37,5,5308.22
24626,11046,427,3,3259.85
24627,7788,209,2,9837.59
24628,9374,498,3,6884.43
24629,10797,122,2,8180.09
24630,2451,217,4,9900.58
24631,8148,200,1,2884.6
24632,581,14,2,7643.58
24633,13993,278,5,8996.64
24634,9480,327,2,9601.35
24635,14658,365,1,1850.05
24636,4260,449,4,7816.26
24637,11333,65,1,7934.0
24638,5737,351,1,5555.13
24639,9334,429,2,4716.21
24640,14881,457,2,9921.34
24641,6038,85,1,2064.18
24642,13991,44,1,3917.55
24643,4841,2,3,732.43
24644,7057,179,1,748.02
24645,62,249,2,745.94
24646,13357,128,2,1686.89
24647,2816,224,1,3104.98
24648,12482,322,3,6758.75
24649,6788,353,2,3759.57
24650,1809,237,1,5827.48
24651,5857,27,1,6600.12
24652,7289,176,5,8922.31
24653,2100,228,2,604.91
24654,6201,497,3,4248.99
24655,1531,145,5,6422.41
24656,12878,184,4,3270.76
24657,4005,423,4,5539.86
24658,13946,427,2,3259.85
24659,7664,193,5,1281.1
24660,6577,295,5,8795.72
24661,5907,278,1,8996.64
24662,8783,229,3,1133.55
24663,12361,452,4,7515.99
24664,1072,280,3,7595.69
24665,12438,423,4,5539.86
24666,237,137,2,2848.21
24667,6538,74,1,199.13
24668,13959,242,4,7663.19
24669,2661,191,5,647.57
24670,7349,445,3,4601.52
24671,8918,424,3,9131.51
24672,14776,121,3,4637.39
24673,10460,19,4,5022.81
24674,3993,162,5,9785.74
24675,3006,49,2,7978.95
24676,14746,92,4,8797.95
24677,11497,331,3,1285.58
24678,9519,484,2,322.48
24679,7488,94,4,8180.15
24680,8694,141,3,1098.86
24681,6362,45,1,1218.3
24682,2724,203,2,8511.61
24683,4871,357,5,6115.84
24684,7937,160,5,451.76
24685,8566,8,4,6565.53
24686,7119,280,1,7595.69
24687,11973,304,3,466.87
24688,12978,78,3,3697.4
24689,5829,302,5,256.64
24690,10820,154,2,7802.63
24691,4680,203,3,8511.61
24692,14523,203,4,8511.61
24693,7422,343,2,3581.46
24694,12464,329,2,1250.04
24695,6664,434,2,3167.56
24696,12280,120,1,8117.66
24697,5702,369,3,8266.36
24698,11180,261,1,980.67
24699,3401,211,1,9357.68
24700,4176,212,4,1848.43
24701,12105,463,2,7898.4
24702,14121,397,2,5628.09
24703,5768,9,5,9075.61
24704,11724,362,2,9726.31
24705,9428,127,4,5911.04
24706,10639,495,5,6702.94
24707,5990,476,4,7708.58
24708,2694,112,4,8874.43
24709,10383,220,3,4181.4
24710,4455,84,3,8556.86
24711,12120,493,5,5685.39
24712,12195,379,5,6490.64
24713,7359,467,2,2506.92
24714,4348,318,1,1060.93
24715,12415,2,5,732.43
24716,1464,75,2,8352.41
24717,10695,467,1,2506.92
24718,1198,215,2,5828.57
24719,8074,207,2,4423.45
24720,11210,289,4,6753.34
24721,8905,65,5,7934.0
24722,11903,475,2,4830.58
24723,10995,138,1,9993.87
24724,2656,221,5,3345.21
24725,1949,49,1,7978.95
24726,8283,164,3,8667.88
24727,8971,266,4,4135.03
24728,4064,60,4,8583.96
24729,13985,448,1,5383.01
24730,1345,16,1,8266.92
24731,9311,410,3,9139.34
24732,5299,228,5,604.91
24733,12609,5,2,6386.27
24734,6119,86,1,4357.67
24735,7627,30,5,7899.0
24736,2291,165,3,5790.97
24737,2374,339,3,9584.08
24738,5332,482,3,6578.94
24739,11484,247,1,1511.4
24740,9613,137,2,2848.21
24741,1153,16,2,8266.92
24742,1424,108,1,1734.18
24743,4610,252,3,4660.57
24744,14711,324,4,2208.08
24745,841,496,2,2786.49
24746,1230,411,3,1314.33
24747,2766,384,4,7551.73
24748,6172,122,4,8180.09
24749,8662,43,1,3765.59
24750,5146,62,2,2223.61
24751,4799,146,4,4918.85
24752,7148,467,2,2506.92
24753,6313,70,5,8962.34
24754,7049,482,5,6578.94
24755,694,500,4,9839.38
24756,2817,494,5,3573.94
24757,1198,327,2,9601.35
24758,738,132,1,426.52
24759,13563,236,2,8664.5
24760,12014,398,5,4962.95
24761,5922,48,5,1838.87
24762,1495,345,5,7840.69
24763,7736,168,1,1657.22
24764,9614,457,1,9921.34
24765,3093,140,4,621.76
24766,12341,28,2,966.94
24767,2957,313,4,4182.64
24768,1740,225,1,1137.36
24769,9325,285,3,3933.55
24770,10783,181,3,5638.45
24771,5360,324,1,2208.08
24772,11524,425,5,3696.53
24773,7270,441,1,2052.86
24774,6092,272,2,4556.48
24775,547,357,5,6115.84
24776,11464,261,1,980.67
24777,3367,482,2,6578.94
24778,273,271,4,9644.3
24779,13022,329,1,1250.04
24780,11952,78,4,3697.4
24781,797,203,1,8511.61
24782,2769,405,2,3026.74
24783,2143,6,4,2683.41
24784,2249,453,5,4809.05
24785,4593,207,1,4423.45
24786,10426,8,3,6565.53
24787,12515,260,2,4925.88
24788,9497,186,4,7246.03
24789,3261,413,2,202.63
24790,6727,439,2,3081.57
24791,12492,17,4,7305.81
24792,1869,365,3,1850.05
24793,12733,417,1,1315.86
24794,14573,248,2,5592.3
24795,11840,304,5,466.87
24796,13322,455,1,1899.28
24797,8681,133,4,418.13
24798,4804,98,5,4922.59
24799,1430,345,4,7840.69
24800,6940,283,2,5067.19
24801,5714,282,5,6977.05
24802,3147,429,1,4716.21
24803,9638,367,5,2146.49
24804,4196,86,3,4357.67
24805,3654,366,3,3897.58
24806,1773,71,2,1415.95
24807,932,422,1,9215.56
24808,6662,424,3,9131.51
24809,12512,217,3,9900.58
24810,5525,212,4,1848.43
24811,9442,246,4,6536.29
24812,9740,463,2,7898.4
24813,6231,450,4,6116.29
24814,1645,178,4,9950.37
24815,13754,70,1,8962.34
24816,11274,13,1,7258.78
24817,7460,67,3,9629.35
24818,7757,450,2,6116.29
24819,12933,36,5,5763.51
24820,9550,423,2,5539.86
24821,14767,136,5,5846.66
24822,9171,122,3,8180.09
24823,4190,188,3,5330.51
24824,11185,465,3,9276.0
24825,2142,203,1,8511.61
24826,2758,107,2,1494.13
24827,11021,325,3,4799.01
24828,8407,222,1,9786.82
24829,1793,471,2,3581.14
24830,6643,441,1,2052.86
24831,13505,324,1,2208.08
24832,2642,75,4,8352.41
24833,14478,247,5,1511.4
24834,12714,480,2,5205.62
24835,210,159,3,1801.45
24836,3934,478,5,6425.58
24837,1536,92,1,8797.95
24838,11050,269,2,1141.26
24839,4784,371,2,2310.72
24840,11866,275,3,8842.88
24841,3437,106,5,6259.39
24842,9318,424,4,9131.51
24843,13075,32,1,5922.14
24844,11014,110,5,1178.02
24845,12354,480,3,5205.62
24846,9975,280,3,7595.69
24847,953,206,5,2172.19
24848,1985,346,2,5073.33
24849,12736,117,3,3613.97
24850,5155,179,2,748.02
24851,5643,205,1,4022.8
24852,2533,87,5,2322.38
24853,5573,334,3,7620.87
24854,9728,236,1,8664.5
24855,10342,282,3,6977.05
24856,8375,307,1,4019.4
24857,987,220,2,4181.4
24858,10900,306,3,9402.04
24859,13555,124,1,8055.13
24860,5269,485,4,8787.67
24861,8218,286,1,8835.5
24862,4651,430,4,5913.18
24863,9986,149,2,938.71
24864,8043,259,2,6946.2
24865,8693,497,5,4248.99
24866,4004,74,1,199.13
24867,11772,421,2,8508.99
24868,6938,255,5,8283.02
24869,4403,54,5,7895.72
24870,2072,247,3,1511.4
24871,13797,397,5,5628.09
24872,11525,312,3,7979.12
24873,7303,247,2,1511.4
24874,9958,175,2,8623.47
24875,8442,110,4,1178.02
24876,5128,475,2,4830.58
24877,1394,341,3,6881.86
24878,8436,411,3,1314.33
24879,11720,119,3,3230.43
24880,9011,217,4,9900.58
24881,8040,25,5,7621.45
24882,3599,397,2,5628.09
24883,10284,468,2,4653.8
24884,3951,388,1,5482.96
24885,9512,145,4,6422.41
24886,3038,388,1,5482.96
24887,12292,457,2,9921.34
24888,10199,227,4,5782.67
24889,12740,298,4,8878.51
24890,557,378,5,3236.96
24891,4498,364,1,9723.49
24892,2242,135,2,5819.88
24893,7411,34,1,4719.44
24894,14349,91,2,7135.75
24895,14207,349,1,4111.82
24896,12600,15,1,3870.03
24897,3337,181,3,5638.45
24898,1482,62,5,2223.61
24899,6023,98,3,4922.59
24900,2780,11,1,1837.72
24901,716,312,4,7979.12
24902,12541,349,2,4111.82
24903,4029,343,5,3581.46
24904,5052,282,5,6977.05
24905,6637,173,2,3149.12
24906,14450,218,2,2942.56
24907,6729,255,2,8283.02
24908,14153,491,1,7055.9
24909,12472,476,5,7708.58
24910,13822,128,3,1686.89
24911,12506,450,5,6116.29
24912,4932,85,3,2064.18
24913,7182,203,3,8511.61
24914,4620,328,1,8910.25
24915,1201,112,2,8874.43
24916,5382,397,3,5628.09
24917,9598,336,2,7047.79
24918,7204,152,5,9565.43
24919,13749,420,2,968.02
24920,873,56,5,7342.67
24921,262,215,4,5828.57
24922,14451,113,1,9827.8
24923,11669,33,3,968.15
24924,14177,184,1,3270.76
24925,5966,378,5,3236.96
24926,10958,428,1,1211.53
24927,436,162,4,9785.74
24928,9915,381,1,3904.17
24929,11002,426,2,3257.04
24930,6188,363,1,6816.26
24931,6722,279,1,5378.36
24932,6419,486,3,9524.97
24933,11996,79,1,9929.03
24934,10932,277,3,2568.61
24935,3592,212,1,1848.43
24936,4054,271,2,9644.3
24937,3461,161,1,8407.44
24938,3295,447,5,2000.99
24939,11557,500,4,9839.38
24940,6936,20,1,5418.04
24941,12480,122,1,8180.09
24942,12597,128,4,1686.89
24943,14609,351,3,5555.13
24944,12042,363,4,6816.26
24945,10180,10,3,395.33
24946,10269,252,3,4660.57
24947,522,404,5,3218.34
24948,12459,471,3,3581.14
24949,13324,158,5,9478.85
24950,10653,382,5,2606.69
24951,7878,18,3,1342.37
24952,5908,326,3,8400.33
24953,1306,194,3,1359.67
24954,13763,385,5,9715.08
24955,9336,343,5,3581.46
24956,2539,280,3,7595.69
24957,2321,382,1,2606.69
24958,9825,1,2,6315.21
24959,9155,353,4,3759.57
24960,6848,464,3,8934.52
24961,4960,304,2,466.87
24962,12821,10,4,395.33
24963,2019,31,4,5680.54
24964,4854,69,1,8226.4
24965,856,167,5,4172.77
24966,6414,318,4,1060.93
24967,12125,156,4,7160.7
24968,7797,70,1,8962.34
24969,3114,340,4,3757.64
24970,7473,439,1,3081.57
24971,2444,266,1,4135.03
24972,8986,491,3,7055.9
24973,2501,9,2,9075.61
24974,12712,52,3,8643.0
24975,10998,235,1,8300.53
24976,2442,240,2,9176.21
24977,1630,394,5,6388.25
24978,5242,238,5,8127.0
24979,7465,365,5,1850.05
24980,10922,458,4,1066.87
24981,4330,208,3,8638.99
24982,7432,22,4,1658.35
24983,8527,79,5,9929.03
24984,1534,204,2,5285.57
24985,5103,388,2,5482.96
24986,4155,456,5,8200.2
24987,7875,210,1,4078.3
24988,10778,14,1,7643.58
24989,8529,497,3,4248.99
24990,5823,109,5,796.13
24991,9991,429,2,4716.21
24992,4989,228,5,604.91
24993,12732,126,4,2937.97
24994,746,140,1,621.76
24995,7348,405,4,3026.74
24996,13801,135,1,5819.88
24997,13894,87,1,2322.38
24998,1554,244,3,1081.56
24999,10807,304,1,466.87
25000,7696,321,4,9739.1
25001,1813,286,4,8835.5
25002,11463,479,3,9565.21
25003,10423,406,1,5823.84
25004,841,342,5,6063.95
25005,1937,369,4,8266.36
25006,7656,354,3,7095.06
25007,9418,115,5,8618.7
25008,13968,375,2,6848.53
25009,5545,371,2,2310.72
25010,9637,264,1,9277.81
25011,10623,468,5,4653.8
25012,13002,241,4,9266.89
25013,3387,141,1,1098.86
25014,10212,46,1,8792.03
25015,9228,86,5,4357.67
25016,10459,52,2,8643.0
25017,6736,110,5,1178.02
25018,11123,364,5,9723.49
25019,7922,186,4,7246.03
25020,9084,385,1,9715.08
25021,1356,107,1,1494.13
25022,6134,274,5,9374.58
25023,6222,163,2,1948.49
25024,11260,18,1,1342.37
25025,12275,385,2,9715.08
25026,1846,57,1,6056.87
25027,8492,476,3,7708.58
25028,11906,132,1,426.52
25029,10384,304,2,466.87
25030,2791,284,4,9324.98
25031,10551,499,2,3186.27
25032,7986,464,5,8934.52
25033,7760,287,5,200.71
25034,7788,475,1,4830.58
25035,978,311,4,7839.59
25036,6461,249,4,745.94
25037,10900,336,2,7047.79
25038,1246,256,1,8632.64
25039,14653,137,4,2848.21
25040,7166,2,5,732.43
25041,14020,10,3,395.33
25042,13047,369,4,8266.36
25043,8115,305,1,4723.38
25044,3570,242,4,7663.19
25045,13624,389,5,3380.61
25046,7753,202,4,9011.14
25047,5929,387,4,7256.07
25048,2149,58,4,7243.02
25049,8520,184,3,3270.76
25050,944,317,5,9246.11
25051,10100,216,3,3464.18
25052,2983,349,4,4111.82
25053,14357,227,2,5782.67
25054,13900,7,5,6834.18
25055,651,289,5,6753.34
25056,2426,106,3,6259.39
25057,14820,268,5,5811.88
25058,10225,478,2,6425.58
25059,5184,209,2,9837.59
25060,10672,198,5,946.71
25061,9291,149,1,938.71
25062,814,52,3,8643.0
25063,1603,443,2,9035.35
25064,1331,85,5,2064.18
25065,13453,166,1,5626.74
25066,1378,105,5,328.39
25067,1620,334,3,7620.87
25068,13422,239,2,1994.61
25069,13728,423,4,5539.86
25070,12731,224,3,3104.98
25071,7661,23,5,1685.18
25072,7946,208,4,8638.99
25073,2013,380,5,4507.23
25074,5058,25,1,7621.45
25075,14681,316,5,5796.51
25076,13269,17,4,7305.81
25077,409,141,2,1098.86
25078,12624,340,5,3757.64
25079,4979,352,5,4584.87
25080,14743,129,5,6571.12
25081,4308,339,4,9584.08
25082,2240,222,1,9786.82
25083,12070,229,5,1133.55
25084,2106,485,2,8787.67
25085,2998,479,4,9565.21
25086,6742,26,2,482.02
25087,4630,475,5,4830.58
25088,9794,486,3,9524.97
25089,1184,203,2,8511.61
25090,14171,432,1,226.39
25091,2185,419,1,2984.31
25092,4134,30,4,7899.0
25093,4636,323,2,1809.66
25094,799,23,4,1685.18
25095,14530,484,5,322.48
25096,12381,163,1,1948.49
25097,10998,382,3,2606.69
25098,8894,332,5,2539.39
25099,14346,5,5,6386.27
25100,7340,227,3,5782.67
25101,5633,242,4,7663.19
25102,10832,492,3,9608.88
25103,755,233,2,4748.37
25104,4417,8,3,6565.53
25105,2301,465,2,9276.0
25106,443,298,5,8878.51
25107,10153,459,2,1906.15
25108,10113,69,1,8226.4
25109,9812,14,1,7643.58
25110,5494,242,2,7663.19
25111,9403,24,5,8996.96
25112,1967,63,3,5383.93
25113,7216,199,3,8014.84
25114,9549,12,5,3492.99
25115,3912,30,2,7899.0
25116,3830,7,3,6834.18
25117,8097,390,4,1940.5
25118,2076,5,5,6386.27
25119,1912,265,4,6606.49
25120,7792,411,2,1314.33
25121,8343,180,4,7937.75
25122,14122,50,5,9478.54
25123,3139,402,1,2303.92
25124,5980,134,5,5480.33
25125,9858,106,1,6259.39
25126,9214,243,2,3831.51
25127,1507,347,4,5876.24
25128,13443,50,1,9478.54
25129,2573,178,2,9950.37
25130,8581,294,2,1759.3
25131,9786,468,4,4653.8
25132,10335,493,5,5685.39
25133,6548,213,1,3800.6
25134,2773,264,4,9277.81
25135,5777,250,5,9260.34
25136,4096,370,3,8466.61
25137,2086,473,3,4297.32
25138,8154,91,4,7135.75
25139,10513,147,2,8276.67
25140,10148,141,5,1098.86
25141,6564,222,2,9786.82
25142,9060,381,1,3904.17
25143,13996,176,3,8922.31
25144,7308,143,1,5350.83
25145,8150,423,3,5539.86
25146,14931,300,2,1815.98
25147,10580,395,2,5403.61
25148,11529,369,5,8266.36
25149,9039,240,4,9176.21
25150,1434,306,4,9402.04
25151,10038,97,1,509.52
25152,13014,293,2,8242.9
25153,9474,372,4,1234.45
25154,3852,447,5,2000.99
25155,6015,170,4,2257.83
25156,12299,146,1,4918.85
25157,1980,338,3,9668.48
25158,4220,242,5,7663.19
25159,1787,212,4,1848.43
25160,4052,496,4,2786.49
25161,9808,186,2,7246.03
25162,14311,325,5,4799.01
25163,726,469,3,1716.73
25164,13530,164,3,8667.88
25165,14177,395,1,5403.61
25166,3477,289,1,6753.34
25167,8516,30,3,7899.0
25168,3832,52,4,8643.0
25169,7055,22,2,1658.35
25170,3343,379,4,6490.64
25171,6057,173,3,3149.12
25172,8614,486,2,9524.97
25173,3806,217,2,9900.58
25174,10566,230,3,2678.09
25175,9834,385,3,9715.08
25176,10972,83,5,9659.08
25177,5452,287,4,200.71
25178,6887,196,3,3830.25
25179,4864,8,4,6565.53
25180,7217,435,1,9744.01
25181,4944,337,1,4035.25
25182,13484,248,2,5592.3
25183,1869,479,1,9565.21
25184,12757,487,2,6550.82
25185,3590,285,1,3933.55
25186,3007,231,2,1578.47
25187,10817,190,4,1021.97
25188,6302,92,4,8797.95
25189,4905,177,3,1840.37
25190,4625,31,4,5680.54
25191,10539,85,2,2064.18
25192,6071,444,2,7201.79
25193,385,98,1,4922.59
25194,5951,286,3,8835.5
25195,2799,66,3,6722.57
25196,3372,427,4,3259.85
25197,12668,148,1,6826.23
25198,12594,132,5,426.52
25199,10327,20,4,5418.04
25200,1351,364,4,9723.49
25201,929,498,3,6884.43
25202,5283,53,2,7460.59
25203,14145,444,5,7201.79
25204,3096,415,5,2187.71
25205,11989,399,5,5584.71
25206,3550,447,3,2000.99
25207,4532,142,3,6545.75
25208,13581,305,5,4723.38
25209,8913,442,1,722.71
25210,13688,154,1,7802.63
25211,4904,449,1,7816.26
25212,9898,128,3,1686.89
25213,7109,183,5,5880.7
25214,3972,126,2,2937.97
25215,13118,68,3,4687.17
25216,12085,494,3,3573.94
25217,5525,292,3,6604.75
25218,9712,220,5,4181.4
25219,3775,340,2,3757.64
25220,5744,306,1,9402.04
25221,5969,58,5,7243.02
25222,6803,463,4,7898.4
25223,11680,461,1,798.26
25224,9129,194,1,1359.67
25225,8954,283,4,5067.19
25226,2296,245,5,8611.56
25227,2454,102,4,9476.14
25228,171,380,2,4507.23
25229,2998,216,1,3464.18
25230,10739,234,1,5838.32
25231,8726,129,3,6571.12
25232,7017,359,1,4809.77
25233,8284,155,5,5690.41
25234,8583,238,3,8127.0
25235,4725,221,2,3345.21
25236,11242,367,1,2146.49
25237,4782,251,2,2903.35
25238,5144,318,3,1060.93
25239,14260,22,5,1658.35
25240,8995,34,4,4719.44
25241,3328,96,1,2678.45
25242,280,55,3,4706.61
25243,14485,420,2,968.02
25244,6792,127,5,5911.04
25245,170,150,3,5507.66
25246,2726,344,2,4696.35
25247,14642,40,2,5521.2
25248,8961,303,1,9299.69
25249,10507,262,5,6965.43
25250,6850,491,4,7055.9
25251,823,413,1,202.63
25252,876,331,3,1285.58
25253,12694,4,4,1038.64
25254,3587,389,1,3380.61
25255,141,425,4,3696.53
25256,11466,159,3,1801.45
25257,14417,170,4,2257.83
25258,2333,239,1,1994.61
25259,3056,42,2,4497.14
25260,11494,335,2,1115.92
25261,656,135,2,5819.88
25262,9048,370,4,8466.61
25263,10,452,4,7515.99
25264,13194,104,1,4430.26
25265,8411,454,2,3126.41
25266,7717,129,2,6571.12
25267,13453,448,1,5383.01
25268,11660,446,5,9142.99
25269,4153,44,2,3917.55
25270,5754,371,1,2310.72
25271,2297,376,2,258.42
25272,9525,367,1,2146.49
25273,4538,18,5,1342.37
25274,7089,442,4,722.71
25275,13414,243,3,3831.51
25276,13092,66,1,6722.57
25277,6909,381,1,3904.17
25278,12255,122,2,8180.09
25279,1105,260,4,4925.88
25280,12168,273,1,6942.27
25281,10094,80,5,7702.5
25282,11451,86,1,4357.67
25283,1939,9,1,9075.61
25284,6395,472,2,8162.55
25285,3976,282,2,6977.05
25286,11560,111,5,5010.75
25287,9656,318,3,1060.93
25288,9990,327,2,9601.35
25289,5246,216,2,3464.18
25290,1135,411,5,1314.33
25291,4113,308,1,3248.37
25292,6568,377,3,9039.51
25293,7211,201,2,7769.45
25294,6988,54,4,7895.72
25295,4252,351,3,5555.13
25296,4745,311,5,7839.59
25297,2782,206,4,2172.19
25298,7178,221,4,3345.21
25299,414,47,2,6387.23
25300,9010,69,4,8226.4
25301,10654,124,2,8055.13
25302,14605,424,2,9131.51
25303,6956,93,1,2028.54
25304,10270,127,4,5911.04
25305,12405,286,5,8835.5
25306,7889,489,3,3207.62
25307,8242,353,3,3759.57
25308,13123,3,3,6914.47
25309,10980,27,3,6600.12
25310,1927,247,4,1511.4
25311,9014,308,3,3248.37
25312,710,84,3,8556.86
25313,1052,227,2,5782.67
25314,13075,350,1,2158.61
25315,14233,46,2,8792.03
25316,6183,51,5,8177.56
25317,9215,437,1,3675.25
25318,14982,183,1,5880.7
25319,394,395,1,5403.61
25320,13772,341,4,6881.86
25321,9606,122,4,8180.09
25322,503,21,2,9286.01
25323,1007,173,5,3149.12
25324,8227,40,5,5521.2
25325,10264,123,3,4560.68
25326,5329,333,4,3312.61
25327,6244,252,3,4660.57
25328,6,491,4,7055.9
25329,873,204,4,5285.57
25330,8177,440,3,1392.66
25331,9164,204,5,5285.57
25332,10610,348,2,3047.9
25333,12969,136,2,5846.66
25334,5601,419,3,2984.31
25335,5532,347,4,5876.24
25336,732,190,4,1021.97
25337,8427,133,4,418.13
25338,6371,30,4,7899.0
25339,3336,97,1,509.52
25340,4270,12,3,3492.99
25341,8950,309,1,6463.56
25342,1111,432,5,226.39
25343,11519,23,1,1685.18
25344,3976,475,1,4830.58
25345,806,229,1,1133.55
25346,11249,499,2,3186.27
25347,11059,403,3,4023.58
25348,1429,17,3,7305.81
25349,13605,378,1,3236.96
25350,349,323,5,1809.66
25351,6862,318,2,1060.93
25352,1388,148,3,6826.23
25353,13385,462,3,9857.56
25354,5731,412,3,6068.19
25355,11429,497,4,4248.99
25356,10603,483,4,9066.19
25357,8884,48,5,1838.87
25358,1211,403,4,4023.58
25359,6440,418,2,4286.55
25360,4495,83,2,9659.08
25361,12446,247,2,1511.4
25362,11510,434,1,3167.56
25363,11336,419,3,2984.31
25364,4813,82,2,6679.0
25365,13226,255,5,8283.02
25366,11534,243,5,3831.51
25367,5425,195,1,3311.18
25368,2342,276,3,2146.27
25369,5793,444,3,7201.79
25370,10156,249,3,745.94
25371,8699,474,2,6301.48
25372,13617,67,5,9629.35
25373,14246,380,4,4507.23
25374,4525,302,4,256.64
25375,8753,441,5,2052.86
25376,1043,198,4,946.71
25377,1864,87,1,2322.38
25378,7760,354,3,7095.06
25379,4693,134,3,5480.33
25380,3242,76,1,704.92
25381,5015,196,5,3830.25
25382,9744,29,1,3941.11
25383,11078,183,2,5880.7
25384,8070,399,4,5584.71
25385,3506,4,1,1038.64
25386,13255,423,3,5539.86
25387,4095,437,2,3675.25
25388,14296,494,4,3573.94
25389,5317,74,4,199.13
25390,5430,2,1,732.43
25391,811,259,4,6946.2
25392,867,481,1,4000.0
25393,14502,401,4,276.76
25394,11965,56,3,7342.67
25395,6841,248,5,5592.3
25396,2338,6,3,2683.41
25397,4614,485,4,8787.67
25398,7023,327,2,9601.35
25399,4886,376,2,258.42
25400,9464,446,2,9142.99
25401,8574,74,3,199.13
25402,7673,456,4,8200.2
25403,3724,185,3,9608.72
25404,10008,387,4,7256.07
25405,1739,185,2,9608.72
25406,10883,147,1,8276.67
25407,4260,496,5,2786.49
25408,12145,244,3,1081.56
25409,10930,479,2,9565.21
25410,2249,131,4,884.97
25411,5475,156,3,7160.7
25412,2262,70,2,8962.34
25413,12910,33,5,968.15
25414,7259,443,3,9035.35
25415,11221,28,3,966.94
25416,7373,170,1,2257.83
25417,1017,413,2,202.63
25418,6880,42,1,4497.14
25419,2425,146,1,4918.85
25420,8935,421,4,8508.99
25421,4745,28,2,966.94
25422,4879,244,3,1081.56
25423,3704,319,4,3953.51
25424,11648,437,3,3675.25
25425,5829,222,3,9786.82
25426,8175,95,4,3387.4
25427,6565,122,2,8180.09
25428,3192,447,1,2000.99
25429,2927,381,1,3904.17
25430,1408,213,4,3800.6
25431,663,175,1,8623.47
25432,13100,248,4,5592.3
25433,4609,405,1,3026.74
25434,11262,66,4,6722.57
25435,14721,183,2,5880.7
25436,10631,244,5,1081.56
25437,10177,267,3,9197.24
25438,9513,231,5,1578.47
25439,1833,52,5,8643.0
25440,13082,192,2,8165.24
25441,6991,54,4,7895.72
25442,11284,293,3,8242.9
25443,1395,218,4,2942.56
25444,8333,41,2,6972.61
25445,6980,81,1,3619.81
25446,2123,33,2,968.15
25447,11493,120,5,8117.66
25448,1024,472,2,8162.55
25449,10804,1,5,6315.21
25450,1273,377,5,9039.51
25451,3825,16,5,8266.92
25452,12265,288,2,6906.22
25453,6782,418,5,4286.55
25454,294,350,5,2158.61
25455,10092,298,3,8878.51
25456,5357,227,4,5782.67
25457,6474,357,2,6115.84
25458,9350,255,1,8283.02
25459,191,199,5,8014.84
25460,7472,180,5,7937.75
25461,12394,494,4,3573.94
25462,11098,88,1,8219.74
25463,4430,97,2,509.52
25464,6400,185,5,9608.72
25465,4533,160,5,451.76
25466,8455,495,3,6702.94
25467,6023,493,2,5685.39
25468,8270,471,5,3581.14
25469,11895,122,3,8180.09
25470,3031,443,4,9035.35
25471,503,91,2,7135.75
25472,727,122,1,8180.09
25473,8666,226,3,2025.32
25474,9648,191,1,647.57
25475,12541,208,1,8638.99
25476,10723,153,5,8748.36
25477,4515,351,5,5555.13
25478,14727,25,5,7621.45
25479,479,62,5,2223.61
25480,12819,473,5,4297.32
25481,610,474,5,6301.48
25482,6277,455,1,1899.28
25483,11407,30,4,7899.0
25484,12584,104,3,4430.26
25485,5923,163,2,1948.49
25486,7728,35,2,1741.5
25487,3072,218,3,2942.56
25488,13653,468,3,4653.8
25489,6896,99,4,7770.51
25490,9892,173,4,3149.12
25491,6604,378,4,3236.96
25492,8712,312,4,7979.12
25493,8231,69,2,8226.4
25494,3190,417,3,1315.86
25495,13617,395,4,5403.61
25496,10416,248,4,5592.3
25497,7237,235,4,8300.53
25498,7353,374,4,9108.7
25499,1682,426,3,3257.04
25500,7926,184,4,3270.76
25501,12411,146,3,4918.85
25502,14155,468,2,4653.8
25503,11296,344,1,4696.35
25504,3016,357,2,6115.84
25505,8163,167,5,4172.77
25506,5429,79,1,9929.03
25507,9226,296,1,3030.48
25508,9730,134,2,5480.33
25509,4307,348,1,3047.9
25510,11598,102,2,9476.14
25511,7003,30,2,7899.0
25512,2726,110,3,1178.02
25513,3809,484,1,322.48
25514,13821,18,5,1342.37
25515,5927,209,5,9837.59
25516,14905,442,1,722.71
25517,10462,182,3,576.46
25518,11408,457,3,9921.34
25519,6216,33,4,968.15
25520,13972,149,5,938.71
25521,6337,300,2,1815.98
25522,14310,414,3,8456.47
25523,10863,117,1,3613.97
25524,8018,24,5,8996.96
25525,12556,348,4,3047.9
25526,6339,296,4,3030.48
25527,6791,84,1,8556.86
25528,2091,101,1,6090.24
25529,6182,111,1,5010.75
25530,9041,38,3,4667.15
25531,14168,400,5,8624.0
25532,13372,332,3,2539.39
25533,7085,335,4,1115.92
25534,8446,131,5,884.97
25535,14192,30,3,7899.0
25536,4966,458,3,1066.87
25537,11265,388,4,5482.96
25538,4627,238,4,8127.0
25539,5279,273,3,6942.27
25540,5455,368,1,1767.74
25541,13065,76,5,704.92
25542,9073,292,2,6604.75
25543,11483,39,3,3738.32
25544,7590,365,1,1850.05
25545,1701,445,3,4601.52
25546,8677,387,1,7256.07
25547,9313,335,1,1115.92
25548,799,138,5,9993.87
25549,3407,173,5,3149.12
25550,4229,26,3,482.02
25551,10090,98,3,4922.59
25552,6740,400,5,8624.0
25553,9158,24,3,8996.96
25554,12831,471,5,3581.14
25555,7451,65,4,7934.0
25556,7879,72,1,879.52
25557,1042,225,1,1137.36
25558,2902,286,5,8835.5
25559,12192,312,3,7979.12
25560,12536,452,4,7515.99
25561,2256,281,2,2968.82
25562,3701,68,3,4687.17
25563,8279,126,3,2937.97
25564,5649,130,4,2180.26
25565,8372,366,1,3897.58
25566,14212,419,3,2984.31
25567,11190,336,5,7047.79
25568,5137,104,2,4430.26
25569,12384,59,4,3468.76
25570,1545,220,4,4181.4
25571,3616,62,3,2223.61
25572,5421,432,4,226.39
25573,6826,328,1,8910.25
25574,1418,281,1,2968.82
25575,4434,61,5,1207.44
25576,2667,395,3,5403.61
25577,10820,413,1,202.63
25578,7584,311,3,7839.59
25579,3472,212,4,1848.43
25580,7129,491,1,7055.9
25581,8071,441,3,2052.86
25582,2262,404,3,3218.34
25583,13688,356,4,2763.96
25584,8414,421,4,8508.99
25585,8145,176,1,8922.31
25586,12825,470,1,7905.83
25587,14600,57,2,6056.87
25588,13602,293,2,8242.9
25589,8877,325,5,4799.01
25590,9895,198,2,946.71
25591,13803,493,1,5685.39
25592,13115,400,1,8624.0
25593,3032,437,4,3675.25
25594,4709,28,3,966.94
25595,11746,251,3,2903.35
25596,13766,282,2,6977.05
25597,12593,215,3,5828.57
25598,4487,472,1,8162.55
25599,4517,325,3,4799.01
25600,11736,444,2,7201.79
25601,4782,298,1,8878.51
25602,11111,500,4,9839.38
25603,9817,478,3,6425.58
25604,644,466,5,2173.99
25605,11200,424,5,9131.51
25606,10005,82,1,6679.0
25607,7081,110,1,1178.02
25608,13446,285,1,3933.55
25609,3033,209,5,9837.59
25610,4604,106,4,6259.39
25611,1730,479,2,9565.21
25612,8631,168,4,1657.22
25613,14100,382,5,2606.69
25614,4358,35,4,1741.5
25615,4214,440,4,1392.66
25616,8343,234,1,5838.32
25617,13580,275,3,8842.88
25618,13469,316,3,5796.51
25619,6381,381,3,3904.17
25620,11525,161,4,8407.44
25621,5830,449,2,7816.26
25622,542,212,1,1848.43
25623,9158,493,3,5685.39
25624,2337,107,2,1494.13
25625,7269,406,3,5823.84
25626,5572,365,2,1850.05
25627,11682,77,2,7226.24
25628,6025,399,5,5584.71
25629,6093,153,2,8748.36
25630,2694,313,1,4182.64
25631,6874,471,5,3581.14
25632,14071,278,1,8996.64
25633,9632,119,5,3230.43
25634,3738,2,1,732.43
25635,14798,430,1,5913.18
25636,7934,161,4,8407.44
25637,1685,333,1,3312.61
25638,11208,195,4,3311.18
25639,4133,348,1,3047.9
25640,13714,169,1,1462.57
25641,3244,474,2,6301.48
25642,11929,390,3,1940.5
25643,7395,267,4,9197.24
25644,7841,104,2,4430.26
25645,2917,186,4,7246.03
25646,418,493,2,5685.39
25647,12660,412,1,6068.19
25648,8318,325,2,4799.01
25649,5726,12,4,3492.99
25650,4592,134,5,5480.33
25651,4332,35,4,1741.5
25652,10212,368,4,1767.74
25653,108,3,3,6914.47
25654,5655,18,5,1342.37
25655,7728,449,5,7816.26
25656,14131,7,3,6834.18
25657,12683,322,4,6758.75
25658,1902,81,3,3619.81
25659,7203,347,1,5876.24
25660,13587,441,4,2052.86
25661,2376,180,1,7937.75
25662,14904,357,4,6115.84
25663,9303,1,2,6315.21
25664,225,32,3,5922.14
25665,1066,11,4,1837.72
25666,8063,367,4,2146.49
25667,14655,11,2,1837.72
25668,14848,85,1,2064.18
25669,1229,428,4,1211.53
25670,11332,301,5,9862.65
25671,412,343,3,3581.46
25672,12118,406,2,5823.84
25673,7938,281,3,2968.82
25674,12846,492,3,9608.88
25675,4627,49,1,7978.95
25676,1161,438,2,9206.62
25677,14940,305,3,4723.38
25678,2559,210,3,4078.3
25679,14674,107,1,1494.13
25680,9154,23,5,1685.18
25681,6603,91,5,7135.75
25682,1370,121,2,4637.39
25683,13201,182,5,576.46
25684,4135,320,1,7113.73
25685,14934,213,2,3800.6
25686,13631,175,1,8623.47
25687,416,299,5,4929.48
25688,6080,203,2,8511.61
25689,9607,251,1,2903.35
25690,14375,34,5,4719.44
25691,13606,83,5,9659.08
25692,14128,383,4,5157.46
25693,9739,442,5,722.71
25694,4385,463,2,7898.4
25695,9116,327,2,9601.35
25696,6681,410,3,9139.34
25697,13190,127,5,5911.04
25698,11896,461,3,798.26
25699,12441,384,4,7551.73
25700,4289,25,1,7621.45
25701,240,481,5,4000.0
25702,7400,168,2,1657.22
25703,6253,466,3,2173.99
25704,6859,209,2,9837.59
25705,5425,377,3,9039.51
25706,2891,95,2,3387.4
25707,13487,321,4,9739.1
25708,10283,272,3,4556.48
25709,4964,183,5,5880.7
25710,8576,307,3,4019.4
25711,4376,30,2,7899.0
25712,990,448,2,5383.01
25713,7752,227,3,5782.67
25714,8795,252,3,4660.57
25715,9071,184,4,3270.76
25716,2474,204,4,5285.57
25717,5697,175,2,8623.47
25718,4826,389,3,3380.61
25719,6859,245,4,8611.56
25720,6342,114,3,3570.81
25721,1249,377,1,9039.51
25722,13915,327,3,9601.35
25723,8864,381,5,3904.17
25724,2250,276,5,2146.27
25725,1217,18,1,1342.37
25726,6583,270,1,3515.69
25727,5258,147,3,8276.67
25728,771,111,4,5010.75
25729,12130,377,5,9039.51
25730,11912,274,5,9374.58
25731,10523,186,5,7246.03
25732,1324,417,4,1315.86
25733,3353,402,3,2303.92
25734,9587,285,5,3933.55
25735,14008,442,5,722.71
25736,9505,259,1,6946.2
25737,9083,262,5,6965.43
25738,3729,235,5,8300.53
25739,5886,247,5,1511.4
25740,602,167,1,4172.77
25741,7747,18,3,1342.37
25742,2856,37,5,5308.22
25743,1815,453,4,4809.05
25744,653,136,4,5846.66
25745,9449,159,1,1801.45
25746,7659,351,3,5555.13
25747,6587,38,1,4667.15
25748,682,405,5,3026.74
25749,2717,100,1,9593.58
25750,1474,88,4,8219.74
25751,3,229,5,1133.55
25752,9969,183,1,5880.7
25753,11379,335,2,1115.92
25754,11220,330,4,9882.58
25755,4120,497,1,4248.99
25756,282,90,5,7785.19
25757,2999,354,3,7095.06
25758,1540,362,2,9726.31
25759,1202,460,1,4289.39
25760,1988,144,1,1912.27
25761,2571,197,3,6070.18
25762,12581,244,5,1081.56
25763,8990,204,4,5285.57
25764,8515,441,4,2052.86
25765,2828,231,1,1578.47
25766,4993,499,2,3186.27
25767,12282,56,4,7342.67
25768,4899,31,1,5680.54
25769,2858,239,4,1994.61
25770,5796,256,3,8632.64
25771,7904,413,2,202.63
25772,2852,263,5,2663.77
25773,4065,23,1,1685.18
25774,7815,384,1,7551.73
25775,2366,307,5,4019.4
25776,12426,420,1,968.02
25777,4831,322,2,6758.75
25778,212,403,4,4023.58
25779,13271,371,4,2310.72
25780,1323,293,2,8242.9
25781,10193,162,2,9785.74
25782,1718,216,4,3464.18
25783,4627,85,3,2064.18
25784,9816,77,4,7226.24
25785,12929,392,5,557.07
25786,3158,133,4,418.13
25787,7253,332,1,2539.39
25788,425,348,2,3047.9
25789,2384,240,4,9176.21
25790,14297,186,5,7246.03
25791,5005,288,2,6906.22
25792,2828,112,4,8874.43
25793,882,294,3,1759.3
25794,913,252,4,4660.57
25795,1027,396,4,8634.83
25796,3780,100,2,9593.58
25797,10381,389,2,3380.61
25798,10998,244,3,1081.56
25799,6947,133,2,418.13
25800,341,128,4,1686.89
25801,6897,121,2,4637.39
25802,12389,468,4,4653.8
25803,1079,364,1,9723.49
25804,7479,28,2,966.94
25805,7867,96,5,2678.45
25806,9585,110,4,1178.02
25807,9072,1,4,6315.21
25808,13578,135,3,5819.88
25809,803,360,3,8818.48
25810,7577,286,2,8835.5
25811,13747,44,5,3917.55
25812,6018,115,1,8618.7
25813,5158,15,4,3870.03
25814,3652,4,1,1038.64
25815,10302,173,5,3149.12
25816,10677,119,1,3230.43
25817,11094,96,2,2678.45
25818,13513,279,2,5378.36
25819,4759,295,2,8795.72
25820,5145,321,2,9739.1
25821,5972,20,3,5418.04
25822,658,361,5,5463.67
25823,11903,315,1,7046.48
25824,8105,439,4,3081.57
25825,8148,280,5,7595.69
25826,11528,14,5,7643.58
25827,11923,182,4,576.46
25828,8594,288,4,6906.22
25829,7961,170,2,2257.83
25830,2790,210,2,4078.3
25831,9220,473,1,4297.32
25832,13793,458,1,1066.87
25833,10994,232,5,3261.51
25834,5645,423,4,5539.86
25835,12319,441,3,2052.86
25836,2922,240,4,9176.21
25837,7940,34,5,4719.44
25838,10392,403,2,4023.58
25839,3006,267,3,9197.24
25840,11249,411,1,1314.33
25841,638,491,2,7055.9
25842,11700,274,2,9374.58
25843,14327,416,3,6564.11
25844,11944,59,3,3468.76
25845,8191,491,1,7055.9
25846,9738,413,1,202.63
25847,6378,144,4,1912.27
25848,14018,306,3,9402.04
25849,6196,299,4,4929.48
25850,4166,201,5,7769.45
25851,4320,170,3,2257.83
25852,8198,460,4,4289.39
25853,2748,262,3,6965.43
25854,1442,480,1,5205.62
25855,10717,20,3,5418.04
25856,12877,131,1,884.97
25857,7017,127,1,5911.04
25858,12189,318,2,1060.93
25859,14953,188,2,5330.51
25860,10643,408,1,8941.62
25861,2509,483,1,9066.19
25862,11136,206,1,2172.19
25863,13457,136,2,5846.66
25864,4675,331,4,1285.58
25865,11419,153,3,8748.36
25866,2423,7,2,6834.18
25867,8500,60,5,8583.96
25868,10222,201,3,7769.45
25869,3500,152,1,9565.43
25870,12675,165,4,5790.97
25871,395,327,4,9601.35
25872,2245,137,1,2848.21
25873,11085,22,4,1658.35
25874,4307,457,5,9921.34
25875,8829,497,2,4248.99
25876,4699,324,3,2208.08
25877,7890,478,5,6425.58
25878,12727,382,1,2606.69
25879,889,497,4,4248.99
25880,436,153,2,8748.36
25881,4176,378,4,3236.96
25882,9212,14,2,7643.58
25883,3953,70,5,8962.34
25884,13789,269,5,1141.26
25885,6065,210,5,4078.3
25886,5447,200,5,2884.6
25887,1401,387,2,7256.07
25888,13525,335,3,1115.92
25889,183,96,5,2678.45
25890,9378,49,2,7978.95
25891,9945,199,4,8014.84
25892,14638,494,3,3573.94
25893,6126,117,1,3613.97
25894,2789,123,5,4560.68
25895,660,482,3,6578.94
25896,2154,320,5,7113.73
25897,13453,330,4,9882.58
25898,12698,239,4,1994.61
25899,2978,27,5,6600.12
25900,11093,479,5,9565.21
25901,12169,8,1,6565.53
25902,3698,255,4,8283.02
25903,4190,218,5,2942.56
25904,4742,220,4,4181.4
25905,5720,200,4,2884.6
25906,8704,172,1,8002.21
25907,12843,41,4,6972.61
25908,1439,205,4,4022.8
25909,13518,210,5,4078.3
25910,3111,184,4,3270.76
25911,2422,246,3,6536.29
25912,6749,27,4,6600.12
25913,13667,57,3,6056.87
25914,2657,160,3,451.76
25915,3814,12,2,3492.99
25916,8274,294,1,1759.3
25917,3706,31,5,5680.54
25918,3916,160,2,451.76
25919,8917,340,5,3757.64
25920,4571,346,4,5073.33
25921,2321,445,4,4601.52
25922,8758,486,2,9524.97
25923,6367,393,1,9148.93
25924,4067,172,1,8002.21
25925,4871,211,5,9357.68
25926,7190,11,1,1837.72
25927,11116,177,2,1840.37
25928,13900,146,1,4918.85
25929,9676,147,3,8276.67
25930,7192,482,1,6578.94
25931,222,482,2,6578.94
25932,7425,6,5,2683.41
25933,7562,233,3,4748.37
25934,10740,476,5,7708.58
25935,5986,323,2,1809.66
25936,11497,138,5,9993.87
25937,7401,369,4,8266.36
25938,4388,167,5,4172.77
25939,14241,110,2,1178.02
25940,10952,232,4,3261.51
25941,3285,403,5,4023.58
25942,9044,166,1,5626.74
25943,8807,306,3,9402.04
25944,1465,330,3,9882.58
25945,5592,65,1,7934.0
25946,10212,81,2,3619.81
25947,11602,41,5,6972.61
25948,13537,474,5,6301.48
25949,6676,62,1,2223.61
25950,6824,487,2,6550.82
25951,178,389,5,3380.61
25952,1869,67,2,9629.35
25953,6573,245,4,8611.56
25954,12866,489,5,3207.62
25955,9080,18,3,1342.37
25956,6606,215,3,5828.57
25957,14215,139,3,8246.2
25958,2444,375,4,6848.53
25959,1582,23,2,1685.18
25960,10482,342,2,6063.95
25961,8987,205,1,4022.8
25962,559,250,3,9260.34
25963,10885,317,1,9246.11
25964,9045,259,5,6946.2
25965,14359,313,4,4182.64
25966,13806,319,2,3953.51
25967,4891,302,4,256.64
25968,11110,171,3,9757.17
25969,11139,250,4,9260.34
25970,7621,292,5,6604.75
25971,4078,373,2,5173.76
25972,7010,296,3,3030.48
25973,770,8,4,6565.53
25974,4124,169,3,1462.57
25975,12261,494,1,3573.94
25976,7517,65,4,7934.0
25977,10605,250,1,9260.34
25978,6929,379,1,6490.64
25979,571,412,1,6068.19
25980,9410,296,3,3030.48
25981,13536,177,4,1840.37
25982,1097,321,1,9739.1
25983,1833,26,1,482.02
25984,9020,124,2,8055.13
25985,8631,434,4,3167.56
25986,10208,311,5,7839.59
25987,9596,321,2,9739.1
25988,7543,488,2,6635.81
25989,8955,133,1,418.13
25990,8748,211,5,9357.68
25991,3233,62,2,2223.61
25992,9596,235,2,8300.53
25993,13939,121,3,4637.39
25994,9418,412,5,6068.19
25995,10829,291,5,5087.5
25996,6811,204,1,5285.57
25997,3521,494,2,3573.94
25998,2262,438,2,9206.62
25999,13595,55,1,4706.61
26000,1014,46,5,8792.03
26001,12382,14,1,7643.58
26002,4397,258,4,9737.13
26003,13039,96,3,2678.45
26004,2825,335,2,1115.92
26005,10055,371,5,2310.72
26006,838,447,2,2000.99
26007,1445,73,1,9210.64
26008,13790,352,2,4584.87
26009,9945,66,5,6722.57
26010,590,437,1,3675.25
26011,11033,67,4,9629.35
26012,11412,413,1,202.63
26013,10914,215,4,5828.57
26014,14957,426,1,3257.04
26015,5470,202,1,9011.14
26016,4648,498,3,6884.43
26017,9324,86,1,4357.67
26018,11485,486,3,9524.97
26019,10788,110,4,1178.02
26020,13229,243,1,3831.51
26021,4830,19,3,5022.81
26022,1253,492,4,9608.88
26023,7915,450,4,6116.29
26024,459,212,1,1848.43
26025,11933,283,2,5067.19
26026,7228,419,4,2984.31
26027,13904,345,3,7840.69
26028,1683,372,5,1234.45
26029,5706,273,1,6942.27
26030,8566,411,1,1314.33
26031,7277,80,3,7702.5
26032,14045,355,3,8627.33
26033,11956,333,2,3312.61
26034,14085,166,5,5626.74
26035,4760,245,1,8611.56
26036,10566,26,3,482.02
26037,8326,44,2,3917.55
26038,3411,400,3,8624.0
26039,1945,10,1,395.33
26040,13955,311,3,7839.59
26041,6125,380,4,4507.23
26042,11983,264,1,9277.81
26043,12375,162,5,9785.74
26044,5305,100,2,9593.58
26045,5204,484,2,322.48
26046,2034,76,2,704.92
26047,3256,408,3,8941.62
26048,2339,344,3,4696.35
26049,5764,273,5,6942.27
26050,10736,402,4,2303.92
26051,14810,425,5,3696.53
26052,11820,128,2,1686.89
26053,4482,456,2,8200.2
26054,13864,309,2,6463.56
26055,4709,468,1,4653.8
26056,11189,153,3,8748.36
26057,8865,100,2,9593.58
26058,14113,3,4,6914.47
26059,4551,76,5,704.92
26060,3548,422,4,9215.56
26061,3269,52,1,8643.0
26062,3327,336,2,7047.79
26063,8824,483,2,9066.19
26064,14531,375,1,6848.53
26065,4831,450,5,6116.29
26066,8108,323,2,1809.66
26067,13326,156,3,7160.7
26068,3846,301,2,9862.65
26069,14022,113,5,9827.8
26070,3207,464,5,8934.52
26071,7358,422,2,9215.56
26072,11118,100,3,9593.58
26073,3290,179,3,748.02
26074,14372,475,1,4830.58
26075,13460,240,2,9176.21
26076,3582,459,1,1906.15
26077,324,65,3,7934.0
26078,11540,106,5,6259.39
26079,4140,138,3,9993.87
26080,3974,74,5,199.13
26081,10274,109,4,796.13
26082,8899,350,1,2158.61
26083,7444,50,2,9478.54
26084,386,329,3,1250.04
26085,5260,324,1,2208.08
26086,3784,480,3,5205.62
26087,10667,355,5,8627.33
26088,1203,414,5,8456.47
26089,7076,476,2,7708.58
26090,5748,468,5,4653.8
26091,12752,156,4,7160.7
26092,3211,406,2,5823.84
26093,6342,196,4,3830.25
26094,13528,353,2,3759.57
26095,5964,451,5,5360.01
26096,13506,58,5,7243.02
26097,2358,425,4,3696.53
26098,14517,169,1,1462.57
26099,1413,33,2,968.15
26100,9325,135,4,5819.88
26101,375,89,5,2158.02
26102,4793,283,5,5067.19
26103,2414,377,4,9039.51
26104,13247,166,3,5626.74
26105,9450,369,5,8266.36
26106,7328,259,5,6946.2
26107,1220,168,5,1657.22
26108,659,66,1,6722.57
26109,9058,150,4,5507.66
26110,842,216,3,3464.18
26111,8857,181,5,5638.45
26112,13385,115,5,8618.7
26113,7731,358,5,3041.52
26114,14519,411,5,1314.33
26115,11058,475,4,4830.58
26116,1424,44,5,3917.55
26117,12640,135,1,5819.88
26118,14285,33,3,968.15
26119,13268,394,1,6388.25
26120,14729,140,2,621.76
26121,2589,6,1,2683.41
26122,2911,99,1,7770.51
26123,7941,290,2,1424.2
26124,13949,47,5,6387.23
26125,1752,447,4,2000.99
26126,1304,464,1,8934.52
26127,6510,312,2,7979.12
26128,13122,193,3,1281.1
26129,7022,358,2,3041.52
26130,1983,60,3,8583.96
26131,6834,295,2,8795.72
26132,4541,66,3,6722.57
26133,14570,419,1,2984.31
26134,3420,454,5,3126.41
26135,12567,190,2,1021.97
26136,13957,2,2,732.43
26137,7707,499,2,3186.27
26138,825,225,5,1137.36
26139,5580,78,4,3697.4
26140,5706,326,5,8400.33
26141,5024,466,5,2173.99
26142,10720,471,2,3581.14
26143,9466,21,2,9286.01
26144,3967,452,4,7515.99
26145,12381,479,5,9565.21
26146,9451,53,1,7460.59
26147,179,118,3,8743.3
26148,7049,305,5,4723.38
26149,880,355,1,8627.33
26150,1633,11,2,1837.72
26151,35,72,1,879.52
26152,4090,407,1,5006.35
26153,2485,301,2,9862.65
26154,2318,64,3,3923.84
26155,14312,145,2,6422.41
26156,4313,280,1,7595.69
26157,6062,220,3,4181.4
26158,6480,318,3,1060.93
26159,6057,54,5,7895.72
26160,1979,167,5,4172.77
26161,8718,430,5,5913.18
26162,3969,277,2,2568.61
26163,11967,240,2,9176.21
26164,5799,253,1,6781.48
26165,821,389,5,3380.61
26166,6313,31,3,5680.54
26167,6636,102,3,9476.14
26168,8861,149,3,938.71
26169,955,207,2,4423.45
26170,2329,423,4,5539.86
26171,12743,170,5,2257.83
26172,11618,289,3,6753.34
26173,4076,64,4,3923.84
26174,13897,89,4,2158.02
26175,13469,179,4,748.02
26176,8782,47,4,6387.23
26177,13914,332,2,2539.39
26178,1185,331,2,1285.58
26179,1849,141,4,1098.86
26180,13399,138,1,9993.87
26181,12647,31,3,5680.54
26182,14444,416,4,6564.11
26183,672,102,5,9476.14
26184,14160,267,3,9197.24
26185,6659,12,2,3492.99
26186,9989,151,4,8809.81
26187,5810,208,4,8638.99
26188,10743,191,5,647.57
26189,13492,168,2,1657.22
26190,7768,336,2,7047.79
26191,12971,397,1,5628.09
26192,14841,305,2,4723.38
26193,3579,218,2,2942.56
26194,10911,287,2,200.71
26195,12773,269,1,1141.26
26196,5181,148,2,6826.23
26197,1949,307,3,4019.4
26198,7022,254,4,8610.26
26199,1937,224,3,3104.98
26200,521,450,3,6116.29
26201,7760,199,5,8014.84
26202,8474,381,5,3904.17
26203,8277,23,4,1685.18
26204,11075,465,2,9276.0
26205,12637,284,5,9324.98
26206,5927,323,3,1809.66
26207,2343,397,4,5628.09
26208,14250,294,5,1759.3
26209,2259,142,4,6545.75
26210,6034,173,2,3149.12
26211,6286,117,1,3613.97
26212,1980,111,3,5010.75
26213,11024,440,3,1392.66
26214,6626,459,4,1906.15
26215,3626,23,1,1685.18
26216,1019,286,3,8835.5
26217,12216,57,5,6056.87
26218,2111,389,2,3380.61
26219,9711,76,4,704.92
26220,80,133,3,418.13
26221,13710,27,4,6600.12
26222,1328,260,4,4925.88
26223,6005,9,5,9075.61
26224,656,471,2,3581.14
26225,14354,468,5,4653.8
26226,11353,175,4,8623.47
26227,13150,113,1,9827.8
26228,8243,486,2,9524.97
26229,13003,229,1,1133.55
26230,174,447,4,2000.99
26231,3832,3,1,6914.47
26232,1789,355,5,8627.33
26233,551,335,2,1115.92
26234,7902,78,4,3697.4
26235,8043,244,4,1081.56
26236,8167,184,5,3270.76
26237,10607,412,2,6068.19
26238,8833,278,4,8996.64
26239,13009,151,2,8809.81
26240,11118,101,5,6090.24
26241,2026,139,2,8246.2
26242,2412,103,2,4032.63
26243,5740,4,2,1038.64
26244,10632,470,4,7905.83
26245,8519,397,1,5628.09
26246,2691,339,1,9584.08
26247,3295,302,3,256.64
26248,11384,333,3,3312.61
26249,7921,232,5,3261.51
26250,11859,212,4,1848.43
26251,7601,2,1,732.43
26252,7954,398,2,4962.95
26253,7727,283,5,5067.19
26254,13156,37,5,5308.22
26255,10780,191,1,647.57
26256,6032,109,4,796.13
26257,1394,275,5,8842.88
26258,8548,191,2,647.57
26259,5273,370,4,8466.61
26260,7326,292,2,6604.75
26261,1659,209,3,9837.59
26262,7627,295,3,8795.72
26263,11804,80,1,7702.5
26264,3353,146,3,4918.85
26265,11025,296,3,3030.48
26266,2778,265,2,6606.49
26267,233,465,3,9276.0
26268,14809,385,2,9715.08
26269,2057,186,1,7246.03
26270,2082,486,3,9524.97
26271,10532,293,3,8242.9
26272,2870,430,5,5913.18
26273,5198,44,4,3917.55
26274,13875,425,1,3696.53
26275,5646,61,2,1207.44
26276,3233,430,5,5913.18
26277,6706,435,4,9744.01
26278,9879,291,4,5087.5
26279,8079,20,3,5418.04
26280,6809,288,1,6906.22
26281,12858,123,2,4560.68
26282,14749,68,1,4687.17
26283,10742,217,2,9900.58
26284,11554,159,1,1801.45
26285,12393,231,5,1578.47
26286,3156,68,2,4687.17
26287,1052,111,2,5010.75
26288,12336,315,2,7046.48
26289,1066,397,1,5628.09
26290,4046,497,2,4248.99
26291,7565,129,5,6571.12
26292,4348,366,2,3897.58
26293,5343,25,2,7621.45
26294,14038,450,4,6116.29
26295,7822,403,4,4023.58
26296,9242,222,2,9786.82
26297,9792,390,5,1940.5
26298,5319,172,5,8002.21
26299,2527,148,2,6826.23
26300,6126,59,5,3468.76
26301,2512,174,2,7399.81
26302,13525,8,1,6565.53
26303,12635,412,1,6068.19
26304,12642,278,5,8996.64
26305,11477,41,1,6972.61
26306,11388,341,1,6881.86
26307,12121,365,4,1850.05
26308,12059,55,2,4706.61
26309,10594,280,4,7595.69
26310,2887,230,4,2678.09
26311,12195,282,4,6977.05
26312,4515,495,3,6702.94
26313,2051,317,5,9246.11
26314,3233,333,5,3312.61
26315,4604,203,5,8511.61
26316,10053,54,2,7895.72
26317,2326,221,3,3345.21
26318,2788,445,3,4601.52
26319,6003,36,2,5763.51
26320,2126,321,1,9739.1
26321,11518,303,3,9299.69
26322,7651,320,4,7113.73
26323,10966,28,5,966.94
26324,2892,115,4,8618.7
26325,6979,324,2,2208.08
26326,6163,153,1,8748.36
26327,14035,105,5,328.39
26328,206,475,1,4830.58
26329,11028,319,5,3953.51
26330,13214,216,2,3464.18
26331,1678,110,2,1178.02
26332,6392,201,3,7769.45
26333,13142,71,3,1415.95
26334,14767,466,3,2173.99
26335,10020,467,4,2506.92
26336,3867,136,2,5846.66
26337,3850,347,5,5876.24
26338,8313,490,4,1232.7
26339,9573,179,4,748.02
26340,11382,136,1,5846.66
26341,13694,119,5,3230.43
26342,4725,228,2,604.91
26343,1198,483,5,9066.19
26344,1738,459,3,1906.15
26345,8182,287,2,200.71
26346,13878,131,3,884.97
26347,4180,424,4,9131.51
26348,13051,54,3,7895.72
26349,4465,227,3,5782.67
26350,9402,288,5,6906.22
26351,8865,6,4,2683.41
26352,8485,480,1,5205.62
26353,1473,121,3,4637.39
26354,590,396,5,8634.83
26355,1508,259,4,6946.2
26356,13345,308,5,3248.37
26357,1430,19,2,5022.81
26358,1672,228,1,604.91
26359,4965,493,5,5685.39
26360,3736,151,3,8809.81
26361,1716,61,3,1207.44
26362,12356,316,2,5796.51
26363,7429,483,4,9066.19
26364,3539,157,3,7290.81
26365,7280,327,5,9601.35
26366,6740,475,2,4830.58
26367,2824,482,1,6578.94
26368,5472,223,2,6357.32
26369,14418,98,4,4922.59
26370,10244,162,4,9785.74
26371,9276,124,1,8055.13
26372,11226,110,5,1178.02
26373,11875,9,4,9075.61
26374,6770,482,1,6578.94
26375,2017,456,1,8200.2
26376,670,477,3,9150.54
26377,9963,267,4,9197.24
26378,1754,52,3,8643.0
26379,14599,154,5,7802.63
26380,4477,126,3,2937.97
26381,1830,196,1,3830.25
26382,7836,339,5,9584.08
26383,7680,379,3,6490.64
26384,1238,55,5,4706.61
26385,1993,126,3,2937.97
26386,11370,194,4,1359.67
26387,1309,292,1,6604.75
26388,9030,137,1,2848.21
26389,11543,489,1,3207.62
26390,13186,484,5,322.48
26391,7381,384,4,7551.73
26392,9355,88,2,8219.74
26393,8033,401,2,276.76
26394,5323,442,3,722.71
26395,306,168,3,1657.22
26396,10586,317,3,9246.11
26397,2120,153,2,8748.36
26398,14494,356,1,2763.96
26399,5898,220,1,4181.4
26400,10310,400,2,8624.0
26401,11320,419,2,2984.31
26402,9804,433,1,3027.9
26403,9067,139,1,8246.2
26404,4891,258,5,9737.13
26405,1482,483,5,9066.19
26406,7234,344,3,4696.35
26407,13589,478,1,6425.58
26408,3259,120,5,8117.66
26409,688,185,1,9608.72
26410,1859,190,3,1021.97
26411,14917,440,1,1392.66
26412,11493,211,3,9357.68
26413,9258,144,1,1912.27
26414,13565,462,3,9857.56
26415,2016,71,4,1415.95
26416,7113,303,2,9299.69
26417,12225,55,2,4706.61
26418,4226,311,5,7839.59
26419,6469,271,1,9644.3
26420,2200,85,5,2064.18
26421,4992,426,2,3257.04
26422,2478,385,1,9715.08
26423,2093,90,3,7785.19
26424,13839,384,1,7551.73
26425,930,404,2,3218.34
26426,4210,33,5,968.15
26427,190,330,4,9882.58
26428,13689,183,5,5880.7
26429,8324,212,2,1848.43
26430,11375,195,3,3311.18
26431,1671,282,1,6977.05
26432,1209,190,5,1021.97
26433,13239,122,4,8180.09
26434,303,331,4,1285.58
26435,1104,88,5,8219.74
26436,14908,91,2,7135.75
26437,13222,108,4,1734.18
26438,4154,226,1,2025.32
26439,4497,317,2,9246.11
26440,10585,395,5,5403.61
26441,7093,304,4,466.87
26442,359,84,1,8556.86
26443,1212,117,3,3613.97
26444,7133,157,3,7290.81
26445,1506,186,2,7246.03
26446,3603,36,1,5763.51
26447,7804,107,2,1494.13
26448,4344,24,5,8996.96
26449,8945,399,4,5584.71
26450,12226,308,1,3248.37
26451,10766,84,2,8556.86
26452,2083,450,5,6116.29
26453,538,29,5,3941.11
26454,175,96,2,2678.45
26455,14257,457,3,9921.34
26456,12919,55,1,4706.61
26457,1173,289,5,6753.34
26458,7934,249,3,745.94
26459,3279,34,4,4719.44
26460,5951,325,1,4799.01
26461,8955,254,5,8610.26
26462,13607,334,3,7620.87
26463,5854,166,1,5626.74
26464,4314,306,3,9402.04
26465,5826,329,1,1250.04
26466,2772,355,2,8627.33
26467,6299,382,3,2606.69
26468,6406,160,3,451.76
26469,2854,127,1,5911.04
26470,13651,123,1,4560.68
26471,5111,8,3,6565.53
26472,7225,50,2,9478.54
26473,4676,49,4,7978.95
26474,7444,126,1,2937.97
26475,11521,152,3,9565.43
26476,13310,107,1,1494.13
26477,12791,19,3,5022.81
26478,56,427,2,3259.85
26479,2983,429,5,4716.21
26480,9324,42,4,4497.14
26481,9538,457,1,9921.34
26482,9220,442,2,722.71
26483,579,272,1,4556.48
26484,2147,169,3,1462.57
26485,8763,332,5,2539.39
26486,8894,25,2,7621.45
26487,3887,284,3,9324.98
26488,1587,218,4,2942.56
26489,11824,325,1,4799.01
26490,8417,282,4,6977.05
26491,9985,160,1,451.76
26492,14508,491,5,7055.9
26493,12088,378,5,3236.96
26494,1031,56,4,7342.67
26495,581,39,2,3738.32
26496,417,261,1,980.67
26497,14332,493,2,5685.39
26498,6676,204,1,5285.57
26499,12429,155,3,5690.41
26500,4621,111,3,5010.75
26501,4913,101,1,6090.24
26502,7039,440,3,1392.66
26503,11830,161,1,8407.44
26504,8203,489,1,3207.62
26505,7031,478,4,6425.58
26506,3058,24,2,8996.96
26507,2554,352,3,4584.87
26508,1660,372,2,1234.45
26509,2227,318,3,1060.93
26510,14243,67,5,9629.35
26511,13792,464,1,8934.52
26512,584,299,4,4929.48
26513,8747,274,5,9374.58
26514,3443,12,3,3492.99
26515,13001,147,5,8276.67
26516,13116,87,2,2322.38
26517,218,146,2,4918.85
26518,14377,397,5,5628.09
26519,14874,324,1,2208.08
26520,12192,426,4,3257.04
26521,3356,38,2,4667.15
26522,8928,287,3,200.71
26523,1705,338,3,9668.48
26524,5077,368,2,1767.74
26525,5103,211,5,9357.68
26526,839,276,3,2146.27
26527,926,154,3,7802.63
26528,639,389,1,3380.61
26529,13651,390,2,1940.5
26530,14578,118,3,8743.3
26531,14781,105,4,328.39
26532,9187,177,2,1840.37
26533,1888,302,4,256.64
26534,6720,183,5,5880.7
26535,771,490,3,1232.7
26536,5557,379,5,6490.64
26537,2831,329,5,1250.04
26538,285,65,1,7934.0
26539,2521,319,3,3953.51
26540,14366,363,1,6816.26
26541,8134,114,2,3570.81
26542,6864,376,5,258.42
26543,340,410,1,9139.34
26544,203,240,2,9176.21
26545,7475,105,2,328.39
26546,14806,474,4,6301.48
26547,12318,267,1,9197.24
26548,5104,395,1,5403.61
26549,12161,126,2,2937.97
26550,13026,283,5,5067.19
26551,2804,403,5,4023.58
26552,14094,87,3,2322.38
26553,1122,462,1,9857.56
26554,1131,242,4,7663.19
26555,1232,487,3,6550.82
26556,1006,62,2,2223.61
26557,5059,48,5,1838.87
26558,13762,396,1,8634.83
26559,7091,421,1,8508.99
26560,9423,308,1,3248.37
26561,2527,262,2,6965.43
26562,14317,408,2,8941.62
26563,8886,326,1,8400.33
26564,710,174,1,7399.81
26565,7471,109,2,796.13
26566,2752,243,1,3831.51
26567,7241,240,4,9176.21
26568,10439,432,4,226.39
26569,2898,413,4,202.63
26570,12326,337,2,4035.25
26571,3791,182,4,576.46
26572,10076,240,4,9176.21
26573,3687,133,3,418.13
26574,11672,330,2,9882.58
26575,6109,110,2,1178.02
26576,1665,281,3,2968.82
26577,13077,38,4,4667.15
26578,9960,68,1,4687.17
26579,2266,385,2,9715.08
26580,5897,488,5,6635.81
26581,7270,227,2,5782.67
26582,5760,281,4,2968.82
26583,2683,247,1,1511.4
26584,4960,72,4,879.52
26585,6301,208,1,8638.99
26586,10888,386,1,3146.12
26587,4948,442,3,722.71
26588,6891,460,5,4289.39
26589,3822,250,1,9260.34
26590,6914,53,1,7460.59
26591,11938,325,3,4799.01
26592,1560,266,3,4135.03
26593,1603,479,2,9565.21
26594,3593,208,1,8638.99
26595,6760,219,2,6055.1
26596,3208,52,5,8643.0
26597,12829,259,2,6946.2
26598,9835,394,5,6388.25
26599,9575,356,5,2763.96
26600,10942,242,4,7663.19
26601,1742,174,4,7399.81
26602,3247,34,3,4719.44
26603,9622,74,1,199.13
26604,2990,27,3,6600.12
26605,5674,107,5,1494.13
26606,14958,32,4,5922.14
26607,11613,215,4,5828.57
26608,5465,138,5,9993.87
26609,8194,335,5,1115.92
26610,3904,315,2,7046.48
26611,12078,59,1,3468.76
26612,13788,389,4,3380.61
26613,7672,154,3,7802.63
26614,504,485,3,8787.67
26615,9467,101,3,6090.24
26616,10839,445,1,4601.52
26617,10993,73,1,9210.64
26618,1038,292,2,6604.75
26619,3048,218,2,2942.56
26620,12473,71,2,1415.95
26621,8492,161,5,8407.44
26622,4707,422,1,9215.56
26623,10243,451,1,5360.01
26624,835,367,4,2146.49
26625,12514,165,1,5790.97
26626,9658,426,4,3257.04
26627,7523,110,2,1178.02
26628,10791,156,2,7160.7
26629,12230,213,1,3800.6
26630,4852,42,4,4497.14
26631,11540,355,3,8627.33
26632,201,7,4,6834.18
26633,14500,59,4,3468.76
26634,2023,291,2,5087.5
26635,14416,93,1,2028.54
26636,316,20,3,5418.04
26637,4075,361,5,5463.67
26638,9263,200,5,2884.6
26639,3576,444,1,7201.79
26640,142,358,1,3041.52
26641,10415,285,1,3933.55
26642,2396,179,2,748.02
26643,748,320,4,7113.73
26644,9617,264,3,9277.81
26645,7075,197,3,6070.18
26646,9798,446,3,9142.99
26647,9898,473,4,4297.32
26648,5682,158,2,9478.85
26649,2759,99,4,7770.51
26650,14163,87,3,2322.38
26651,8743,88,4,8219.74
26652,9900,196,5,3830.25
26653,9974,352,4,4584.87
26654,1374,40,1,5521.2
26655,13633,237,4,5827.48
26656,11462,429,1,4716.21
26657,4560,458,2,1066.87
26658,5750,17,3,7305.81
26659,1935,188,4,5330.51
26660,10630,398,4,4962.95
26661,12387,43,2,3765.59
26662,10003,257,3,2683.93
26663,13130,337,4,4035.25
26664,10278,137,1,2848.21
26665,9046,143,5,5350.83
26666,10609,428,5,1211.53
26667,3751,126,4,2937.97
26668,12309,72,1,879.52
26669,3587,104,1,4430.26
26670,5948,326,4,8400.33
26671,11443,230,4,2678.09
26672,3367,357,2,6115.84
26673,9932,177,1,1840.37
26674,10619,129,3,6571.12
26675,14314,411,1,1314.33
26676,6392,406,3,5823.84
26677,3084,475,4,4830.58
26678,11013,490,5,1232.7
26679,12544,413,5,202.63
26680,11167,342,5,6063.95
26681,5103,283,4,5067.19
26682,499,498,1,6884.43
26683,10501,78,5,3697.4
26684,8554,224,5,3104.98
26685,2109,356,2,2763.96
26686,11738,330,1,9882.58
26687,12537,257,1,2683.93
26688,13528,125,5,2911.91
26689,8050,167,3,4172.77
26690,13588,11,5,1837.72
26691,2824,78,3,3697.4
26692,9497,422,1,9215.56
26693,11870,101,3,6090.24
26694,11736,235,2,8300.53
26695,2443,320,4,7113.73
26696,5517,343,3,3581.46
26697,6180,38,4,4667.15
26698,7261,144,3,1912.27
26699,12767,132,5,426.52
26700,129,286,3,8835.5
26701,14111,369,1,8266.36
26702,6743,294,4,1759.3
26703,2715,328,4,8910.25
26704,6769,62,3,2223.61
26705,4890,212,1,1848.43
26706,10924,362,3,9726.31
26707,13979,121,2,4637.39
26708,13441,475,1,4830.58
26709,243,425,2,3696.53
26710,5549,60,3,8583.96
26711,2315,76,3,704.92
26712,12860,252,2,4660.57
26713,9183,67,1,9629.35
26714,1910,204,3,5285.57
26715,8105,229,5,1133.55
26716,1872,414,3,8456.47
26717,13647,200,4,2884.6
26718,8437,458,5,1066.87
26719,427,48,1,1838.87
26720,145,131,4,884.97
26721,13668,488,4,6635.81
26722,10625,136,4,5846.66
26723,7342,365,5,1850.05
26724,6270,92,1,8797.95
26725,11250,68,4,4687.17
26726,6911,451,1,5360.01
26727,11591,185,3,9608.72
26728,6878,245,1,8611.56
26729,14180,484,3,322.48
26730,14040,104,2,4430.26
26731,9417,388,1,5482.96
26732,4853,219,5,6055.1
26733,2661,142,3,6545.75
26734,12483,445,1,4601.52
26735,2008,170,5,2257.83
26736,2291,213,5,3800.6
26737,9718,495,1,6702.94
26738,10420,292,3,6604.75
26739,2416,272,3,4556.48
26740,7357,52,4,8643.0
26741,6012,481,1,4000.0
26742,1797,24,4,8996.96
26743,790,446,3,9142.99
26744,10129,440,4,1392.66
26745,1672,330,2,9882.58
26746,9655,188,2,5330.51
26747,4200,241,3,9266.89
26748,6722,384,2,7551.73
26749,14238,172,1,8002.21
26750,11055,53,2,7460.59
26751,3415,157,4,7290.81
26752,6295,177,3,1840.37
26753,3178,499,1,3186.27
26754,14913,326,1,8400.33
26755,9095,255,5,8283.02
26756,13733,498,2,6884.43
26757,2666,398,3,4962.95
26758,1478,407,2,5006.35
26759,14063,491,5,7055.9
26760,9864,17,4,7305.81
26761,14162,388,3,5482.96
26762,1209,141,4,1098.86
26763,6707,362,5,9726.31
26764,9932,75,1,8352.41
26765,7430,63,3,5383.93
26766,8867,89,1,2158.02
26767,4845,209,4,9837.59
26768,8537,58,1,7243.02
26769,13245,129,4,6571.12
26770,6358,413,1,202.63
26771,3231,246,1,6536.29
26772,8548,168,1,1657.22
26773,1936,69,5,8226.4
26774,9172,120,1,8117.66
26775,5840,141,1,1098.86
26776,5691,69,2,8226.4
26777,2390,347,4,5876.24
26778,2605,58,1,7243.02
26779,8497,155,4,5690.41
26780,13211,148,4,6826.23
26781,2809,90,2,7785.19
26782,8721,215,3,5828.57
26783,9221,282,1,6977.05
26784,8393,435,3,9744.01
26785,9375,276,4,2146.27
26786,420,76,3,704.92
26787,11467,157,3,7290.81
26788,5255,425,2,3696.53
26789,110,188,2,5330.51
26790,14595,105,4,328.39
26791,4247,448,2,5383.01
26792,1819,222,2,9786.82
26793,11140,358,5,3041.52
26794,12292,103,1,4032.63
26795,771,333,2,3312.61
26796,6616,272,2,4556.48
26797,10316,465,4,9276.0
26798,8449,386,5,3146.12
26799,1712,493,4,5685.39
26800,7032,405,5,3026.74
26801,13141,194,4,1359.67
26802,2316,421,2,8508.99
26803,13658,150,3,5507.66
26804,10997,227,4,5782.67
26805,9834,288,1,6906.22
26806,12929,463,4,7898.4
26807,300,235,2,8300.53
26808,7434,444,3,7201.79
26809,493,492,4,9608.88
26810,6881,108,4,1734.18
26811,13249,493,5,5685.39
26812,4646,262,5,6965.43
26813,13476,110,1,1178.02
26814,4918,277,5,2568.61
26815,6365,207,2,4423.45
26816,4347,425,4,3696.53
26817,6191,431,1,7429.75
26818,4055,317,5,9246.11
26819,5372,386,2,3146.12
26820,11083,414,2,8456.47
26821,2195,479,3,9565.21
26822,14240,367,4,2146.49
26823,14199,301,2,9862.65
26824,2120,246,5,6536.29
26825,4181,285,5,3933.55
26826,2108,104,3,4430.26
26827,635,318,4,1060.93
26828,9015,213,5,3800.6
26829,10165,217,5,9900.58
26830,2577,8,5,6565.53
26831,1234,458,2,1066.87
26832,7569,124,2,8055.13
26833,7709,460,5,4289.39
26834,105,385,3,9715.08
26835,7806,367,1,2146.49
26836,8965,471,1,3581.14
26837,6417,326,3,8400.33
26838,13845,325,5,4799.01
26839,14716,379,2,6490.64
26840,7479,356,4,2763.96
26841,9740,442,3,722.71
26842,6658,222,2,9786.82
26843,5251,428,2,1211.53
26844,11657,426,1,3257.04
26845,4156,241,2,9266.89
26846,10557,485,2,8787.67
26847,572,82,3,6679.0
26848,4357,381,4,3904.17
26849,2348,459,4,1906.15
26850,12111,170,5,2257.83
26851,9245,106,5,6259.39
26852,6189,478,3,6425.58
26853,1675,383,3,5157.46
26854,4755,164,4,8667.88
26855,4899,21,4,9286.01
26856,1905,54,2,7895.72
26857,342,381,3,3904.17
26858,12382,163,3,1948.49
26859,6113,231,3,1578.47
26860,4984,420,1,968.02
26861,11275,184,3,3270.76
26862,9716,103,5,4032.63
26863,5416,266,4,4135.03
26864,1032,274,5,9374.58
26865,14666,414,3,8456.47
26866,3844,326,1,8400.33
26867,7224,355,5,8627.33
26868,734,305,1,4723.38
26869,9905,234,5,5838.32
26870,7538,326,3,8400.33
26871,8069,157,2,7290.81
26872,5020,90,5,7785.19
26873,6514,375,5,6848.53
26874,3431,342,5,6063.95
26875,11685,422,4,9215.56
26876,500,298,4,8878.51
26877,3348,427,4,3259.85
26878,8235,421,3,8508.99
26879,5758,332,4,2539.39
26880,3988,93,4,2028.54
26881,7976,260,4,4925.88
26882,8615,433,2,3027.9
26883,3449,261,1,980.67
26884,5765,154,3,7802.63
26885,7035,330,4,9882.58
26886,11548,50,4,9478.54
26887,8272,405,4,3026.74
26888,2935,488,1,6635.81
26889,6249,287,5,200.71
26890,13823,92,2,8797.95
26891,10684,489,3,3207.62
26892,7157,66,5,6722.57
26893,3385,486,4,9524.97
26894,171,303,3,9299.69
26895,2600,109,5,796.13
26896,5539,260,5,4925.88
26897,7827,339,3,9584.08
26898,2749,405,3,3026.74
26899,6272,29,3,3941.11
26900,2157,54,4,7895.72
26901,2882,262,3,6965.43
26902,7861,165,3,5790.97
26903,12927,380,3,4507.23
26904,6576,366,1,3897.58
26905,11905,426,2,3257.04
26906,8050,435,3,9744.01
26907,8177,392,2,557.07
26908,5411,345,2,7840.69
26909,7689,479,1,9565.21
26910,8141,138,4,9993.87
26911,6685,82,5,6679.0
26912,2506,324,4,2208.08
26913,10828,321,4,9739.1
26914,13219,155,2,5690.41
26915,6273,346,2,5073.33
26916,1155,482,1,6578.94
26917,2781,106,4,6259.39
26918,7708,213,2,3800.6
26919,1533,89,1,2158.02
26920,257,96,1,2678.45
26921,8907,465,3,9276.0
26922,2635,217,3,9900.58
26923,9238,423,3,5539.86
26924,5063,234,2,5838.32
26925,4962,212,5,1848.43
26926,4126,36,2,5763.51
26927,1360,324,4,2208.08
26928,9402,267,3,9197.24
26929,11775,229,5,1133.55
26930,10124,468,3,4653.8
26931,14404,372,4,1234.45
26932,8527,66,1,6722.57
26933,14248,277,4,2568.61
26934,897,264,4,9277.81
26935,8516,279,4,5378.36
26936,1315,33,1,968.15
26937,10069,387,1,7256.07
26938,266,490,3,1232.7
26939,419,265,4,6606.49
26940,9784,422,1,9215.56
26941,14820,357,5,6115.84
26942,8099,417,1,1315.86
26943,3079,319,4,3953.51
26944,14714,174,1,7399.81
26945,12441,436,5,6908.99
26946,12228,252,1,4660.57
26947,13447,96,2,2678.45
26948,11187,130,3,2180.26
26949,14643,360,5,8818.48
26950,8686,123,2,4560.68
26951,12435,486,1,9524.97
26952,13411,377,2,9039.51
26953,14861,231,4,1578.47
26954,13742,489,1,3207.62
26955,1254,345,4,7840.69
26956,14588,155,5,5690.41
26957,9075,271,3,9644.3
26958,12232,319,5,3953.51
26959,5657,464,3,8934.52
26960,3552,27,2,6600.12
26961,13805,205,3,4022.8
26962,13935,276,3,2146.27
26963,2181,497,4,4248.99
26964,4379,149,3,938.71
26965,13408,124,2,8055.13
26966,10457,280,1,7595.69
26967,1708,53,3,7460.59
26968,6823,268,1,5811.88
26969,8822,136,3,5846.66
26970,8959,267,2,9197.24
26971,12614,302,3,256.64
26972,7601,74,4,199.13
26973,2786,291,4,5087.5
26974,13070,103,3,4032.63
26975,8365,454,2,3126.41
26976,4998,23,5,1685.18
26977,13271,243,2,3831.51
26978,8713,385,3,9715.08
26979,2175,68,3,4687.17
26980,8814,333,4,3312.61
26981,5738,170,3,2257.83
26982,2996,499,5,3186.27
26983,7654,56,2,7342.67
26984,6937,222,4,9786.82
26985,11531,440,3,1392.66
26986,110,16,3,8266.92
26987,1424,279,4,5378.36
26988,7409,392,5,557.07
26989,4520,304,1,466.87
26990,4485,36,3,5763.51
26991,10808,18,1,1342.37
26992,2608,286,3,8835.5
26993,5546,87,3,2322.38
26994,13566,334,4,7620.87
26995,1126,206,3,2172.19
26996,11939,432,4,226.39
26997,9094,32,5,5922.14
26998,326,189,2,8899.99
26999,8951,101,1,6090.24
27000,5081,168,3,1657.22
27001,8076,456,2,8200.2
27002,10950,499,3,3186.27
27003,5203,129,2,6571.12
27004,6150,446,1,9142.99
27005,13177,352,4,4584.87
27006,4514,133,4,418.13
27007,7345,266,2,4135.03
27008,12050,183,1,5880.7
27009,6687,147,2,8276.67
27010,12108,496,2,2786.49
27011,7208,77,1,7226.24
27012,14495,27,5,6600.12
27013,4209,457,2,9921.34
27014,9775,145,5,6422.41
27015,5427,143,4,5350.83
27016,6437,101,3,6090.24
27017,4319,272,3,4556.48
27018,6898,145,2,6422.41
27019,1296,329,2,1250.04
27020,11715,389,4,3380.61
27021,4194,45,3,1218.3
27022,13938,143,2,5350.83
27023,1191,168,1,1657.22
27024,2908,344,1,4696.35
27025,11790,166,4,5626.74
27026,9746,386,4,3146.12
27027,10954,332,5,2539.39
27028,13921,126,1,2937.97
27029,9705,238,1,8127.0
27030,7636,129,1,6571.12
27031,12195,477,5,9150.54
27032,6280,436,4,6908.99
27033,3290,251,2,2903.35
27034,6820,195,2,3311.18
27035,6120,433,5,3027.9
27036,3738,351,3,5555.13
27037,14120,8,3,6565.53
27038,6213,93,2,2028.54
27039,10602,127,2,5911.04
27040,8003,209,2,9837.59
27041,12047,381,3,3904.17
27042,5302,349,2,4111.82
27043,6242,222,5,9786.82
27044,9359,167,1,4172.77
27045,12355,56,2,7342.67
27046,4847,377,1,9039.51
27047,12503,383,4,5157.46
27048,6449,341,4,6881.86
27049,3409,316,5,5796.51
27050,1380,41,3,6972.61
27051,7526,471,5,3581.14
27052,9328,406,3,5823.84
27053,5323,339,5,9584.08
27054,2960,474,2,6301.48
27055,2893,110,3,1178.02
27056,2263,13,3,7258.78
27057,10938,134,5,5480.33
27058,2893,68,4,4687.17
27059,11770,121,3,4637.39
27060,3114,343,3,3581.46
27061,10706,88,3,8219.74
27062,919,317,2,9246.11
27063,926,92,4,8797.95
27064,6902,228,1,604.91
27065,5307,443,3,9035.35
27066,4754,168,4,1657.22
27067,4514,320,5,7113.73
27068,10553,27,4,6600.12
27069,1297,246,2,6536.29
27070,6345,39,2,3738.32
27071,11484,306,2,9402.04
27072,676,260,1,4925.88
27073,11552,399,5,5584.71
27074,10192,113,5,9827.8
27075,808,349,5,4111.82
27076,8161,165,2,5790.97
27077,14744,311,4,7839.59
27078,6568,187,4,7403.39
27079,7916,206,5,2172.19
27080,11061,465,4,9276.0
27081,2279,263,4,2663.77
27082,5942,441,1,2052.86
27083,1415,458,4,1066.87
27084,6148,172,2,8002.21
27085,6157,475,5,4830.58
27086,14081,408,5,8941.62
27087,3410,449,2,7816.26
27088,14480,131,4,884.97
27089,13313,118,4,8743.3
27090,9575,216,4,3464.18
27091,13232,35,4,1741.5
27092,11161,322,5,6758.75
27093,8616,185,4,9608.72
27094,12137,150,5,5507.66
27095,10420,408,2,8941.62
27096,14485,230,1,2678.09
27097,4700,126,3,2937.97
27098,3873,55,5,4706.61
27099,241,47,1,6387.23
27100,5974,203,4,8511.61
27101,12313,164,4,8667.88
27102,12484,13,5,7258.78
27103,2482,500,1,9839.38
27104,11744,241,3,9266.89
27105,12599,124,2,8055.13
27106,10303,362,5,9726.31
27107,4197,172,4,8002.21
27108,14332,262,5,6965.43
27109,9216,9,1,9075.61
27110,5762,194,4,1359.67
27111,220,148,3,6826.23
27112,6655,449,4,7816.26
27113,2226,274,1,9374.58
27114,6903,266,3,4135.03
27115,9734,439,3,3081.57
27116,13656,29,1,3941.11
27117,4280,217,4,9900.58
27118,12071,88,4,8219.74
27119,1949,2,5,732.43
27120,7742,108,3,1734.18
27121,12586,226,2,2025.32
27122,6249,309,1,6463.56
27123,11967,420,3,968.02
27124,6742,258,5,9737.13
27125,1654,473,4,4297.32
27126,1431,304,1,466.87
27127,7704,315,3,7046.48
27128,5728,20,2,5418.04
27129,6671,68,4,4687.17
27130,8562,497,1,4248.99
27131,13806,359,5,4809.77
27132,10380,69,4,8226.4
27133,12949,147,4,8276.67
27134,13439,472,5,8162.55
27135,7742,17,1,7305.81
27136,4419,483,2,9066.19
27137,13202,180,4,7937.75
27138,1369,4,4,1038.64
27139,322,500,5,9839.38
27140,10773,290,5,1424.2
27141,4319,337,1,4035.25
27142,1656,22,5,1658.35
27143,6864,290,2,1424.2
27144,10406,105,1,328.39
27145,5595,487,4,6550.82
27146,2466,482,4,6578.94
27147,14842,152,4,9565.43
27148,2884,62,5,2223.61
27149,1512,337,2,4035.25
27150,8694,383,1,5157.46
27151,12811,303,1,9299.69
27152,8681,206,5,2172.19
27153,460,160,2,451.76
27154,2401,321,4,9739.1
27155,11491,18,4,1342.37
27156,1170,273,3,6942.27
27157,5874,241,4,9266.89
27158,3402,473,1,4297.32
27159,6380,230,1,2678.09
27160,4202,192,2,8165.24
27161,5202,323,2,1809.66
27162,3214,56,3,7342.67
27163,10692,354,4,7095.06
27164,12076,313,3,4182.64
27165,12577,293,4,8242.9
27166,10429,285,2,3933.55
27167,12410,58,3,7243.02
27168,733,24,1,8996.96
27169,13281,53,5,7460.59
27170,12798,280,3,7595.69
27171,4831,300,5,1815.98
27172,2010,274,5,9374.58
27173,4186,123,3,4560.68
27174,11566,136,2,5846.66
27175,8421,54,3,7895.72
27176,6,65,5,7934.0
27177,2028,154,4,7802.63
27178,8138,76,4,704.92
27179,14818,467,4,2506.92
27180,13361,451,1,5360.01
27181,12333,69,5,8226.4
27182,1539,225,5,1137.36
27183,9060,398,1,4962.95
27184,7552,166,4,5626.74
27185,11261,326,4,8400.33
27186,5509,437,5,3675.25
27187,1314,26,3,482.02
27188,5585,122,4,8180.09
27189,13545,481,5,4000.0
27190,4089,55,2,4706.61
27191,2458,195,5,3311.18
27192,10914,427,4,3259.85
27193,9293,64,3,3923.84
27194,330,109,4,796.13
27195,3637,420,2,968.02
27196,13276,395,2,5403.61
27197,13873,68,3,4687.17
27198,3750,6,2,2683.41
27199,2744,368,3,1767.74
27200,3595,356,1,2763.96
27201,1975,88,3,8219.74
27202,4106,27,1,6600.12
27203,5146,254,4,8610.26
27204,4294,362,4,9726.31
27205,3187,496,5,2786.49
27206,14870,227,1,5782.67
27207,5937,482,5,6578.94
27208,11325,397,3,5628.09
27209,751,111,4,5010.75
27210,14921,141,4,1098.86
27211,6228,479,1,9565.21
27212,3127,25,2,7621.45
27213,8827,108,2,1734.18
27214,12134,491,2,7055.9
27215,11695,145,1,6422.41
27216,9710,143,1,5350.83
27217,14715,124,5,8055.13
27218,237,51,4,8177.56
27219,7478,411,2,1314.33
27220,7318,432,3,226.39
27221,8324,141,1,1098.86
27222,7936,381,4,3904.17
27223,11022,415,4,2187.71
27224,2267,430,5,5913.18
27225,13862,85,5,2064.18
27226,6401,61,5,1207.44
27227,6689,210,3,4078.3
27228,8696,349,1,4111.82
27229,13960,342,3,6063.95
27230,13029,331,2,1285.58
27231,3086,56,4,7342.67
27232,10158,294,5,1759.3
27233,12466,477,5,9150.54
27234,3827,143,1,5350.83
27235,2702,331,4,1285.58
27236,7490,109,5,796.13
27237,9823,200,2,2884.6
27238,2616,478,2,6425.58
27239,10307,175,3,8623.47
27240,11675,321,5,9739.1
27241,7999,269,1,1141.26
27242,3789,395,4,5403.61
27243,5164,471,3,3581.14
27244,5951,142,5,6545.75
27245,4842,229,2,1133.55
27246,5024,333,1,3312.61
27247,8124,488,3,6635.81
27248,5351,148,1,6826.23
27249,11712,266,3,4135.03
27250,4789,176,1,8922.31
27251,13342,349,1,4111.82
27252,12531,53,4,7460.59
27253,2714,109,4,796.13
27254,960,82,3,6679.0
27255,7901,420,1,968.02
27256,5491,333,4,3312.61
27257,11143,402,3,2303.92
27258,11425,290,3,1424.2
27259,704,256,2,8632.64
27260,8867,484,5,322.48
27261,4818,166,3,5626.74
27262,5576,15,3,3870.03
27263,378,484,1,322.48
27264,1522,415,2,2187.71
27265,878,367,3,2146.49
27266,9449,163,1,1948.49
27267,10420,153,3,8748.36
27268,3799,253,1,6781.48
27269,6226,44,5,3917.55
27270,14821,320,4,7113.73
27271,4859,365,5,1850.05
27272,11796,416,2,6564.11
27273,14059,178,2,9950.37
27274,11759,93,1,2028.54
27275,11027,299,4,4929.48
27276,14688,11,2,1837.72
27277,9304,247,3,1511.4
27278,7183,275,3,8842.88
27279,7168,202,5,9011.14
27280,10958,35,3,1741.5
27281,8440,45,2,1218.3
27282,10959,269,2,1141.26
27283,11655,124,4,8055.13
27284,7534,487,1,6550.82
27285,12813,346,1,5073.33
27286,12387,401,2,276.76
27287,13313,333,3,3312.61
27288,157,382,2,2606.69
27289,11386,113,4,9827.8
27290,6387,26,1,482.02
27291,632,129,3,6571.12
27292,13428,257,4,2683.93
27293,7720,162,1,9785.74
27294,3491,180,2,7937.75
27295,5080,132,5,426.52
27296,1516,206,4,2172.19
27297,12659,397,2,5628.09
27298,10228,366,1,3897.58
27299,12663,402,4,2303.92
27300,2466,313,4,4182.64
27301,2270,132,1,426.52
27302,1810,119,2,3230.43
27303,6785,77,2,7226.24
27304,13252,219,5,6055.1
27305,7666,14,1,7643.58
27306,7217,304,4,466.87
27307,4974,349,1,4111.82
27308,4990,480,3,5205.62
27309,1747,83,2,9659.08
27310,9916,229,1,1133.55
27311,14164,305,3,4723.38
27312,8201,60,5,8583.96
27313,42,65,5,7934.0
27314,5655,289,2,6753.34
27315,2952,76,5,704.92
27316,8376,182,1,576.46
27317,13600,179,4,748.02
27318,11903,402,5,2303.92
27319,1019,93,4,2028.54
27320,11186,387,5,7256.07
27321,5863,77,1,7226.24
27322,8119,76,5,704.92
27323,4266,329,4,1250.04
27324,2705,241,3,9266.89
27325,3694,36,4,5763.51
27326,7193,370,3,8466.61
27327,10913,437,3,3675.25
27328,7032,444,2,7201.79
27329,967,442,5,722.71
27330,9654,41,1,6972.61
27331,13660,62,2,2223.61
27332,13815,367,3,2146.49
27333,3384,186,3,7246.03
27334,5887,100,4,9593.58
27335,1330,236,3,8664.5
27336,470,440,3,1392.66
27337,7317,117,4,3613.97
27338,5281,437,1,3675.25
27339,7505,144,5,1912.27
27340,8675,421,3,8508.99
27341,14112,238,3,8127.0
27342,2549,7,5,6834.18
27343,3910,74,3,199.13
27344,6182,236,3,8664.5
27345,1034,109,4,796.13
27346,4727,180,1,7937.75
27347,14205,234,2,5838.32
27348,8515,440,3,1392.66
27349,7273,38,1,4667.15
27350,779,257,2,2683.93
27351,14935,390,2,1940.5
27352,178,268,2,5811.88
27353,5244,419,2,2984.31
27354,5137,497,4,4248.99
27355,8464,345,5,7840.69
27356,3471,411,2,1314.33
27357,6371,139,4,8246.2
27358,12746,431,4,7429.75
27359,2338,315,4,7046.48
27360,5434,426,4,3257.04
27361,12170,159,4,1801.45
27362,11929,120,2,8117.66
27363,5044,420,2,968.02
27364,7535,436,3,6908.99
27365,14359,173,3,3149.12
27366,8631,419,5,2984.31
27367,5147,399,5,5584.71
27368,7942,373,1,5173.76
27369,13702,281,4,2968.82
27370,14852,340,3,3757.64
27371,2330,356,2,2763.96
27372,14380,45,4,1218.3
27373,13498,404,5,3218.34
27374,4590,305,5,4723.38
27375,12726,198,1,946.71
27376,7023,127,2,5911.04
27377,12733,305,1,4723.38
27378,2946,209,5,9837.59
27379,9057,115,5,8618.7
27380,10812,484,1,322.48
27381,12501,442,1,722.71
27382,2181,325,3,4799.01
27383,13400,208,1,8638.99
27384,9732,20,1,5418.04
27385,7072,50,4,9478.54
27386,8006,125,3,2911.91
27387,11508,463,4,7898.4
27388,4517,457,1,9921.34
27389,2470,210,2,4078.3
27390,2417,419,2,2984.31
27391,1667,144,1,1912.27
27392,4369,34,1,4719.44
27393,3227,123,3,4560.68
27394,4361,417,1,1315.86
27395,2817,90,2,7785.19
27396,7347,355,5,8627.33
27397,1961,380,1,4507.23
27398,3059,53,1,7460.59
27399,75,200,4,2884.6
27400,10998,162,4,9785.74
27401,13717,149,4,938.71
27402,6525,434,5,3167.56
27403,721,379,2,6490.64
27404,3126,351,2,5555.13
27405,14408,391,2,245.15
27406,8127,9,3,9075.61
27407,8613,441,2,2052.86
27408,5095,94,5,8180.15
27409,1683,217,4,9900.58
27410,7524,303,1,9299.69
27411,5863,273,2,6942.27
27412,14185,134,2,5480.33
27413,3891,438,5,9206.62
27414,11917,234,5,5838.32
27415,11088,385,2,9715.08
27416,14075,312,4,7979.12
27417,8251,384,4,7551.73
27418,12255,53,2,7460.59
27419,7998,114,3,3570.81
27420,10680,304,3,466.87
27421,11038,81,5,3619.81
27422,12377,261,5,980.67
27423,10856,33,4,968.15
27424,3036,440,2,1392.66
27425,201,161,2,8407.44
27426,5624,353,5,3759.57
27427,12774,1,4,6315.21
27428,9169,185,2,9608.72
27429,14235,482,4,6578.94
27430,4566,286,4,8835.5
27431,4230,93,5,2028.54
27432,3444,475,3,4830.58
27433,13904,500,5,9839.38
27434,8980,269,1,1141.26
27435,8601,416,4,6564.11
27436,1271,386,1,3146.12
27437,479,415,3,2187.71
27438,6886,33,2,968.15
27439,237,133,4,418.13
27440,1128,102,1,9476.14
27441,4670,479,4,9565.21
27442,10507,356,5,2763.96
27443,10259,453,3,4809.05
27444,8247,40,2,5521.2
27445,12504,90,1,7785.19
27446,229,22,5,1658.35
27447,2879,196,1,3830.25
27448,14294,235,3,8300.53
27449,12268,229,2,1133.55
27450,2387,140,2,621.76
27451,3516,46,2,8792.03
27452,2456,94,5,8180.15
27453,2639,92,3,8797.95
27454,14975,296,1,3030.48
27455,2671,339,4,9584.08
27456,3155,198,2,946.71
27457,14283,69,4,8226.4
27458,144,486,5,9524.97
27459,12420,352,1,4584.87
27460,239,86,5,4357.67
27461,384,241,1,9266.89
27462,14895,430,4,5913.18
27463,1834,371,2,2310.72
27464,6481,354,5,7095.06
27465,10717,241,2,9266.89
27466,14885,61,4,1207.44
27467,14822,272,5,4556.48
27468,3819,489,4,3207.62
27469,8517,387,2,7256.07
27470,2984,348,5,3047.9
27471,5180,107,3,1494.13
27472,7098,254,4,8610.26
27473,13429,220,3,4181.4
27474,11917,489,2,3207.62
27475,8714,177,3,1840.37
27476,10442,242,2,7663.19
27477,2434,309,1,6463.56
27478,990,489,2,3207.62
27479,8660,4,1,1038.64
27480,14949,138,5,9993.87
27481,3265,47,5,6387.23
27482,1709,299,5,4929.48
27483,5815,190,4,1021.97
27484,10064,142,5,6545.75
27485,3682,425,4,3696.53
27486,7914,278,5,8996.64
27487,9489,249,2,745.94
27488,9667,285,1,3933.55
27489,14391,438,4,9206.62
27490,9443,249,3,745.94
27491,6617,54,5,7895.72
27492,14582,190,2,1021.97
27493,8057,273,2,6942.27
27494,13349,416,4,6564.11
27495,3061,48,2,1838.87
27496,2226,60,4,8583.96
27497,2371,108,1,1734.18
27498,10878,324,1,2208.08
27499,4072,370,4,8466.61
27500,10773,277,2,2568.61
27501,891,133,1,418.13
27502,11854,432,3,226.39
27503,3325,289,1,6753.34
27504,5161,429,2,4716.21
27505,9482,119,2,3230.43
27506,2890,146,2,4918.85
27507,11482,333,2,3312.61
27508,10626,443,2,9035.35
27509,13811,33,2,968.15
27510,8155,62,5,2223.61
27511,570,212,3,1848.43
27512,4697,495,1,6702.94
27513,10907,421,2,8508.99
27514,5154,388,2,5482.96
27515,4739,294,4,1759.3
27516,9326,65,5,7934.0
27517,9204,285,2,3933.55
27518,1852,29,4,3941.11
27519,9835,399,5,5584.71
27520,8132,457,3,9921.34
27521,5171,241,1,9266.89
27522,13733,16,5,8266.92
27523,1360,104,1,4430.26
27524,645,127,2,5911.04
27525,2476,315,5,7046.48
27526,5563,8,4,6565.53
27527,7895,424,3,9131.51
27528,7361,136,2,5846.66
27529,3004,290,4,1424.2
27530,5934,137,2,2848.21
27531,13289,394,2,6388.25
27532,13720,230,4,2678.09
27533,10671,424,3,9131.51
27534,5289,156,3,7160.7
27535,13302,178,4,9950.37
27536,7227,421,3,8508.99
27537,10434,219,2,6055.1
27538,4822,53,2,7460.59
27539,14468,452,4,7515.99
27540,2742,379,5,6490.64
27541,6345,342,2,6063.95
27542,720,81,5,3619.81
27543,10969,402,1,2303.92
27544,6241,76,5,704.92
27545,10091,193,5,1281.1
27546,1908,453,4,4809.05
27547,4831,308,5,3248.37
27548,10565,211,1,9357.68
27549,13362,432,1,226.39
27550,6885,5,2,6386.27
27551,2323,329,2,1250.04
27552,5093,232,1,3261.51
27553,4768,466,3,2173.99
27554,5199,32,3,5922.14
27555,11553,90,1,7785.19
27556,12818,75,2,8352.41
27557,7663,42,5,4497.14
27558,9279,498,4,6884.43
27559,2115,252,5,4660.57
27560,116,204,3,5285.57
27561,8715,366,4,3897.58
27562,1362,432,2,226.39
27563,14715,226,2,2025.32
27564,7308,132,3,426.52
27565,4885,486,5,9524.97
27566,6375,111,4,5010.75
27567,8284,123,3,4560.68
27568,9083,455,2,1899.28
27569,10201,198,2,946.71
27570,5931,68,3,4687.17
27571,381,297,1,6822.62
27572,4335,44,4,3917.55
27573,9780,30,2,7899.0
27574,10824,217,3,9900.58
27575,425,286,3,8835.5
27576,3576,92,2,8797.95
27577,3590,206,3,2172.19
27578,10957,201,4,7769.45
27579,11709,44,1,3917.55
27580,1713,44,2,3917.55
27581,13227,120,1,8117.66
27582,10362,429,5,4716.21
27583,11042,241,1,9266.89
27584,179,239,1,1994.61
27585,5415,276,1,2146.27
27586,5590,456,5,8200.2
27587,7909,346,2,5073.33
27588,207,163,5,1948.49
27589,5329,52,4,8643.0
27590,11684,93,4,2028.54
27591,717,33,4,968.15
27592,13779,1,1,6315.21
27593,1038,360,5,8818.48
27594,11353,467,4,2506.92
27595,1646,224,3,3104.98
27596,7202,129,2,6571.12
27597,1289,130,2,2180.26
27598,4437,275,1,8842.88
27599,10236,189,1,8899.99
27600,10,190,1,1021.97
27601,14994,410,3,9139.34
27602,6022,209,3,9837.59
27603,4799,478,1,6425.58
27604,3205,307,5,4019.4
27605,7897,163,5,1948.49
27606,11089,10,1,395.33
27607,13661,387,4,7256.07
27608,11441,430,3,5913.18
27609,4896,213,1,3800.6
27610,8734,330,3,9882.58
27611,13069,376,1,258.42
27612,9963,457,1,9921.34
27613,863,126,3,2937.97
27614,4689,275,3,8842.88
27615,5175,21,3,9286.01
27616,14000,168,3,1657.22
27617,8138,19,5,5022.81
27618,13871,435,4,9744.01
27619,4176,338,5,9668.48
27620,1137,456,5,8200.2
27621,8838,141,1,1098.86
27622,10203,390,1,1940.5
27623,14724,485,3,8787.67
27624,13730,288,4,6906.22
27625,9419,351,4,5555.13
27626,9835,84,4,8556.86
27627,946,408,2,8941.62
27628,11691,217,4,9900.58
27629,6887,162,3,9785.74
27630,4460,331,4,1285.58
27631,909,14,1,7643.58
27632,2045,278,4,8996.64
27633,6491,333,3,3312.61
27634,1197,295,4,8795.72
27635,11418,390,4,1940.5
27636,3347,492,4,9608.88
27637,1289,164,1,8667.88
27638,4139,362,3,9726.31
27639,4763,8,3,6565.53
27640,13968,432,5,226.39
27641,14380,8,1,6565.53
27642,4593,444,3,7201.79
27643,2386,144,1,1912.27
27644,3530,3,5,6914.47
27645,9600,356,3,2763.96
27646,14748,435,5,9744.01
27647,6228,151,3,8809.81
27648,8980,278,4,8996.64
27649,12255,296,5,3030.48
27650,2471,49,1,7978.95
27651,4149,124,3,8055.13
27652,12366,282,4,6977.05
27653,11444,307,4,4019.4
27654,9885,454,3,3126.41
27655,1858,107,5,1494.13
27656,9193,461,2,798.26
27657,453,381,2,3904.17
27658,138,240,2,9176.21
27659,1916,108,4,1734.18
27660,2894,219,3,6055.1
27661,13219,423,4,5539.86
27662,7248,265,5,6606.49
27663,13735,222,3,9786.82
27664,349,355,1,8627.33
27665,14110,153,1,8748.36
27666,1173,233,2,4748.37
27667,3045,285,1,3933.55
27668,8151,178,4,9950.37
27669,705,462,5,9857.56
27670,14891,292,4,6604.75
27671,1304,259,5,6946.2
27672,14688,201,2,7769.45
27673,5951,18,3,1342.37
27674,12147,389,5,3380.61
27675,5167,51,2,8177.56
27676,14102,404,1,3218.34
27677,2700,113,2,9827.8
27678,1416,400,3,8624.0
27679,6795,363,2,6816.26
27680,2712,175,2,8623.47
27681,2758,179,2,748.02
27682,288,259,2,6946.2
27683,11665,456,3,8200.2
27684,9923,155,5,5690.41
27685,8100,249,1,745.94
27686,8695,267,3,9197.24
27687,5378,185,4,9608.72
27688,4415,87,1,2322.38
27689,11368,228,2,604.91
27690,3896,475,1,4830.58
27691,5861,80,1,7702.5
27692,12725,453,2,4809.05
27693,4730,384,4,7551.73
27694,10514,69,5,8226.4
27695,10291,29,2,3941.11
27696,1971,218,3,2942.56
27697,3288,281,3,2968.82
27698,14812,18,5,1342.37
27699,7135,458,2,1066.87
27700,1136,334,2,7620.87
27701,2587,485,4,8787.67
27702,9703,45,3,1218.3
27703,8777,373,3,5173.76
27704,11369,335,1,1115.92
27705,4118,402,1,2303.92
27706,3588,67,1,9629.35
27707,13420,25,2,7621.45
27708,5489,205,4,4022.8
27709,12136,372,1,1234.45
27710,11985,182,2,576.46
27711,9924,271,2,9644.3
27712,6428,415,3,2187.71
27713,5789,259,2,6946.2
27714,9862,450,3,6116.29
27715,3582,267,3,9197.24
27716,13661,158,4,9478.85
27717,5162,119,4,3230.43
27718,928,130,4,2180.26
27719,7867,263,3,2663.77
27720,7553,470,1,7905.83
27721,9999,106,2,6259.39
27722,9432,280,5,7595.69
27723,179,406,1,5823.84
27724,3987,6,5,2683.41
27725,13761,483,2,9066.19
27726,4872,178,2,9950.37
27727,4234,447,3,2000.99
27728,8397,68,3,4687.17
27729,9970,231,2,1578.47
27730,5116,33,2,968.15
27731,10730,468,3,4653.8
27732,6695,344,2,4696.35
27733,13456,455,3,1899.28
27734,8220,98,5,4922.59
27735,6473,201,2,7769.45
27736,9402,153,3,8748.36
27737,3039,464,2,8934.52
27738,14363,286,2,8835.5
27739,6897,488,1,6635.81
27740,6594,215,4,5828.57
27741,4432,187,5,7403.39
27742,2387,292,5,6604.75
27743,4343,440,1,1392.66
27744,2254,327,3,9601.35
27745,5184,354,1,7095.06
27746,4966,59,3,3468.76
27747,1711,292,1,6604.75
27748,1113,288,4,6906.22
27749,12965,172,4,8002.21
27750,13556,366,2,3897.58
27751,878,288,1,6906.22
27752,13198,466,5,2173.99
27753,13698,286,3,8835.5
27754,10494,33,3,968.15
27755,12803,86,4,4357.67
27756,1366,386,1,3146.12
27757,2434,244,2,1081.56
27758,1214,255,3,8283.02
27759,8569,14,5,7643.58
27760,9028,470,3,7905.83
27761,12910,64,1,3923.84
27762,2968,58,1,7243.02
27763,7351,422,3,9215.56
27764,10576,54,1,7895.72
27765,14647,222,4,9786.82
27766,3786,75,1,8352.41
27767,9138,146,1,4918.85
27768,7539,181,2,5638.45
27769,4646,267,5,9197.24
27770,984,303,3,9299.69
27771,208,25,2,7621.45
27772,3559,421,1,8508.99
27773,7828,360,3,8818.48
27774,11687,112,3,8874.43
27775,8021,267,4,9197.24
27776,6546,73,3,9210.64
27777,4630,283,4,5067.19
27778,5363,178,1,9950.37
27779,5692,476,2,7708.58
27780,5485,248,5,5592.3
27781,537,84,1,8556.86
27782,3145,445,3,4601.52
27783,1340,252,2,4660.57
27784,12706,12,5,3492.99
27785,11897,360,2,8818.48
27786,7690,447,1,2000.99
27787,14207,391,2,245.15
27788,4960,475,5,4830.58
27789,4194,424,1,9131.51
27790,2013,251,2,2903.35
27791,14869,392,4,557.07
27792,2341,252,3,4660.57
27793,9747,392,3,557.07
27794,4419,256,3,8632.64
27795,5296,317,4,9246.11
27796,1910,44,2,3917.55
27797,14539,492,2,9608.88
27798,9716,472,3,8162.55
27799,12890,274,4,9374.58
27800,11059,454,1,3126.41
27801,4795,273,1,6942.27
27802,1971,264,1,9277.81
27803,827,440,3,1392.66
27804,249,320,1,7113.73
27805,6292,87,5,2322.38
27806,14098,309,5,6463.56
27807,4039,47,2,6387.23
27808,4890,286,1,8835.5
27809,1305,307,3,4019.4
27810,12745,195,5,3311.18
27811,324,443,4,9035.35
27812,10870,375,5,6848.53
27813,3055,318,3,1060.93
27814,10546,113,5,9827.8
27815,11350,262,4,6965.43
27816,9730,432,4,226.39
27817,7912,191,2,647.57
27818,7820,431,2,7429.75
27819,8618,164,3,8667.88
27820,5939,30,3,7899.0
27821,9505,382,4,2606.69
27822,10530,451,3,5360.01
27823,4644,77,4,7226.24
27824,12129,439,1,3081.57
27825,8739,98,2,4922.59
27826,1777,396,3,8634.83
27827,10526,307,4,4019.4
27828,10407,497,2,4248.99
27829,2882,409,4,5767.52
27830,4144,248,2,5592.3
27831,9892,345,4,7840.69
27832,10397,199,4,8014.84
27833,7866,476,4,7708.58
27834,9968,455,1,1899.28
27835,10078,289,4,6753.34
27836,6711,307,4,4019.4
27837,12669,448,4,5383.01
27838,11368,21,2,9286.01
27839,5860,227,4,5782.67
27840,2808,297,2,6822.62
27841,11192,291,4,5087.5
27842,8,193,1,1281.1
27843,9147,418,3,4286.55
27844,10157,332,1,2539.39
27845,11431,123,3,4560.68
27846,7476,50,2,9478.54
27847,7401,263,1,2663.77
27848,8145,235,1,8300.53
27849,7283,455,5,1899.28
27850,2389,321,4,9739.1
27851,8196,428,2,1211.53
27852,14503,281,5,2968.82
27853,10231,491,3,7055.9
27854,4973,342,1,6063.95
27855,4871,46,5,8792.03
27856,6024,278,2,8996.64
27857,326,441,5,2052.86
27858,1341,282,1,6977.05
27859,568,12,1,3492.99
27860,551,90,2,7785.19
27861,310,49,5,7978.95
27862,12916,34,4,4719.44
27863,7070,427,5,3259.85
27864,3197,371,3,2310.72
27865,8216,322,5,6758.75
27866,8729,396,2,8634.83
27867,1941,236,3,8664.5
27868,13174,33,5,968.15
27869,2587,182,1,576.46
27870,7529,52,4,8643.0
27871,2579,388,2,5482.96
27872,1634,67,3,9629.35
27873,13991,272,1,4556.48
27874,12835,486,1,9524.97
27875,5496,116,2,2672.92
27876,4458,71,3,1415.95
27877,2897,168,3,1657.22
27878,206,204,4,5285.57
27879,10227,443,1,9035.35
27880,9032,71,3,1415.95
27881,1302,427,2,3259.85
27882,2858,65,5,7934.0
27883,7957,295,1,8795.72
27884,38,447,1,2000.99
27885,14202,348,5,3047.9
27886,8914,460,3,4289.39
27887,4544,98,2,4922.59
27888,12368,496,4,2786.49
27889,81,158,1,9478.85
27890,2456,463,1,7898.4
27891,14955,224,1,3104.98
27892,3841,402,3,2303.92
27893,4823,175,4,8623.47
27894,11018,274,5,9374.58
27895,4091,53,5,7460.59
27896,5908,439,1,3081.57
27897,5872,347,1,5876.24
27898,1446,451,3,5360.01
27899,7307,476,2,7708.58
27900,7733,264,4,9277.81
27901,8328,433,2,3027.9
27902,14218,294,2,1759.3
27903,7445,380,1,4507.23
27904,6752,219,3,6055.1
27905,2684,229,3,1133.55
27906,1689,316,3,5796.51
27907,3415,74,2,199.13
27908,6962,354,2,7095.06
27909,1529,454,3,3126.41
27910,7298,387,2,7256.07
27911,9366,480,1,5205.62
27912,7336,141,4,1098.86
27913,5540,435,1,9744.01
27914,13871,185,4,9608.72
27915,449,303,5,9299.69
27916,4849,328,3,8910.25
27917,8052,34,5,4719.44
27918,14021,65,5,7934.0
27919,3491,260,1,4925.88
27920,6521,278,2,8996.64
27921,14096,366,4,3897.58
27922,1012,278,4,8996.64
27923,10827,186,1,7246.03
27924,10511,309,4,6463.56
27925,12883,392,1,557.07
27926,4929,366,1,3897.58
27927,5383,313,4,4182.64
27928,7699,460,5,4289.39
27929,3291,458,2,1066.87
27930,1099,453,4,4809.05
27931,5103,295,1,8795.72
27932,2208,220,4,4181.4
27933,8971,322,4,6758.75
27934,14974,239,2,1994.61
27935,4578,182,1,576.46
27936,5890,453,1,4809.05
27937,5679,264,4,9277.81
27938,987,491,2,7055.9
27939,3463,23,3,1685.18
27940,618,206,3,2172.19
27941,1833,249,3,745.94
27942,3004,34,4,4719.44
27943,915,232,1,3261.51
27944,6617,165,2,5790.97
27945,10985,500,4,9839.38
27946,12946,219,5,6055.1
27947,14779,334,1,7620.87
27948,12308,469,1,1716.73
27949,12530,102,3,9476.14
27950,4421,350,4,2158.61
27951,7642,101,5,6090.24
27952,13109,18,1,1342.37
27953,2841,369,5,8266.36
27954,5937,435,4,9744.01
27955,4402,214,5,8463.2
27956,10793,76,4,704.92
27957,13087,116,2,2672.92
27958,12469,101,5,6090.24
27959,8362,48,4,1838.87
27960,6169,219,4,6055.1
27961,12231,112,1,8874.43
27962,12387,208,4,8638.99
27963,12573,363,3,6816.26
27964,5611,106,5,6259.39
27965,6094,214,2,8463.2
27966,10385,363,2,6816.26
27967,11025,448,2,5383.01
27968,1362,496,4,2786.49
27969,12337,182,5,576.46
27970,1382,26,5,482.02
27971,2732,76,3,704.92
27972,2983,324,2,2208.08
27973,190,181,4,5638.45
27974,13686,232,5,3261.51
27975,4545,244,5,1081.56
27976,11389,72,4,879.52
27977,8697,155,3,5690.41
27978,10468,356,1,2763.96
27979,10387,109,3,796.13
27980,7396,490,3,1232.7
27981,3877,283,1,5067.19
27982,11854,358,3,3041.52
27983,4821,340,5,3757.64
27984,4076,140,1,621.76
27985,12627,7,1,6834.18
27986,4712,343,2,3581.46
27987,11165,260,3,4925.88
27988,13524,329,2,1250.04
27989,13456,403,2,4023.58
27990,4717,40,4,5521.2
27991,1899,366,3,3897.58
27992,8515,201,2,7769.45
27993,6409,112,2,8874.43
27994,10118,27,4,6600.12
27995,12302,105,2,328.39
27996,7347,250,1,9260.34
27997,2735,122,5,8180.09
27998,7425,18,3,1342.37
27999,10951,476,3,7708.58
28000,3910,496,3,2786.49
28001,617,467,4,2506.92
28002,13702,368,3,1767.74
28003,2297,178,4,9950.37
28004,6932,266,5,4135.03
28005,1217,234,2,5838.32
28006,7922,451,2,5360.01
28007,3222,246,5,6536.29
28008,9879,445,1,4601.52
28009,2096,306,2,9402.04
28010,8030,318,1,1060.93
28011,10540,379,5,6490.64
28012,10052,100,5,9593.58
28013,11375,473,1,4297.32
28014,7959,45,5,1218.3
28015,9761,295,3,8795.72
28016,9298,234,2,5838.32
28017,8858,124,4,8055.13
28018,5139,282,1,6977.05
28019,8596,159,3,1801.45
28020,9415,389,5,3380.61
28021,8152,358,5,3041.52
28022,11389,417,3,1315.86
28023,3030,150,3,5507.66
28024,8847,196,1,3830.25
28025,5016,124,3,8055.13
28026,4587,251,4,2903.35
28027,6944,204,1,5285.57
28028,5865,152,3,9565.43
28029,13723,127,3,5911.04
28030,14172,44,3,3917.55
28031,6616,393,2,9148.93
28032,14584,423,2,5539.86
28033,3790,300,5,1815.98
28034,9397,4,3,1038.64
28035,8451,8,1,6565.53
28036,950,292,2,6604.75
28037,13257,203,4,8511.61
28038,4670,265,5,6606.49
28039,13264,89,1,2158.02
28040,11018,364,4,9723.49
28041,12284,193,1,1281.1
28042,13125,383,2,5157.46
28043,14613,263,3,2663.77
28044,9317,285,1,3933.55
28045,14108,449,4,7816.26
28046,6005,248,3,5592.3
28047,9193,198,3,946.71
28048,10204,106,1,6259.39
28049,2366,246,2,6536.29
28050,6477,376,5,258.42
28051,10778,59,1,3468.76
28052,14901,292,5,6604.75
28053,13826,334,3,7620.87
28054,7545,396,2,8634.83
28055,8030,220,1,4181.4
28056,8945,411,5,1314.33
28057,10710,154,4,7802.63
28058,5879,222,1,9786.82
28059,5010,97,4,509.52
28060,3566,113,3,9827.8
28061,14382,395,2,5403.61
28062,3578,250,1,9260.34
28063,5077,152,4,9565.43
28064,9468,97,2,509.52
28065,7729,475,4,4830.58
28066,3271,276,5,2146.27
28067,4644,179,1,748.02
28068,7036,350,2,2158.61
28069,4654,157,2,7290.81
28070,4073,354,5,7095.06
28071,12606,494,5,3573.94
28072,1904,12,1,3492.99
28073,1261,22,5,1658.35
28074,10265,375,5,6848.53
28075,12950,103,3,4032.63
28076,12598,6,5,2683.41
28077,8428,359,3,4809.77
28078,4403,4,1,1038.64
28079,10836,500,3,9839.38
28080,7170,70,2,8962.34
28081,6929,33,4,968.15
28082,10703,8,5,6565.53
28083,12904,479,2,9565.21
28084,6241,367,2,2146.49
28085,7121,23,1,1685.18
28086,8177,214,3,8463.2
28087,9528,478,2,6425.58
28088,7553,436,4,6908.99
28089,7491,380,1,4507.23
28090,10204,219,3,6055.1
28091,2316,42,5,4497.14
28092,7151,167,1,4172.77
28093,13030,168,1,1657.22
28094,1456,301,3,9862.65
28095,3373,323,4,1809.66
28096,7073,104,1,4430.26
28097,7256,226,2,2025.32
28098,10127,250,1,9260.34
28099,11399,107,2,1494.13
28100,12001,37,1,5308.22
28101,12814,315,5,7046.48
28102,1625,357,3,6115.84
28103,4632,88,3,8219.74
28104,9683,294,1,1759.3
28105,1512,28,1,966.94
28106,4486,248,3,5592.3
28107,5069,46,2,8792.03
28108,12288,403,3,4023.58
28109,166,315,3,7046.48
28110,10308,410,4,9139.34
28111,4228,174,5,7399.81
28112,11429,24,4,8996.96
28113,6107,155,4,5690.41
28114,7702,24,1,8996.96
28115,5823,318,4,1060.93
28116,1572,498,2,6884.43
28117,10932,263,2,2663.77
28118,10976,184,5,3270.76
28119,8076,404,1,3218.34
28120,1199,257,4,2683.93
28121,12862,34,5,4719.44
28122,11923,297,4,6822.62
28123,5307,101,1,6090.24
28124,8873,18,4,1342.37
28125,13029,16,5,8266.92
28126,9929,279,2,5378.36
28127,8254,20,4,5418.04
28128,6479,85,4,2064.18
28129,7729,15,4,3870.03
28130,294,154,3,7802.63
28131,4147,144,5,1912.27
28132,12221,244,3,1081.56
28133,4698,403,4,4023.58
28134,577,92,3,8797.95
28135,8528,100,2,9593.58
28136,999,452,1,7515.99
28137,293,192,2,8165.24
28138,5011,140,1,621.76
28139,6284,79,4,9929.03
28140,9709,418,2,4286.55
28141,2739,255,5,8283.02
28142,8959,120,2,8117.66
28143,5686,301,1,9862.65
28144,4235,435,2,9744.01
28145,288,226,1,2025.32
28146,12682,52,3,8643.0
28147,14615,495,4,6702.94
28148,4766,255,4,8283.02
28149,6700,184,5,3270.76
28150,4379,145,1,6422.41
28151,9608,422,5,9215.56
28152,6753,485,5,8787.67
28153,12949,489,4,3207.62
28154,3942,204,1,5285.57
28155,919,178,1,9950.37
28156,900,145,3,6422.41
28157,455,479,5,9565.21
28158,62,19,5,5022.81
28159,117,265,1,6606.49
28160,5354,268,4,5811.88
28161,8878,45,1,1218.3
28162,4882,398,2,4962.95
28163,494,299,3,4929.48
28164,10282,84,2,8556.86
28165,1789,384,2,7551.73
28166,2936,38,1,4667.15
28167,12954,138,4,9993.87
28168,7761,344,5,4696.35
28169,5790,59,1,3468.76
28170,4332,342,3,6063.95
28171,4815,22,1,1658.35
28172,222,268,5,5811.88
28173,9392,460,4,4289.39
28174,8733,43,3,3765.59
28175,11317,406,4,5823.84
28176,655,86,5,4357.67
28177,1815,476,1,7708.58
28178,4837,245,4,8611.56
28179,6053,216,3,3464.18
28180,12618,358,4,3041.52
28181,4088,465,2,9276.0
28182,10700,327,4,9601.35
28183,13551,343,1,3581.46
28184,7176,408,3,8941.62
28185,10339,274,3,9374.58
28186,8724,210,1,4078.3
28187,5036,201,5,7769.45
28188,5479,363,1,6816.26
28189,11515,268,1,5811.88
28190,6193,282,5,6977.05
28191,4372,404,1,3218.34
28192,8151,195,1,3311.18
28193,7585,397,4,5628.09
28194,3428,317,1,9246.11
28195,5564,263,5,2663.77
28196,10317,67,4,9629.35
28197,6954,403,4,4023.58
28198,9764,487,4,6550.82
28199,4024,1,1,6315.21
28200,1564,373,1,5173.76
28201,14880,432,4,226.39
28202,12720,440,3,1392.66
28203,12331,122,3,8180.09
28204,10819,36,2,5763.51
28205,2527,106,3,6259.39
28206,3656,157,3,7290.81
28207,3303,190,5,1021.97
28208,8361,432,2,226.39
28209,2870,163,2,1948.49
28210,8042,198,3,946.71
28211,8844,397,4,5628.09
28212,6092,64,3,3923.84
28213,12303,270,1,3515.69
28214,13479,143,3,5350.83
28215,14728,127,2,5911.04
28216,4632,122,3,8180.09
28217,9172,200,3,2884.6
28218,11179,89,3,2158.02
28219,13512,313,5,4182.64
28220,6558,469,5,1716.73
28221,5766,394,4,6388.25
28222,10663,340,4,3757.64
28223,10720,442,2,722.71
28224,12648,247,3,1511.4
28225,9940,163,2,1948.49
28226,3623,389,3,3380.61
28227,7635,471,3,3581.14
28228,7582,31,5,5680.54
28229,10757,497,1,4248.99
28230,5863,342,4,6063.95
28231,4289,164,2,8667.88
28232,3229,5,4,6386.27
28233,4676,104,3,4430.26
28234,9515,242,3,7663.19
28235,8498,375,1,6848.53
28236,39,207,5,4423.45
28237,1014,214,1,8463.2
28238,14916,178,2,9950.37
28239,14162,301,3,9862.65
28240,12187,414,2,8456.47
28241,3996,3,5,6914.47
28242,12370,441,1,2052.86
28243,13236,271,1,9644.3
28244,12243,426,2,3257.04
28245,46,459,1,1906.15
28246,13887,106,4,6259.39
28247,7558,386,5,3146.12
28248,11094,383,5,5157.46
28249,10602,387,1,7256.07
28250,1151,462,2,9857.56
28251,5183,26,5,482.02
28252,4793,191,1,647.57
28253,10663,15,3,3870.03
28254,2965,299,1,4929.48
28255,5392,211,4,9357.68
28256,12178,188,1,5330.51
28257,7726,60,1,8583.96
28258,3921,446,5,9142.99
28259,2067,384,5,7551.73
28260,12241,254,4,8610.26
28261,10961,437,1,3675.25
28262,8639,164,1,8667.88
28263,1219,137,3,2848.21
28264,10059,1,3,6315.21
28265,322,8,1,6565.53
28266,1873,212,2,1848.43
28267,5731,158,1,9478.85
28268,13787,42,2,4497.14
28269,1379,84,1,8556.86
28270,984,315,1,7046.48
28271,887,341,1,6881.86
28272,10075,426,4,3257.04
28273,13653,294,1,1759.3
28274,12486,269,3,1141.26
28275,7131,142,3,6545.75
28276,8175,281,3,2968.82
28277,3674,384,1,7551.73
28278,6051,496,2,2786.49
28279,4897,139,3,8246.2
28280,13341,452,3,7515.99
28281,12459,22,3,1658.35
28282,3679,144,3,1912.27
28283,3963,413,4,202.63
28284,3125,425,5,3696.53
28285,13215,194,1,1359.67
28286,11908,381,1,3904.17
28287,5475,377,4,9039.51
28288,4716,431,3,7429.75
28289,1225,60,4,8583.96
28290,2888,283,1,5067.19
28291,10802,441,1,2052.86
28292,3821,12,4,3492.99
28293,7240,40,1,5521.2
28294,2335,470,2,7905.83
28295,14190,434,2,3167.56
28296,10265,162,5,9785.74
28297,9071,330,5,9882.58
28298,1551,15,4,3870.03
28299,8023,450,3,6116.29
28300,496,303,3,9299.69
28301,12865,339,2,9584.08
28302,5927,205,1,4022.8
28303,5789,252,2,4660.57
28304,12544,448,1,5383.01
28305,6633,106,1,6259.39
28306,4827,115,1,8618.7
28307,1861,382,3,2606.69
28308,5860,414,1,8456.47
28309,7072,262,2,6965.43
28310,13691,195,3,3311.18
28311,8634,1,2,6315.21
28312,13473,193,5,1281.1
28313,7703,443,1,9035.35
28314,14810,68,5,4687.17
28315,5324,276,3,2146.27
28316,2157,367,2,2146.49
28317,1783,76,4,704.92
28318,5374,332,2,2539.39
28319,13979,138,2,9993.87
28320,14171,268,1,5811.88
28321,6268,39,2,3738.32
28322,14640,405,1,3026.74
28323,3659,171,4,9757.17
28324,7581,18,5,1342.37
28325,756,467,2,2506.92
28326,8596,333,4,3312.61
28327,14426,463,4,7898.4
28328,8946,37,1,5308.22
28329,2601,34,5,4719.44
28330,13100,473,2,4297.32
28331,2849,215,1,5828.57
28332,7787,297,2,6822.62
28333,13281,112,2,8874.43
28334,11309,57,5,6056.87
28335,10101,307,5,4019.4
28336,1454,117,2,3613.97
28337,5125,333,3,3312.61
28338,9319,330,4,9882.58
28339,5335,73,1,9210.64
28340,14129,378,5,3236.96
28341,11873,242,5,7663.19
28342,2634,213,2,3800.6
28343,12034,483,1,9066.19
28344,8812,212,5,1848.43
28345,10433,338,1,9668.48
28346,4517,337,1,4035.25
28347,5392,107,2,1494.13
28348,1652,492,3,9608.88
28349,4353,253,4,6781.48
28350,5246,118,3,8743.3
28351,2618,118,3,8743.3
28352,4347,190,2,1021.97
28353,6086,250,5,9260.34
28354,2966,125,5,2911.91
28355,7146,291,2,5087.5
28356,13062,74,1,199.13
28357,12951,311,5,7839.59
28358,1490,316,5,5796.51
28359,7738,22,2,1658.35
28360,3831,107,1,1494.13
28361,12303,321,3,9739.1
28362,9545,480,1,5205.62
28363,5327,496,3,2786.49
28364,4656,369,2,8266.36
28365,503,161,3,8407.44
28366,10446,420,1,968.02
28367,14345,307,3,4019.4
28368,6068,319,5,3953.51
28369,10677,71,2,1415.95
28370,8770,463,5,7898.4
28371,6201,209,2,9837.59
28372,9422,50,1,9478.54
28373,4782,83,2,9659.08
28374,4106,332,2,2539.39
28375,12246,60,1,8583.96
28376,5850,105,2,328.39
28377,1561,199,3,8014.84
28378,10992,421,1,8508.99
28379,12250,103,3,4032.63
28380,7437,109,4,796.13
28381,12399,241,5,9266.89
28382,13023,325,5,4799.01
28383,735,366,2,3897.58
28384,14790,119,1,3230.43
28385,2068,425,1,3696.53
28386,10166,255,4,8283.02
28387,5080,109,5,796.13
28388,1942,258,4,9737.13
28389,13298,29,4,3941.11
28390,3922,453,5,4809.05
28391,1063,404,5,3218.34
28392,715,58,4,7243.02
28393,8062,140,4,621.76
28394,2656,154,5,7802.63
28395,8346,104,2,4430.26
28396,4337,271,5,9644.3
28397,9544,125,4,2911.91
28398,12663,22,4,1658.35
28399,8426,442,2,722.71
28400,8432,465,5,9276.0
28401,4771,327,3,9601.35
28402,8665,455,1,1899.28
28403,1971,157,1,7290.81
28404,5471,6,1,2683.41
28405,788,328,2,8910.25
28406,10389,362,2,9726.31
28407,1754,376,5,258.42
28408,3132,179,1,748.02
28409,14649,71,4,1415.95
28410,555,424,3,9131.51
28411,7280,266,3,4135.03
28412,6837,224,1,3104.98
28413,7121,321,1,9739.1
28414,14530,171,2,9757.17
28415,8318,93,4,2028.54
28416,11414,1,4,6315.21
28417,11427,242,1,7663.19
28418,7254,304,1,466.87
28419,9458,161,3,8407.44
28420,7843,80,3,7702.5
28421,8862,247,1,1511.4
28422,6055,379,5,6490.64
28423,11630,363,2,6816.26
28424,11109,147,3,8276.67
28425,4390,178,5,9950.37
28426,14255,445,2,4601.52
28427,12462,489,3,3207.62
28428,10957,50,3,9478.54
28429,3380,247,1,1511.4
28430,13830,10,4,395.33
28431,835,15,4,3870.03
28432,7622,413,1,202.63
28433,12634,481,3,4000.0
28434,1341,450,5,6116.29
28435,9339,487,2,6550.82
28436,1066,448,2,5383.01
28437,12617,150,4,5507.66
28438,4811,285,4,3933.55
28439,5758,182,2,576.46
28440,6127,338,5,9668.48
28441,14415,395,4,5403.61
28442,6248,434,2,3167.56
28443,4122,1,2,6315.21
28444,11107,220,1,4181.4
28445,4495,445,5,4601.52
28446,7779,119,2,3230.43
28447,4825,38,2,4667.15
28448,3089,242,5,7663.19
28449,5057,385,1,9715.08
28450,14386,380,5,4507.23
28451,8390,281,5,2968.82
28452,6855,303,5,9299.69
28453,3598,391,3,245.15
28454,14087,93,4,2028.54
28455,10733,335,4,1115.92
28456,4252,10,2,395.33
28457,1535,369,4,8266.36
28458,12738,378,2,3236.96
28459,488,9,3,9075.61
28460,12850,40,1,5521.2
28461,2580,22,5,1658.35
28462,8130,266,5,4135.03
28463,13972,425,2,3696.53
28464,1733,114,5,3570.81
28465,11125,266,4,4135.03
28466,5339,437,3,3675.25
28467,11057,229,5,1133.55
28468,6080,384,1,7551.73
28469,12138,375,3,6848.53
28470,11669,278,2,8996.64
28471,9659,491,2,7055.9
28472,13204,133,5,418.13
28473,13280,313,4,4182.64
28474,6235,461,4,798.26
28475,14521,260,2,4925.88
28476,10920,32,5,5922.14
28477,5897,186,5,7246.03
28478,12819,186,5,7246.03
28479,10561,26,4,482.02
28480,10921,384,5,7551.73
28481,13611,29,5,3941.11
28482,6310,145,5,6422.41
28483,9072,217,4,9900.58
28484,14065,490,1,1232.7
28485,11128,43,5,3765.59
28486,2715,101,1,6090.24
28487,10423,476,1,7708.58
28488,6129,38,2,4667.15
28489,6040,168,3,1657.22
28490,9235,214,1,8463.2
28491,701,328,2,8910.25
28492,5848,452,3,7515.99
28493,1964,278,3,8996.64
28494,1076,217,3,9900.58
28495,6095,451,5,5360.01
28496,13258,429,2,4716.21
28497,8655,280,5,7595.69
28498,14108,130,3,2180.26
28499,6442,377,4,9039.51
28500,6916,299,3,4929.48
28501,3561,350,2,2158.61
28502,14466,101,4,6090.24
28503,14801,209,5,9837.59
28504,8835,296,1,3030.48
28505,12846,90,5,7785.19
28506,13018,353,1,3759.57
28507,9462,221,2,3345.21
28508,3224,500,4,9839.38
28509,14777,440,1,1392.66
28510,10052,471,3,3581.14
28511,5836,411,1,1314.33
28512,3454,455,4,1899.28
28513,11904,118,4,8743.3
28514,2619,132,3,426.52
28515,5853,400,2,8624.0
28516,5539,53,3,7460.59
28517,10129,490,3,1232.7
28518,695,304,2,466.87
28519,13042,121,5,4637.39
28520,7819,37,3,5308.22
28521,4844,172,5,8002.21
28522,14417,259,3,6946.2
28523,1642,188,3,5330.51
28524,3057,445,3,4601.52
28525,1793,302,1,256.64
28526,3379,248,1,5592.3
28527,11565,307,5,4019.4
28528,11446,146,3,4918.85
28529,11239,223,5,6357.32
28530,11497,203,2,8511.61
28531,1284,111,3,5010.75
28532,7251,185,1,9608.72
28533,12264,102,1,9476.14
28534,13275,474,4,6301.48
28535,12278,168,4,1657.22
28536,13153,319,1,3953.51
28537,11467,281,2,2968.82
28538,1447,500,3,9839.38
28539,13289,47,4,6387.23
28540,7422,256,5,8632.64
28541,3310,390,2,1940.5
28542,9013,289,5,6753.34
28543,5535,154,4,7802.63
28544,14507,242,2,7663.19
28545,2725,337,5,4035.25
28546,11261,197,1,6070.18
28547,917,417,1,1315.86
28548,1478,50,4,9478.54
28549,8178,99,2,7770.51
28550,1963,241,4,9266.89
28551,7768,456,5,8200.2
28552,13163,72,1,879.52
28553,8394,61,1,1207.44
28554,3485,498,5,6884.43
28555,7749,164,1,8667.88
28556,10244,158,5,9478.85
28557,14421,396,4,8634.83
28558,9751,149,5,938.71
28559,5082,357,5,6115.84
28560,5479,1,1,6315.21
28561,9358,312,1,7979.12
28562,5288,485,3,8787.67
28563,8337,35,4,1741.5
28564,1382,241,4,9266.89
28565,4841,88,2,8219.74
28566,7200,138,5,9993.87
28567,6473,200,4,2884.6
28568,3253,441,1,2052.86
28569,11737,59,1,3468.76
28570,2810,108,4,1734.18
28571,6416,79,4,9929.03
28572,178,460,5,4289.39
28573,13160,13,2,7258.78
28574,12368,138,4,9993.87
28575,2880,417,2,1315.86
28576,2232,194,2,1359.67
28577,13487,474,5,6301.48
28578,410,139,1,8246.2
28579,14406,460,1,4289.39
28580,8434,487,2,6550.82
28581,12535,340,5,3757.64
28582,1167,277,2,2568.61
28583,12373,52,5,8643.0
28584,7499,222,5,9786.82
28585,9637,364,5,9723.49
28586,4366,215,1,5828.57
28587,732,32,5,5922.14
28588,835,329,5,1250.04
28589,10992,444,4,7201.79
28590,4352,79,1,9929.03
28591,9262,343,1,3581.46
28592,8412,111,3,5010.75
28593,8022,217,3,9900.58
28594,6964,292,5,6604.75
28595,10572,204,5,5285.57
28596,1382,198,2,946.71
28597,8936,439,2,3081.57
28598,2152,356,1,2763.96
28599,7772,144,5,1912.27
28600,151,346,5,5073.33
28601,11866,8,5,6565.53
28602,405,79,2,9929.03
28603,6163,50,5,9478.54
28604,4912,19,4,5022.81
28605,9275,197,5,6070.18
28606,10723,346,1,5073.33
28607,8990,105,4,328.39
28608,13750,350,3,2158.61
28609,7975,496,5,2786.49
28610,1736,49,2,7978.95
28611,473,320,1,7113.73
28612,5241,345,3,7840.69
28613,3005,292,3,6604.75
28614,12394,487,5,6550.82
28615,3738,376,2,258.42
28616,12653,13,1,7258.78
28617,13157,410,1,9139.34
28618,11419,230,1,2678.09
28619,5783,209,3,9837.59
28620,13537,336,1,7047.79
28621,7418,446,2,9142.99
28622,14117,491,4,7055.9
28623,7992,157,5,7290.81
28624,6094,381,5,3904.17
28625,13025,480,4,5205.62
28626,9888,461,5,798.26
28627,13299,361,1,5463.67
28628,6794,40,1,5521.2
28629,12507,369,1,8266.36
28630,8048,388,3,5482.96
28631,6564,311,3,7839.59
28632,8083,164,5,8667.88
28633,436,150,3,5507.66
28634,1754,127,4,5911.04
28635,14716,132,5,426.52
28636,5110,453,2,4809.05
28637,10699,78,2,3697.4
28638,4758,64,4,3923.84
28639,7428,418,1,4286.55
28640,1805,257,3,2683.93
28641,12771,489,1,3207.62
28642,3922,415,5,2187.71
28643,864,45,4,1218.3
28644,6437,170,3,2257.83
28645,7285,485,1,8787.67
28646,214,369,1,8266.36
28647,6806,233,3,4748.37
28648,103,447,5,2000.99
28649,8645,3,5,6914.47
28650,6294,354,3,7095.06
28651,3389,141,1,1098.86
28652,5366,108,2,1734.18
28653,4213,70,4,8962.34
28654,4244,411,4,1314.33
28655,877,46,2,8792.03
28656,10850,352,4,4584.87
28657,13120,134,5,5480.33
28658,7704,8,4,6565.53
28659,832,500,2,9839.38
28660,6723,175,5,8623.47
28661,11793,30,5,7899.0
28662,1340,288,2,6906.22
28663,7319,142,5,6545.75
28664,11238,311,2,7839.59
28665,5389,269,2,1141.26
28666,9392,178,3,9950.37
28667,8222,305,4,4723.38
28668,412,178,1,9950.37
28669,6505,465,1,9276.0
28670,35,25,5,7621.45
28671,47,417,4,1315.86
28672,10784,276,2,2146.27
28673,9379,346,1,5073.33
28674,10193,257,4,2683.93
28675,7474,141,5,1098.86
28676,1208,381,4,3904.17
28677,6122,60,3,8583.96
28678,13510,478,1,6425.58
28679,4381,291,3,5087.5
28680,1869,323,5,1809.66
28681,5000,394,4,6388.25
28682,13199,482,5,6578.94
28683,8931,281,5,2968.82
28684,6539,154,3,7802.63
28685,12954,207,1,4423.45
28686,761,326,4,8400.33
28687,7868,210,4,4078.3
28688,5269,64,2,3923.84
28689,5864,283,5,5067.19
28690,9057,267,1,9197.24
28691,1614,36,4,5763.51
28692,856,485,3,8787.67
28693,14434,443,4,9035.35
28694,3923,126,4,2937.97
28695,14181,425,2,3696.53
28696,11515,76,5,704.92
28697,2144,267,1,9197.24
28698,3478,30,1,7899.0
28699,9918,331,5,1285.58
28700,3649,353,4,3759.57
28701,5496,365,4,1850.05
28702,6393,96,4,2678.45
28703,11844,365,5,1850.05
28704,7061,230,4,2678.09
28705,5621,123,5,4560.68
28706,13597,182,4,576.46
28707,5944,51,5,8177.56
28708,6559,107,1,1494.13
28709,385,166,4,5626.74
28710,1862,187,1,7403.39
28711,12630,81,2,3619.81
28712,1235,182,3,576.46
28713,3805,478,1,6425.58
28714,10528,310,2,5989.12
28715,14833,252,4,4660.57
28716,926,392,4,557.07
28717,12368,175,4,8623.47
28718,14897,464,3,8934.52
28719,6754,341,5,6881.86
28720,42,288,2,6906.22
28721,10451,470,4,7905.83
28722,13095,17,4,7305.81
28723,8114,139,2,8246.2
28724,5322,208,4,8638.99
28725,7594,368,1,1767.74
28726,11123,192,2,8165.24
28727,13087,359,4,4809.77
28728,13473,213,1,3800.6
28729,6101,186,4,7246.03
28730,1554,229,3,1133.55
28731,8128,234,3,5838.32
28732,6371,431,3,7429.75
28733,13051,222,2,9786.82
28734,1786,232,3,3261.51
28735,14750,159,1,1801.45
28736,1377,159,4,1801.45
28737,7549,306,3,9402.04
28738,10145,117,5,3613.97
28739,13984,207,5,4423.45
28740,2119,57,1,6056.87
28741,6661,8,1,6565.53
28742,14585,350,1,2158.61
28743,14534,11,5,1837.72
28744,10708,114,5,3570.81
28745,2422,236,3,8664.5
28746,11699,391,5,245.15
28747,10149,84,3,8556.86
28748,3146,156,4,7160.7
28749,13072,481,5,4000.0
28750,9625,493,5,5685.39
28751,2982,306,4,9402.04
28752,5740,342,2,6063.95
28753,8927,378,3,3236.96
28754,11170,114,3,3570.81
28755,14376,437,5,3675.25
28756,3585,235,1,8300.53
28757,3938,280,1,7595.69
28758,6827,306,2,9402.04
28759,7816,460,5,4289.39
28760,3565,56,3,7342.67
28761,5762,33,1,968.15
28762,154,85,1,2064.18
28763,12212,238,2,8127.0
28764,152,487,4,6550.82
28765,1404,146,1,4918.85
28766,10163,70,5,8962.34
28767,3560,227,2,5782.67
28768,5593,198,3,946.71
28769,6646,272,2,4556.48
28770,7400,287,5,200.71
28771,8486,266,2,4135.03
28772,10634,37,4,5308.22
28773,3766,492,1,9608.88
28774,8830,372,1,1234.45
28775,9148,7,2,6834.18
28776,1379,120,4,8117.66
28777,12846,316,2,5796.51
28778,45,58,5,7243.02
28779,5366,364,5,9723.49
28780,8296,401,4,276.76
28781,6970,38,4,4667.15
28782,3890,253,3,6781.48
28783,1680,325,2,4799.01
28784,4054,183,5,5880.7
28785,3144,280,2,7595.69
28786,9369,22,2,1658.35
28787,13627,149,1,938.71
28788,9356,108,4,1734.18
28789,10570,119,4,3230.43
28790,1226,117,4,3613.97
28791,7228,20,4,5418.04
28792,3766,383,2,5157.46
28793,4240,13,1,7258.78
28794,5692,492,1,9608.88
28795,3184,209,3,9837.59
28796,2484,459,1,1906.15
28797,3142,13,5,7258.78
28798,14276,238,2,8127.0
28799,10614,318,3,1060.93
28800,5484,201,1,7769.45
28801,9046,327,4,9601.35
28802,134,183,2,5880.7
28803,11359,80,5,7702.5
28804,12189,103,5,4032.63
28805,13361,124,2,8055.13
28806,13212,79,2,9929.03
28807,5541,111,5,5010.75
28808,9980,348,4,3047.9
28809,7277,8,1,6565.53
28810,7963,161,3,8407.44
28811,11015,433,1,3027.9
28812,6440,75,2,8352.41
28813,3932,244,5,1081.56
28814,12407,493,3,5685.39
28815,10438,23,3,1685.18
28816,11019,92,5,8797.95
28817,14007,439,1,3081.57
28818,9663,342,1,6063.95
28819,9351,59,1,3468.76
28820,8644,385,4,9715.08
28821,1597,35,4,1741.5
28822,10661,53,3,7460.59
28823,5115,46,1,8792.03
28824,11107,297,4,6822.62
28825,9407,227,2,5782.67
28826,10652,261,5,980.67
28827,7310,447,5,2000.99
28828,9928,133,1,418.13
28829,12183,93,3,2028.54
28830,8949,218,2,2942.56
28831,4522,453,2,4809.05
28832,14966,441,4,2052.86
28833,7662,227,2,5782.67
28834,4888,466,5,2173.99
28835,3704,176,3,8922.31
28836,8156,302,5,256.64
28837,3200,116,5,2672.92
28838,6771,22,3,1658.35
28839,10045,412,2,6068.19
28840,8929,310,4,5989.12
28841,5722,421,5,8508.99
28842,7706,77,3,7226.24
28843,2725,131,4,884.97
28844,14444,132,3,426.52
28845,9561,172,5,8002.21
28846,8208,335,4,1115.92
28847,5292,290,5,1424.2
28848,1989,471,4,3581.14
28849,129,222,1,9786.82
28850,14382,29,1,3941.11
28851,2572,188,4,5330.51
28852,6573,463,2,7898.4
28853,2499,401,2,276.76
28854,13709,48,2,1838.87
28855,2270,140,4,621.76
28856,4774,89,2,2158.02
28857,9429,369,1,8266.36
28858,4884,231,1,1578.47
28859,11976,238,4,8127.0
28860,6043,297,4,6822.62
28861,3380,15,1,3870.03
28862,5311,252,2,4660.57
28863,2880,60,1,8583.96
28864,7422,5,2,6386.27
28865,9873,475,4,4830.58
28866,7076,422,5,9215.56
28867,3552,115,2,8618.7
28868,13255,264,1,9277.81
28869,5815,69,2,8226.4
28870,9835,367,1,2146.49
28871,7600,473,1,4297.32
28872,8282,236,3,8664.5
28873,9888,392,5,557.07
28874,240,162,5,9785.74
28875,3268,198,2,946.71
28876,6026,279,5,5378.36
28877,9950,49,2,7978.95
28878,2794,120,2,8117.66
28879,7768,362,5,9726.31
28880,9472,135,4,5819.88
28881,2494,428,3,1211.53
28882,2170,297,5,6822.62
28883,1363,156,4,7160.7
28884,11024,436,2,6908.99
28885,466,132,3,426.52
28886,8347,312,4,7979.12
28887,5094,256,1,8632.64
28888,1953,413,5,202.63
28889,1797,355,3,8627.33
28890,2328,381,1,3904.17
28891,6960,265,4,6606.49
28892,9868,324,5,2208.08
28893,1897,82,4,6679.0
28894,1306,499,2,3186.27
28895,11231,12,5,3492.99
28896,120,255,3,8283.02
28897,1904,318,1,1060.93
28898,1710,159,2,1801.45
28899,3018,391,1,245.15
28900,1006,100,4,9593.58
28901,8822,495,5,6702.94
28902,4705,271,3,9644.3
28903,11638,311,1,7839.59
28904,425,149,3,938.71
28905,7715,217,2,9900.58
28906,5358,77,3,7226.24
28907,14845,166,3,5626.74
28908,5760,232,2,3261.51
28909,1443,299,5,4929.48
28910,6946,340,2,3757.64
28911,7828,293,5,8242.9
28912,9990,167,2,4172.77
28913,5213,497,2,4248.99
28914,12875,449,4,7816.26
28915,3862,35,5,1741.5
28916,14322,136,2,5846.66
28917,12914,361,5,5463.67
28918,12059,405,5,3026.74
28919,9997,317,2,9246.11
28920,12584,60,5,8583.96
28921,1220,304,3,466.87
28922,8698,310,3,5989.12
28923,6913,361,4,5463.67
28924,5241,157,5,7290.81
28925,12613,244,5,1081.56
28926,10110,171,2,9757.17
28927,1643,146,3,4918.85
28928,8834,193,3,1281.1
28929,9738,328,5,8910.25
28930,10368,13,2,7258.78
28931,14858,432,2,226.39
28932,8812,62,5,2223.61
28933,11847,294,3,1759.3
28934,331,221,1,3345.21
28935,8848,498,1,6884.43
28936,4334,151,3,8809.81
28937,8496,40,4,5521.2
28938,14048,443,3,9035.35
28939,5177,332,3,2539.39
28940,1549,354,3,7095.06
28941,3493,400,1,8624.0
28942,10290,435,2,9744.01
28943,1932,187,3,7403.39
28944,10367,79,5,9929.03
28945,4627,301,5,9862.65
28946,5914,497,4,4248.99
28947,7643,286,4,8835.5
28948,9789,72,3,879.52
28949,13102,345,3,7840.69
28950,10965,252,2,4660.57
28951,8120,99,5,7770.51
28952,2670,186,5,7246.03
28953,10343,52,3,8643.0
28954,1828,110,1,1178.02
28955,6639,89,4,2158.02
28956,7734,164,1,8667.88
28957,12262,69,5,8226.4
28958,13251,152,4,9565.43
28959,14061,92,5,8797.95
28960,9457,122,5,8180.09
28961,9915,455,1,1899.28
28962,4363,329,2,1250.04
28963,1433,180,1,7937.75
28964,4217,64,3,3923.84
28965,6262,356,4,2763.96
28966,2926,146,1,4918.85
28967,14736,109,4,796.13
28968,10655,28,1,966.94
28969,14532,281,2,2968.82
28970,439,475,3,4830.58
28971,10104,200,1,2884.6
28972,10482,223,4,6357.32
28973,6205,155,4,5690.41
28974,6658,187,4,7403.39
28975,14623,177,4,1840.37
28976,9237,105,1,328.39
28977,12883,265,1,6606.49
28978,13765,458,1,1066.87
28979,1140,341,2,6881.86
28980,4590,413,2,202.63
28981,9896,363,1,6816.26
28982,11697,268,4,5811.88
28983,9481,392,5,557.07
28984,8250,370,2,8466.61
28985,9535,91,5,7135.75
28986,519,52,5,8643.0
28987,1244,490,2,1232.7
28988,5247,403,2,4023.58
28989,1684,174,4,7399.81
28990,6954,114,5,3570.81
28991,12673,134,1,5480.33
28992,13338,445,1,4601.52
28993,13164,109,5,796.13
28994,1958,42,3,4497.14
28995,14882,490,3,1232.7
28996,2186,398,1,4962.95
28997,8814,498,4,6884.43
28998,1219,494,1,3573.94
28999,9795,277,1,2568.61
29000,5476,49,1,7978.95
29001,2975,7,4,6834.18
29002,7161,402,4,2303.92
29003,9022,477,1,9150.54
29004,2143,54,2,7895.72
29005,12697,210,5,4078.3
29006,2234,200,2,2884.6
29007,12013,275,3,8842.88
29008,12684,487,3,6550.82
29009,13720,91,5,7135.75
29010,11100,290,1,1424.2
29011,387,78,1,3697.4
29012,13546,487,2,6550.82
29013,4881,439,3,3081.57
29014,6318,275,4,8842.88
29015,9789,283,5,5067.19
29016,11358,499,3,3186.27
29017,2612,171,4,9757.17
29018,4298,248,5,5592.3
29019,14296,407,1,5006.35
29020,12425,161,3,8407.44
29021,678,408,3,8941.62
29022,9656,295,2,8795.72
29023,14127,317,4,9246.11
29024,4577,83,2,9659.08
29025,6892,500,1,9839.38
29026,2745,465,1,9276.0
29027,12782,133,2,418.13
29028,8426,226,1,2025.32
29029,12653,493,2,5685.39
29030,3009,113,2,9827.8
29031,9425,331,4,1285.58
29032,4070,69,1,8226.4
29033,9287,291,4,5087.5
29034,4317,362,3,9726.31
29035,5418,404,5,3218.34
29036,8560,14,3,7643.58
29037,5372,144,5,1912.27
29038,8932,323,2,1809.66
29039,5646,484,5,322.48
29040,7682,277,3,2568.61
29041,12999,108,3,1734.18
29042,6785,449,4,7816.26
29043,4982,168,4,1657.22
29044,6386,87,5,2322.38
29045,6039,304,1,466.87
29046,14942,25,3,7621.45
29047,3732,158,4,9478.85
29048,9723,354,5,7095.06
29049,7448,53,3,7460.59
29050,13697,3,4,6914.47
29051,948,419,4,2984.31
29052,14324,353,4,3759.57
29053,4041,67,1,9629.35
29054,11840,478,2,6425.58
29055,6108,218,3,2942.56
29056,1500,435,2,9744.01
29057,8316,264,5,9277.81
29058,11284,104,4,4430.26
29059,9957,75,5,8352.41
29060,10230,334,3,7620.87
29061,10744,285,2,3933.55
29062,3429,474,5,6301.48
29063,2688,83,1,9659.08
29064,13860,21,4,9286.01
29065,12191,102,4,9476.14
29066,2969,68,4,4687.17
29067,3527,107,2,1494.13
29068,7483,206,4,2172.19
29069,12310,245,4,8611.56
29070,1671,9,3,9075.61
29071,7437,478,4,6425.58
29072,7709,492,1,9608.88
29073,14766,163,2,1948.49
29074,1821,287,1,200.71
29075,7499,11,1,1837.72
29076,13584,86,2,4357.67
29077,12171,94,5,8180.15
29078,5296,212,2,1848.43
29079,13499,238,3,8127.0
29080,2902,250,1,9260.34
29081,9955,363,5,6816.26
29082,7888,463,5,7898.4
29083,10452,348,5,3047.9
29084,11199,298,3,8878.51
29085,9248,173,3,3149.12
29086,9914,253,3,6781.48
29087,2399,77,1,7226.24
29088,14646,169,3,1462.57
29089,7204,357,5,6115.84
29090,6280,47,1,6387.23
29091,8958,46,2,8792.03
29092,11473,65,2,7934.0
29093,2084,305,4,4723.38
29094,9596,40,4,5521.2
29095,5848,106,3,6259.39
29096,5252,396,2,8634.83
29097,10939,170,5,2257.83
29098,12613,28,2,966.94
29099,4180,490,3,1232.7
29100,14445,213,1,3800.6
29101,1501,377,1,9039.51
29102,8162,309,5,6463.56
29103,3198,340,3,3757.64
29104,12307,190,2,1021.97
29105,14916,253,5,6781.48
29106,1043,177,1,1840.37
29107,12795,383,2,5157.46
29108,3210,124,5,8055.13
29109,13900,485,5,8787.67
29110,4837,485,2,8787.67
29111,2627,142,4,6545.75
29112,253,270,1,3515.69
29113,14135,135,5,5819.88
29114,2826,497,4,4248.99
29115,14086,449,2,7816.26
29116,6085,443,2,9035.35
29117,11799,52,1,8643.0
29118,12135,494,2,3573.94
29119,4942,233,4,4748.37
29120,7891,12,3,3492.99
29121,13712,143,4,5350.83
29122,220,489,5,3207.62
29123,5128,471,5,3581.14
29124,14337,292,3,6604.75
29125,5845,33,4,968.15
29126,7733,98,3,4922.59
29127,7787,189,4,8899.99
29128,2658,388,1,5482.96
29129,9914,319,2,3953.51
29130,4425,449,4,7816.26
29131,12206,430,3,5913.18
29132,1534,204,2,5285.57
29133,526,196,1,3830.25
29134,2692,129,1,6571.12
29135,1170,95,1,3387.4
29136,3287,391,4,245.15
29137,39,408,3,8941.62
29138,6725,127,3,5911.04
29139,3173,329,1,1250.04
29140,12053,184,2,3270.76
29141,1384,389,3,3380.61
29142,5586,157,2,7290.81
29143,13403,40,5,5521.2
29144,10708,150,2,5507.66
29145,12803,333,5,3312.61
29146,11233,46,4,8792.03
29147,10443,405,1,3026.74
29148,385,151,4,8809.81
29149,14200,169,4,1462.57
29150,231,370,1,8466.61
29151,12558,366,2,3897.58
29152,10144,370,5,8466.61
29153,5051,335,5,1115.92
29154,11244,141,1,1098.86
29155,8428,98,5,4922.59
29156,6817,80,5,7702.5
29157,14467,245,3,8611.56
29158,4596,289,2,6753.34
29159,4560,337,1,4035.25
29160,14702,293,4,8242.9
29161,9210,274,4,9374.58
29162,12715,10,1,395.33
29163,1559,419,1,2984.31
29164,12396,191,2,647.57
29165,370,241,2,9266.89
29166,4977,217,5,9900.58
29167,11523,322,2,6758.75
29168,7803,191,5,647.57
29169,5244,73,4,9210.64
29170,12526,357,5,6115.84
29171,11057,88,1,8219.74
29172,10842,79,4,9929.03
29173,2777,138,3,9993.87
29174,3830,54,2,7895.72
29175,10535,298,2,8878.51
29176,9139,495,2,6702.94
29177,9842,99,3,7770.51
29178,11732,302,5,256.64
29179,8872,140,3,621.76
29180,7332,467,2,2506.92
29181,640,410,2,9139.34
29182,4703,439,5,3081.57
29183,11941,43,4,3765.59
29184,7031,500,2,9839.38
29185,1585,373,5,5173.76
29186,1614,321,4,9739.1
29187,13666,341,1,6881.86
29188,1707,344,2,4696.35
29189,7070,248,1,5592.3
29190,12299,375,2,6848.53
29191,11390,18,4,1342.37
29192,10247,371,5,2310.72
29193,12020,78,5,3697.4
29194,13021,410,1,9139.34
29195,11957,406,2,5823.84
29196,9814,445,1,4601.52
29197,5794,202,5,9011.14
29198,3969,230,2,2678.09
29199,4953,125,2,2911.91
29200,10313,406,1,5823.84
29201,6333,426,4,3257.04
29202,14133,119,1,3230.43
29203,5280,209,3,9837.59
29204,14035,433,3,3027.9
29205,14618,117,3,3613.97
29206,5331,428,1,1211.53
29207,3426,203,5,8511.61
29208,12992,135,2,5819.88
29209,13265,172,2,8002.21
29210,2834,6,3,2683.41
29211,1724,274,1,9374.58
29212,2304,367,5,2146.49
29213,7442,327,3,9601.35
29214,5638,346,2,5073.33
29215,347,168,1,1657.22
29216,9084,149,4,938.71
29217,5270,27,3,6600.12
29218,847,25,1,7621.45
29219,10764,79,4,9929.03
29220,9965,391,1,245.15
29221,13192,146,4,4918.85
29222,13280,236,2,8664.5
29223,12999,401,2,276.76
29224,4948,448,3,5383.01
29225,14831,95,5,3387.4
29226,12578,496,5,2786.49
29227,1352,322,3,6758.75
29228,14639,216,1,3464.18
29229,172,439,5,3081.57
29230,9740,318,4,1060.93
29231,4278,431,1,7429.75
29232,11859,259,3,6946.2
29233,2645,219,1,6055.1
29234,13332,206,4,2172.19
29235,10849,462,3,9857.56
29236,2713,300,2,1815.98
29237,2282,390,2,1940.5
29238,13569,238,2,8127.0
29239,10151,423,1,5539.86
29240,14172,126,2,2937.97
29241,6632,347,1,5876.24
29242,1983,380,4,4507.23
29243,10089,59,1,3468.76
29244,552,347,1,5876.24
29245,782,413,3,202.63
29246,14521,221,1,3345.21
29247,4558,347,5,5876.24
29248,11039,427,1,3259.85
29249,1133,469,2,1716.73
29250,191,100,2,9593.58
29251,11871,144,2,1912.27
29252,7404,27,4,6600.12
29253,11205,261,4,980.67
29254,12155,386,2,3146.12
29255,7858,171,4,9757.17
29256,1539,51,2,8177.56
29257,7547,437,2,3675.25
29258,12259,340,1,3757.64
29259,7873,74,4,199.13
29260,546,381,2,3904.17
29261,12618,258,5,9737.13
29262,10952,404,5,3218.34
29263,13851,219,4,6055.1
29264,3784,295,5,8795.72
29265,9612,402,4,2303.92
29266,3533,417,4,1315.86
29267,6190,353,3,3759.57
29268,14632,326,5,8400.33
29269,2419,375,3,6848.53
29270,4725,498,4,6884.43
29271,12578,476,4,7708.58
29272,14410,443,4,9035.35
29273,2581,297,3,6822.62
29274,9759,318,4,1060.93
29275,1079,384,1,7551.73
29276,12602,86,5,4357.67
29277,14148,50,1,9478.54
29278,8937,197,2,6070.18
29279,3902,83,4,9659.08
29280,2180,126,5,2937.97
29281,4603,263,4,2663.77
29282,4594,464,4,8934.52
29283,14598,494,2,3573.94
29284,6909,106,2,6259.39
29285,10337,297,2,6822.62
29286,4891,132,1,426.52
29287,11288,214,2,8463.2
29288,4337,256,3,8632.64
29289,6999,430,4,5913.18
29290,6113,421,3,8508.99
29291,13335,422,4,9215.56
29292,5438,18,2,1342.37
29293,12999,8,5,6565.53
29294,3449,496,1,2786.49
29295,3658,492,1,9608.88
29296,10253,70,5,8962.34
29297,8669,489,4,3207.62
29298,6250,219,1,6055.1
29299,4770,41,3,6972.61
29300,8651,280,5,7595.69
29301,6877,118,2,8743.3
29302,1333,488,3,6635.81
29303,1220,66,4,6722.57
29304,4448,45,5,1218.3
29305,1910,312,4,7979.12
29306,11320,482,2,6578.94
29307,5334,322,4,6758.75
29308,1341,118,5,8743.3
29309,5468,324,4,2208.08
29310,3860,153,1,8748.36
29311,10945,281,2,2968.82
29312,567,193,3,1281.1
29313,44,440,1,1392.66
29314,10053,406,4,5823.84
29315,14119,150,1,5507.66
29316,3174,239,4,1994.61
29317,10756,232,5,3261.51
29318,11122,80,1,7702.5
29319,6251,2,4,732.43
29320,3393,109,3,796.13
29321,6142,26,4,482.02
29322,910,379,3,6490.64
29323,7139,476,1,7708.58
29324,12523,462,4,9857.56
29325,6611,27,5,6600.12
29326,216,107,3,1494.13
29327,8660,270,2,3515.69
29328,13609,136,3,5846.66
29329,11278,78,2,3697.4
29330,14102,176,1,8922.31
29331,5207,243,1,3831.51
29332,8032,221,1,3345.21
29333,4084,134,2,5480.33
29334,8788,272,3,4556.48
29335,3553,455,5,1899.28
29336,13982,10,2,395.33
29337,11529,339,4,9584.08
29338,11054,146,4,4918.85
29339,13396,360,5,8818.48
29340,12788,84,2,8556.86
29341,6896,166,4,5626.74
29342,672,38,4,4667.15
29343,2166,131,3,884.97
29344,1362,258,3,9737.13
29345,8865,429,2,4716.21
29346,2853,356,5,2763.96
29347,9026,231,3,1578.47
29348,3478,173,3,3149.12
29349,1083,453,5,4809.05
29350,3954,310,1,5989.12
29351,6273,325,3,4799.01
29352,14553,211,2,9357.68
29353,3055,180,2,7937.75
29354,8785,16,1,8266.92
29355,14442,431,1,7429.75
29356,10473,321,2,9739.1
29357,3727,363,2,6816.26
29358,3848,370,2,8466.61
29359,6870,58,1,7243.02
29360,14841,286,1,8835.5
29361,4728,66,4,6722.57
29362,12385,266,3,4135.03
29363,12343,311,5,7839.59
29364,11958,161,4,8407.44
29365,6034,413,4,202.63
29366,2847,65,4,7934.0
29367,11609,325,2,4799.01
29368,14759,176,1,8922.31
29369,5761,124,1,8055.13
29370,12730,29,5,3941.11
29371,14557,481,3,4000.0
29372,5933,84,2,8556.86
29373,4434,194,2,1359.67
29374,13800,483,3,9066.19
29375,5604,194,5,1359.67
29376,13872,110,1,1178.02
29377,4367,106,4,6259.39
29378,1612,307,5,4019.4
29379,11449,435,5,9744.01
29380,7122,197,2,6070.18
29381,4623,223,3,6357.32
29382,440,174,1,7399.81
29383,13793,211,2,9357.68
29384,4284,461,3,798.26
29385,8705,110,1,1178.02
29386,14212,129,4,6571.12
29387,10632,330,3,9882.58
29388,4004,274,4,9374.58
29389,3207,158,4,9478.85
29390,11154,250,3,9260.34
29391,1467,133,4,418.13
29392,2096,310,2,5989.12
29393,7436,443,3,9035.35
29394,3352,190,3,1021.97
29395,7285,18,2,1342.37
29396,6544,438,1,9206.62
29397,3616,456,2,8200.2
29398,13553,50,4,9478.54
29399,7823,488,4,6635.81
29400,2047,105,3,328.39
29401,6842,103,2,4032.63
29402,3911,431,5,7429.75
29403,7622,149,1,938.71
29404,4928,199,2,8014.84
29405,13530,156,5,7160.7
29406,9318,258,1,9737.13
29407,8400,149,3,938.71
29408,14746,57,2,6056.87
29409,1717,291,4,5087.5
29410,8761,211,2,9357.68
29411,13817,422,5,9215.56
29412,1049,149,1,938.71
29413,9067,347,1,5876.24
29414,7293,146,5,4918.85
29415,12578,209,3,9837.59
29416,13743,199,4,8014.84
29417,3729,361,3,5463.67
29418,11515,147,4,8276.67
29419,3517,212,4,1848.43
29420,4412,443,4,9035.35
29421,1811,33,4,968.15
29422,4240,102,2,9476.14
29423,2184,432,5,226.39
29424,3435,385,3,9715.08
29425,6586,26,3,482.02
29426,10582,114,5,3570.81
29427,9620,140,2,621.76
29428,6754,132,2,426.52
29429,3968,259,4,6946.2
29430,4135,116,1,2672.92
29431,4387,179,3,748.02
29432,6649,134,3,5480.33
29433,11447,380,5,4507.23
29434,3896,238,1,8127.0
29435,14888,357,3,6115.84
29436,10760,108,3,1734.18
29437,6252,447,2,2000.99
29438,12272,3,2,6914.47
29439,6842,272,4,4556.48
29440,12497,411,3,1314.33
29441,5082,337,2,4035.25
29442,9509,120,1,8117.66
29443,6874,187,2,7403.39
29444,13431,307,2,4019.4
29445,2107,469,5,1716.73
29446,14616,339,1,9584.08
29447,11274,50,2,9478.54
29448,12200,447,3,2000.99
29449,2483,122,5,8180.09
29450,3705,121,3,4637.39
29451,2057,398,3,4962.95
29452,2211,1,5,6315.21
29453,7589,450,3,6116.29
29454,5036,115,5,8618.7
29455,1090,471,1,3581.14
29456,7780,192,4,8165.24
29457,7830,38,3,4667.15
29458,7634,466,4,2173.99
29459,2278,60,3,8583.96
29460,11372,436,1,6908.99
29461,668,284,5,9324.98
29462,11349,108,3,1734.18
29463,13176,308,2,3248.37
29464,8644,299,3,4929.48
29465,2587,489,3,3207.62
29466,912,35,1,1741.5
29467,1156,26,1,482.02
29468,2212,122,2,8180.09
29469,2999,201,3,7769.45
29470,3266,104,4,4430.26
29471,11347,331,2,1285.58
29472,8269,134,2,5480.33
29473,5298,422,5,9215.56
29474,8192,10,4,395.33
29475,5082,245,3,8611.56
29476,11596,284,2,9324.98
29477,3207,36,3,5763.51
29478,12843,390,4,1940.5
29479,2959,320,1,7113.73
29480,3058,156,4,7160.7
29481,3824,170,1,2257.83
29482,14264,246,2,6536.29
29483,791,172,5,8002.21
29484,2681,123,1,4560.68
29485,3171,311,5,7839.59
29486,2793,266,2,4135.03
29487,6134,246,2,6536.29
29488,276,82,2,6679.0
29489,7328,239,4,1994.61
29490,5149,346,5,5073.33
29491,10261,298,2,8878.51
29492,9407,46,3,8792.03
29493,11007,175,1,8623.47
29494,6913,26,5,482.02
29495,9325,203,4,8511.61
29496,3022,472,4,8162.55
29497,416,84,4,8556.86
29498,4938,465,5,9276.0
29499,10672,98,5,4922.59
29500,8153,246,4,6536.29
29501,5840,11,4,1837.72
29502,7833,423,1,5539.86
29503,3010,340,5,3757.64
29504,1,88,3,8219.74
29505,4639,493,1,5685.39
29506,8018,157,1,7290.81
29507,108,404,2,3218.34
29508,7853,72,4,879.52
29509,6508,169,4,1462.57
29510,2652,296,2,3030.48
29511,13948,301,1,9862.65
29512,5657,84,5,8556.86
29513,12594,428,3,1211.53
29514,8732,500,4,9839.38
29515,2558,211,1,9357.68
29516,972,114,4,3570.81
29517,514,69,5,8226.4
29518,7540,148,5,6826.23
29519,3261,215,1,5828.57
29520,10353,55,3,4706.61
29521,5062,10,2,395.33
29522,5068,224,1,3104.98
29523,4818,305,4,4723.38
29524,10192,167,5,4172.77
29525,458,297,2,6822.62
29526,7508,493,2,5685.39
29527,8381,110,4,1178.02
29528,5722,477,4,9150.54
29529,12795,86,4,4357.67
29530,5272,429,3,4716.21
29531,2693,3,3,6914.47
29532,2521,79,1,9929.03
29533,8691,454,3,3126.41
29534,371,347,2,5876.24
29535,13192,381,1,3904.17
29536,1435,246,2,6536.29
29537,8620,434,4,3167.56
29538,130,357,5,6115.84
29539,2789,78,4,3697.4
29540,12161,469,2,1716.73
29541,13444,305,3,4723.38
29542,2437,71,5,1415.95
29543,1756,195,5,3311.18
29544,3546,498,1,6884.43
29545,5978,57,3,6056.87
29546,701,281,3,2968.82
29547,4391,354,5,7095.06
29548,9638,84,3,8556.86
29549,13951,275,4,8842.88
29550,7097,322,5,6758.75
29551,14671,89,3,2158.02
29552,4367,175,3,8623.47
29553,2860,421,4,8508.99
29554,8271,374,3,9108.7
29555,5203,198,3,946.71
29556,7722,310,3,5989.12
29557,5671,327,5,9601.35
29558,4913,406,4,5823.84
29559,3340,226,4,2025.32
29560,11764,269,3,1141.26
29561,7211,52,2,8643.0
29562,307,336,4,7047.79
29563,829,149,1,938.71
29564,159,426,2,3257.04
29565,13238,397,1,5628.09
29566,11751,266,3,4135.03
29567,9702,472,5,8162.55
29568,6928,75,1,8352.41
29569,7321,16,1,8266.92
29570,14150,279,5,5378.36
29571,3491,135,3,5819.88
29572,8171,208,3,8638.99
29573,5251,292,1,6604.75
29574,5979,108,3,1734.18
29575,6768,460,5,4289.39
29576,111,343,5,3581.46
29577,10903,478,4,6425.58
29578,3414,55,5,4706.61
29579,131,173,3,3149.12
29580,5645,246,2,6536.29
29581,5481,213,5,3800.6
29582,12066,188,2,5330.51
29583,3031,415,5,2187.71
29584,9943,126,3,2937.97
29585,2122,21,1,9286.01
29586,233,117,3,3613.97
29587,11031,400,1,8624.0
29588,5214,437,1,3675.25
29589,12504,88,2,8219.74
29590,8891,57,4,6056.87
29591,202,470,5,7905.83
29592,6992,162,2,9785.74
29593,14941,395,4,5403.61
29594,3401,292,5,6604.75
29595,8594,100,2,9593.58
29596,11240,76,3,704.92
29597,8891,409,5,5767.52
29598,7894,414,5,8456.47
29599,8682,20,2,5418.04
29600,12400,44,4,3917.55
29601,228,111,3,5010.75
29602,12976,436,4,6908.99
29603,12359,275,5,8842.88
29604,1695,363,1,6816.26
29605,509,140,5,621.76
29606,11176,233,1,4748.37
29607,10203,123,1,4560.68
29608,2266,366,2,3897.58
29609,7059,56,2,7342.67
29610,14902,447,5,2000.99
29611,6521,204,3,5285.57
29612,6652,196,4,3830.25
29613,12932,246,2,6536.29
29614,13774,168,1,1657.22
29615,11727,494,2,3573.94
29616,8142,490,2,1232.7
29617,10803,370,3,8466.61
29618,8026,152,4,9565.43
29619,9981,154,1,7802.63
29620,2234,59,4,3468.76
29621,7726,228,5,604.91
29622,11154,3,4,6914.47
29623,2747,150,3,5507.66
29624,3395,402,1,2303.92
29625,8319,162,3,9785.74
29626,9989,218,4,2942.56
29627,11589,428,3,1211.53
29628,11187,120,2,8117.66
29629,8859,161,1,8407.44
29630,4469,380,3,4507.23
29631,9270,208,2,8638.99
29632,4332,68,4,4687.17
29633,1000,459,3,1906.15
29634,10536,51,4,8177.56
29635,12638,205,4,4022.8
29636,11802,336,5,7047.79
29637,4036,104,1,4430.26
29638,6793,398,2,4962.95
29639,13122,302,5,256.64
29640,1572,148,4,6826.23
29641,3090,126,2,2937.97
29642,7204,94,2,8180.15
29643,457,238,5,8127.0
29644,5081,281,4,2968.82
29645,5710,314,1,9504.99
29646,4808,466,4,2173.99
29647,10414,161,1,8407.44
29648,10573,158,3,9478.85
29649,5640,379,1,6490.64
29650,14869,377,4,9039.51
29651,13540,437,5,3675.25
29652,12436,85,5,2064.18
29653,14812,3,4,6914.47
29654,10233,443,5,9035.35
29655,3989,213,1,3800.6
29656,1651,94,1,8180.15
29657,6887,471,3,3581.14
29658,775,439,1,3081.57
29659,3765,342,2,6063.95
29660,3869,192,4,8165.24
29661,13600,245,2,8611.56
29662,5945,294,1,1759.3
29663,5303,158,5,9478.85
29664,6564,291,1,5087.5
29665,5331,335,2,1115.92
29666,12284,313,5,4182.64
29667,1845,390,4,1940.5
29668,11766,115,2,8618.7
29669,2,97,5,509.52
29670,11385,465,4,9276.0
29671,2496,187,3,7403.39
29672,11345,157,1,7290.81
29673,3206,167,3,4172.77
29674,9343,389,5,3380.61
29675,12821,485,1,8787.67
29676,7019,499,4,3186.27
29677,13274,379,1,6490.64
29678,14313,164,5,8667.88
29679,4728,200,2,2884.6
29680,11354,204,5,5285.57
29681,7095,30,1,7899.0
29682,8844,93,3,2028.54
29683,7387,453,2,4809.05
29684,10891,316,2,5796.51
29685,7006,369,3,8266.36
29686,11619,194,4,1359.67
29687,3794,68,4,4687.17
29688,5069,389,3,3380.61
29689,13463,448,1,5383.01
29690,14217,48,3,1838.87
29691,5779,266,5,4135.03
29692,9561,47,3,6387.23
29693,14270,80,5,7702.5
29694,10532,446,2,9142.99
29695,5814,279,1,5378.36
29696,14063,73,4,9210.64
29697,14483,330,3,9882.58
29698,8850,155,5,5690.41
29699,8,341,2,6881.86
29700,5301,482,5,6578.94
29701,9125,160,5,451.76
29702,14818,212,2,1848.43
29703,12258,408,5,8941.62
29704,10193,406,3,5823.84
29705,7358,365,1,1850.05
29706,10171,419,1,2984.31
29707,6325,32,3,5922.14
29708,13480,312,4,7979.12
29709,11123,240,2,9176.21
29710,1047,405,2,3026.74
29711,8579,211,5,9357.68
29712,1832,117,3,3613.97
29713,8180,394,5,6388.25
29714,1378,426,2,3257.04
29715,14314,480,4,5205.62
29716,14279,378,1,3236.96
29717,6421,294,5,1759.3
29718,8052,494,3,3573.94
29719,473,307,4,4019.4
29720,7861,120,5,8117.66
29721,7776,195,3,3311.18
29722,10233,416,2,6564.11
29723,3363,290,3,1424.2
29724,6033,424,4,9131.51
29725,7064,249,1,745.94
29726,522,189,1,8899.99
29727,13077,106,2,6259.39
29728,7974,42,4,4497.14
29729,11740,53,2,7460.59
29730,9342,225,1,1137.36
29731,10840,183,4,5880.7
29732,10802,187,5,7403.39
29733,4515,476,5,7708.58
29734,11435,244,4,1081.56
29735,3577,246,5,6536.29
29736,4299,279,1,5378.36
29737,9328,241,5,9266.89
29738,10826,296,3,3030.48
29739,12192,114,2,3570.81
29740,3994,3,1,6914.47
29741,902,222,1,9786.82
29742,4156,434,1,3167.56
29743,3655,191,2,647.57
29744,14490,37,1,5308.22
29745,26,176,2,8922.31
29746,1470,236,1,8664.5
29747,2969,257,2,2683.93
29748,13265,450,4,6116.29
29749,4797,98,4,4922.59
29750,9390,297,1,6822.62
29751,13989,375,4,6848.53
29752,14552,104,1,4430.26
29753,11469,256,2,8632.64
29754,13523,304,4,466.87
29755,4443,86,4,4357.67
29756,1991,433,5,3027.9
29757,11820,226,4,2025.32
29758,7354,331,5,1285.58
29759,6082,60,1,8583.96
29760,9494,481,5,4000.0
29761,11972,97,2,509.52
29762,7671,33,5,968.15
29763,631,332,1,2539.39
29764,5335,414,3,8456.47
29765,3336,426,4,3257.04
29766,7231,377,5,9039.51
29767,12923,103,1,4032.63
29768,1085,309,1,6463.56
29769,8294,280,4,7595.69
29770,14379,34,2,4719.44
29771,11252,66,3,6722.57
29772,12050,319,1,3953.51
29773,3096,289,3,6753.34
29774,1555,234,5,5838.32
29775,14974,73,3,9210.64
29776,7915,321,1,9739.1
29777,12933,63,1,5383.93
29778,7998,71,1,1415.95
29779,12507,158,1,9478.85
29780,554,115,3,8618.7
29781,247,272,5,4556.48
29782,9350,275,2,8842.88
29783,14030,483,2,9066.19
29784,7952,66,4,6722.57
29785,1055,154,3,7802.63
29786,1193,269,2,1141.26
29787,9601,458,4,1066.87
29788,10780,353,1,3759.57
29789,8249,283,1,5067.19
29790,11817,491,5,7055.9
29791,231,396,1,8634.83
29792,9856,465,5,9276.0
29793,14740,57,2,6056.87
29794,6147,221,2,3345.21
29795,2171,1,3,6315.21
29796,4234,139,1,8246.2
29797,928,344,2,4696.35
29798,5418,342,1,6063.95
29799,8398,250,3,9260.34
29800,10133,128,5,1686.89
29801,8453,221,4,3345.21
29802,2296,460,3,4289.39
29803,9216,336,3,7047.79
29804,11175,301,1,9862.65
29805,1882,335,3,1115.92
29806,14106,176,4,8922.31
29807,10930,148,5,6826.23
29808,13733,300,5,1815.98
29809,7962,57,4,6056.87
29810,554,94,2,8180.15
29811,10765,306,2,9402.04
29812,47,278,2,8996.64
29813,2390,363,5,6816.26
29814,6255,489,5,3207.62
29815,2461,362,1,9726.31
29816,9201,37,4,5308.22
29817,6324,16,4,8266.92
29818,5418,179,3,748.02
29819,7223,165,1,5790.97
29820,12062,51,2,8177.56
29821,8156,28,2,966.94
29822,14774,348,2,3047.9
29823,4988,401,2,276.76
29824,14802,427,3,3259.85
29825,8717,484,4,322.48
29826,9875,207,3,4423.45
29827,11268,53,1,7460.59
29828,12400,241,5,9266.89
29829,4233,462,4,9857.56
29830,9719,339,3,9584.08
29831,1997,202,4,9011.14
29832,10269,322,5,6758.75
29833,11728,244,4,1081.56
29834,10826,311,1,7839.59
29835,13294,76,3,704.92
29836,8075,69,2,8226.4
29837,11890,130,3,2180.26
29838,11736,150,4,5507.66
29839,9011,184,1,3270.76
29840,14866,491,3,7055.9
29841,530,446,4,9142.99
29842,13233,58,4,7243.02
29843,3086,406,4,5823.84
29844,4108,429,2,4716.21
29845,5322,280,2,7595.69
29846,1124,211,3,9357.68
29847,14507,238,1,8127.0
29848,5568,209,2,9837.59
29849,3519,474,3,6301.48
29850,8429,384,1,7551.73
29851,12370,416,3,6564.11
29852,10530,407,4,5006.35
29853,5548,299,5,4929.48
29854,7451,322,5,6758.75
29855,11204,125,5,2911.91
29856,5390,446,5,9142.99
29857,5829,39,1,3738.32
29858,6024,143,2,5350.83
29859,13493,255,2,8283.02
29860,7754,86,2,4357.67
29861,12809,112,3,8874.43
29862,9348,152,1,9565.43
29863,10832,123,3,4560.68
29864,12783,500,5,9839.38
29865,12647,317,1,9246.11
29866,7843,307,5,4019.4
29867,10445,445,4,4601.52
29868,7320,253,2,6781.48
29869,12271,285,5,3933.55
29870,10195,27,3,6600.12
29871,4159,308,4,3248.37
29872,7101,126,4,2937.97
29873,1741,381,3,3904.17
29874,7819,45,5,1218.3
29875,1050,456,3,8200.2
29876,1167,28,1,966.94
29877,7363,167,2,4172.77
29878,9311,315,5,7046.48
29879,3665,161,3,8407.44
29880,10283,133,5,418.13
29881,12864,97,3,509.52
29882,2765,4,2,1038.64
29883,10795,497,2,4248.99
29884,2198,418,5,4286.55
29885,6134,99,3,7770.51
29886,12445,315,5,7046.48
29887,3529,431,4,7429.75
29888,5010,390,4,1940.5
29889,3126,253,5,6781.48
29890,9355,461,5,798.26
29891,10360,58,3,7243.02
29892,13758,428,4,1211.53
29893,4950,302,5,256.64
29894,3978,310,2,5989.12
29895,3857,249,2,745.94
29896,7873,164,3,8667.88
29897,1284,169,5,1462.57
29898,2759,9,1,9075.61
29899,14530,189,5,8899.99
29900,14160,67,3,9629.35
29901,5907,197,5,6070.18
29902,6335,75,2,8352.41
29903,2003,105,1,328.39
29904,5786,266,1,4135.03
29905,5287,362,1,9726.31
29906,8633,491,1,7055.9
29907,13371,216,2,3464.18
29908,9245,139,1,8246.2
29909,13660,355,3,8627.33
29910,288,160,5,451.76
29911,5033,157,1,7290.81
29912,4674,149,2,938.71
29913,682,190,5,1021.97
29914,14493,188,4,5330.51
29915,3502,320,3,7113.73
29916,2905,136,1,5846.66
29917,13994,68,2,4687.17
29918,1035,79,5,9929.03
29919,3880,263,4,2663.77
29920,5700,8,2,6565.53
29921,7213,144,4,1912.27
29922,14585,387,4,7256.07
29923,6647,188,4,5330.51
29924,7921,269,3,1141.26
29925,4214,488,3,6635.81
29926,11832,444,3,7201.79
29927,2133,66,5,6722.57
29928,1160,111,4,5010.75
29929,13141,438,1,9206.62
29930,7254,79,4,9929.03
29931,8745,391,2,245.15
29932,4477,126,1,2937.97
29933,14570,448,2,5383.01
29934,3395,228,2,604.91
29935,6707,337,1,4035.25
29936,10041,142,5,6545.75
29937,13315,328,1,8910.25
29938,11348,411,5,1314.33
29939,9646,247,3,1511.4
29940,1006,51,2,8177.56
29941,3226,195,1,3311.18
29942,4177,492,4,9608.88
29943,8241,15,1,3870.03
29944,11985,90,5,7785.19
29945,13274,374,2,9108.7
29946,13765,185,2,9608.72
29947,14158,277,2,2568.61
29948,5168,437,2,3675.25
29949,3649,169,5,1462.57
29950,723,350,1,2158.61
29951,19,139,1,8246.2
29952,7689,239,1,1994.61
29953,4239,128,2,1686.89
29954,3492,104,4,4430.26
29955,211,21,2,9286.01
29956,236,178,1,9950.37
29957,9967,144,5,1912.27
29958,8768,303,4,9299.69
29959,8023,144,4,1912.27
29960,10294,368,3,1767.74
29961,2228,341,1,6881.86
29962,10852,137,4,2848.21
29963,6464,352,4,4584.87
29964,9609,219,1,6055.1
29965,3989,278,5,8996.64
29966,5927,344,4,4696.35
29967,3737,82,5,6679.0
29968,11060,261,5,980.67
29969,9248,309,1,6463.56
29970,12519,323,5,1809.66
29971,13728,227,2,5782.67
29972,12520,475,3,4830.58
29973,6292,373,2,5173.76
29974,13764,15,3,3870.03
29975,6758,391,4,245.15
29976,12630,250,5,9260.34
29977,5312,142,2,6545.75
29978,9785,190,4,1021.97
29979,12948,11,2,1837.72
29980,2247,40,1,5521.2
29981,14345,329,2,1250.04
29982,13589,360,1,8818.48
29983,7868,338,5,9668.48
29984,12575,310,5,5989.12
29985,14139,225,2,1137.36
29986,7265,447,3,2000.99
29987,216,219,3,6055.1
29988,13254,226,2,2025.32
29989,3095,196,2,3830.25
29990,12799,432,5,226.39
29991,14260,203,3,8511.61
29992,9991,207,3,4423.45
29993,2754,359,2,4809.77
29994,13793,379,2,6490.64
29995,64,289,4,6753.34
29996,8656,169,3,1462.57
29997,6265,64,5,3923.84
29998,291,458,4,1066.87
29999,12977,394,5,6388.25
30000,10214,473,3,4297.32
30001,1970,337,1,4035.25
30002,7062,8,1,6565.53
30003,9001,482,4,6578.94
30004,11687,179,2,748.02
30005,4917,289,5,6753.34
30006,8968,226,1,2025.32
30007,5438,318,2,1060.93
30008,7563,449,5,7816.26
30009,1896,184,3,3270.76
30010,13113,367,2,2146.49
30011,8162,389,2,3380.61
30012,13301,163,4,1948.49
30013,1882,341,2,6881.86
30014,12891,483,5,9066.19
30015,6439,61,3,1207.44
30016,1148,424,5,9131.51
30017,2969,487,4,6550.82
30018,6400,493,2,5685.39
30019,2451,247,4,1511.4
30020,6097,467,3,2506.92
30021,840,352,4,4584.87
30022,10408,40,5,5521.2
30023,11057,299,2,4929.48
30024,2261,252,4,4660.57
30025,2716,128,3,1686.89
30026,6122,338,1,9668.48
30027,1053,459,4,1906.15
30028,9038,399,3,5584.71
30029,4846,302,3,256.64
30030,995,422,2,9215.56
30031,8468,69,5,8226.4
30032,4556,222,5,9786.82
30033,9961,433,2,3027.9
30034,7659,82,1,6679.0
30035,12305,498,5,6884.43
30036,7427,343,3,3581.46
30037,11700,223,2,6357.32
30038,4402,479,1,9565.21
30039,2764,138,1,9993.87
30040,3360,241,5,9266.89
30041,9059,444,1,7201.79
30042,11903,282,1,6977.05
30043,7738,404,1,3218.34
30044,11665,235,3,8300.53
30045,8941,437,5,3675.25
30046,3111,340,5,3757.64
30047,10946,38,1,4667.15
30048,6006,179,1,748.02
30049,13841,145,5,6422.41
30050,789,227,4,5782.67
30051,237,27,3,6600.12
30052,1646,100,3,9593.58
30053,1205,271,2,9644.3
30054,1105,151,5,8809.81
30055,6707,395,5,5403.61
30056,1546,147,1,8276.67
30057,6517,209,5,9837.59
30058,2803,460,2,4289.39
30059,10713,370,5,8466.61
30060,2307,240,1,9176.21
30061,14668,228,5,604.91
30062,4558,423,3,5539.86
30063,5806,171,3,9757.17
30064,5652,305,4,4723.38
30065,10267,396,2,8634.83
30066,1664,18,2,1342.37
30067,6332,265,4,6606.49
30068,12694,236,2,8664.5
30069,6654,71,4,1415.95
30070,13974,470,2,7905.83
30071,213,119,5,3230.43
30072,4952,482,4,6578.94
30073,13416,407,4,5006.35
30074,8918,153,4,8748.36
30075,9643,2,2,732.43
30076,630,80,5,7702.5
30077,14694,212,5,1848.43
30078,1819,459,3,1906.15
30079,14115,118,2,8743.3
30080,1460,55,1,4706.61
30081,7705,262,1,6965.43
30082,2069,188,3,5330.51
30083,1394,59,3,3468.76
30084,5532,283,2,5067.19
30085,7732,326,2,8400.33
30086,2260,85,4,2064.18
30087,9184,32,3,5922.14
30088,12207,498,1,6884.43
30089,9628,129,1,6571.12
30090,5733,105,2,328.39
30091,10664,293,5,8242.9
30092,8439,357,1,6115.84
30093,5415,221,5,3345.21
30094,3661,134,3,5480.33
30095,8839,494,2,3573.94
30096,3335,289,4,6753.34
30097,5674,306,5,9402.04
30098,1065,155,2,5690.41
30099,6189,454,2,3126.41
30100,10114,455,3,1899.28
30101,7138,345,3,7840.69
30102,12934,111,2,5010.75
30103,951,252,3,4660.57
30104,12172,60,5,8583.96
30105,12200,262,5,6965.43
30106,6522,152,4,9565.43
30107,9346,259,4,6946.2
30108,9289,79,5,9929.03
30109,6353,121,5,4637.39
30110,8838,240,1,9176.21
30111,13776,396,1,8634.83
30112,9917,34,2,4719.44
30113,3200,435,4,9744.01
30114,7545,107,3,1494.13
30115,14492,441,5,2052.86
30116,2249,38,3,4667.15
30117,14813,220,3,4181.4
30118,6604,36,4,5763.51
30119,5395,480,3,5205.62
30120,12296,499,5,3186.27
30121,14711,79,2,9929.03
30122,13961,216,4,3464.18
30123,13490,386,5,3146.12
30124,13608,263,1,2663.77
30125,1689,70,4,8962.34
30126,12238,355,2,8627.33
30127,5312,371,5,2310.72
30128,3650,398,3,4962.95
30129,11143,251,3,2903.35
30130,9953,280,2,7595.69
30131,3953,309,5,6463.56
30132,13213,296,4,3030.48
30133,545,425,5,3696.53
30134,4608,46,5,8792.03
30135,8943,500,5,9839.38
30136,10461,32,3,5922.14
30137,10243,412,5,6068.19
30138,1773,209,3,9837.59
30139,1270,259,3,6946.2
30140,9079,381,2,3904.17
30141,13188,104,2,4430.26
30142,6037,100,1,9593.58
30143,1191,304,3,466.87
30144,7368,98,3,4922.59
30145,10592,62,4,2223.61
30146,2341,440,1,1392.66
30147,4179,28,1,966.94
30148,11132,401,4,276.76
30149,9111,433,1,3027.9
30150,10178,336,3,7047.79
30151,6061,162,2,9785.74
30152,9894,500,1,9839.38
30153,455,453,5,4809.05
30154,10922,54,4,7895.72
30155,10127,187,3,7403.39
30156,258,87,3,2322.38
30157,2239,260,1,4925.88
30158,9979,484,4,322.48
30159,9352,349,2,4111.82
30160,920,223,3,6357.32
30161,3999,363,3,6816.26
30162,13425,369,5,8266.36
30163,2448,413,1,202.63
30164,11469,335,5,1115.92
30165,2084,31,1,5680.54
30166,1835,11,1,1837.72
30167,7416,471,3,3581.14
30168,8152,143,2,5350.83
30169,10084,62,3,2223.61
30170,9554,480,5,5205.62
30171,7254,477,4,9150.54
30172,3514,83,5,9659.08
30173,12846,106,1,6259.39
30174,6931,59,4,3468.76
30175,8618,19,3,5022.81
30176,9969,228,4,604.91
30177,1268,367,1,2146.49
30178,10221,292,3,6604.75
30179,2016,331,1,1285.58
30180,3721,185,4,9608.72
30181,8433,497,1,4248.99
30182,10139,141,5,1098.86
30183,3471,166,1,5626.74
30184,7562,485,1,8787.67
30185,12516,4,1,1038.64
30186,12749,275,5,8842.88
30187,8920,209,2,9837.59
30188,7734,12,1,3492.99
30189,2834,350,3,2158.61
30190,11943,131,3,884.97
30191,14898,83,2,9659.08
30192,2395,487,2,6550.82
30193,14274,273,3,6942.27
30194,6151,428,5,1211.53
30195,9213,220,3,4181.4
30196,12960,344,5,4696.35
30197,12124,25,3,7621.45
30198,1757,34,3,4719.44
30199,8006,147,3,8276.67
30200,5896,484,2,322.48
30201,12920,84,5,8556.86
30202,9589,374,4,9108.7
30203,12381,389,4,3380.61
30204,11795,406,1,5823.84
30205,5993,7,1,6834.18
30206,5137,428,2,1211.53
30207,1275,306,5,9402.04
30208,1202,43,5,3765.59
30209,5792,167,3,4172.77
30210,11322,49,4,7978.95
30211,7791,24,2,8996.96
30212,10562,441,1,2052.86
30213,4108,152,4,9565.43
30214,13950,148,3,6826.23
30215,6876,75,4,8352.41
30216,8533,214,2,8463.2
30217,6801,111,2,5010.75
30218,3362,264,3,9277.81
30219,14996,104,1,4430.26
30220,6734,270,3,3515.69
30221,5558,158,4,9478.85
30222,11808,362,3,9726.31
30223,1142,360,1,8818.48
30224,4461,108,4,1734.18
30225,9726,341,5,6881.86
30226,6855,380,2,4507.23
30227,6594,467,2,2506.92
30228,7179,240,4,9176.21
30229,12264,56,2,7342.67
30230,6362,295,3,8795.72
30231,13858,308,4,3248.37
30232,3228,492,3,9608.88
30233,12907,293,5,8242.9
30234,10083,445,3,4601.52
30235,12347,466,4,2173.99
30236,2450,265,1,6606.49
30237,6154,412,4,6068.19
30238,8943,303,1,9299.69
30239,10273,40,5,5521.2
30240,8448,438,2,9206.62
30241,13687,116,2,2672.92
30242,12577,484,3,322.48
30243,5777,282,4,6977.05
30244,9216,51,1,8177.56
30245,6355,118,5,8743.3
30246,9921,335,4,1115.92
30247,11337,203,2,8511.61
30248,1967,173,4,3149.12
30249,8399,313,4,4182.64
30250,12443,187,1,7403.39
30251,11275,281,1,2968.82
30252,4908,311,5,7839.59
30253,10364,12,2,3492.99
30254,6342,201,3,7769.45
30255,4259,244,2,1081.56
30256,8878,262,4,6965.43
30257,11209,91,4,7135.75
30258,921,498,3,6884.43
30259,7830,493,4,5685.39
30260,792,312,2,7979.12
30261,12642,439,3,3081.57
30262,11993,238,1,8127.0
30263,3977,403,2,4023.58
30264,2280,232,5,3261.51
30265,10723,9,3,9075.61
30266,9124,64,4,3923.84
30267,10049,5,1,6386.27
30268,2840,362,1,9726.31
30269,579,434,3,3167.56
30270,6325,71,1,1415.95
30271,11103,131,4,884.97
30272,6781,204,5,5285.57
30273,12733,166,1,5626.74
30274,10486,303,4,9299.69
30275,9420,386,5,3146.12
30276,14015,41,5,6972.61
30277,9453,303,4,9299.69
30278,9818,270,4,3515.69
30279,7813,364,1,9723.49
30280,3048,360,5,8818.48
30281,14541,460,4,4289.39
30282,8489,213,1,3800.6
30283,8277,382,3,2606.69
30284,4451,102,2,9476.14
30285,10817,445,5,4601.52
30286,11951,161,5,8407.44
30287,9936,290,1,1424.2
30288,5346,436,5,6908.99
30289,3988,220,2,4181.4
30290,8782,305,1,4723.38
30291,679,151,1,8809.81
30292,14380,107,2,1494.13
30293,4122,280,2,7595.69
30294,6399,96,5,2678.45
30295,4328,138,3,9993.87
30296,3989,204,5,5285.57
30297,9191,217,5,9900.58
30298,7345,159,1,1801.45
30299,431,347,1,5876.24
30300,7489,415,2,2187.71
30301,3338,442,1,722.71
30302,7521,17,2,7305.81
30303,13213,99,1,7770.51
30304,14666,351,2,5555.13
30305,837,340,1,3757.64
30306,1837,378,3,3236.96
30307,3454,109,3,796.13
30308,7861,351,3,5555.13
30309,12413,387,5,7256.07
30310,12770,123,4,4560.68
30311,556,263,4,2663.77
30312,9016,356,4,2763.96
30313,7986,244,4,1081.56
30314,9601,123,1,4560.68
30315,13286,412,3,6068.19
30316,3839,324,2,2208.08
30317,393,431,1,7429.75
30318,9510,257,4,2683.93
30319,12276,156,1,7160.7
30320,12826,390,4,1940.5
30321,3981,66,1,6722.57
30322,12588,230,2,2678.09
30323,6123,96,4,2678.45
30324,5204,234,3,5838.32
30325,4977,342,4,6063.95
30326,10861,194,4,1359.67
30327,12222,385,3,9715.08
30328,617,364,3,9723.49
30329,5087,259,3,6946.2
30330,7491,15,3,3870.03
30331,583,283,4,5067.19
30332,11226,388,4,5482.96
30333,2531,129,3,6571.12
30334,668,214,5,8463.2
30335,10962,5,4,6386.27
30336,9100,313,3,4182.64
30337,12937,103,5,4032.63
30338,14920,150,1,5507.66
30339,11333,237,4,5827.48
30340,10514,446,1,9142.99
30341,92,185,1,9608.72
30342,2763,155,4,5690.41
30343,14132,250,1,9260.34
30344,9218,178,4,9950.37
30345,4822,59,2,3468.76
30346,14866,77,2,7226.24
30347,3136,135,2,5819.88
30348,10920,368,3,1767.74
30349,14205,440,3,1392.66
30350,13418,248,5,5592.3
30351,14446,477,1,9150.54
30352,9462,332,5,2539.39
30353,5341,392,4,557.07
30354,10607,25,1,7621.45
30355,12659,236,2,8664.5
30356,11900,269,1,1141.26
30357,5989,318,2,1060.93
30358,5804,186,1,7246.03
30359,9195,120,5,8117.66
30360,4473,96,1,2678.45
30361,4927,34,3,4719.44
30362,13487,292,4,6604.75
30363,916,357,3,6115.84
30364,3658,366,5,3897.58
30365,4116,282,2,6977.05
30366,11346,2,3,732.43
30367,13995,278,5,8996.64
30368,10924,260,4,4925.88
30369,8403,326,1,8400.33
30370,11983,67,3,9629.35
30371,13033,395,5,5403.61
30372,4932,224,2,3104.98
30373,3956,85,4,2064.18
30374,11356,223,4,6357.32
30375,1729,23,3,1685.18
30376,1059,84,4,8556.86
30377,4133,27,4,6600.12
30378,10927,13,5,7258.78
30379,674,235,3,8300.53
30380,8011,161,2,8407.44
30381,9174,330,4,9882.58
30382,4443,284,1,9324.98
30383,424,307,4,4019.4
30384,11318,211,4,9357.68
30385,11941,499,4,3186.27
30386,10167,51,3,8177.56
30387,8810,493,1,5685.39
30388,2786,379,5,6490.64
30389,8703,3,1,6914.47
30390,4952,327,4,9601.35
30391,3282,106,2,6259.39
30392,11952,211,4,9357.68
30393,12216,356,2,2763.96
30394,12093,295,3,8795.72
30395,7262,406,3,5823.84
30396,14535,109,2,796.13
30397,1552,60,2,8583.96
30398,2527,422,5,9215.56
30399,5840,5,1,6386.27
30400,7606,300,1,1815.98
30401,8557,160,3,451.76
30402,1041,185,3,9608.72
30403,13381,436,2,6908.99
30404,2040,209,1,9837.59
30405,6662,132,4,426.52
30406,13342,436,3,6908.99
30407,3795,458,3,1066.87
30408,3560,322,1,6758.75
30409,5844,220,3,4181.4
30410,9110,473,2,4297.32
30411,11607,190,5,1021.97
30412,6022,217,4,9900.58
30413,11210,100,3,9593.58
30414,11984,221,3,3345.21
30415,14232,330,4,9882.58
30416,13389,407,5,5006.35
30417,3037,87,3,2322.38
30418,12269,450,3,6116.29
30419,7031,456,1,8200.2
30420,14409,364,5,9723.49
30421,2989,199,5,8014.84
30422,13327,45,2,1218.3
30423,13528,350,4,2158.61
30424,3805,457,2,9921.34
30425,4940,349,2,4111.82
30426,14341,148,5,6826.23
30427,9279,461,5,798.26
30428,10704,251,1,2903.35
30429,9943,258,2,9737.13
30430,12949,46,4,8792.03
30431,12823,196,1,3830.25
30432,4037,475,3,4830.58
30433,2596,43,5,3765.59
30434,11396,141,2,1098.86
30435,13867,260,1,4925.88
30436,970,211,1,9357.68
30437,8939,212,1,1848.43
30438,14321,50,1,9478.54
30439,5103,343,3,3581.46
30440,1938,388,3,5482.96
30441,247,317,1,9246.11
30442,8535,258,5,9737.13
30443,11997,443,3,9035.35
30444,9908,113,3,9827.8
30445,10753,159,5,1801.45
30446,3036,238,1,8127.0
30447,12005,404,3,3218.34
30448,11838,14,4,7643.58
30449,14207,253,4,6781.48
30450,12261,444,2,7201.79
30451,9980,497,4,4248.99
30452,529,21,1,9286.01
30453,9133,12,2,3492.99
30454,5796,105,5,328.39
30455,103,263,4,2663.77
30456,3737,190,3,1021.97
30457,12724,224,1,3104.98
30458,5854,123,4,4560.68
30459,2700,22,4,1658.35
30460,3987,327,3,9601.35
30461,5966,479,3,9565.21
30462,1760,121,3,4637.39
30463,2320,121,3,4637.39
30464,11739,335,5,1115.92
30465,5696,302,1,256.64
30466,2114,435,5,9744.01
30467,12401,43,4,3765.59
30468,11654,471,3,3581.14
30469,245,460,1,4289.39
30470,609,268,5,5811.88
30471,7340,58,3,7243.02
30472,9324,119,5,3230.43
30473,14432,498,3,6884.43
30474,3185,228,2,604.91
30475,2062,218,5,2942.56
30476,200,448,4,5383.01
30477,8530,83,3,9659.08
30478,760,258,5,9737.13
30479,11527,158,2,9478.85
30480,8019,265,3,6606.49
30481,6759,144,3,1912.27
30482,13244,167,3,4172.77
30483,8595,85,4,2064.18
30484,4987,22,1,1658.35
30485,8189,61,4,1207.44
30486,8659,36,4,5763.51
30487,9320,130,4,2180.26
30488,9778,35,3,1741.5
30489,13900,324,4,2208.08
30490,6063,365,3,1850.05
30491,11191,327,2,9601.35
30492,832,92,4,8797.95
30493,13221,284,2,9324.98
30494,12736,288,4,6906.22
30495,11759,96,4,2678.45
30496,10015,50,2,9478.54
30497,10519,430,2,5913.18
30498,9832,313,4,4182.64
30499,4299,240,1,9176.21
30500,4756,346,5,5073.33
30501,5286,482,1,6578.94
30502,9437,87,3,2322.38
30503,12473,30,5,7899.0
30504,896,291,5,5087.5
30505,10870,236,3,8664.5
30506,5772,454,2,3126.41
30507,9364,422,2,9215.56
30508,5635,437,2,3675.25
30509,5982,231,4,1578.47
30510,4831,337,1,4035.25
30511,11430,443,1,9035.35
30512,6834,35,3,1741.5
30513,8988,30,4,7899.0
30514,2960,126,2,2937.97
30515,8314,164,3,8667.88
30516,12928,54,3,7895.72
30517,9330,337,2,4035.25
30518,8904,474,2,6301.48
30519,4089,61,3,1207.44
30520,4698,202,4,9011.14
30521,635,287,1,200.71
30522,14360,240,2,9176.21
30523,13014,27,5,6600.12
30524,1436,493,1,5685.39
30525,1251,290,1,1424.2
30526,3263,163,5,1948.49
30527,14929,114,2,3570.81
30528,1120,423,4,5539.86
30529,9655,181,5,5638.45
30530,3541,9,1,9075.61
30531,3102,218,5,2942.56
30532,11424,367,2,2146.49
30533,1119,125,4,2911.91
30534,6812,494,4,3573.94
30535,6592,28,4,966.94
30536,11762,96,3,2678.45
30537,4063,132,2,426.52
30538,12983,363,2,6816.26
30539,2892,443,3,9035.35
30540,12821,388,3,5482.96
30541,8447,320,4,7113.73
30542,13443,193,4,1281.1
30543,11952,224,5,3104.98
30544,14954,110,2,1178.02
30545,12115,149,1,938.71
30546,856,277,4,2568.61
30547,7692,69,1,8226.4
30548,444,413,2,202.63
30549,10938,172,4,8002.21
30550,3421,276,5,2146.27
30551,8482,324,4,2208.08
30552,1228,7,3,6834.18
30553,11457,75,4,8352.41
30554,7154,425,2,3696.53
30555,13604,6,1,2683.41
30556,11436,106,1,6259.39
30557,2403,60,1,8583.96
30558,3828,68,1,4687.17
30559,1092,326,5,8400.33
30560,4603,270,3,3515.69
30561,2565,422,2,9215.56
30562,13169,438,1,9206.62
30563,14250,369,3,8266.36
30564,11601,302,1,256.64
30565,7277,406,5,5823.84
30566,11417,139,5,8246.2
30567,12742,237,3,5827.48
30568,8855,148,2,6826.23
30569,8400,333,4,3312.61
30570,13711,285,2,3933.55
30571,1352,230,4,2678.09
30572,14022,185,1,9608.72
30573,9495,388,1,5482.96
30574,10308,115,3,8618.7
30575,9868,272,4,4556.48
30576,3460,346,2,5073.33
30577,1765,108,4,1734.18
30578,8467,289,3,6753.34
30579,2640,237,3,5827.48
30580,1705,259,4,6946.2
30581,2671,271,2,9644.3
30582,1587,291,4,5087.5
30583,6382,334,5,7620.87
30584,1144,203,5,8511.61
30585,4596,39,3,3738.32
30586,6834,3,1,6914.47
30587,5667,368,4,1767.74
30588,13727,455,3,1899.28
30589,5053,425,5,3696.53
30590,1919,122,4,8180.09
30591,2496,399,2,5584.71
30592,1241,454,4,3126.41
30593,512,339,2,9584.08
30594,7568,95,5,3387.4
30595,7023,234,1,5838.32
30596,9165,433,2,3027.9
30597,6557,483,4,9066.19
30598,9004,327,1,9601.35
30599,13966,104,1,4430.26
30600,8300,154,4,7802.63
30601,3101,85,5,2064.18
30602,4923,235,2,8300.53
30603,10963,302,5,256.64
30604,6381,126,2,2937.97
30605,8322,339,5,9584.08
30606,10118,222,1,9786.82
30607,13474,244,1,1081.56
30608,14609,429,3,4716.21
30609,10688,278,4,8996.64
30610,13599,332,5,2539.39
30611,12606,146,1,4918.85
30612,8593,230,3,2678.09
30613,11073,31,5,5680.54
30614,6332,206,5,2172.19
30615,8996,77,1,7226.24
30616,5436,75,2,8352.41
30617,4725,361,5,5463.67
30618,10982,376,4,258.42
30619,8761,451,4,5360.01
30620,9215,22,3,1658.35
30621,10590,489,3,3207.62
30622,10802,461,5,798.26
30623,13694,413,1,202.63
30624,3332,303,4,9299.69
30625,2190,457,4,9921.34
30626,5914,418,2,4286.55
30627,4638,178,3,9950.37
30628,9120,469,4,1716.73
30629,9582,81,5,3619.81
30630,10797,230,1,2678.09
30631,4857,80,1,7702.5
30632,13059,262,3,6965.43
30633,428,368,3,1767.74
30634,569,385,1,9715.08
30635,5596,482,3,6578.94
30636,4717,332,4,2539.39
30637,14036,453,3,4809.05
30638,14368,451,5,5360.01
30639,6196,438,1,9206.62
30640,7382,362,1,9726.31
30641,12327,76,3,704.92
30642,14319,138,2,9993.87
30643,14574,302,4,256.64
30644,4872,462,3,9857.56
30645,5145,78,2,3697.4
30646,5227,131,3,884.97
30647,13954,334,5,7620.87
30648,3940,6,5,2683.41
30649,13461,440,1,1392.66
30650,1420,458,1,1066.87
30651,14030,132,5,426.52
30652,8140,203,2,8511.61
30653,4982,348,4,3047.9
30654,10951,232,4,3261.51
30655,2699,495,3,6702.94
30656,9802,9,3,9075.61
30657,5035,238,4,8127.0
30658,10997,205,2,4022.8
30659,13790,30,5,7899.0
30660,9596,446,1,9142.99
30661,9448,92,2,8797.95
30662,11597,57,2,6056.87
30663,152,308,3,3248.37
30664,11054,198,5,946.71
30665,7796,183,3,5880.7
30666,6847,256,5,8632.64
30667,11577,34,5,4719.44
30668,10105,87,1,2322.38
30669,9775,298,4,8878.51
30670,2022,455,3,1899.28
30671,1283,402,2,2303.92
30672,1696,74,4,199.13
30673,8007,437,2,3675.25
30674,8024,291,3,5087.5
30675,2052,203,1,8511.61
30676,603,223,4,6357.32
30677,1112,354,5,7095.06
30678,11812,158,1,9478.85
30679,14935,445,4,4601.52
30680,5636,417,3,1315.86
30681,5624,226,4,2025.32
30682,1974,475,4,4830.58
30683,5118,72,1,879.52
30684,11229,49,3,7978.95
30685,8822,333,4,3312.61
30686,1159,92,1,8797.95
30687,8542,497,3,4248.99
30688,7645,376,4,258.42
30689,7216,344,1,4696.35
30690,13368,16,2,8266.92
30691,3785,386,4,3146.12
30692,6437,434,3,3167.56
30693,14084,226,5,2025.32
30694,5116,107,3,1494.13
30695,3104,156,2,7160.7
30696,1199,261,3,980.67
30697,1034,228,1,604.91
30698,6310,245,3,8611.56
30699,5852,204,3,5285.57
30700,12072,293,1,8242.9
30701,599,492,5,9608.88
30702,7630,246,2,6536.29
30703,1691,219,1,6055.1
30704,6277,175,5,8623.47
30705,4891,55,2,4706.61
30706,9670,209,5,9837.59
30707,6609,37,2,5308.22
30708,10005,210,4,4078.3
30709,2490,481,1,4000.0
30710,11475,279,3,5378.36
30711,6359,333,5,3312.61
30712,13343,394,3,6388.25
30713,13902,345,3,7840.69
30714,2505,378,4,3236.96
30715,11797,495,5,6702.94
30716,10741,165,2,5790.97
30717,4129,327,4,9601.35
30718,9639,432,3,226.39
30719,13744,31,3,5680.54
30720,12942,111,2,5010.75
30721,1944,379,5,6490.64
30722,6918,417,3,1315.86
30723,1034,208,4,8638.99
30724,5194,341,2,6881.86
30725,8497,419,1,2984.31
30726,8543,102,3,9476.14
30727,1712,447,2,2000.99
30728,9301,243,1,3831.51
30729,7683,153,4,8748.36
30730,11497,234,2,5838.32
30731,12919,150,4,5507.66
30732,866,114,3,3570.81
30733,7062,340,5,3757.64
30734,10517,246,4,6536.29
30735,1034,280,1,7595.69
30736,13424,146,4,4918.85
30737,1518,464,4,8934.52
30738,5393,343,1,3581.46
30739,10220,130,4,2180.26
30740,10270,76,4,704.92
30741,8815,189,1,8899.99
30742,7724,92,3,8797.95
30743,14907,431,4,7429.75
30744,11181,474,5,6301.48
30745,13708,195,2,3311.18
30746,2353,71,5,1415.95
30747,8719,7,2,6834.18
30748,4270,257,5,2683.93
30749,4103,498,1,6884.43
30750,7249,484,1,322.48
30751,8018,103,4,4032.63
30752,10992,487,3,6550.82
30753,3909,122,3,8180.09
30754,1607,122,4,8180.09
30755,13440,104,4,4430.26
30756,8045,362,4,9726.31
30757,12954,94,3,8180.15
30758,9391,65,3,7934.0
30759,1244,410,3,9139.34
30760,7113,159,4,1801.45
30761,5709,461,4,798.26
30762,10783,110,3,1178.02
30763,8797,186,5,7246.03
30764,14918,369,1,8266.36
30765,6686,388,2,5482.96
30766,7244,302,1,256.64
30767,2725,206,2,2172.19
30768,12265,416,5,6564.11
30769,2796,42,2,4497.14
30770,6074,121,1,4637.39
30771,14674,206,2,2172.19
30772,2215,231,2,1578.47
30773,4535,122,5,8180.09
30774,8825,168,2,1657.22
30775,5553,136,3,5846.66
30776,7279,178,1,9950.37
30777,13902,252,5,4660.57
30778,1880,365,5,1850.05
30779,4505,431,5,7429.75
30780,2893,424,4,9131.51
30781,10562,160,2,451.76
30782,9569,105,3,328.39
30783,12849,42,5,4497.14
30784,6568,86,1,4357.67
30785,12011,396,1,8634.83
30786,8813,171,1,9757.17
30787,1749,20,4,5418.04
30788,12813,363,3,6816.26
30789,14923,354,4,7095.06
30790,5035,88,4,8219.74
30791,13593,294,4,1759.3
30792,12631,423,3,5539.86
30793,3452,48,1,1838.87
30794,2128,448,1,5383.01
30795,14015,151,4,8809.81
30796,9923,268,1,5811.88
30797,4747,80,5,7702.5
30798,587,91,1,7135.75
30799,12848,34,4,4719.44
30800,8695,191,3,647.57
30801,8001,40,3,5521.2
30802,14483,480,1,5205.62
30803,10836,4,5,1038.64
30804,4988,270,5,3515.69
30805,14338,291,3,5087.5
30806,10055,261,1,980.67
30807,1992,37,1,5308.22
30808,1907,17,2,7305.81
30809,151,371,4,2310.72
30810,5026,268,5,5811.88
30811,11033,51,5,8177.56
30812,12362,420,1,968.02
30813,9528,285,1,3933.55
30814,13041,494,1,3573.94
30815,7991,67,1,9629.35
30816,8726,235,1,8300.53
30817,2099,468,5,4653.8
30818,12169,128,2,1686.89
30819,1627,313,5,4182.64
30820,4396,284,2,9324.98
30821,14646,63,3,5383.93
30822,5527,239,3,1994.61
30823,7051,289,4,6753.34
30824,10402,158,4,9478.85
30825,1759,365,2,1850.05
30826,3381,132,2,426.52
30827,9842,261,3,980.67
30828,9314,169,2,1462.57
30829,9632,471,5,3581.14
30830,8383,323,1,1809.66
30831,8744,9,2,9075.61
30832,10693,145,2,6422.41
30833,8001,335,2,1115.92
30834,7647,437,1,3675.25
30835,5774,407,3,5006.35
30836,8990,47,5,6387.23
30837,8619,232,5,3261.51
30838,13927,194,3,1359.67
30839,10488,473,3,4297.32
30840,2623,199,2,8014.84
30841,3019,376,2,258.42
30842,9717,262,3,6965.43
30843,1023,135,4,5819.88
30844,7116,172,1,8002.21
30845,4970,65,1,7934.0
30846,3226,265,4,6606.49
30847,923,424,5,9131.51
30848,10281,53,2,7460.59
30849,6877,288,1,6906.22
30850,4521,120,4,8117.66
30851,4231,370,3,8466.61
30852,13339,360,1,8818.48
30853,11346,211,1,9357.68
30854,7023,203,5,8511.61
30855,10890,146,5,4918.85
30856,11171,86,4,4357.67
30857,6469,335,4,1115.92
30858,7117,4,3,1038.64
30859,5516,112,5,8874.43
30860,9706,174,5,7399.81
30861,11646,17,1,7305.81
30862,11090,104,3,4430.26
30863,13499,448,3,5383.01
30864,14485,67,1,9629.35
30865,12321,75,2,8352.41
30866,7446,132,2,426.52
30867,12332,393,4,9148.93
30868,7095,140,2,621.76
30869,9081,487,2,6550.82
30870,9729,444,4,7201.79
30871,7295,14,5,7643.58
30872,14454,461,1,798.26
30873,12283,499,2,3186.27
30874,958,273,3,6942.27
30875,6193,60,1,8583.96
30876,9781,468,2,4653.8
30877,14917,415,4,2187.71
30878,14646,185,1,9608.72
30879,3671,35,5,1741.5
30880,2471,281,1,2968.82
30881,7391,37,1,5308.22
30882,134,450,4,6116.29
30883,2476,173,5,3149.12
30884,9046,177,2,1840.37
30885,12659,252,4,4660.57
30886,9816,457,5,9921.34
30887,1693,21,3,9286.01
30888,5952,130,3,2180.26
30889,221,34,2,4719.44
30890,5181,426,2,3257.04
30891,5021,183,3,5880.7
30892,12594,154,3,7802.63
30893,365,494,5,3573.94
30894,798,262,5,6965.43
30895,7339,77,2,7226.24
30896,4110,115,3,8618.7
30897,12285,379,1,6490.64
30898,2378,101,3,6090.24
30899,445,224,3,3104.98
30900,14106,110,5,1178.02
30901,5188,30,5,7899.0
30902,3528,108,1,1734.18
30903,11010,111,5,5010.75
30904,8579,55,5,4706.61
30905,1292,458,1,1066.87
30906,4408,370,2,8466.61
30907,10419,228,1,604.91
30908,12059,241,2,9266.89
30909,5566,79,4,9929.03
30910,13396,389,1,3380.61
30911,10537,156,5,7160.7
30912,239,299,3,4929.48
30913,4982,83,2,9659.08
30914,2058,116,3,2672.92
30915,1180,160,1,451.76
30916,9352,33,1,968.15
30917,13369,141,1,1098.86
30918,1469,126,3,2937.97
30919,1348,10,5,395.33
30920,4545,396,2,8634.83
30921,10133,214,4,8463.2
30922,4006,491,2,7055.9
30923,1962,422,4,9215.56
30924,10033,214,4,8463.2
30925,11022,235,1,8300.53
30926,5432,407,2,5006.35
30927,2992,109,2,796.13
30928,8262,437,5,3675.25
30929,9305,470,1,7905.83
30930,14295,431,4,7429.75
30931,175,454,1,3126.41
30932,8228,405,3,3026.74
30933,9557,331,1,1285.58
30934,7193,319,3,3953.51
30935,8753,484,4,322.48
30936,2036,438,1,9206.62
30937,1368,28,5,966.94
30938,1906,224,4,3104.98
30939,13486,478,2,6425.58
30940,9277,476,1,7708.58
30941,269,277,4,2568.61
30942,2545,417,4,1315.86
30943,10255,278,2,8996.64
30944,5532,60,5,8583.96
30945,1536,499,1,3186.27
30946,808,185,5,9608.72
30947,8058,215,5,5828.57
30948,9567,156,1,7160.7
30949,11580,234,3,5838.32
30950,14771,184,4,3270.76
30951,2894,57,4,6056.87
30952,8685,341,2,6881.86
30953,3647,10,1,395.33
30954,6342,175,2,8623.47
30955,9288,384,1,7551.73
30956,13973,98,3,4922.59
30957,8989,386,1,3146.12
30958,14269,173,1,3149.12
30959,11313,81,3,3619.81
30960,11810,84,4,8556.86
30961,5858,325,3,4799.01
30962,12022,360,4,8818.48
30963,11679,145,1,6422.41
30964,13546,404,3,3218.34
30965,12592,163,3,1948.49
30966,13999,470,3,7905.83
30967,7567,222,5,9786.82
30968,6718,241,1,9266.89
30969,6039,269,5,1141.26
30970,1594,95,4,3387.4
30971,6976,115,2,8618.7
30972,9629,203,5,8511.61
30973,11269,66,4,6722.57
30974,1040,58,2,7243.02
30975,3897,65,5,7934.0
30976,259,241,2,9266.89
30977,11957,186,4,7246.03
30978,2608,364,4,9723.49
30979,3,86,5,4357.67
30980,4836,164,2,8667.88
30981,8879,133,4,418.13
30982,5548,234,4,5838.32
30983,3212,278,1,8996.64
30984,9252,254,3,8610.26
30985,4178,252,3,4660.57
30986,14421,147,5,8276.67
30987,10746,424,5,9131.51
30988,5943,41,1,6972.61
30989,14545,454,4,3126.41
30990,14609,492,3,9608.88
30991,10272,256,3,8632.64
30992,3758,295,1,8795.72
30993,534,272,1,4556.48
30994,9757,360,5,8818.48
30995,9131,342,4,6063.95
30996,2561,237,5,5827.48
30997,3131,187,5,7403.39
30998,8658,285,2,3933.55
30999,1863,481,3,4000.0
31000,8019,201,5,7769.45
31001,1751,232,1,3261.51
31002,8174,418,5,4286.55
31003,13755,184,5,3270.76
31004,10326,188,3,5330.51
31005,5305,485,1,8787.67
31006,11156,412,5,6068.19
31007,5955,96,5,2678.45
31008,4457,11,2,1837.72
31009,8460,221,3,3345.21
31010,9236,106,3,6259.39
31011,5378,263,1,2663.77
31012,7261,49,3,7978.95
31013,12711,104,3,4430.26
31014,12932,382,2,2606.69
31015,3044,465,3,9276.0
31016,4812,484,1,322.48
31017,8847,282,5,6977.05
31018,14817,288,5,6906.22
31019,14071,66,3,6722.57
31020,8467,63,1,5383.93
31021,6908,125,1,2911.91
31022,1219,95,5,3387.4
31023,8596,286,3,8835.5
31024,9571,89,2,2158.02
31025,2287,295,2,8795.72
31026,3872,7,4,6834.18
31027,3844,239,1,1994.61
31028,14534,204,2,5285.57
31029,9106,391,1,245.15
31030,3385,325,2,4799.01
31031,9595,376,1,258.42
31032,11463,184,2,3270.76
31033,10231,87,2,2322.38
31034,7864,480,4,5205.62
31035,6260,384,1,7551.73
31036,11694,329,4,1250.04
31037,14007,44,1,3917.55
31038,9417,433,2,3027.9
31039,2586,215,2,5828.57
31040,5887,20,5,5418.04
31041,1558,275,5,8842.88
31042,12226,130,5,2180.26
31043,14623,500,5,9839.38
31044,5596,35,5,1741.5
31045,7461,451,1,5360.01
31046,3437,192,4,8165.24
31047,9646,58,2,7243.02
31048,8415,196,4,3830.25
31049,3663,213,5,3800.6
31050,5451,199,2,8014.84
31051,10195,276,3,2146.27
31052,446,101,5,6090.24
31053,9196,478,2,6425.58
31054,1654,438,5,9206.62
31055,2184,84,5,8556.86
31056,12821,309,5,6463.56
31057,10762,11,3,1837.72
31058,7832,274,5,9374.58
31059,4740,148,2,6826.23
31060,1806,94,4,8180.15
31061,8219,158,5,9478.85
31062,12760,21,1,9286.01
31063,4453,294,4,1759.3
31064,5774,451,1,5360.01
31065,7697,26,4,482.02
31066,977,47,5,6387.23
31067,1173,192,5,8165.24
31068,9044,498,1,6884.43
31069,11232,98,4,4922.59
31070,5091,142,3,6545.75
31071,10766,373,4,5173.76
31072,5018,475,1,4830.58
31073,13875,109,5,796.13
31074,14727,355,5,8627.33
31075,4286,78,4,3697.4
31076,881,292,4,6604.75
31077,7172,409,2,5767.52
31078,13916,393,5,9148.93
31079,3615,229,1,1133.55
31080,8620,24,5,8996.96
31081,1188,48,2,1838.87
31082,125,232,5,3261.51
31083,161,139,1,8246.2
31084,2527,190,4,1021.97
31085,10603,430,2,5913.18
31086,6987,66,5,6722.57
31087,1179,86,5,4357.67
31088,1300,68,1,4687.17
31089,1897,72,1,879.52
31090,5032,47,5,6387.23
31091,11489,381,2,3904.17
31092,5449,401,5,276.76
31093,6994,214,3,8463.2
31094,14614,141,2,1098.86
31095,4477,208,2,8638.99
31096,2704,187,4,7403.39
31097,12182,352,3,4584.87
31098,11293,438,5,9206.62
31099,6390,441,4,2052.86
31100,13649,325,4,4799.01
31101,14947,471,2,3581.14
31102,187,178,4,9950.37
31103,6136,388,2,5482.96
31104,8164,42,4,4497.14
31105,14160,109,5,796.13
31106,12775,357,3,6115.84
31107,22,408,2,8941.62
31108,3306,10,5,395.33
31109,7845,257,5,2683.93
31110,3894,130,3,2180.26
31111,6706,182,3,576.46
31112,11479,484,4,322.48
31113,4153,99,4,7770.51
31114,13988,3,4,6914.47
31115,5394,271,5,9644.3
31116,11228,335,1,1115.92
31117,2732,150,5,5507.66
31118,7587,228,4,604.91
31119,13973,402,4,2303.92
31120,8099,108,1,1734.18
31121,11477,289,5,6753.34
31122,10173,291,1,5087.5
31123,9021,386,5,3146.12
31124,2443,178,3,9950.37
31125,11016,301,5,9862.65
31126,7828,12,1,3492.99
31127,12425,446,4,9142.99
31128,2433,491,4,7055.9
31129,9405,198,4,946.71
31130,5797,60,5,8583.96
31131,3620,400,2,8624.0
31132,10833,3,1,6914.47
31133,5932,26,3,482.02
31134,14019,491,4,7055.9
31135,13575,3,3,6914.47
31136,6658,327,5,9601.35
31137,1883,495,1,6702.94
31138,13985,436,5,6908.99
31139,13741,346,3,5073.33
31140,9754,252,2,4660.57
31141,7793,461,1,798.26
31142,3462,434,1,3167.56
31143,13448,89,2,2158.02
31144,2995,485,4,8787.67
31145,14087,91,2,7135.75
31146,4789,424,3,9131.51
31147,10382,31,5,5680.54
31148,8511,400,1,8624.0
31149,1150,429,2,4716.21
31150,12346,177,5,1840.37
31151,3032,357,3,6115.84
31152,8050,11,4,1837.72
31153,7216,203,5,8511.61
31154,6220,189,3,8899.99
31155,11861,67,5,9629.35
31156,2235,303,5,9299.69
31157,5395,368,1,1767.74
31158,14108,134,1,5480.33
31159,7509,466,2,2173.99
31160,13078,101,3,6090.24
31161,3328,127,1,5911.04
31162,11002,491,3,7055.9
31163,10150,281,4,2968.82
31164,3827,134,4,5480.33
31165,10530,42,2,4497.14
31166,13717,50,1,9478.54
31167,6707,431,4,7429.75
31168,7579,493,5,5685.39
31169,2574,18,2,1342.37
31170,4876,394,3,6388.25
31171,12796,128,5,1686.89
31172,3885,416,1,6564.11
31173,14510,54,1,7895.72
31174,7786,390,1,1940.5
31175,4106,407,3,5006.35
31176,7021,244,3,1081.56
31177,8957,10,4,395.33
31178,10328,110,1,1178.02
31179,9048,57,2,6056.87
31180,12905,104,4,4430.26
31181,1764,462,5,9857.56
31182,14345,132,2,426.52
31183,7636,398,2,4962.95
31184,5123,187,3,7403.39
31185,3148,100,4,9593.58
31186,12511,182,3,576.46
31187,969,175,4,8623.47
31188,13594,275,5,8842.88
31189,14135,438,4,9206.62
31190,12049,102,3,9476.14
31191,6549,421,1,8508.99
31192,12443,25,5,7621.45
31193,5041,137,3,2848.21
31194,1465,63,3,5383.93
31195,9786,348,4,3047.9
31196,8378,271,2,9644.3
31197,3384,321,1,9739.1
31198,3146,96,4,2678.45
31199,1468,66,3,6722.57
31200,6031,332,3,2539.39
31201,13932,500,3,9839.38
31202,3131,17,2,7305.81
31203,7877,131,4,884.97
31204,4592,286,4,8835.5
31205,1941,305,4,4723.38
31206,1798,293,2,8242.9
31207,9303,37,5,5308.22
31208,5283,478,1,6425.58
31209,9288,251,1,2903.35
31210,10711,169,1,1462.57
31211,970,22,4,1658.35
31212,8877,428,3,1211.53
31213,8088,270,4,3515.69
31214,14183,352,3,4584.87
31215,8558,348,4,3047.9
31216,9397,490,5,1232.7
31217,6458,13,3,7258.78
31218,7916,377,3,9039.51
31219,11437,40,4,5521.2
31220,2798,77,4,7226.24
31221,287,37,4,5308.22
31222,4625,178,3,9950.37
31223,12137,199,3,8014.84
31224,5382,371,3,2310.72
31225,14070,78,5,3697.4
31226,3922,134,2,5480.33
31227,6326,263,2,2663.77
31228,10647,268,1,5811.88
31229,6133,120,1,8117.66
31230,7587,465,2,9276.0
31231,2462,122,3,8180.09
31232,12741,163,2,1948.49
31233,13063,125,1,2911.91
31234,5109,270,1,3515.69
31235,11026,305,4,4723.38
31236,8171,269,2,1141.26
31237,10785,50,3,9478.54
31238,5405,450,4,6116.29
31239,10239,328,3,8910.25
31240,2892,450,5,6116.29
31241,9659,458,4,1066.87
31242,14957,200,3,2884.6
31243,6878,340,3,3757.64
31244,10011,334,5,7620.87
31245,6627,84,4,8556.86
31246,613,63,2,5383.93
31247,1573,125,3,2911.91
31248,13380,253,1,6781.48
31249,12350,222,2,9786.82
31250,12997,100,1,9593.58
31251,6745,255,1,8283.02
31252,2786,167,5,4172.77
31253,4002,168,4,1657.22
31254,10675,338,1,9668.48
31255,2818,143,1,5350.83
31256,13770,323,1,1809.66
31257,6291,192,1,8165.24
31258,11760,76,4,704.92
31259,13829,332,2,2539.39
31260,1622,131,3,884.97
31261,3085,59,3,3468.76
31262,6141,250,2,9260.34
31263,5972,491,1,7055.9
31264,14775,471,4,3581.14
31265,10539,224,3,3104.98
31266,6261,108,3,1734.18
31267,7322,122,4,8180.09
31268,7848,377,2,9039.51
31269,11072,363,3,6816.26
31270,1968,18,2,1342.37
31271,9887,237,1,5827.48
31272,1003,289,1,6753.34
31273,6218,427,4,3259.85
31274,10916,463,3,7898.4
31275,11061,459,5,1906.15
31276,2911,344,3,4696.35
31277,10631,465,4,9276.0
31278,11654,170,1,2257.83
31279,5768,393,1,9148.93
31280,14975,166,1,5626.74
31281,7804,285,2,3933.55
31282,4250,10,5,395.33
31283,3241,292,5,6604.75
31284,11092,379,5,6490.64
31285,14701,343,3,3581.46
31286,12899,264,3,9277.81
31287,14289,23,3,1685.18
31288,14304,344,5,4696.35
31289,8017,154,2,7802.63
31290,1763,381,3,3904.17
31291,12290,423,4,5539.86
31292,70,59,5,3468.76
31293,7663,374,5,9108.7
31294,12451,278,5,8996.64
31295,13097,206,5,2172.19
31296,8019,25,5,7621.45
31297,14993,21,1,9286.01
31298,9735,448,1,5383.01
31299,2500,324,1,2208.08
31300,2958,387,1,7256.07
31301,14919,207,3,4423.45
31302,6154,155,3,5690.41
31303,2424,120,1,8117.66
31304,7464,55,4,4706.61
31305,11667,168,2,1657.22
31306,13273,36,3,5763.51
31307,9755,89,4,2158.02
31308,2110,17,5,7305.81
31309,11663,479,1,9565.21
31310,12319,453,2,4809.05
31311,5519,136,1,5846.66
31312,10959,69,2,8226.4
31313,4609,456,4,8200.2
31314,12204,125,5,2911.91
31315,12261,492,2,9608.88
31316,7579,85,5,2064.18
31317,8418,495,4,6702.94
31318,8299,444,4,7201.79
31319,12,484,2,322.48
31320,6720,131,5,884.97
31321,13014,297,2,6822.62
31322,5534,145,5,6422.41
31323,13382,98,5,4922.59
31324,9922,301,5,9862.65
31325,3910,433,4,3027.9
31326,9310,374,3,9108.7
31327,12815,85,2,2064.18
31328,6673,284,1,9324.98
31329,3468,432,5,226.39
31330,11201,53,3,7460.59
31331,13377,467,3,2506.92
31332,12049,62,5,2223.61
31333,3367,302,4,256.64
31334,10642,410,5,9139.34
31335,2630,32,2,5922.14
31336,12575,102,4,9476.14
31337,772,306,3,9402.04
31338,8597,448,3,5383.01
31339,11581,412,3,6068.19
31340,9832,338,1,9668.48
31341,1780,378,2,3236.96
31342,12656,359,2,4809.77
31343,9906,213,3,3800.6
31344,3664,212,2,1848.43
31345,7344,106,2,6259.39
31346,7817,279,3,5378.36
31347,6347,72,4,879.52
31348,13191,184,5,3270.76
31349,14357,239,5,1994.61
31350,8058,207,1,4423.45
31351,1691,238,3,8127.0
31352,7771,324,1,2208.08
31353,5764,375,4,6848.53
31354,1490,255,5,8283.02
31355,184,294,3,1759.3
31356,10244,162,1,9785.74
31357,590,182,5,576.46
31358,1949,165,5,5790.97
31359,6234,7,2,6834.18
31360,12732,358,4,3041.52
31361,11481,52,5,8643.0
31362,6690,456,4,8200.2
31363,3277,450,5,6116.29
31364,8518,278,2,8996.64
31365,1023,25,5,7621.45
31366,5394,226,3,2025.32
31367,13367,69,1,8226.4
31368,14504,99,5,7770.51
31369,7772,254,2,8610.26
31370,13462,370,3,8466.61
31371,3291,178,2,9950.37
31372,9714,339,2,9584.08
31373,11006,388,5,5482.96
31374,11122,228,2,604.91
31375,4966,497,4,4248.99
31376,4117,202,1,9011.14
31377,345,488,3,6635.81
31378,1161,96,3,2678.45
31379,8400,102,3,9476.14
31380,2684,224,5,3104.98
31381,4454,175,3,8623.47
31382,48,30,2,7899.0
31383,13726,203,5,8511.61
31384,3503,139,3,8246.2
31385,5572,236,2,8664.5
31386,14854,257,2,2683.93
31387,9058,184,1,3270.76
31388,10022,304,3,466.87
31389,8468,320,3,7113.73
31390,7740,446,2,9142.99
31391,9369,100,1,9593.58
31392,2664,253,2,6781.48
31393,9155,222,1,9786.82
31394,12919,187,5,7403.39
31395,1253,158,1,9478.85
31396,3101,153,3,8748.36
31397,11834,496,5,2786.49
31398,12115,219,1,6055.1
31399,1875,381,3,3904.17
31400,10749,456,3,8200.2
31401,10633,243,4,3831.51
31402,6083,430,1,5913.18
31403,1467,168,2,1657.22
31404,14808,16,1,8266.92
31405,841,350,2,2158.61
31406,4543,429,1,4716.21
31407,12328,437,1,3675.25
31408,10550,428,1,1211.53
31409,1787,427,3,3259.85
31410,5469,140,2,621.76
31411,2917,112,3,8874.43
31412,911,440,4,1392.66
31413,10850,435,4,9744.01
31414,1133,107,2,1494.13
31415,6281,257,4,2683.93
31416,13754,58,1,7243.02
31417,8251,178,1,9950.37
31418,3670,255,5,8283.02
31419,4189,279,2,5378.36
31420,4199,140,4,621.76
31421,9383,174,4,7399.81
31422,13579,230,4,2678.09
31423,2578,67,2,9629.35
31424,10883,420,4,968.02
31425,12112,387,1,7256.07
31426,6014,91,4,7135.75
31427,6345,258,2,9737.13
31428,14116,65,2,7934.0
31429,3772,188,1,5330.51
31430,12452,353,5,3759.57
31431,12500,433,2,3027.9
31432,13049,100,4,9593.58
31433,13969,441,5,2052.86
31434,4146,135,5,5819.88
31435,857,408,5,8941.62
31436,10339,257,2,2683.93
31437,2211,264,2,9277.81
31438,13336,61,5,1207.44
31439,5026,381,4,3904.17
31440,11329,204,4,5285.57
31441,64,410,2,9139.34
31442,14306,185,2,9608.72
31443,13127,134,5,5480.33
31444,8,124,4,8055.13
31445,1534,388,5,5482.96
31446,13879,171,2,9757.17
31447,12423,482,1,6578.94
31448,9523,314,3,9504.99
31449,2391,367,1,2146.49
31450,8704,79,1,9929.03
31451,4523,149,3,938.71
31452,13427,25,2,7621.45
31453,8025,151,1,8809.81
31454,41,387,4,7256.07
31455,2374,179,1,748.02
31456,8071,283,4,5067.19
31457,11128,172,4,8002.21
31458,7589,412,2,6068.19
31459,12167,16,1,8266.92
31460,1044,128,2,1686.89
31461,11724,449,4,7816.26
31462,220,488,3,6635.81
31463,9642,130,5,2180.26
31464,7192,97,5,509.52
31465,9912,60,1,8583.96
31466,125,242,5,7663.19
31467,1184,282,3,6977.05
31468,8130,334,2,7620.87
31469,9095,335,4,1115.92
31470,11525,250,5,9260.34
31471,9658,376,1,258.42
31472,1312,280,5,7595.69
31473,9783,495,1,6702.94
31474,3977,257,5,2683.93
31475,8671,183,2,5880.7
31476,5455,489,5,3207.62
31477,5703,187,5,7403.39
31478,11989,187,4,7403.39
31479,4575,293,3,8242.9
31480,853,161,4,8407.44
31481,10845,383,1,5157.46
31482,9174,427,5,3259.85
31483,11902,216,4,3464.18
31484,13154,310,4,5989.12
31485,11145,361,3,5463.67
31486,7,164,2,8667.88
31487,2995,364,5,9723.49
31488,10929,326,3,8400.33
31489,933,321,1,9739.1
31490,9627,336,5,7047.79
31491,8961,264,1,9277.81
31492,4925,380,5,4507.23
31493,3746,84,1,8556.86
31494,5710,25,5,7621.45
31495,6480,152,3,9565.43
31496,8369,187,2,7403.39
31497,839,403,2,4023.58
31498,8222,409,5,5767.52
31499,5503,269,3,1141.26
31500,5344,29,2,3941.11
31501,817,313,4,4182.64
31502,2129,128,4,1686.89
31503,14026,244,1,1081.56
31504,9613,207,4,4423.45
31505,10060,57,4,6056.87
31506,5356,369,1,8266.36
31507,13404,298,5,8878.51
31508,13368,285,4,3933.55
31509,7273,74,5,199.13
31510,813,369,4,8266.36
31511,3067,317,1,9246.11
31512,8432,117,3,3613.97
31513,3416,493,1,5685.39
31514,984,54,5,7895.72
31515,6028,22,2,1658.35
31516,11867,85,3,2064.18
31517,4348,48,4,1838.87
31518,13211,5,2,6386.27
31519,14942,288,4,6906.22
31520,535,348,5,3047.9
31521,12194,121,3,4637.39
31522,8122,463,3,7898.4
31523,4756,166,5,5626.74
31524,10929,67,3,9629.35
31525,5542,46,3,8792.03
31526,8401,243,5,3831.51
31527,8042,32,2,5922.14
31528,11251,436,1,6908.99
31529,3917,106,2,6259.39
31530,4985,474,3,6301.48
31531,627,486,2,9524.97
31532,12942,39,2,3738.32
31533,193,151,5,8809.81
31534,2038,243,5,3831.51
31535,12358,128,3,1686.89
31536,9054,138,2,9993.87
31537,10626,179,5,748.02
31538,7481,486,5,9524.97
31539,12328,56,3,7342.67
31540,5887,162,1,9785.74
31541,2244,465,4,9276.0
31542,13889,493,3,5685.39
31543,5784,55,4,4706.61
31544,14480,64,2,3923.84
31545,7711,352,3,4584.87
31546,7003,82,1,6679.0
31547,10679,159,5,1801.45
31548,13892,155,3,5690.41
31549,724,244,2,1081.56
31550,6567,406,1,5823.84
31551,8906,48,1,1838.87
31552,13736,360,3,8818.48
31553,13165,7,4,6834.18
31554,2261,334,1,7620.87
31555,11304,451,4,5360.01
31556,1953,125,3,2911.91
31557,9350,106,3,6259.39
31558,4604,179,2,748.02
31559,6813,276,3,2146.27
31560,9680,329,2,1250.04
31561,12624,299,2,4929.48
31562,14334,118,2,8743.3
31563,3780,92,1,8797.95
31564,10404,416,4,6564.11
31565,11019,102,1,9476.14
31566,13425,60,4,8583.96
31567,3934,448,4,5383.01
31568,14599,463,2,7898.4
31569,3290,225,2,1137.36
31570,4283,100,5,9593.58
31571,3961,452,5,7515.99
31572,12978,366,5,3897.58
31573,4225,356,4,2763.96
31574,10345,496,5,2786.49
31575,6993,464,1,8934.52
31576,6954,121,1,4637.39
31577,4976,315,5,7046.48
31578,5039,321,3,9739.1
31579,14340,499,3,3186.27
31580,11299,7,1,6834.18
31581,13018,110,2,1178.02
31582,10045,361,5,5463.67
31583,13025,436,2,6908.99
31584,10398,355,5,8627.33
31585,4550,415,2,2187.71
31586,8905,171,4,9757.17
31587,14380,183,3,5880.7
31588,9700,123,5,4560.68
31589,9436,331,2,1285.58
31590,10503,312,3,7979.12
31591,1888,103,3,4032.63
31592,10127,234,4,5838.32
31593,7899,428,2,1211.53
31594,12261,328,2,8910.25
31595,10176,146,3,4918.85
31596,11811,366,5,3897.58
31597,1828,349,4,4111.82
31598,14995,445,4,4601.52
31599,7024,441,5,2052.86
31600,4542,44,5,3917.55
31601,14119,270,2,3515.69
31602,12556,388,4,5482.96
31603,4939,252,4,4660.57
31604,10969,205,1,4022.8
31605,12153,221,3,3345.21
31606,12283,75,4,8352.41
31607,945,447,3,2000.99
31608,5530,318,3,1060.93
31609,1140,89,5,2158.02
31610,14134,247,3,1511.4
31611,3870,205,3,4022.8
31612,13433,222,5,9786.82
31613,12556,417,5,1315.86
31614,11297,1,3,6315.21
31615,6573,407,2,5006.35
31616,13223,111,5,5010.75
31617,10853,10,1,395.33
31618,14533,307,2,4019.4
31619,9250,416,3,6564.11
31620,5526,267,2,9197.24
31621,5012,182,3,576.46
31622,12025,62,1,2223.61
31623,2755,250,2,9260.34
31624,4081,185,4,9608.72
31625,4997,29,5,3941.11
31626,2551,33,1,968.15
31627,10783,23,1,1685.18
31628,11542,252,3,4660.57
31629,4616,121,4,4637.39
31630,6489,449,1,7816.26
31631,1077,226,4,2025.32
31632,5841,197,5,6070.18
31633,14392,54,2,7895.72
31634,1889,472,4,8162.55
31635,5620,28,4,966.94
31636,1537,495,1,6702.94
31637,7965,367,2,2146.49
31638,4675,160,5,451.76
31639,13339,455,1,1899.28
31640,9772,92,3,8797.95
31641,5333,175,2,8623.47
31642,9662,351,1,5555.13
31643,4725,33,2,968.15
31644,4691,182,2,576.46
31645,9405,464,1,8934.52
31646,9342,5,5,6386.27
31647,13873,349,3,4111.82
31648,5444,74,5,199.13
31649,11228,139,4,8246.2
31650,1697,292,3,6604.75
31651,10608,48,2,1838.87
31652,10468,162,1,9785.74
31653,4643,311,2,7839.59
31654,12558,240,3,9176.21
31655,8523,237,2,5827.48
31656,9089,333,4,3312.61
31657,10244,97,1,509.52
31658,1483,113,3,9827.8
31659,7189,389,3,3380.61
31660,14035,367,1,2146.49
31661,14025,420,3,968.02
31662,7587,332,2,2539.39
31663,1809,388,2,5482.96
31664,7141,111,1,5010.75
31665,6669,126,1,2937.97
31666,14723,81,4,3619.81
31667,9936,24,5,8996.96
31668,12882,381,1,3904.17
31669,12632,306,1,9402.04
31670,9569,291,4,5087.5
31671,10960,125,4,2911.91
31672,8674,67,1,9629.35
31673,6868,91,1,7135.75
31674,1735,411,3,1314.33
31675,3003,335,1,1115.92
31676,4116,213,3,3800.6
31677,10454,394,5,6388.25
31678,6272,187,5,7403.39
31679,11121,299,2,4929.48
31680,3018,351,2,5555.13
31681,5845,9,3,9075.61
31682,8627,343,5,3581.46
31683,3858,293,3,8242.9
31684,3135,281,5,2968.82
31685,8294,426,4,3257.04
31686,2899,59,4,3468.76
31687,1310,144,5,1912.27
31688,10087,483,5,9066.19
31689,12629,474,3,6301.48
31690,902,141,2,1098.86
31691,1233,441,2,2052.86
31692,1914,269,4,1141.26
31693,9051,206,3,2172.19
31694,4892,357,1,6115.84
31695,6657,195,1,3311.18
31696,8170,99,5,7770.51
31697,251,100,1,9593.58
31698,8194,207,4,4423.45
31699,10768,278,5,8996.64
31700,3764,128,1,1686.89
31701,2450,319,5,3953.51
31702,3135,410,1,9139.34
31703,4107,164,1,8667.88
31704,13674,366,5,3897.58
31705,13855,203,5,8511.61
31706,1905,188,3,5330.51
31707,3078,151,3,8809.81
31708,717,317,1,9246.11
31709,6340,385,5,9715.08
31710,11293,446,1,9142.99
31711,9766,12,2,3492.99
31712,4708,19,2,5022.81
31713,8422,211,3,9357.68
31714,13244,181,4,5638.45
31715,10458,281,3,2968.82
31716,13941,468,5,4653.8
31717,14488,461,3,798.26
31718,7291,227,1,5782.67
31719,5438,160,2,451.76
31720,8666,352,2,4584.87
31721,1522,136,2,5846.66
31722,3815,468,1,4653.8
31723,9261,304,2,466.87
31724,8294,448,5,5383.01
31725,428,317,2,9246.11
31726,733,319,4,3953.51
31727,10021,296,5,3030.48
31728,13222,40,1,5521.2
31729,12632,183,3,5880.7
31730,9025,268,2,5811.88
31731,5223,418,4,4286.55
31732,3582,15,3,3870.03
31733,7000,370,4,8466.61
31734,7973,171,5,9757.17
31735,1808,190,1,1021.97
31736,14317,73,3,9210.64
31737,13449,290,3,1424.2
31738,7735,130,3,2180.26
31739,4780,138,1,9993.87
31740,6783,324,1,2208.08
31741,14464,395,3,5403.61
31742,2723,141,5,1098.86
31743,4319,207,5,4423.45
31744,13252,284,4,9324.98
31745,6148,291,1,5087.5
31746,11308,464,2,8934.52
31747,9390,356,4,2763.96
31748,14595,350,4,2158.61
31749,12976,27,4,6600.12
31750,7574,130,4,2180.26
31751,9894,376,2,258.42
31752,14365,465,2,9276.0
31753,10740,264,1,9277.81
31754,14120,334,5,7620.87
31755,6089,435,1,9744.01
31756,6269,351,5,5555.13
31757,252,65,1,7934.0
31758,7969,175,3,8623.47
31759,11951,315,3,7046.48
31760,12970,245,4,8611.56
31761,9893,369,4,8266.36
31762,6665,489,4,3207.62
31763,13749,281,3,2968.82
31764,9601,388,3,5482.96
31765,9055,113,4,9827.8
31766,7805,243,4,3831.51
31767,5385,267,4,9197.24
31768,6872,490,3,1232.7
31769,13754,426,1,3257.04
31770,14875,81,5,3619.81
31771,14730,212,1,1848.43
31772,6690,210,2,4078.3
31773,1793,329,2,1250.04
31774,12406,187,5,7403.39
31775,12843,248,4,5592.3
31776,8551,2,4,732.43
31777,6126,176,4,8922.31
31778,12494,80,4,7702.5
31779,9408,420,2,968.02
31780,12461,125,1,2911.91
31781,1329,10,2,395.33
31782,7439,344,1,4696.35
31783,2983,336,5,7047.79
31784,3614,209,3,9837.59
31785,547,344,4,4696.35
31786,255,130,4,2180.26
31787,12707,176,5,8922.31
31788,13532,369,4,8266.36
31789,2844,193,2,1281.1
31790,8079,234,3,5838.32
31791,13138,277,3,2568.61
31792,8595,58,4,7243.02
31793,1235,216,5,3464.18
31794,8322,222,4,9786.82
31795,7816,300,3,1815.98
31796,13453,188,5,5330.51
31797,14922,388,5,5482.96
31798,1511,317,2,9246.11
31799,87,203,2,8511.61
31800,13651,77,1,7226.24
31801,8058,270,4,3515.69
31802,6951,326,1,8400.33
31803,7374,194,3,1359.67
31804,3703,132,5,426.52
31805,5459,302,1,256.64
31806,10137,469,1,1716.73
31807,12193,143,4,5350.83
31808,3221,140,1,621.76
31809,2848,142,4,6545.75
31810,11434,164,5,8667.88
31811,10507,9,1,9075.61
31812,5675,120,2,8117.66
31813,10854,92,2,8797.95
31814,5108,322,1,6758.75
31815,12385,282,1,6977.05
31816,11247,303,5,9299.69
31817,1932,90,4,7785.19
31818,14784,400,1,8624.0
31819,13725,434,5,3167.56
31820,14471,139,5,8246.2
31821,11618,85,4,2064.18
31822,3846,472,5,8162.55
31823,11901,38,1,4667.15
31824,1730,416,1,6564.11
31825,1650,193,2,1281.1
31826,3073,388,2,5482.96
31827,13602,112,4,8874.43
31828,1262,438,2,9206.62
31829,11530,59,3,3468.76
31830,162,295,4,8795.72
31831,6834,236,1,8664.5
31832,4876,90,5,7785.19
31833,12010,301,1,9862.65
31834,468,488,1,6635.81
31835,8984,226,4,2025.32
31836,7053,242,1,7663.19
31837,10390,138,5,9993.87
31838,6425,151,2,8809.81
31839,13098,65,1,7934.0
31840,4118,368,1,1767.74
31841,8761,70,5,8962.34
31842,547,308,5,3248.37
31843,1900,380,4,4507.23
31844,13798,273,1,6942.27
31845,596,325,1,4799.01
31846,4846,90,5,7785.19
31847,5304,165,4,5790.97
31848,8312,27,3,6600.12
31849,11233,28,2,966.94
31850,13275,64,3,3923.84
31851,13838,294,3,1759.3
31852,10906,47,4,6387.23
31853,9493,57,2,6056.87
31854,5153,198,2,946.71
31855,8135,500,5,9839.38
31856,6797,369,2,8266.36
31857,10511,396,2,8634.83
31858,4309,276,5,2146.27
31859,4901,138,3,9993.87
31860,3051,213,1,3800.6
31861,10723,424,1,9131.51
31862,14348,469,1,1716.73
31863,4650,292,1,6604.75
31864,9684,66,3,6722.57
31865,14336,164,1,8667.88
31866,3102,391,3,245.15
31867,10418,43,5,3765.59
31868,9582,360,5,8818.48
31869,9224,156,1,7160.7
31870,11684,80,1,7702.5
31871,7341,373,1,5173.76
31872,10952,304,2,466.87
31873,4378,11,5,1837.72
31874,2813,364,2,9723.49
31875,3840,416,1,6564.11
31876,4492,331,3,1285.58
31877,173,105,1,328.39
31878,1934,239,1,1994.61
31879,12984,287,2,200.71
31880,4348,359,2,4809.77
31881,12673,170,3,2257.83
31882,5650,135,1,5819.88
31883,9809,451,4,5360.01
31884,4773,315,4,7046.48
31885,6547,430,1,5913.18
31886,2249,466,2,2173.99
31887,13911,40,4,5521.2
31888,7551,469,3,1716.73
31889,14525,332,2,2539.39
31890,1769,347,5,5876.24
31891,6428,93,3,2028.54
31892,9497,90,4,7785.19
31893,4563,9,4,9075.61
31894,11472,451,5,5360.01
31895,682,54,5,7895.72
31896,10469,132,5,426.52
31897,699,59,2,3468.76
31898,2760,54,3,7895.72
31899,12967,222,3,9786.82
31900,1938,94,1,8180.15
31901,2181,96,3,2678.45
31902,5233,357,5,6115.84
31903,1984,13,4,7258.78
31904,10059,115,3,8618.7
31905,9581,438,1,9206.62
31906,8794,125,5,2911.91
31907,1399,306,5,9402.04
31908,13414,466,3,2173.99
31909,13713,70,2,8962.34
31910,1930,166,1,5626.74
31911,12568,304,4,466.87
31912,13834,113,3,9827.8
31913,2140,198,1,946.71
31914,7138,322,5,6758.75
31915,13497,380,2,4507.23
31916,3014,141,3,1098.86
31917,7557,16,1,8266.92
31918,2658,417,5,1315.86
31919,6334,41,5,6972.61
31920,974,333,5,3312.61
31921,51,14,4,7643.58
31922,7349,481,5,4000.0
31923,12046,252,4,4660.57
31924,5147,191,4,647.57
31925,6229,38,2,4667.15
31926,8677,147,2,8276.67
31927,3587,110,4,1178.02
31928,12044,98,4,4922.59
31929,1977,426,3,3257.04
31930,13484,27,1,6600.12
31931,2927,279,1,5378.36
31932,947,373,3,5173.76
31933,10161,492,4,9608.88
31934,1169,158,3,9478.85
31935,2752,296,1,3030.48
31936,3241,122,2,8180.09
31937,12831,153,4,8748.36
31938,5252,300,2,1815.98
31939,7367,260,5,4925.88
31940,9286,470,5,7905.83
31941,10326,170,1,2257.83
31942,4789,414,4,8456.47
31943,14760,190,5,1021.97
31944,3987,220,5,4181.4
31945,14613,301,4,9862.65
31946,5233,59,5,3468.76
31947,12220,380,1,4507.23
31948,2702,309,3,6463.56
31949,13558,191,4,647.57
31950,9877,214,3,8463.2
31951,12610,117,5,3613.97
31952,12911,411,3,1314.33
31953,14926,354,2,7095.06
31954,945,98,5,4922.59
31955,12048,472,1,8162.55
31956,1808,398,2,4962.95
31957,9105,318,2,1060.93
31958,3010,261,4,980.67
31959,8767,467,4,2506.92
31960,143,25,2,7621.45
31961,5337,184,3,3270.76
31962,9461,481,5,4000.0
31963,12308,203,3,8511.61
31964,5354,146,4,4918.85
31965,8944,365,1,1850.05
31966,12755,453,3,4809.05
31967,961,374,3,9108.7
31968,2720,1,5,6315.21
31969,13196,483,2,9066.19
31970,4887,279,1,5378.36
31971,2562,54,3,7895.72
31972,8016,491,4,7055.9
31973,3374,281,5,2968.82
31974,13342,91,5,7135.75
31975,13929,185,2,9608.72
31976,7117,261,5,980.67
31977,11361,242,5,7663.19
31978,10791,144,5,1912.27
31979,2463,195,2,3311.18
31980,7247,380,5,4507.23
31981,379,184,3,3270.76
31982,4385,79,1,9929.03
31983,557,8,3,6565.53
31984,4112,71,2,1415.95
31985,13359,248,2,5592.3
31986,6580,356,3,2763.96
31987,13500,431,1,7429.75
31988,4576,65,5,7934.0
31989,979,224,5,3104.98
31990,14048,143,1,5350.83
31991,5438,169,4,1462.57
31992,4415,105,1,328.39
31993,4012,317,4,9246.11
31994,7864,474,3,6301.48
31995,10218,137,4,2848.21
31996,3486,46,5,8792.03
31997,9075,415,3,2187.71
31998,9346,373,2,5173.76
31999,3347,210,5,4078.3
32000,6161,91,1,7135.75
32001,9234,460,4,4289.39
32002,52,495,4,6702.94
32003,7077,225,2,1137.36
32004,12324,43,1,3765.59
32005,13662,230,5,2678.09
32006,5669,335,4,1115.92
32007,7174,441,2,2052.86
32008,563,477,3,9150.54
32009,4009,120,1,8117.66
32010,14526,392,5,557.07
32011,2882,481,1,4000.0
32012,8767,143,5,5350.83
32013,14333,309,2,6463.56
32014,5044,425,4,3696.53
32015,4047,193,2,1281.1
32016,14359,381,2,3904.17
32017,6873,107,4,1494.13
32018,2515,173,1,3149.12
32019,12096,409,5,5767.52
32020,8752,323,5,1809.66
32021,380,164,5,8667.88
32022,598,279,1,5378.36
32023,9141,96,3,2678.45
32024,12173,324,2,2208.08
32025,3714,64,1,3923.84
32026,13213,429,3,4716.21
32027,11962,439,1,3081.57
32028,4009,444,3,7201.79
32029,6798,197,1,6070.18
32030,9890,391,4,245.15
32031,948,282,1,6977.05
32032,2462,97,2,509.52
32033,7446,278,2,8996.64
32034,14997,473,4,4297.32
32035,4633,418,2,4286.55
32036,10090,54,2,7895.72
32037,14092,447,3,2000.99
32038,8262,29,2,3941.11
32039,10324,167,2,4172.77
32040,11300,182,4,576.46
32041,12681,386,2,3146.12
32042,10970,325,1,4799.01
32043,4606,91,4,7135.75
32044,3926,460,3,4289.39
32045,13258,111,3,5010.75
32046,6112,28,1,966.94
32047,3793,442,4,722.71
32048,5745,440,4,1392.66
32049,162,405,5,3026.74
32050,13908,270,3,3515.69
32051,11846,209,5,9837.59
32052,2740,419,1,2984.31
32053,3127,429,3,4716.21
32054,5925,329,3,1250.04
32055,2384,360,5,8818.48
32056,12146,259,4,6946.2
32057,4038,463,3,7898.4
32058,12574,36,3,5763.51
32059,8528,143,4,5350.83
32060,4445,411,5,1314.33
32061,13382,31,2,5680.54
32062,3418,58,2,7243.02
32063,6978,312,2,7979.12
32064,12455,57,5,6056.87
32065,13079,386,1,3146.12
32066,7639,309,3,6463.56
32067,5142,354,2,7095.06
32068,5973,31,3,5680.54
32069,1385,271,3,9644.3
32070,12296,88,5,8219.74
32071,2677,185,3,9608.72
32072,4707,151,3,8809.81
32073,13817,302,5,256.64
32074,8896,275,5,8842.88
32075,6793,366,3,3897.58
32076,13385,255,4,8283.02
32077,7073,23,3,1685.18
32078,14334,427,5,3259.85
32079,4106,156,5,7160.7
32080,4228,250,2,9260.34
32081,1720,445,4,4601.52
32082,12868,14,3,7643.58
32083,12090,384,2,7551.73
32084,2728,371,1,2310.72
32085,12744,223,5,6357.32
32086,12708,333,1,3312.61
32087,13247,34,1,4719.44
32088,1273,455,5,1899.28
32089,4485,498,5,6884.43
32090,6422,228,2,604.91
32091,10059,98,1,4922.59
32092,3256,267,5,9197.24
32093,8795,119,5,3230.43
32094,6269,197,1,6070.18
32095,11704,184,3,3270.76
32096,9546,467,3,2506.92
32097,5256,118,2,8743.3
32098,12123,431,1,7429.75
32099,1891,383,4,5157.46
32100,12854,208,4,8638.99
32101,3358,246,3,6536.29
32102,14277,58,3,7243.02
32103,8643,415,3,2187.71
32104,7910,467,5,2506.92
32105,10870,314,2,9504.99
32106,10872,443,1,9035.35
32107,13666,256,5,8632.64
32108,9526,161,1,8407.44
32109,5787,485,1,8787.67
32110,4956,246,1,6536.29
32111,11626,69,1,8226.4
32112,1324,442,1,722.71
32113,13675,455,3,1899.28
32114,12470,316,4,5796.51
32115,12567,464,4,8934.52
32116,6021,283,3,5067.19
32117,8896,95,4,3387.4
32118,5529,370,1,8466.61
32119,12596,496,1,2786.49
32120,3221,217,3,9900.58
32121,11876,273,1,6942.27
32122,311,370,1,8466.61
32123,12549,263,5,2663.77
32124,5194,342,5,6063.95
32125,5646,114,4,3570.81
32126,3770,114,1,3570.81
32127,591,360,4,8818.48
32128,14216,440,2,1392.66
32129,10638,12,5,3492.99
32130,7520,383,2,5157.46
32131,2728,110,2,1178.02
32132,4252,203,1,8511.61
32133,6058,170,3,2257.83
32134,13427,118,4,8743.3
32135,513,487,1,6550.82
32136,13023,67,3,9629.35
32137,259,317,5,9246.11
32138,2535,287,5,200.71
32139,8542,426,2,3257.04
32140,3185,243,1,3831.51
32141,6428,153,5,8748.36
32142,11501,199,1,8014.84
32143,262,55,4,4706.61
32144,14278,231,1,1578.47
32145,8671,316,4,5796.51
32146,7983,469,4,1716.73
32147,1136,395,3,5403.61
32148,6128,71,3,1415.95
32149,8687,132,3,426.52
32150,12656,469,3,1716.73
32151,4959,159,5,1801.45
32152,9972,353,5,3759.57
32153,7076,387,5,7256.07
32154,13824,452,3,7515.99
32155,11225,360,4,8818.48
32156,4981,19,1,5022.81
32157,2107,172,5,8002.21
32158,1763,386,4,3146.12
32159,3660,235,2,8300.53
32160,4320,390,4,1940.5
32161,14573,261,1,980.67
32162,708,90,1,7785.19
32163,9914,164,1,8667.88
32164,11523,316,4,5796.51
32165,12655,48,2,1838.87
32166,14432,274,5,9374.58
32167,707,321,2,9739.1
32168,7159,77,1,7226.24
32169,13951,12,1,3492.99
32170,9532,413,2,202.63
32171,1567,484,5,322.48
32172,10685,46,4,8792.03
32173,10793,240,5,9176.21
32174,8927,337,1,4035.25
32175,9588,324,1,2208.08
32176,9521,309,1,6463.56
32177,3576,336,5,7047.79
32178,2214,18,4,1342.37
32179,9423,402,3,2303.92
32180,8160,127,2,5911.04
32181,3874,325,1,4799.01
32182,7444,421,1,8508.99
32183,8116,244,3,1081.56
32184,4745,259,3,6946.2
32185,2082,58,1,7243.02
32186,4139,206,1,2172.19
32187,11682,209,4,9837.59
32188,3778,346,3,5073.33
32189,5269,438,5,9206.62
32190,5758,312,2,7979.12
32191,5214,422,1,9215.56
32192,5627,315,5,7046.48
32193,7289,73,3,9210.64
32194,1531,381,3,3904.17
32195,32,138,3,9993.87
32196,11836,317,3,9246.11
32197,3823,173,2,3149.12
32198,8673,55,1,4706.61
32199,14817,164,4,8667.88
32200,11701,169,2,1462.57
32201,10715,129,3,6571.12
32202,9739,34,2,4719.44
32203,7122,379,2,6490.64
32204,9484,38,5,4667.15
32205,8965,138,2,9993.87
32206,5623,489,2,3207.62
32207,961,328,5,8910.25
32208,13261,379,3,6490.64
32209,5885,104,1,4430.26
32210,12108,370,4,8466.61
32211,10010,444,2,7201.79
32212,6664,215,2,5828.57
32213,4972,192,3,8165.24
32214,8524,345,3,7840.69
32215,5614,304,5,466.87
32216,5991,430,3,5913.18
32217,1814,351,3,5555.13
32218,1628,367,2,2146.49
32219,13050,256,4,8632.64
32220,7451,238,5,8127.0
32221,2502,296,5,3030.48
32222,4126,135,4,5819.88
32223,12498,28,5,966.94
32224,11090,231,5,1578.47
32225,6495,322,1,6758.75
32226,1651,173,2,3149.12
32227,8552,379,2,6490.64
32228,8893,248,1,5592.3
32229,587,79,3,9929.03
32230,8743,276,5,2146.27
32231,12541,495,1,6702.94
32232,5874,450,2,6116.29
32233,11611,13,2,7258.78
32234,1152,418,3,4286.55
32235,9798,29,1,3941.11
32236,6635,10,5,395.33
32237,14650,46,2,8792.03
32238,13490,376,4,258.42
32239,5598,284,1,9324.98
32240,10599,195,1,3311.18
32241,5081,161,3,8407.44
32242,6757,144,2,1912.27
32243,6199,32,3,5922.14
32244,9241,178,2,9950.37
32245,12982,43,5,3765.59
32246,12801,136,4,5846.66
32247,490,30,2,7899.0
32248,7969,254,4,8610.26
32249,6807,196,3,3830.25
32250,9442,109,5,796.13
32251,10957,435,2,9744.01
32252,7232,16,2,8266.92
32253,9519,86,4,4357.67
32254,11209,133,5,418.13
32255,8377,473,1,4297.32
32256,12560,312,4,7979.12
32257,7598,169,4,1462.57
32258,5528,422,5,9215.56
32259,1312,335,4,1115.92
32260,1343,191,1,647.57
32261,11650,161,2,8407.44
32262,11350,288,2,6906.22
32263,9885,130,1,2180.26
32264,3565,448,1,5383.01
32265,101,354,1,7095.06
32266,7457,52,1,8643.0
32267,7552,310,1,5989.12
32268,13988,222,2,9786.82
32269,7780,307,4,4019.4
32270,2774,187,4,7403.39
32271,3420,283,4,5067.19
32272,4988,242,3,7663.19
32273,2509,161,5,8407.44
32274,2019,114,5,3570.81
32275,5411,6,5,2683.41
32276,574,465,5,9276.0
32277,9431,226,1,2025.32
32278,982,131,1,884.97
32279,14390,50,3,9478.54
32280,9803,3,1,6914.47
32281,6923,436,3,6908.99
32282,9756,52,3,8643.0
32283,6836,306,3,9402.04
32284,610,335,3,1115.92
32285,143,439,5,3081.57
32286,3114,242,2,7663.19
32287,14480,286,3,8835.5
32288,8761,216,3,3464.18
32289,6996,369,5,8266.36
32290,5536,15,4,3870.03
32291,4346,102,3,9476.14
32292,1896,423,3,5539.86
32293,13465,178,3,9950.37
32294,5342,470,2,7905.83
32295,5545,448,5,5383.01
32296,4990,152,3,9565.43
32297,12775,119,1,3230.43
32298,3585,2,3,732.43
32299,11486,22,5,1658.35
32300,7115,16,1,8266.92
32301,7950,30,5,7899.0
32302,5161,128,5,1686.89
32303,9080,392,3,557.07
32304,9969,414,1,8456.47
32305,14637,207,1,4423.45
32306,11823,130,3,2180.26
32307,536,174,1,7399.81
32308,11166,89,1,2158.02
32309,11811,67,1,9629.35
32310,1858,200,3,2884.6
32311,3115,147,3,8276.67
32312,13336,271,4,9644.3
32313,2699,419,1,2984.31
32314,6188,243,4,3831.51
32315,11557,69,2,8226.4
32316,8765,193,3,1281.1
32317,3132,299,3,4929.48
32318,104,309,4,6463.56
32319,10798,390,2,1940.5
32320,2959,408,1,8941.62
32321,8857,492,1,9608.88
32322,4865,13,3,7258.78
32323,3375,436,5,6908.99
32324,6304,358,5,3041.52
32325,13345,100,3,9593.58
32326,7071,167,4,4172.77
32327,8985,59,1,3468.76
32328,1594,391,5,245.15
32329,13489,230,1,2678.09
32330,5491,25,1,7621.45
32331,11507,38,4,4667.15
32332,6072,145,3,6422.41
32333,9569,134,4,5480.33
32334,3589,75,3,8352.41
32335,2762,208,1,8638.99
32336,8418,326,2,8400.33
32337,11038,403,4,4023.58
32338,5898,417,1,1315.86
32339,10241,188,4,5330.51
32340,11795,135,1,5819.88
32341,8481,424,2,9131.51
32342,14363,341,2,6881.86
32343,3238,84,2,8556.86
32344,6844,345,5,7840.69
32345,1299,345,1,7840.69
32346,9018,147,5,8276.67
32347,1813,229,5,1133.55
32348,14796,473,4,4297.32
32349,9191,209,4,9837.59
32350,693,60,4,8583.96
32351,4917,195,4,3311.18
32352,2582,354,3,7095.06
32353,10016,173,1,3149.12
32354,11585,457,4,9921.34
32355,6179,109,3,796.13
32356,14736,169,5,1462.57
32357,1638,197,5,6070.18
32358,13915,380,2,4507.23
32359,12246,328,4,8910.25
32360,9493,487,2,6550.82
32361,1009,427,2,3259.85
32362,12606,25,3,7621.45
32363,11202,17,2,7305.81
32364,1391,242,1,7663.19
32365,4373,41,4,6972.61
32366,13141,365,5,1850.05
32367,3452,248,1,5592.3
32368,1633,14,3,7643.58
32369,12031,183,5,5880.7
32370,7047,408,4,8941.62
32371,7284,377,3,9039.51
32372,7895,437,5,3675.25
32373,8731,39,1,3738.32
32374,10076,223,4,6357.32
32375,2182,413,1,202.63
32376,8836,240,1,9176.21
32377,6593,85,5,2064.18
32378,11785,243,2,3831.51
32379,838,226,5,2025.32
32380,2853,186,2,7246.03
32381,2877,313,3,4182.64
32382,6384,455,3,1899.28
32383,5642,223,3,6357.32
32384,10773,339,5,9584.08
32385,3792,437,1,3675.25
32386,2252,431,5,7429.75
32387,14075,115,5,8618.7
32388,5414,428,2,1211.53
32389,4433,75,5,8352.41
32390,1736,68,2,4687.17
32391,5282,271,2,9644.3
32392,4975,63,5,5383.93
32393,1324,91,3,7135.75
32394,9023,185,3,9608.72
32395,12446,286,3,8835.5
32396,6943,285,3,3933.55
32397,6553,359,2,4809.77
32398,14298,141,1,1098.86
32399,983,451,4,5360.01
32400,1537,280,3,7595.69
32401,4523,346,1,5073.33
32402,4767,389,3,3380.61
32403,4704,474,2,6301.48
32404,10456,32,5,5922.14
32405,10472,102,5,9476.14
32406,9926,441,1,2052.86
32407,2097,295,1,8795.72
32408,3644,274,4,9374.58
32409,4379,67,2,9629.35
32410,8805,181,1,5638.45
32411,14642,478,4,6425.58
32412,8996,478,2,6425.58
32413,11803,298,5,8878.51
32414,3032,438,2,9206.62
32415,6440,62,5,2223.61
32416,7530,446,2,9142.99
32417,2143,379,5,6490.64
32418,1274,95,4,3387.4
32419,6524,368,5,1767.74
32420,8012,122,4,8180.09
32421,4509,296,4,3030.48
32422,4522,129,5,6571.12
32423,9971,384,1,7551.73
32424,1799,68,3,4687.17
32425,2658,406,2,5823.84
32426,68,402,4,2303.92
32427,7675,406,3,5823.84
32428,13617,399,5,5584.71
32429,13730,202,4,9011.14
32430,8125,43,4,3765.59
32431,12908,79,5,9929.03
32432,9511,437,4,3675.25
32433,11367,204,1,5285.57
32434,13951,159,3,1801.45
32435,12765,34,2,4719.44
32436,12791,136,2,5846.66
32437,6303,334,4,7620.87
32438,12038,340,1,3757.64
32439,7492,99,1,7770.51
32440,12674,65,5,7934.0
32441,3930,433,4,3027.9
32442,12263,397,3,5628.09
32443,6897,336,1,7047.79
32444,11788,281,5,2968.82
32445,9444,222,1,9786.82
32446,7336,194,2,1359.67
32447,8177,430,1,5913.18
32448,14589,249,2,745.94
32449,14736,388,2,5482.96
32450,7273,356,3,2763.96
32451,12702,455,4,1899.28
32452,5256,446,2,9142.99
32453,10998,33,2,968.15
32454,10040,216,3,3464.18
32455,1442,203,5,8511.61
32456,8855,334,4,7620.87
32457,5469,50,1,9478.54
32458,1020,198,4,946.71
32459,6613,210,4,4078.3
32460,693,276,5,2146.27
32461,7157,236,4,8664.5
32462,4524,407,4,5006.35
32463,2983,317,2,9246.11
32464,364,285,2,3933.55
32465,3001,453,4,4809.05
32466,6897,481,1,4000.0
32467,12642,267,5,9197.24
32468,14992,453,5,4809.05
32469,3158,35,2,1741.5
32470,9988,77,4,7226.24
32471,12496,148,1,6826.23
32472,108,423,2,5539.86
32473,3842,386,1,3146.12
32474,7102,380,1,4507.23
32475,7208,173,5,3149.12
32476,9683,314,2,9504.99
32477,2832,439,3,3081.57
32478,5375,188,2,5330.51
32479,5596,418,2,4286.55
32480,7142,230,5,2678.09
32481,14302,48,2,1838.87
32482,13577,471,4,3581.14
32483,12624,22,3,1658.35
32484,13562,49,4,7978.95
32485,1128,229,2,1133.55
32486,2445,312,4,7979.12
32487,13350,376,1,258.42
32488,4003,55,3,4706.61
32489,5542,100,4,9593.58
32490,7029,127,1,5911.04
32491,1658,92,4,8797.95
32492,10502,17,1,7305.81
32493,10607,439,3,3081.57
32494,9547,479,3,9565.21
32495,5283,494,5,3573.94
32496,5433,210,3,4078.3
32497,2557,203,4,8511.61
32498,683,485,3,8787.67
32499,11681,394,1,6388.25
32500,9524,256,2,8632.64
32501,13414,121,5,4637.39
32502,62,367,3,2146.49
32503,6326,4,5,1038.64
32504,11281,81,2,3619.81
32505,3998,468,1,4653.8
32506,4320,11,5,1837.72
32507,11167,466,1,2173.99
32508,12846,152,5,9565.43
32509,13587,335,4,1115.92
32510,4877,473,5,4297.32
32511,8163,449,5,7816.26
32512,1160,181,2,5638.45
32513,7284,409,1,5767.52
32514,12154,174,2,7399.81
32515,7751,156,3,7160.7
32516,14535,419,2,2984.31
32517,10560,208,1,8638.99
32518,8154,55,3,4706.61
32519,8128,403,3,4023.58
32520,4931,496,2,2786.49
32521,3177,316,5,5796.51
32522,2185,87,5,2322.38
32523,13385,431,3,7429.75
32524,11991,36,4,5763.51
32525,12260,265,5,6606.49
32526,9816,165,3,5790.97
32527,3786,326,3,8400.33
32528,4594,322,5,6758.75
32529,5921,382,3,2606.69
32530,6357,368,3,1767.74
32531,1235,362,1,9726.31
32532,1855,147,3,8276.67
32533,4533,333,2,3312.61
32534,13981,339,3,9584.08
32535,6155,184,5,3270.76
32536,8322,424,1,9131.51
32537,12822,136,3,5846.66
32538,2042,443,1,9035.35
32539,790,425,3,3696.53
32540,13805,386,2,3146.12
32541,3620,445,5,4601.52
32542,11512,369,2,8266.36
32543,1801,48,5,1838.87
32544,178,176,3,8922.31
32545,1097,489,3,3207.62
32546,14685,16,3,8266.92
32547,8332,432,4,226.39
32548,7693,222,3,9786.82
32549,11067,190,4,1021.97
32550,11331,82,2,6679.0
32551,3213,145,3,6422.41
32552,1484,408,4,8941.62
32553,100,204,2,5285.57
32554,14578,357,5,6115.84
32555,5681,325,1,4799.01
32556,1854,55,4,4706.61
32557,1255,376,3,258.42
32558,4071,446,2,9142.99
32559,4868,214,4,8463.2
32560,3832,448,3,5383.01
32561,14866,409,5,5767.52
32562,5887,419,3,2984.31
32563,8351,6,3,2683.41
32564,8190,443,2,9035.35
32565,12072,335,1,1115.92
32566,1232,99,2,7770.51
32567,1119,281,1,2968.82
32568,8632,479,4,9565.21
32569,8090,393,3,9148.93
32570,10695,182,2,576.46
32571,2370,319,4,3953.51
32572,2376,48,4,1838.87
32573,8532,458,4,1066.87
32574,6607,198,3,946.71
32575,9312,377,5,9039.51
32576,6461,411,3,1314.33
32577,8710,281,4,2968.82
32578,3688,500,4,9839.38
32579,10132,25,5,7621.45
32580,2168,201,3,7769.45
32581,735,269,4,1141.26
32582,4123,376,3,258.42
32583,3035,429,1,4716.21
32584,1896,368,4,1767.74
32585,10839,68,3,4687.17
32586,5701,441,3,2052.86
32587,9706,166,4,5626.74
32588,12730,339,2,9584.08
32589,14486,254,4,8610.26
32590,14160,70,4,8962.34
32591,2530,319,4,3953.51
32592,11157,339,3,9584.08
32593,2032,341,3,6881.86
32594,3058,364,5,9723.49
32595,5657,15,2,3870.03
32596,1661,150,2,5507.66
32597,3588,99,1,7770.51
32598,11005,123,4,4560.68
32599,2053,57,1,6056.87
32600,11094,264,1,9277.81
32601,12338,460,2,4289.39
32602,6083,389,2,3380.61
32603,11276,211,5,9357.68
32604,3339,438,2,9206.62
32605,13236,289,1,6753.34
32606,10289,103,2,4032.63
32607,7907,376,3,258.42
32608,3732,262,1,6965.43
32609,13380,340,3,3757.64
32610,4507,136,3,5846.66
32611,9020,437,5,3675.25
32612,10114,8,4,6565.53
32613,2410,147,5,8276.67
32614,5508,64,1,3923.84
32615,8141,194,3,1359.67
32616,9556,77,3,7226.24
32617,1165,423,5,5539.86
32618,13414,459,5,1906.15
32619,3340,318,3,1060.93
32620,979,395,3,5403.61
32621,14821,388,3,5482.96
32622,1564,292,4,6604.75
32623,2219,249,4,745.94
32624,2498,18,1,1342.37
32625,12552,352,1,4584.87
32626,13727,72,2,879.52
32627,2028,288,1,6906.22
32628,5249,291,2,5087.5
32629,7282,342,3,6063.95
32630,9019,112,2,8874.43
32631,13909,363,2,6816.26
32632,11321,168,5,1657.22
32633,1130,84,2,8556.86
32634,4324,418,4,4286.55
32635,7655,217,5,9900.58
32636,13110,473,4,4297.32
32637,8058,264,4,9277.81
32638,176,305,2,4723.38
32639,7437,296,4,3030.48
32640,6197,371,5,2310.72
32641,5063,291,4,5087.5
32642,2793,312,1,7979.12
32643,8596,309,3,6463.56
32644,14532,92,3,8797.95
32645,5527,452,4,7515.99
32646,3731,441,4,2052.86
32647,7592,302,4,256.64
32648,12575,359,5,4809.77
32649,8927,36,3,5763.51
32650,2882,350,5,2158.61
32651,1079,145,5,6422.41
32652,4824,371,3,2310.72
32653,3480,499,3,3186.27
32654,6985,225,4,1137.36
32655,12590,71,4,1415.95
32656,3250,244,3,1081.56
32657,9051,235,2,8300.53
32658,12111,112,2,8874.43
32659,13901,21,3,9286.01
32660,14401,91,5,7135.75
32661,12859,88,2,8219.74
32662,12136,124,2,8055.13
32663,5873,8,1,6565.53
32664,5102,394,5,6388.25
32665,6691,295,3,8795.72
32666,6210,476,1,7708.58
32667,11755,85,2,2064.18
32668,3693,456,4,8200.2
32669,7074,298,3,8878.51
32670,2274,374,1,9108.7
32671,2189,260,4,4925.88
32672,10988,59,5,3468.76
32673,10960,492,2,9608.88
32674,14016,30,4,7899.0
32675,6523,394,2,6388.25
32676,1145,377,2,9039.51
32677,885,395,1,5403.61
32678,5656,313,3,4182.64
32679,3152,395,4,5403.61
32680,12633,344,3,4696.35
32681,2934,166,5,5626.74
32682,12452,18,3,1342.37
32683,10755,302,2,256.64
32684,5213,44,3,3917.55
32685,3761,454,1,3126.41
32686,7351,201,1,7769.45
32687,10698,310,1,5989.12
32688,4471,432,3,226.39
32689,2465,204,5,5285.57
32690,9721,45,1,1218.3
32691,1951,119,5,3230.43
32692,10011,423,5,5539.86
32693,8718,460,5,4289.39
32694,8557,470,2,7905.83
32695,13947,263,4,2663.77
32696,4123,204,1,5285.57
32697,5750,205,2,4022.8
32698,3694,486,2,9524.97
32699,14772,61,3,1207.44
32700,11108,282,4,6977.05
32701,1228,47,5,6387.23
32702,9660,185,4,9608.72
32703,2148,325,2,4799.01
32704,7864,332,1,2539.39
32705,7367,442,3,722.71
32706,3600,500,5,9839.38
32707,12395,243,4,3831.51
32708,6835,363,4,6816.26
32709,12102,361,2,5463.67
32710,9129,417,5,1315.86
32711,6213,422,4,9215.56
32712,8362,163,5,1948.49
32713,14699,171,5,9757.17
32714,12294,317,4,9246.11
32715,8299,240,2,9176.21
32716,10063,462,4,9857.56
32717,5784,157,1,7290.81
32718,5461,294,4,1759.3
32719,10090,208,3,8638.99
32720,8039,122,2,8180.09
32721,9076,428,3,1211.53
32722,10448,116,2,2672.92
32723,10802,89,2,2158.02
32724,4134,492,1,9608.88
32725,14941,200,4,2884.6
32726,6097,370,2,8466.61
32727,2216,405,1,3026.74
32728,1676,30,3,7899.0
32729,6504,213,2,3800.6
32730,7374,202,2,9011.14
32731,1426,126,5,2937.97
32732,1203,290,5,1424.2
32733,12467,198,2,946.71
32734,6488,301,4,9862.65
32735,2225,411,2,1314.33
32736,11390,15,4,3870.03
32737,2077,415,3,2187.71
32738,3987,85,2,2064.18
32739,2094,446,3,9142.99
32740,9080,422,1,9215.56
32741,144,339,2,9584.08
32742,13275,407,3,5006.35
32743,5970,99,3,7770.51
32744,13692,107,4,1494.13
32745,4903,402,1,2303.92
32746,7341,112,5,8874.43
32747,1645,170,5,2257.83
32748,8262,496,4,2786.49
32749,2395,378,2,3236.96
32750,8790,119,3,3230.43
32751,11395,285,2,3933.55
32752,8043,149,4,938.71
32753,1540,405,1,3026.74
32754,6228,11,2,1837.72
32755,1406,235,4,8300.53
32756,9729,398,3,4962.95
32757,9520,273,2,6942.27
32758,3102,376,2,258.42
32759,9700,379,3,6490.64
32760,11433,121,1,4637.39
32761,3025,443,5,9035.35
32762,7542,463,1,7898.4
32763,6887,402,2,2303.92
32764,3568,110,1,1178.02
32765,6030,392,1,557.07
32766,9810,155,2,5690.41
32767,14214,157,3,7290.81
32768,555,211,4,9357.68
32769,12388,476,5,7708.58
32770,9975,41,3,6972.61
32771,6838,220,3,4181.4
32772,5774,65,4,7934.0
32773,2681,444,4,7201.79
32774,7675,193,5,1281.1
32775,13458,46,3,8792.03
32776,14688,93,2,2028.54
32777,12634,195,2,3311.18
32778,12185,144,1,1912.27
32779,5212,308,1,3248.37
32780,11783,72,1,879.52
32781,9382,436,3,6908.99
32782,9153,476,4,7708.58
32783,560,194,4,1359.67
32784,5860,323,4,1809.66
32785,1030,105,3,328.39
32786,3458,151,2,8809.81
32787,11335,79,3,9929.03
32788,3279,265,1,6606.49
32789,6646,115,5,8618.7
32790,5430,175,1,8623.47
32791,7408,341,3,6881.86
32792,3119,400,3,8624.0
32793,13442,463,3,7898.4
32794,2340,118,3,8743.3
32795,13008,8,3,6565.53
32796,2129,464,1,8934.52
32797,9335,329,4,1250.04
32798,2689,138,3,9993.87
32799,3972,209,1,9837.59
32800,4924,151,3,8809.81
32801,474,139,1,8246.2
32802,3454,218,1,2942.56
32803,1557,254,4,8610.26
32804,421,15,3,3870.03
32805,13887,56,1,7342.67
32806,2330,272,4,4556.48
32807,12936,307,3,4019.4
32808,9127,474,4,6301.48
32809,14653,32,4,5922.14
32810,9925,478,2,6425.58
32811,13922,232,2,3261.51
32812,10242,348,3,3047.9
32813,14235,178,3,9950.37
32814,233,356,1,2763.96
32815,4935,126,5,2937.97
32816,9640,53,3,7460.59
32817,11667,467,1,2506.92
32818,14549,188,2,5330.51
32819,10412,175,2,8623.47
32820,3155,486,3,9524.97
32821,3375,174,3,7399.81
32822,4656,41,4,6972.61
32823,206,91,1,7135.75
32824,1297,33,4,968.15
32825,14115,156,5,7160.7
32826,7089,261,3,980.67
32827,10634,165,4,5790.97
32828,12978,493,3,5685.39
32829,12876,140,5,621.76
32830,2316,119,3,3230.43
32831,10195,255,1,8283.02
32832,1905,180,3,7937.75
32833,10881,417,2,1315.86
32834,14712,297,1,6822.62
32835,5651,25,5,7621.45
32836,9410,316,2,5796.51
32837,3824,106,2,6259.39
32838,11108,248,3,5592.3
32839,6907,85,1,2064.18
32840,3018,321,5,9739.1
32841,966,335,4,1115.92
32842,1721,477,3,9150.54
32843,170,460,3,4289.39
32844,11290,475,2,4830.58
32845,2475,266,1,4135.03
32846,90,316,5,5796.51
32847,3029,226,1,2025.32
32848,10423,11,3,1837.72
32849,14482,33,2,968.15
32850,6663,256,1,8632.64
32851,14112,84,1,8556.86
32852,6338,116,2,2672.92
32853,11179,165,2,5790.97
32854,12015,182,2,576.46
32855,12837,429,4,4716.21
32856,6340,312,2,7979.12
32857,12965,415,4,2187.71
32858,8748,417,1,1315.86
32859,3531,11,1,1837.72
32860,4492,329,4,1250.04
32861,1340,159,5,1801.45
32862,9554,118,5,8743.3
32863,6325,196,4,3830.25
32864,13352,192,4,8165.24
32865,808,64,4,3923.84
32866,10552,276,3,2146.27
32867,1961,28,5,966.94
32868,11186,445,4,4601.52
32869,783,98,2,4922.59
32870,11659,373,3,5173.76
32871,9406,48,3,1838.87
32872,14509,166,1,5626.74
32873,9823,196,4,3830.25
32874,5747,10,3,395.33
32875,14651,18,2,1342.37
32876,12057,139,2,8246.2
32877,1107,369,2,8266.36
32878,8362,66,1,6722.57
32879,7276,371,3,2310.72
32880,8468,168,2,1657.22
32881,6352,44,3,3917.55
32882,7455,287,3,200.71
32883,14320,342,1,6063.95
32884,8843,427,5,3259.85
32885,14575,365,5,1850.05
32886,10772,276,1,2146.27
32887,5228,402,2,2303.92
32888,8144,270,4,3515.69
32889,7394,380,1,4507.23
32890,5773,234,1,5838.32
32891,5965,108,4,1734.18
32892,13194,272,3,4556.48
32893,10029,326,3,8400.33
32894,13994,130,3,2180.26
32895,2424,326,4,8400.33
32896,10590,199,3,8014.84
32897,1584,180,5,7937.75
32898,13091,77,2,7226.24
32899,10486,81,1,3619.81
32900,11570,59,3,3468.76
32901,12142,11,1,1837.72
32902,5554,264,4,9277.81
32903,11961,131,3,884.97
32904,11589,472,1,8162.55
32905,4045,55,1,4706.61
32906,8026,442,4,722.71
32907,6913,57,1,6056.87
32908,9442,53,4,7460.59
32909,9386,146,2,4918.85
32910,11078,71,1,1415.95
32911,3406,193,4,1281.1
32912,13015,212,2,1848.43
32913,10356,423,1,5539.86
32914,11263,135,4,5819.88
32915,9531,114,3,3570.81
32916,3701,356,5,2763.96
32917,10662,192,3,8165.24
32918,1738,349,2,4111.82
32919,13560,393,5,9148.93
32920,10780,142,3,6545.75
32921,10980,19,2,5022.81
32922,8516,395,4,5403.61
32923,14929,408,2,8941.62
32924,9177,387,4,7256.07
32925,9225,454,5,3126.41
32926,11624,159,2,1801.45
32927,10282,399,5,5584.71
32928,4692,155,3,5690.41
32929,11135,248,1,5592.3
32930,14154,240,3,9176.21
32931,8223,211,1,9357.68
32932,24,466,4,2173.99
32933,2847,234,3,5838.32
32934,5191,155,4,5690.41
32935,9906,151,5,8809.81
32936,11209,121,2,4637.39
32937,9690,328,3,8910.25
32938,8567,364,3,9723.49
32939,10752,304,1,466.87
32940,3611,178,5,9950.37
32941,4814,21,3,9286.01
32942,12036,121,1,4637.39
32943,9614,458,2,1066.87
32944,3295,333,3,3312.61
32945,11436,484,1,322.48
32946,9559,174,2,7399.81
32947,14615,165,2,5790.97
32948,11885,290,4,1424.2
32949,5477,102,2,9476.14
32950,9598,309,4,6463.56
32951,9458,345,3,7840.69
32952,3242,365,5,1850.05
32953,14459,196,2,3830.25
32954,13171,337,3,4035.25
32955,2619,169,3,1462.57
32956,777,111,1,5010.75
32957,638,245,1,8611.56
32958,11362,38,4,4667.15
32959,12051,363,3,6816.26
32960,14058,382,4,2606.69
32961,500,341,4,6881.86
32962,840,123,5,4560.68
32963,4908,340,2,3757.64
32964,250,322,3,6758.75
32965,11556,380,1,4507.23
32966,4056,247,5,1511.4
32967,8034,451,3,5360.01
32968,8911,10,1,395.33
32969,14749,138,4,9993.87
32970,12157,93,1,2028.54
32971,2926,470,4,7905.83
32972,3558,167,1,4172.77
32973,13961,281,3,2968.82
32974,12223,440,5,1392.66
32975,11478,378,2,3236.96
32976,2545,8,4,6565.53
32977,10670,179,3,748.02
32978,11576,185,3,9608.72
32979,7322,199,1,8014.84
32980,4992,6,3,2683.41
32981,6801,372,5,1234.45
32982,1452,169,2,1462.57
32983,8184,338,4,9668.48
32984,10655,119,2,3230.43
32985,8323,112,5,8874.43
32986,991,27,2,6600.12
32987,5869,446,5,9142.99
32988,8829,244,5,1081.56
32989,12134,169,2,1462.57
32990,3421,308,3,3248.37
32991,8202,479,3,9565.21
32992,6895,131,2,884.97
32993,851,480,5,5205.62
32994,12882,249,2,745.94
32995,4581,500,3,9839.38
32996,14443,304,4,466.87
32997,10105,109,3,796.13
32998,762,253,1,6781.48
32999,93,308,4,3248.37
33000,894,218,4,2942.56
33001,5198,325,2,4799.01
33002,2732,349,5,4111.82
33003,12136,5,1,6386.27
33004,10399,215,1,5828.57
33005,8322,68,3,4687.17
33006,3268,431,1,7429.75
33007,10465,131,1,884.97
33008,14695,384,2,7551.73
33009,6447,403,4,4023.58
33010,2996,185,2,9608.72
33011,9453,156,5,7160.7
33012,11288,140,5,621.76
33013,6138,283,1,5067.19
33014,88,419,1,2984.31
33015,312,384,3,7551.73
33016,10731,401,1,276.76
33017,5237,405,3,3026.74
33018,8360,360,4,8818.48
33019,1516,439,4,3081.57
33020,9418,79,2,9929.03
33021,11069,173,2,3149.12
33022,3005,101,2,6090.24
33023,7719,303,4,9299.69
33024,10166,133,1,418.13
33025,1497,160,5,451.76
33026,376,245,4,8611.56
33027,1884,366,5,3897.58
33028,11167,293,4,8242.9
33029,5175,343,1,3581.46
33030,7393,18,5,1342.37
33031,3691,355,2,8627.33
33032,9222,228,2,604.91
33033,4264,96,3,2678.45
33034,2235,43,3,3765.59
33035,12101,9,2,9075.61
33036,8904,318,2,1060.93
33037,9551,167,1,4172.77
33038,659,103,5,4032.63
33039,7371,118,5,8743.3
33040,2895,225,5,1137.36
33041,1925,370,3,8466.61
33042,11804,251,5,2903.35
33043,9756,443,5,9035.35
33044,8643,421,2,8508.99
33045,10797,112,3,8874.43
33046,9969,496,3,2786.49
33047,8055,88,2,8219.74
33048,12845,443,3,9035.35
33049,13573,149,2,938.71
33050,2852,227,2,5782.67
33051,5441,493,2,5685.39
33052,13993,420,4,968.02
33053,9982,161,2,8407.44
33054,13734,130,3,2180.26
33055,11037,134,1,5480.33
33056,13196,451,1,5360.01
33057,3209,221,4,3345.21
33058,8102,192,2,8165.24
33059,14535,494,3,3573.94
33060,14869,136,5,5846.66
33061,4593,436,3,6908.99
33062,6157,113,4,9827.8
33063,6089,350,4,2158.61
33064,2586,82,5,6679.0
33065,7714,364,4,9723.49
33066,7550,121,3,4637.39
33067,10082,24,2,8996.96
33068,1815,385,5,9715.08
33069,11404,293,1,8242.9
33070,1541,44,5,3917.55
33071,1781,26,3,482.02
33072,11351,66,4,6722.57
33073,6729,201,2,7769.45
33074,6607,178,1,9950.37
33075,14512,114,5,3570.81
33076,5965,63,1,5383.93
33077,14832,432,2,226.39
33078,14938,173,3,3149.12
33079,12102,61,1,1207.44
33080,13323,191,3,647.57
33081,9909,235,2,8300.53
33082,11472,128,2,1686.89
33083,6786,315,1,7046.48
33084,5661,115,4,8618.7
33085,4124,119,1,3230.43
33086,11135,433,3,3027.9
33087,2313,170,1,2257.83
33088,13927,469,4,1716.73
33089,778,278,1,8996.64
33090,13387,423,1,5539.86
33091,2289,46,4,8792.03
33092,5764,444,1,7201.79
33093,8040,172,1,8002.21
33094,13238,201,2,7769.45
33095,1512,55,2,4706.61
33096,6323,206,2,2172.19
33097,3603,104,4,4430.26
33098,14586,42,5,4497.14
33099,3632,182,1,576.46
33100,11036,198,5,946.71
33101,9620,224,4,3104.98
33102,10225,357,4,6115.84
33103,12023,26,3,482.02
33104,533,189,3,8899.99
33105,12555,235,5,8300.53
33106,14596,173,3,3149.12
33107,2840,340,4,3757.64
33108,147,70,1,8962.34
33109,5845,458,5,1066.87
33110,5547,257,2,2683.93
33111,9719,206,1,2172.19
33112,13124,173,3,3149.12
33113,4439,412,2,6068.19
33114,347,120,1,8117.66
33115,589,108,4,1734.18
33116,4155,171,2,9757.17
33117,1529,323,1,1809.66
33118,14146,102,4,9476.14
33119,583,77,5,7226.24
33120,5795,373,1,5173.76
33121,10579,91,4,7135.75
33122,951,294,1,1759.3
33123,14272,291,5,5087.5
33124,12310,114,4,3570.81
33125,11240,4,2,1038.64
33126,7520,17,3,7305.81
33127,9991,379,3,6490.64
33128,12737,434,4,3167.56
33129,9539,291,1,5087.5
33130,8888,497,4,4248.99
33131,13257,434,5,3167.56
33132,4005,344,3,4696.35
33133,7188,421,1,8508.99
33134,12983,332,5,2539.39
33135,3053,189,4,8899.99
33136,11255,333,2,3312.61
33137,14461,68,5,4687.17
33138,10306,308,3,3248.37
33139,2822,247,2,1511.4
33140,7107,206,1,2172.19
33141,1664,206,5,2172.19
33142,4658,472,3,8162.55
33143,10536,14,2,7643.58
33144,6925,105,5,328.39
33145,620,228,2,604.91
33146,12169,204,3,5285.57
33147,2361,153,4,8748.36
33148,3312,150,2,5507.66
33149,10163,423,3,5539.86
33150,13483,409,3,5767.52
33151,1067,32,5,5922.14
33152,2109,10,4,395.33
33153,2123,220,1,4181.4
33154,6003,63,3,5383.93
33155,3719,209,4,9837.59
33156,8891,187,1,7403.39
33157,1429,107,3,1494.13
33158,5530,270,4,3515.69
33159,14379,267,1,9197.24
33160,5771,54,5,7895.72
33161,8066,89,3,2158.02
33162,6404,368,1,1767.74
33163,13322,300,2,1815.98
33164,273,159,2,1801.45
33165,9101,58,4,7243.02
33166,7129,306,3,9402.04
33167,2911,386,4,3146.12
33168,1735,2,3,732.43
33169,7546,324,1,2208.08
33170,3448,297,1,6822.62
33171,10157,457,4,9921.34
33172,8820,52,3,8643.0
33173,13675,356,5,2763.96
33174,4531,347,1,5876.24
33175,6072,143,5,5350.83
33176,4353,138,1,9993.87
33177,13691,347,5,5876.24
33178,9123,236,4,8664.5
33179,13860,161,3,8407.44
33180,5789,348,5,3047.9
33181,14944,326,1,8400.33
33182,11499,403,4,4023.58
33183,6117,299,3,4929.48
33184,4154,254,4,8610.26
33185,3612,152,1,9565.43
33186,89,181,1,5638.45
33187,238,362,3,9726.31
33188,1444,458,4,1066.87
33189,6090,190,2,1021.97
33190,6312,186,1,7246.03
33191,3222,397,4,5628.09
33192,14706,60,3,8583.96
33193,10174,6,3,2683.41
33194,255,390,3,1940.5
33195,7716,18,2,1342.37
33196,4881,374,2,9108.7
33197,8844,1,1,6315.21
33198,4213,259,2,6946.2
33199,8789,343,3,3581.46
33200,8838,398,3,4962.95
33201,13911,116,5,2672.92
33202,183,334,3,7620.87
33203,948,151,5,8809.81
33204,3895,302,1,256.64
33205,5409,423,2,5539.86
33206,6322,82,2,6679.0
33207,14091,425,2,3696.53
33208,14962,168,5,1657.22
33209,6544,103,3,4032.63
33210,7238,412,5,6068.19
33211,3771,158,4,9478.85
33212,89,385,4,9715.08
33213,2431,419,3,2984.31
33214,4856,8,2,6565.53
33215,13753,385,5,9715.08
33216,3349,276,2,2146.27
33217,969,435,1,9744.01
33218,13892,120,5,8117.66
33219,4658,346,5,5073.33
33220,14171,222,4,9786.82
33221,12492,343,5,3581.46
33222,10279,498,2,6884.43
33223,13648,148,2,6826.23
33224,11521,489,4,3207.62
33225,9970,383,4,5157.46
33226,9577,348,4,3047.9
33227,10320,37,4,5308.22
33228,12439,294,5,1759.3
33229,7812,113,4,9827.8
33230,2922,169,3,1462.57
33231,11409,427,4,3259.85
33232,2824,103,3,4032.63
33233,13624,263,1,2663.77
33234,13501,154,1,7802.63
33235,7224,288,3,6906.22
33236,12147,221,1,3345.21
33237,9813,234,2,5838.32
33238,14899,305,2,4723.38
33239,12216,400,5,8624.0
33240,13715,176,3,8922.31
33241,12790,136,2,5846.66
33242,12362,60,1,8583.96
33243,5324,122,5,8180.09
33244,1897,59,1,3468.76
33245,4776,355,2,8627.33
33246,6367,378,1,3236.96
33247,7507,143,1,5350.83
33248,10864,173,3,3149.12
33249,6210,361,1,5463.67
33250,13942,67,3,9629.35
33251,3113,306,2,9402.04
33252,767,50,4,9478.54
33253,7496,466,4,2173.99
33254,986,159,5,1801.45
33255,658,11,5,1837.72
33256,10293,134,5,5480.33
33257,616,59,5,3468.76
33258,4867,323,2,1809.66
33259,12582,370,4,8466.61
33260,5403,307,1,4019.4
33261,13134,238,2,8127.0
33262,1127,315,3,7046.48
33263,6662,149,5,938.71
33264,10913,139,3,8246.2
33265,5731,104,2,4430.26
33266,929,123,2,4560.68
33267,6900,62,5,2223.61
33268,8029,284,1,9324.98
33269,2574,262,4,6965.43
33270,6486,306,1,9402.04
33271,6964,24,5,8996.96
33272,9560,427,1,3259.85
33273,13679,192,2,8165.24
33274,7819,78,4,3697.4
33275,10181,186,2,7246.03
33276,9041,288,1,6906.22
33277,6584,365,1,1850.05
33278,7849,197,3,6070.18
33279,1365,14,2,7643.58
33280,6313,450,4,6116.29
33281,13957,436,3,6908.99
33282,3802,11,3,1837.72
33283,8777,147,1,8276.67
33284,6417,404,2,3218.34
33285,11832,151,4,8809.81
33286,1967,372,4,1234.45
33287,13134,233,1,4748.37
33288,5853,284,1,9324.98
33289,3636,194,2,1359.67
33290,8083,340,5,3757.64
33291,12349,245,1,8611.56
33292,3134,258,3,9737.13
33293,13892,174,2,7399.81
33294,12258,315,4,7046.48
33295,9685,28,1,966.94
33296,1341,40,3,5521.2
33297,12401,455,3,1899.28
33298,12040,265,3,6606.49
33299,5055,113,5,9827.8
33300,3461,69,4,8226.4
33301,7626,76,5,704.92
33302,11594,306,5,9402.04
33303,2575,467,2,2506.92
33304,12245,214,5,8463.2
33305,7868,317,4,9246.11
33306,444,10,1,395.33
33307,2375,140,5,621.76
33308,11899,240,2,9176.21
33309,3436,215,2,5828.57
33310,577,309,2,6463.56
33311,8594,73,2,9210.64
33312,11823,153,4,8748.36
33313,11093,437,4,3675.25
33314,9186,308,3,3248.37
33315,1691,479,4,9565.21
33316,9943,366,1,3897.58
33317,13927,485,1,8787.67
33318,3445,229,4,1133.55
33319,11584,346,1,5073.33
33320,11568,89,3,2158.02
33321,1625,273,3,6942.27
33322,13020,432,1,226.39
33323,2381,361,1,5463.67
33324,5677,359,1,4809.77
33325,13505,388,3,5482.96
33326,6390,451,2,5360.01
33327,5098,109,4,796.13
33328,6973,249,3,745.94
33329,13907,479,1,9565.21
33330,2923,438,2,9206.62
33331,3471,32,2,5922.14
33332,8883,169,3,1462.57
33333,12197,243,4,3831.51
33334,12075,490,5,1232.7
33335,12144,358,4,3041.52
33336,10998,403,1,4023.58
33337,9657,39,2,3738.32
33338,12905,67,5,9629.35
33339,4360,430,5,5913.18
33340,5624,456,1,8200.2
33341,1388,73,3,9210.64
33342,29,453,1,4809.05
33343,8579,466,5,2173.99
33344,3561,334,4,7620.87
33345,8533,147,4,8276.67
33346,13474,37,2,5308.22
33347,12334,452,5,7515.99
33348,3955,423,2,5539.86
33349,4555,275,1,8842.88
33350,11941,34,1,4719.44
33351,12470,251,4,2903.35
33352,593,61,4,1207.44
33353,10912,486,5,9524.97
33354,3553,293,3,8242.9
33355,10693,147,1,8276.67
33356,5616,224,5,3104.98
33357,2672,362,1,9726.31
33358,14202,73,4,9210.64
33359,5674,285,4,3933.55
33360,10549,135,4,5819.88
33361,7377,111,2,5010.75
33362,4383,364,1,9723.49
33363,83,362,5,9726.31
33364,5882,226,1,2025.32
33365,9173,111,2,5010.75
33366,7571,287,1,200.71
33367,7506,9,5,9075.61
33368,1292,210,5,4078.3
33369,3327,243,1,3831.51
33370,940,160,2,451.76
33371,13743,73,5,9210.64
33372,5560,434,5,3167.56
33373,3274,89,3,2158.02
33374,12160,139,4,8246.2
33375,5446,194,2,1359.67
33376,14608,65,3,7934.0
33377,2843,49,2,7978.95
33378,11933,437,5,3675.25
33379,3458,385,3,9715.08
33380,9472,351,5,5555.13
33381,1692,44,5,3917.55
33382,11986,149,2,938.71
33383,8765,347,5,5876.24
33384,13187,127,4,5911.04
33385,5182,189,1,8899.99
33386,10278,170,2,2257.83
33387,7059,400,3,8624.0
33388,14464,287,5,200.71
33389,5767,240,1,9176.21
33390,10371,451,2,5360.01
33391,7173,16,2,8266.92
33392,679,278,5,8996.64
33393,3726,463,3,7898.4
33394,4310,101,5,6090.24
33395,3269,66,4,6722.57
33396,4704,402,2,2303.92
33397,11078,402,1,2303.92
33398,11167,277,5,2568.61
33399,10795,457,2,9921.34
33400,2861,446,5,9142.99
33401,4388,398,2,4962.95
33402,526,323,2,1809.66
33403,5237,304,4,466.87
33404,546,327,1,9601.35
33405,11407,492,4,9608.88
33406,8077,190,4,1021.97
33407,221,183,4,5880.7
33408,14624,357,5,6115.84
33409,12599,397,2,5628.09
33410,5881,257,4,2683.93
33411,6322,268,1,5811.88
33412,12591,394,4,6388.25
33413,3070,157,2,7290.81
33414,184,337,2,4035.25
33415,7745,464,1,8934.52
33416,187,328,1,8910.25
33417,6810,156,1,7160.7
33418,10866,156,4,7160.7
33419,6755,174,1,7399.81
33420,1437,90,5,7785.19
33421,11356,239,3,1994.61
33422,993,202,4,9011.14
33423,1382,211,5,9357.68
33424,10463,465,1,9276.0
33425,191,180,4,7937.75
33426,5940,101,4,6090.24
33427,6302,57,5,6056.87
33428,8890,55,2,4706.61
33429,14125,481,5,4000.0
33430,8412,358,4,3041.52
33431,4093,133,5,418.13
33432,1984,489,2,3207.62
33433,1318,95,1,3387.4
33434,12833,480,4,5205.62
33435,7178,31,4,5680.54
33436,10082,188,2,5330.51
33437,6216,293,5,8242.9
33438,10143,426,5,3257.04
33439,9353,217,1,9900.58
33440,11846,173,3,3149.12
33441,3313,129,5,6571.12
33442,1958,331,3,1285.58
33443,679,318,5,1060.93
33444,4831,343,5,3581.46
33445,9771,268,4,5811.88
33446,11792,257,4,2683.93
33447,2446,366,5,3897.58
33448,9167,120,5,8117.66
33449,14789,215,4,5828.57
33450,3245,249,4,745.94
33451,11191,89,2,2158.02
33452,14219,454,4,3126.41
33453,6219,278,3,8996.64
33454,7768,224,3,3104.98
33455,8433,468,5,4653.8
33456,2990,35,5,1741.5
33457,3867,270,3,3515.69
33458,5718,82,5,6679.0
33459,514,307,1,4019.4
33460,14602,391,5,245.15
33461,7363,85,4,2064.18
33462,13684,258,2,9737.13
33463,7457,21,3,9286.01
33464,11002,99,2,7770.51
33465,12107,102,4,9476.14
33466,13784,402,2,2303.92
33467,3821,1,2,6315.21
33468,4405,473,3,4297.32
33469,13762,308,4,3248.37
33470,13446,28,4,966.94
33471,8746,454,4,3126.41
33472,7693,413,2,202.63
33473,13787,246,2,6536.29
33474,7770,282,3,6977.05
33475,9319,53,4,7460.59
33476,3495,253,4,6781.48
33477,8794,307,3,4019.4
33478,7676,345,2,7840.69
33479,11824,284,1,9324.98
33480,8543,7,5,6834.18
33481,11634,105,3,328.39
33482,118,395,5,5403.61
33483,10251,392,2,557.07
33484,14095,338,5,9668.48
33485,6165,34,3,4719.44
33486,10633,65,3,7934.0
33487,8133,225,4,1137.36
33488,14584,43,4,3765.59
33489,5123,464,4,8934.52
33490,12201,16,3,8266.92
33491,5079,103,1,4032.63
33492,3335,214,2,8463.2
33493,5962,95,3,3387.4
33494,7465,288,3,6906.22
33495,6611,157,4,7290.81
33496,3943,329,1,1250.04
33497,13541,332,3,2539.39
33498,2417,335,4,1115.92
33499,11470,471,5,3581.14
33500,10848,201,3,7769.45
33501,3434,442,2,722.71
33502,6827,197,4,6070.18
33503,11152,7,1,6834.18
33504,11176,415,3,2187.71
33505,2936,325,2,4799.01
33506,11314,22,5,1658.35
33507,3543,471,5,3581.14
33508,2978,482,4,6578.94
33509,4599,344,4,4696.35
33510,8895,164,2,8667.88
33511,5170,499,5,3186.27
33512,247,148,1,6826.23
33513,14017,312,2,7979.12
33514,14877,254,2,8610.26
33515,1593,342,1,6063.95
33516,11352,241,4,9266.89
33517,11957,114,4,3570.81
33518,11213,116,5,2672.92
33519,14170,144,1,1912.27
33520,8611,203,5,8511.61
33521,2058,7,3,6834.18
33522,3959,7,3,6834.18
33523,5427,395,3,5403.61
33524,13597,11,3,1837.72
33525,14147,427,5,3259.85
33526,2021,206,2,2172.19
33527,12740,257,5,2683.93
33528,14503,356,3,2763.96
33529,1003,9,5,9075.61
33530,8111,451,5,5360.01
33531,12010,407,3,5006.35
33532,8525,3,1,6914.47
33533,3327,497,2,4248.99
33534,275,448,4,5383.01
33535,1362,93,2,2028.54
33536,2433,352,5,4584.87
33537,11653,142,2,6545.75
33538,9980,369,5,8266.36
33539,5022,230,4,2678.09
33540,5599,65,4,7934.0
33541,14925,406,5,5823.84
33542,3818,438,5,9206.62
33543,7754,101,3,6090.24
33544,13669,81,1,3619.81
33545,357,15,1,3870.03
33546,4694,135,3,5819.88
33547,3265,450,1,6116.29
33548,11834,191,4,647.57
33549,4290,142,3,6545.75
33550,8958,329,5,1250.04
33551,2751,57,5,6056.87
33552,14014,280,1,7595.69
33553,14933,43,5,3765.59
33554,2210,174,4,7399.81
33555,3196,497,5,4248.99
33556,10253,114,2,3570.81
33557,5568,251,5,2903.35
33558,11765,29,4,3941.11
33559,11135,102,2,9476.14
33560,12875,247,3,1511.4
33561,1759,149,5,938.71
33562,3133,300,4,1815.98
33563,3481,197,2,6070.18
33564,6366,228,5,604.91
33565,10097,462,1,9857.56
33566,8193,76,3,704.92
33567,7640,181,3,5638.45
33568,5997,164,4,8667.88
33569,1327,394,4,6388.25
33570,14518,60,1,8583.96
33571,13318,238,1,8127.0
33572,2695,213,1,3800.6
33573,806,477,2,9150.54
33574,13553,296,4,3030.48
33575,9941,237,2,5827.48
33576,4724,321,1,9739.1
33577,14070,17,5,7305.81
33578,9978,486,2,9524.97
33579,8249,350,5,2158.61
33580,12616,335,2,1115.92
33581,7753,19,1,5022.81
33582,14407,378,1,3236.96
33583,14122,71,3,1415.95
33584,1166,410,2,9139.34
33585,13196,356,1,2763.96
33586,947,153,5,8748.36
33587,8208,288,4,6906.22
33588,7508,348,3,3047.9
33589,8091,414,4,8456.47
33590,1961,384,3,7551.73
33591,9913,33,4,968.15
33592,4254,245,4,8611.56
33593,3208,254,1,8610.26
33594,5789,254,1,8610.26
33595,8540,301,4,9862.65
33596,4762,395,5,5403.61
33597,7520,143,1,5350.83
33598,10881,314,5,9504.99
33599,8060,421,4,8508.99
33600,10945,67,5,9629.35
33601,9183,433,5,3027.9
33602,9508,27,1,6600.12
33603,13214,385,1,9715.08
33604,3356,327,4,9601.35
33605,1844,306,5,9402.04
33606,14690,479,2,9565.21
33607,12581,167,4,4172.77
33608,1845,10,1,395.33
33609,1308,296,1,3030.48
33610,5358,39,3,3738.32
33611,25,287,5,200.71
33612,6918,37,5,5308.22
33613,12373,428,2,1211.53
33614,493,378,4,3236.96
33615,11010,289,4,6753.34
33616,1627,357,5,6115.84
33617,2308,43,1,3765.59
33618,9512,295,3,8795.72
33619,12541,207,4,4423.45
33620,8136,50,4,9478.54
33621,3924,102,2,9476.14
33622,14495,487,2,6550.82
33623,658,179,1,748.02
33624,8065,104,3,4430.26
33625,1438,108,4,1734.18
33626,13296,487,3,6550.82
33627,12974,278,1,8996.64
33628,7493,147,4,8276.67
33629,8919,173,1,3149.12
33630,9731,57,2,6056.87
33631,14920,21,4,9286.01
33632,14209,397,2,5628.09
33633,995,97,5,509.52
33634,6630,158,5,9478.85
33635,6505,13,4,7258.78
33636,10784,398,2,4962.95
33637,9122,210,2,4078.3
33638,10801,482,1,6578.94
33639,7695,98,1,4922.59
33640,1863,74,5,199.13
33641,14217,463,4,7898.4
33642,13232,462,4,9857.56
33643,1838,30,3,7899.0
33644,13619,437,2,3675.25
33645,9674,313,2,4182.64
33646,14602,276,5,2146.27
33647,13529,333,1,3312.61
33648,5508,470,3,7905.83
33649,6183,370,4,8466.61
33650,2940,131,1,884.97
33651,11152,354,5,7095.06
33652,12728,208,1,8638.99
33653,6064,357,5,6115.84
33654,10228,98,5,4922.59
33655,2836,116,4,2672.92
33656,10011,85,2,2064.18
33657,13875,294,3,1759.3
33658,7128,30,2,7899.0
33659,14535,260,1,4925.88
33660,4786,256,2,8632.64
33661,1742,245,5,8611.56
33662,5703,272,4,4556.48
33663,4616,132,3,426.52
33664,3089,429,5,4716.21
33665,11055,472,2,8162.55
33666,6627,427,3,3259.85
33667,8001,303,4,9299.69
33668,10985,381,2,3904.17
33669,3969,263,3,2663.77
33670,3411,377,4,9039.51
33671,9048,234,4,5838.32
33672,1614,127,5,5911.04
33673,1655,349,2,4111.82
33674,7998,378,4,3236.96
33675,6346,499,3,3186.27
33676,3041,118,1,8743.3
33677,7153,416,2,6564.11
33678,14326,133,4,418.13
33679,2350,67,5,9629.35
33680,13967,362,5,9726.31
33681,2616,202,3,9011.14
33682,14151,148,1,6826.23
33683,12543,70,2,8962.34
33684,5907,191,5,647.57
33685,14861,396,4,8634.83
33686,11464,197,1,6070.18
33687,6428,372,4,1234.45
33688,1182,217,4,9900.58
33689,9883,117,1,3613.97
33690,11552,323,4,1809.66
33691,4295,318,4,1060.93
33692,11057,425,1,3696.53
33693,9088,302,1,256.64
33694,189,37,1,5308.22
33695,8660,44,5,3917.55
33696,8295,417,5,1315.86
33697,12412,364,3,9723.49
33698,7329,139,4,8246.2
33699,12175,371,2,2310.72
33700,4414,316,2,5796.51
33701,5770,224,1,3104.98
33702,14414,500,1,9839.38
33703,11593,27,4,6600.12
33704,141,474,2,6301.48
33705,14964,202,4,9011.14
33706,7253,166,5,5626.74
33707,14527,306,3,9402.04
33708,10631,323,5,1809.66
33709,8431,112,5,8874.43
33710,10260,407,2,5006.35
33711,2845,417,2,1315.86
33712,9629,234,5,5838.32
33713,5165,397,2,5628.09
33714,11488,290,3,1424.2
33715,13711,455,2,1899.28
33716,11036,18,5,1342.37
33717,10914,207,2,4423.45
33718,13468,311,1,7839.59
33719,5883,232,2,3261.51
33720,2116,363,3,6816.26
33721,11738,201,2,7769.45
33722,5454,145,5,6422.41
33723,4526,425,3,3696.53
33724,4562,297,4,6822.62
33725,6307,43,1,3765.59
33726,14440,242,1,7663.19
33727,14127,199,4,8014.84
33728,2671,293,4,8242.9
33729,12287,42,5,4497.14
33730,8615,451,4,5360.01
33731,12528,227,1,5782.67
33732,12662,442,2,722.71
33733,6995,430,5,5913.18
33734,5284,213,2,3800.6
33735,7918,375,5,6848.53
33736,14969,248,1,5592.3
33737,4240,132,1,426.52
33738,11443,7,1,6834.18
33739,9966,82,5,6679.0
33740,10948,365,5,1850.05
33741,5011,401,1,276.76
33742,6018,229,3,1133.55
33743,9051,275,1,8842.88
33744,2673,41,2,6972.61
33745,7069,129,1,6571.12
33746,14963,2,5,732.43
33747,2896,459,4,1906.15
33748,7698,11,1,1837.72
33749,12200,7,3,6834.18
33750,11199,8,4,6565.53
33751,13648,7,4,6834.18
33752,265,25,2,7621.45
33753,12179,435,5,9744.01
33754,6179,139,5,8246.2
33755,3502,275,4,8842.88
33756,6491,464,1,8934.52
33757,2482,299,1,4929.48
33758,6684,416,5,6564.11
33759,10509,312,5,7979.12
33760,12625,74,1,199.13
33761,7053,103,5,4032.63
33762,3623,37,2,5308.22
33763,11042,294,4,1759.3
33764,3549,180,3,7937.75
33765,13196,393,2,9148.93
33766,996,123,5,4560.68
33767,10098,450,4,6116.29
33768,9598,64,2,3923.84
33769,14644,349,3,4111.82
33770,13016,55,5,4706.61
33771,14502,294,5,1759.3
33772,13268,214,5,8463.2
33773,1998,147,1,8276.67
33774,12515,344,4,4696.35
33775,4353,224,4,3104.98
33776,4809,16,3,8266.92
33777,9046,80,1,7702.5
33778,2800,162,5,9785.74
33779,10455,286,4,8835.5
33780,4608,442,2,722.71
33781,9044,268,2,5811.88
33782,6939,159,4,1801.45
33783,3947,426,1,3257.04
33784,3358,49,1,7978.95
33785,11527,424,1,9131.51
33786,13702,6,5,2683.41
33787,12407,309,1,6463.56
33788,13357,453,1,4809.05
33789,10477,158,5,9478.85
33790,44,129,5,6571.12
33791,4094,80,2,7702.5
33792,6938,17,2,7305.81
33793,6088,385,2,9715.08
33794,12674,10,4,395.33
33795,10887,430,4,5913.18
33796,12992,366,4,3897.58
33797,3809,329,5,1250.04
33798,14678,209,4,9837.59
33799,6016,411,4,1314.33
33800,3000,313,1,4182.64
33801,6053,25,5,7621.45
33802,12819,266,2,4135.03
33803,7623,225,3,1137.36
33804,77,416,5,6564.11
33805,3421,378,1,3236.96
33806,11982,495,5,6702.94
33807,9493,63,3,5383.93
33808,14745,199,2,8014.84
33809,11169,207,4,4423.45
33810,13312,239,5,1994.61
33811,2924,464,2,8934.52
33812,6767,487,4,6550.82
33813,10117,73,3,9210.64
33814,10922,269,5,1141.26
33815,12782,289,1,6753.34
33816,6536,52,2,8643.0
33817,9245,385,2,9715.08
33818,12605,234,1,5838.32
33819,8708,236,1,8664.5
33820,6947,25,4,7621.45
33821,12207,456,1,8200.2
33822,14938,50,4,9478.54
33823,10157,116,4,2672.92
33824,3701,15,4,3870.03
33825,2249,267,2,9197.24
33826,4083,242,1,7663.19
33827,13526,132,3,426.52
33828,3758,132,2,426.52
33829,5268,72,2,879.52
33830,9490,168,5,1657.22
33831,3368,488,5,6635.81
33832,13860,429,3,4716.21
33833,12016,468,2,4653.8
33834,866,193,3,1281.1
33835,8027,322,2,6758.75
33836,3881,228,3,604.91
33837,6790,340,3,3757.64
33838,12594,46,1,8792.03
33839,10998,261,5,980.67
33840,5610,63,2,5383.93
33841,12905,440,2,1392.66
33842,2125,176,2,8922.31
33843,6919,465,2,9276.0
33844,9466,349,3,4111.82
33845,82,32,2,5922.14
33846,3065,225,2,1137.36
33847,7023,478,1,6425.58
33848,14351,384,5,7551.73
33849,10629,71,4,1415.95
33850,14210,5,1,6386.27
33851,12554,70,1,8962.34
33852,1095,155,1,5690.41
33853,5549,26,1,482.02
33854,8199,437,3,3675.25
33855,3284,314,4,9504.99
33856,12653,412,5,6068.19
33857,1161,178,5,9950.37
33858,14322,111,4,5010.75
33859,12556,475,5,4830.58
33860,5654,486,2,9524.97
33861,14583,466,5,2173.99
33862,4349,299,1,4929.48
33863,8320,60,5,8583.96
33864,621,352,4,4584.87
33865,4299,418,1,4286.55
33866,2129,246,1,6536.29
33867,8349,279,1,5378.36
33868,4306,41,1,6972.61
33869,60,431,4,7429.75
33870,14314,340,4,3757.64
33871,4919,386,4,3146.12
33872,11263,161,2,8407.44
33873,12225,450,1,6116.29
33874,13041,118,1,8743.3
33875,3763,415,1,2187.71
33876,7513,351,3,5555.13
33877,1788,414,3,8456.47
33878,2244,105,3,328.39
33879,7756,1,3,6315.21
33880,13317,236,2,8664.5
33881,5454,392,4,557.07
33882,8911,269,4,1141.26
33883,2938,11,5,1837.72
33884,14897,268,1,5811.88
33885,3882,52,2,8643.0
33886,7192,357,5,6115.84
33887,5455,387,3,7256.07
33888,14358,30,5,7899.0
33889,867,252,3,4660.57
33890,8202,414,4,8456.47
33891,6993,430,1,5913.18
33892,12437,186,5,7246.03
33893,11355,432,3,226.39
33894,14318,340,1,3757.64
33895,4019,68,1,4687.17
33896,7125,392,1,557.07
33897,1642,276,3,2146.27
33898,14958,358,2,3041.52
33899,10900,313,2,4182.64
33900,5993,133,5,418.13
33901,4674,191,1,647.57
33902,2319,225,3,1137.36
33903,300,186,2,7246.03
33904,3151,344,4,4696.35
33905,9355,46,2,8792.03
33906,6654,38,1,4667.15
33907,7389,218,3,2942.56
33908,8336,301,5,9862.65
33909,1330,294,2,1759.3
33910,4639,142,1,6545.75
33911,7962,306,5,9402.04
33912,6110,149,2,938.71
33913,2749,200,3,2884.6
33914,4313,106,1,6259.39
33915,2064,303,3,9299.69
33916,9429,136,1,5846.66
33917,7776,82,2,6679.0
33918,9585,294,1,1759.3
33919,1980,148,2,6826.23
33920,8910,197,4,6070.18
33921,2332,300,5,1815.98
33922,6230,458,5,1066.87
33923,10257,226,4,2025.32
33924,13306,496,5,2786.49
33925,12865,51,2,8177.56
33926,12512,487,4,6550.82
33927,14056,390,5,1940.5
33928,8671,499,5,3186.27
33929,2736,443,3,9035.35
33930,2002,175,2,8623.47
33931,12918,208,4,8638.99
33932,6986,240,4,9176.21
33933,10053,89,1,2158.02
33934,9507,180,5,7937.75
33935,8255,138,4,9993.87
33936,7829,217,3,9900.58
33937,352,214,3,8463.2
33938,13,183,5,5880.7
33939,575,271,3,9644.3
33940,6600,367,3,2146.49
33941,99,299,5,4929.48
33942,5599,34,3,4719.44
33943,12069,383,3,5157.46
33944,10849,219,2,6055.1
33945,6973,258,4,9737.13
33946,8224,454,2,3126.41
33947,11382,403,2,4023.58
33948,2752,174,5,7399.81
33949,3908,356,2,2763.96
33950,5155,250,3,9260.34
33951,6458,350,4,2158.61
33952,14667,428,5,1211.53
33953,2524,156,2,7160.7
33954,12721,370,4,8466.61
33955,14853,415,2,2187.71
33956,11659,292,3,6604.75
33957,4952,277,4,2568.61
33958,2601,209,3,9837.59
33959,5183,127,2,5911.04
33960,10416,334,5,7620.87
33961,13202,438,1,9206.62
33962,7409,246,4,6536.29
33963,12687,204,1,5285.57
33964,1214,282,5,6977.05
33965,13626,299,1,4929.48
33966,953,368,2,1767.74
33967,13008,261,2,980.67
33968,8997,105,1,328.39
33969,6430,362,1,9726.31
33970,740,313,2,4182.64
33971,2938,286,1,8835.5
33972,9692,291,3,5087.5
33973,5560,49,4,7978.95
33974,11378,375,2,6848.53
33975,7539,187,3,7403.39
33976,6583,462,2,9857.56
33977,6494,296,4,3030.48
33978,5302,459,4,1906.15
33979,7775,490,5,1232.7
33980,4231,248,4,5592.3
33981,4432,3,1,6914.47
33982,8758,231,5,1578.47
33983,4979,54,3,7895.72
33984,11068,155,5,5690.41
33985,13620,74,5,199.13
33986,7465,265,4,6606.49
33987,709,131,2,884.97
33988,9442,265,1,6606.49
33989,13494,297,4,6822.62
33990,7339,247,3,1511.4
33991,5082,198,5,946.71
33992,6094,294,4,1759.3
33993,13753,106,4,6259.39
33994,6245,180,2,7937.75
33995,9275,51,4,8177.56
33996,2258,63,2,5383.93
33997,13603,253,3,6781.48
33998,8952,293,1,8242.9
33999,14592,222,1,9786.82
34000,2678,67,4,9629.35
34001,4141,471,5,3581.14
34002,4355,241,3,9266.89
34003,2681,138,3,9993.87
34004,5914,476,1,7708.58
34005,7837,238,2,8127.0
34006,1953,127,2,5911.04
34007,8485,104,5,4430.26
34008,8127,82,1,6679.0
34009,2850,103,5,4032.63
34010,11209,14,5,7643.58
34011,5437,326,3,8400.33
34012,1978,202,3,9011.14
34013,4098,356,3,2763.96
34014,12825,260,1,4925.88
34015,8829,434,2,3167.56
34016,13701,3,4,6914.47
34017,2481,228,3,604.91
34018,6272,178,2,9950.37
34019,7720,469,2,1716.73
34020,5202,155,3,5690.41
34021,7706,72,3,879.52
34022,4885,36,5,5763.51
34023,10555,13,2,7258.78
34024,1229,92,3,8797.95
34025,817,41,4,6972.61
34026,4548,440,4,1392.66
34027,10372,78,2,3697.4
34028,13858,468,3,4653.8
34029,11982,20,4,5418.04
34030,12838,189,1,8899.99
34031,5000,309,1,6463.56
34032,8568,427,5,3259.85
34033,3279,314,5,9504.99
34034,5514,201,3,7769.45
34035,13535,39,1,3738.32
34036,14369,237,2,5827.48
34037,1398,129,2,6571.12
34038,7887,131,4,884.97
34039,3177,451,5,5360.01
34040,4787,56,4,7342.67
34041,3856,345,1,7840.69
34042,12087,95,2,3387.4
34043,1335,130,2,2180.26
34044,5802,180,1,7937.75
34045,7120,274,5,9374.58
34046,117,240,4,9176.21
34047,9268,55,1,4706.61
34048,3886,441,2,2052.86
34049,4186,240,3,9176.21
34050,5119,415,4,2187.71
34051,9153,461,3,798.26
34052,4786,399,3,5584.71
34053,12485,465,4,9276.0
34054,12443,32,3,5922.14
34055,739,141,4,1098.86
34056,7484,85,2,2064.18
34057,3388,224,4,3104.98
34058,8336,235,1,8300.53
34059,7981,80,5,7702.5
34060,13218,486,2,9524.97
34061,1748,226,5,2025.32
34062,13341,379,4,6490.64
34063,4491,162,3,9785.74
34064,13037,490,1,1232.7
34065,5842,123,3,4560.68
34066,1132,393,3,9148.93
34067,7926,255,3,8283.02
34068,6729,344,3,4696.35
34069,5280,127,5,5911.04
34070,7639,250,4,9260.34
34071,11291,133,2,418.13
34072,6014,385,1,9715.08
34073,14998,439,5,3081.57
34074,11853,73,4,9210.64
34075,9988,179,3,748.02
34076,13771,82,2,6679.0
34077,802,421,4,8508.99
34078,1147,478,4,6425.58
34079,11383,341,3,6881.86
34080,6122,154,5,7802.63
34081,14240,52,1,8643.0
34082,6905,50,1,9478.54
34083,9840,364,1,9723.49
34084,4098,132,5,426.52
34085,2139,398,4,4962.95
34086,6312,300,1,1815.98
34087,6202,211,1,9357.68
34088,11758,14,3,7643.58
34089,3115,224,4,3104.98
34090,12122,41,2,6972.61
34091,13884,334,1,7620.87
34092,12177,481,2,4000.0
34093,5291,403,1,4023.58
34094,9414,17,5,7305.81
34095,2543,147,5,8276.67
34096,10764,83,5,9659.08
34097,5725,226,4,2025.32
34098,158,78,2,3697.4
34099,8440,295,4,8795.72
34100,6320,43,3,3765.59
34101,7862,210,1,4078.3
34102,1496,447,4,2000.99
34103,9443,124,1,8055.13
34104,9646,54,1,7895.72
34105,11377,256,4,8632.64
34106,6409,18,3,1342.37
34107,118,188,1,5330.51
34108,8472,311,4,7839.59
34109,7152,15,1,3870.03
34110,1955,20,3,5418.04
34111,882,82,1,6679.0
34112,10647,9,2,9075.61
34113,7362,56,2,7342.67
34114,434,185,2,9608.72
34115,194,347,2,5876.24
34116,10787,135,2,5819.88
34117,4159,457,1,9921.34
34118,9291,389,3,3380.61
34119,2303,176,4,8922.31
34120,12275,239,5,1994.61
34121,3623,166,3,5626.74
34122,11715,103,5,4032.63
34123,1574,278,1,8996.64
34124,10811,382,5,2606.69
34125,8636,390,3,1940.5
34126,3237,134,3,5480.33
34127,930,30,3,7899.0
34128,1050,91,1,7135.75
34129,408,248,3,5592.3
34130,2327,467,2,2506.92
34131,73,33,5,968.15
34132,10813,426,4,3257.04
34133,3771,73,5,9210.64
34134,14965,106,4,6259.39
34135,12068,137,2,2848.21
34136,7190,356,2,2763.96
34137,5385,446,5,9142.99
34138,12064,124,5,8055.13
34139,942,480,2,5205.62
34140,8733,374,5,9108.7
34141,13428,50,2,9478.54
34142,11938,371,4,2310.72
34143,4450,262,1,6965.43
34144,14468,452,4,7515.99
34145,2988,490,5,1232.7
34146,9594,428,5,1211.53
34147,1309,428,2,1211.53
34148,10132,386,3,3146.12
34149,7294,476,3,7708.58
34150,9390,21,1,9286.01
34151,717,115,2,8618.7
34152,1806,321,5,9739.1
34153,4117,218,1,2942.56
34154,12396,480,4,5205.62
34155,5187,473,2,4297.32
34156,4129,475,3,4830.58
34157,426,41,3,6972.61
34158,7083,356,2,2763.96
34159,10492,481,2,4000.0
34160,11588,431,3,7429.75
34161,4187,291,3,5087.5
34162,8585,194,3,1359.67
34163,4600,464,4,8934.52
34164,3865,111,3,5010.75
34165,11221,480,2,5205.62
34166,3056,232,3,3261.51
34167,6852,176,5,8922.31
34168,1152,147,2,8276.67
34169,8992,366,4,3897.58
34170,4631,407,2,5006.35
34171,11024,451,5,5360.01
34172,5610,55,5,4706.61
34173,13247,385,2,9715.08
34174,1647,236,3,8664.5
34175,13935,467,5,2506.92
34176,14094,343,4,3581.46
34177,11204,82,5,6679.0
34178,2930,240,2,9176.21
34179,4805,39,1,3738.32
34180,169,15,5,3870.03
34181,5483,313,1,4182.64
34182,11708,460,5,4289.39
34183,7383,140,1,621.76
34184,12151,493,4,5685.39
34185,3130,242,1,7663.19
34186,9138,366,3,3897.58
34187,1587,205,3,4022.8
34188,13106,261,5,980.67
34189,11119,101,2,6090.24
34190,10171,296,3,3030.48
34191,9093,312,5,7979.12
34192,6256,446,3,9142.99
34193,11476,482,1,6578.94
34194,5956,36,5,5763.51
34195,3245,178,2,9950.37
34196,2204,138,5,9993.87
34197,4460,133,1,418.13
34198,6015,191,1,647.57
34199,13130,346,5,5073.33
34200,14919,338,2,9668.48
34201,3040,171,5,9757.17
34202,13107,355,2,8627.33
34203,11219,235,3,8300.53
34204,4174,152,3,9565.43
34205,12255,279,1,5378.36
34206,13726,137,4,2848.21
34207,11210,392,5,557.07
34208,10108,326,1,8400.33
34209,6206,488,4,6635.81
34210,5292,432,4,226.39
34211,5835,447,5,2000.99
34212,8379,381,5,3904.17
34213,6467,3,3,6914.47
34214,7493,499,2,3186.27
34215,768,39,4,3738.32
34216,12181,102,2,9476.14
34217,71,173,3,3149.12
34218,142,132,3,426.52
34219,6124,80,2,7702.5
34220,8170,249,4,745.94
34221,608,154,2,7802.63
34222,1973,497,3,4248.99
34223,1928,432,3,226.39
34224,9042,195,3,3311.18
34225,9076,345,2,7840.69
34226,1275,301,1,9862.65
34227,5339,462,2,9857.56
34228,5588,350,4,2158.61
34229,14084,359,3,4809.77
34230,1270,497,4,4248.99
34231,1499,156,2,7160.7
34232,11637,130,3,2180.26
34233,14492,3,2,6914.47
34234,14250,279,2,5378.36
34235,13487,314,1,9504.99
34236,11143,364,5,9723.49
34237,7099,364,3,9723.49
34238,10428,473,3,4297.32
34239,6606,378,4,3236.96
34240,2115,205,1,4022.8
34241,13549,462,3,9857.56
34242,6720,9,5,9075.61
34243,522,217,3,9900.58
34244,7718,376,5,258.42
34245,12499,473,1,4297.32
34246,4892,21,5,9286.01
34247,5896,171,3,9757.17
34248,9332,462,1,9857.56
34249,13071,19,3,5022.81
34250,11322,271,1,9644.3
34251,8077,171,4,9757.17
34252,5716,187,2,7403.39
34253,14947,223,1,6357.32
34254,12046,428,2,1211.53
34255,75,395,2,5403.61
34256,6314,226,2,2025.32
34257,264,291,1,5087.5
34258,2315,11,3,1837.72
34259,7896,344,2,4696.35
34260,11352,442,4,722.71
34261,6304,69,3,8226.4
34262,10083,21,4,9286.01
34263,3659,316,4,5796.51
34264,12011,457,2,9921.34
34265,8744,252,5,4660.57
34266,1447,340,3,3757.64
34267,11720,196,5,3830.25
34268,9743,418,3,4286.55
34269,40,129,4,6571.12
34270,5528,125,3,2911.91
34271,8186,8,2,6565.53
34272,3152,457,4,9921.34
34273,7862,357,2,6115.84
34274,10310,148,5,6826.23
34275,5927,332,1,2539.39
34276,11003,468,2,4653.8
34277,11518,76,1,704.92
34278,10143,121,4,4637.39
34279,10140,192,5,8165.24
34280,4728,148,5,6826.23
34281,7075,313,4,4182.64
34282,11612,375,2,6848.53
34283,12460,326,5,8400.33
34284,1247,459,5,1906.15
34285,13154,91,3,7135.75
34286,545,361,5,5463.67
34287,1087,280,4,7595.69
34288,6558,426,4,3257.04
34289,3424,268,2,5811.88
34290,10295,115,4,8618.7
34291,5765,374,5,9108.7
34292,10364,202,5,9011.14
34293,12251,420,2,968.02
34294,6414,491,2,7055.9
34295,6347,85,4,2064.18
34296,9585,50,2,9478.54
34297,4421,56,4,7342.67
34298,2391,93,1,2028.54
34299,429,179,5,748.02
34300,640,322,3,6758.75
34301,5342,458,3,1066.87
34302,5945,437,3,3675.25
34303,10671,162,4,9785.74
34304,11379,471,4,3581.14
34305,6257,222,2,9786.82
34306,13900,165,3,5790.97
34307,5122,437,2,3675.25
34308,7078,361,5,5463.67
34309,6769,499,4,3186.27
34310,8618,473,2,4297.32
34311,2324,228,2,604.91
34312,865,7,5,6834.18
34313,11476,72,2,879.52
34314,2778,164,2,8667.88
34315,13453,173,2,3149.12
34316,13572,391,4,245.15
34317,12934,233,5,4748.37
34318,9813,422,3,9215.56
34319,11012,29,4,3941.11
34320,5881,100,1,9593.58
34321,13849,59,5,3468.76
34322,6145,380,4,4507.23
34323,4838,327,3,9601.35
34324,1432,130,5,2180.26
34325,1632,471,5,3581.14
34326,721,299,1,4929.48
34327,11059,195,3,3311.18
34328,3768,53,4,7460.59
34329,9501,43,1,3765.59
34330,8078,128,5,1686.89
34331,11926,450,2,6116.29
34332,7352,308,5,3248.37
34333,5678,404,4,3218.34
34334,9261,337,4,4035.25
34335,12995,287,4,200.71
34336,7331,180,5,7937.75
34337,2994,205,1,4022.8
34338,3108,451,1,5360.01
34339,13515,45,3,1218.3
34340,848,448,1,5383.01
34341,7088,458,3,1066.87
34342,14486,315,4,7046.48
34343,12633,349,1,4111.82
34344,1723,141,4,1098.86
34345,12471,227,1,5782.67
34346,14059,339,2,9584.08
34347,13557,389,3,3380.61
34348,12866,313,5,4182.64
34349,634,69,4,8226.4
34350,4618,27,1,6600.12
34351,3852,233,3,4748.37
34352,12489,255,1,8283.02
34353,6163,222,3,9786.82
34354,14540,55,5,4706.61
34355,4639,398,4,4962.95
34356,9179,389,5,3380.61
34357,3680,471,2,3581.14
34358,12885,386,4,3146.12
34359,10402,152,1,9565.43
34360,5086,12,5,3492.99
34361,327,297,4,6822.62
34362,12886,200,3,2884.6
34363,13450,153,3,8748.36
34364,1710,147,4,8276.67
34365,6652,169,4,1462.57
34366,14041,193,4,1281.1
34367,4114,384,5,7551.73
34368,11859,227,4,5782.67
34369,13471,371,1,2310.72
34370,12742,407,3,5006.35
34371,4921,431,1,7429.75
34372,1840,224,3,3104.98
34373,9277,102,2,9476.14
34374,5987,443,5,9035.35
34375,3391,418,1,4286.55
34376,10802,51,5,8177.56
34377,546,440,4,1392.66
34378,13240,121,5,4637.39
34379,8481,291,4,5087.5
34380,9323,154,1,7802.63
34381,1549,134,4,5480.33
34382,5976,54,1,7895.72
34383,10979,126,2,2937.97
34384,910,386,3,3146.12
34385,2451,93,5,2028.54
34386,12138,429,4,4716.21
34387,9787,483,2,9066.19
34388,1878,62,5,2223.61
34389,2791,167,1,4172.77
34390,1112,186,4,7246.03
34391,8888,186,1,7246.03
34392,6577,336,5,7047.79
34393,2656,35,1,1741.5
34394,3222,444,3,7201.79
34395,6849,92,5,8797.95
34396,2345,416,3,6564.11
34397,965,9,1,9075.61
34398,992,135,1,5819.88
34399,12815,397,1,5628.09
34400,1074,340,4,3757.64
34401,5117,222,4,9786.82
34402,3263,420,1,968.02
34403,10828,342,3,6063.95
34404,9988,448,5,5383.01
34405,9365,97,1,509.52
34406,14820,158,1,9478.85
34407,4024,351,2,5555.13
34408,3963,420,2,968.02
34409,4753,114,2,3570.81
34410,13480,112,5,8874.43
34411,10535,352,2,4584.87
34412,669,272,3,4556.48
34413,5594,162,5,9785.74
34414,14634,56,3,7342.67
34415,5030,195,1,3311.18
34416,10947,24,5,8996.96
34417,2688,380,3,4507.23
34418,1917,35,3,1741.5
34419,4427,203,3,8511.61
34420,6011,115,5,8618.7
34421,7232,212,2,1848.43
34422,4460,310,4,5989.12
34423,13495,293,5,8242.9
34424,3665,486,5,9524.97
34425,6954,207,1,4423.45
34426,3313,249,1,745.94
34427,2995,407,5,5006.35
34428,9487,201,5,7769.45
34429,14398,217,2,9900.58
34430,9933,18,1,1342.37
34431,9906,433,4,3027.9
34432,10438,317,5,9246.11
34433,11110,195,4,3311.18
34434,13953,92,5,8797.95
34435,9088,141,1,1098.86
34436,14450,172,4,8002.21
34437,9819,365,5,1850.05
34438,11754,108,4,1734.18
34439,5216,428,5,1211.53
34440,14375,178,5,9950.37
34441,10524,303,3,9299.69
34442,9997,291,1,5087.5
34443,3192,73,2,9210.64
34444,6362,436,3,6908.99
34445,8108,357,5,6115.84
34446,1803,179,5,748.02
34447,5901,2,3,732.43
34448,9975,12,4,3492.99
34449,7641,306,4,9402.04
34450,11563,461,3,798.26
34451,10226,427,5,3259.85
34452,14798,75,2,8352.41
34453,12591,254,1,8610.26
34454,6432,266,3,4135.03
34455,6160,86,4,4357.67
34456,14827,4,4,1038.64
34457,9951,129,3,6571.12
34458,4612,444,1,7201.79
34459,6741,343,3,3581.46
34460,3569,162,3,9785.74
34461,8088,16,5,8266.92
34462,6866,214,1,8463.2
34463,7940,134,1,5480.33
34464,6796,18,5,1342.37
34465,11144,335,4,1115.92
34466,13416,190,5,1021.97
34467,13214,230,2,2678.09
34468,14669,150,5,5507.66
34469,12939,218,1,2942.56
34470,5483,187,4,7403.39
34471,4777,227,2,5782.67
34472,2471,257,1,2683.93
34473,14686,398,5,4962.95
34474,4767,44,3,3917.55
34475,9367,100,2,9593.58
34476,8296,184,2,3270.76
34477,5804,288,4,6906.22
34478,5423,125,4,2911.91
34479,5007,221,5,3345.21
34480,11064,235,3,8300.53
34481,1553,256,5,8632.64
34482,11829,200,5,2884.6
34483,12307,6,1,2683.41
34484,4202,419,2,2984.31
34485,5316,82,1,6679.0
34486,2268,42,3,4497.14
34487,6087,230,3,2678.09
34488,11819,6,5,2683.41
34489,8195,349,4,4111.82
34490,4972,380,5,4507.23
34491,9284,219,4,6055.1
34492,9845,361,1,5463.67
34493,10106,6,2,2683.41
34494,9726,320,4,7113.73
34495,9723,40,4,5521.2
34496,8935,189,4,8899.99
34497,3365,346,5,5073.33
34498,14874,94,2,8180.15
34499,14211,221,4,3345.21
34500,9376,333,3,3312.61
34501,4470,494,5,3573.94
34502,77,46,4,8792.03
34503,7058,1,2,6315.21
34504,732,493,4,5685.39
34505,5390,223,1,6357.32
34506,11597,199,5,8014.84
34507,4559,279,1,5378.36
34508,7104,294,1,1759.3
34509,8189,219,4,6055.1
34510,10779,371,1,2310.72
34511,157,391,1,245.15
34512,9117,265,4,6606.49
34513,9054,174,4,7399.81
34514,7412,322,4,6758.75
34515,12710,367,5,2146.49
34516,4917,291,2,5087.5
34517,908,330,3,9882.58
34518,6301,372,2,1234.45
34519,10470,311,4,7839.59
34520,1806,39,4,3738.32
34521,2610,133,4,418.13
34522,7205,481,2,4000.0
34523,11325,298,5,8878.51
34524,1755,490,5,1232.7
34525,6639,400,4,8624.0
34526,11648,128,4,1686.89
34527,7901,145,4,6422.41
34528,14952,52,4,8643.0
34529,9228,164,5,8667.88
34530,13730,181,4,5638.45
34531,11854,76,5,704.92
34532,14147,26,4,482.02
34533,9736,444,1,7201.79
34534,4663,433,2,3027.9
34535,2381,483,5,9066.19
34536,13044,43,2,3765.59
34537,3028,86,2,4357.67
34538,6020,318,5,1060.93
34539,1935,472,2,8162.55
34540,5127,162,1,9785.74
34541,7919,343,4,3581.46
34542,4771,386,5,3146.12
34543,2879,419,1,2984.31
34544,8429,136,3,5846.66
34545,14436,430,2,5913.18
34546,2949,498,3,6884.43
34547,900,492,3,9608.88
34548,2265,390,5,1940.5
34549,3427,190,5,1021.97
34550,925,196,2,3830.25
34551,5096,124,2,8055.13
34552,1135,429,2,4716.21
34553,230,375,4,6848.53
34554,7244,200,5,2884.6
34555,10394,194,4,1359.67
34556,11902,319,5,3953.51
34557,13599,319,5,3953.51
34558,3374,309,2,6463.56
34559,13334,233,4,4748.37
34560,10570,21,1,9286.01
34561,9730,236,3,8664.5
34562,3779,208,1,8638.99
34563,3773,316,5,5796.51
34564,2721,362,2,9726.31
34565,7461,374,2,9108.7
34566,13473,222,3,9786.82
34567,11863,331,3,1285.58
34568,14982,37,4,5308.22
34569,8702,175,2,8623.47
34570,8402,266,3,4135.03
34571,14156,10,4,395.33
34572,10913,113,3,9827.8
34573,1722,152,1,9565.43
34574,7002,495,2,6702.94
34575,2420,161,2,8407.44
34576,9052,344,2,4696.35
34577,2343,55,1,4706.61
34578,1011,494,3,3573.94
34579,715,392,2,557.07
34580,733,443,4,9035.35
34581,9213,370,3,8466.61
34582,10009,240,5,9176.21
34583,1654,249,3,745.94
34584,1984,100,4,9593.58
34585,8637,326,2,8400.33
34586,8857,178,3,9950.37
34587,7880,187,5,7403.39
34588,2082,342,5,6063.95
34589,12580,480,5,5205.62
34590,5210,337,5,4035.25
34591,10877,463,3,7898.4
34592,3182,437,2,3675.25
34593,3427,306,3,9402.04
34594,111,438,5,9206.62
34595,13132,196,2,3830.25
34596,3257,111,5,5010.75
34597,4676,140,5,621.76
34598,13969,246,5,6536.29
34599,8357,392,4,557.07
34600,401,180,2,7937.75
34601,10116,330,3,9882.58
34602,7083,273,4,6942.27
34603,8018,156,3,7160.7
34604,562,46,4,8792.03
34605,4806,407,3,5006.35
34606,8715,409,1,5767.52
34607,7780,201,1,7769.45
34608,1017,465,5,9276.0
34609,13539,355,3,8627.33
34610,470,342,5,6063.95
34611,4509,58,1,7243.02
34612,8097,15,4,3870.03
34613,5938,120,2,8117.66
34614,7597,391,4,245.15
34615,9208,417,5,1315.86
34616,7347,476,4,7708.58
34617,2489,63,1,5383.93
34618,4202,304,4,466.87
34619,3039,139,2,8246.2
34620,11897,469,4,1716.73
34621,6993,362,3,9726.31
34622,9917,155,4,5690.41
34623,5930,156,3,7160.7
34624,13790,24,3,8996.96
34625,14939,320,1,7113.73
34626,6135,347,4,5876.24
34627,4550,360,3,8818.48
34628,2425,237,5,5827.48
34629,711,223,1,6357.32
34630,943,270,1,3515.69
34631,2969,272,3,4556.48
34632,14519,140,2,621.76
34633,7066,93,3,2028.54
34634,5371,200,5,2884.6
34635,2834,379,2,6490.64
34636,13065,11,4,1837.72
34637,5595,338,2,9668.48
34638,10962,259,2,6946.2
34639,2019,304,5,466.87
34640,1423,242,3,7663.19
34641,1268,437,2,3675.25
34642,12865,184,2,3270.76
34643,739,169,4,1462.57
34644,10526,235,2,8300.53
34645,14173,216,5,3464.18
34646,12555,101,3,6090.24
34647,6652,352,5,4584.87
34648,13969,103,3,4032.63
34649,8246,319,4,3953.51
34650,12469,79,3,9929.03
34651,12297,219,4,6055.1
34652,9767,403,1,4023.58
34653,10077,265,2,6606.49
34654,12969,326,1,8400.33
34655,8795,497,4,4248.99
34656,13936,340,3,3757.64
34657,10849,166,4,5626.74
34658,2441,244,2,1081.56
34659,12519,497,4,4248.99
34660,6956,494,3,3573.94
34661,643,78,5,3697.4
34662,13715,352,2,4584.87
34663,14301,270,2,3515.69
34664,4839,51,3,8177.56
34665,1323,447,3,2000.99
34666,14117,255,1,8283.02
34667,10842,48,3,1838.87
34668,11853,83,4,9659.08
34669,547,153,4,8748.36
34670,793,415,2,2187.71
34671,7643,27,1,6600.12
34672,12923,260,3,4925.88
34673,12960,209,3,9837.59
34674,2246,229,5,1133.55
34675,9198,81,1,3619.81
34676,3345,199,1,8014.84
34677,9806,332,5,2539.39
34678,14035,242,2,7663.19
34679,9945,204,3,5285.57
34680,1349,311,1,7839.59
34681,8637,77,1,7226.24
34682,12168,265,5,6606.49
34683,11798,466,4,2173.99
34684,8606,64,4,3923.84
34685,10068,152,3,9565.43
34686,4356,205,2,4022.8
34687,3468,424,1,9131.51
34688,14932,227,5,5782.67
34689,1999,469,3,1716.73
34690,10029,360,5,8818.48
34691,11082,67,4,9629.35
34692,4927,232,3,3261.51
34693,9874,382,1,2606.69
34694,2716,458,2,1066.87
34695,5731,81,1,3619.81
34696,14101,320,1,7113.73
34697,11763,111,5,5010.75
34698,13131,269,3,1141.26
34699,6944,325,2,4799.01
34700,14723,276,5,2146.27
34701,14379,380,5,4507.23
34702,7038,290,3,1424.2
34703,12357,150,1,5507.66
34704,8319,115,5,8618.7
34705,4536,33,3,968.15
34706,8661,24,1,8996.96
34707,1270,284,4,9324.98
34708,8683,295,3,8795.72
34709,14005,477,1,9150.54
34710,8840,384,2,7551.73
34711,8156,212,3,1848.43
34712,11279,21,5,9286.01
34713,1270,485,3,8787.67
34714,10494,93,4,2028.54
34715,3550,460,1,4289.39
34716,6413,261,5,980.67
34717,14051,440,2,1392.66
34718,8689,291,4,5087.5
34719,11692,304,1,466.87
34720,10271,74,5,199.13
34721,8110,347,4,5876.24
34722,13381,435,3,9744.01
34723,12046,330,3,9882.58
34724,14745,156,4,7160.7
34725,7115,295,1,8795.72
34726,2543,237,1,5827.48
34727,4902,385,3,9715.08
34728,1103,355,3,8627.33
34729,14790,112,5,8874.43
34730,9650,56,5,7342.67
34731,11461,282,1,6977.05
34732,11002,99,1,7770.51
34733,5455,416,1,6564.11
34734,5090,292,5,6604.75
34735,12740,380,1,4507.23
34736,7675,8,3,6565.53
34737,9062,46,4,8792.03
34738,2785,473,1,4297.32
34739,3697,126,3,2937.97
34740,8420,209,5,9837.59
34741,12108,163,4,1948.49
34742,5151,173,4,3149.12
34743,1257,50,4,9478.54
34744,10221,193,5,1281.1
34745,14612,215,2,5828.57
34746,1098,355,4,8627.33
34747,1765,36,5,5763.51
34748,5553,9,3,9075.61
34749,7861,378,2,3236.96
34750,729,23,2,1685.18
34751,10513,114,5,3570.81
34752,583,112,5,8874.43
34753,3526,81,3,3619.81
34754,3089,199,1,8014.84
34755,993,165,2,5790.97
34756,7745,175,3,8623.47
34757,38,214,2,8463.2
34758,2331,439,3,3081.57
34759,11455,366,5,3897.58
34760,4583,176,1,8922.31
34761,2804,10,2,395.33
34762,12685,323,3,1809.66
34763,13193,373,4,5173.76
34764,9846,92,5,8797.95
34765,2797,180,1,7937.75
34766,6114,397,1,5628.09
34767,5084,386,1,3146.12
34768,7463,309,3,6463.56
34769,2830,40,2,5521.2
34770,8537,69,5,8226.4
34771,2628,361,5,5463.67
34772,13549,116,4,2672.92
34773,9742,104,4,4430.26
34774,4258,138,5,9993.87
34775,2383,432,2,226.39
34776,6087,267,5,9197.24
34777,10624,22,5,1658.35
34778,8481,216,2,3464.18
34779,13781,75,5,8352.41
34780,14435,472,5,8162.55
34781,2122,295,2,8795.72
34782,4628,56,5,7342.67
34783,7315,388,4,5482.96
34784,11682,122,3,8180.09
34785,8974,206,1,2172.19
34786,8553,467,5,2506.92
34787,5210,360,2,8818.48
34788,11681,487,2,6550.82
34789,13364,306,5,9402.04
34790,130,27,5,6600.12
34791,10105,126,1,2937.97
34792,8605,270,4,3515.69
34793,4310,395,2,5403.61
34794,9478,124,1,8055.13
34795,8138,451,2,5360.01
34796,14037,102,5,9476.14
34797,7113,497,3,4248.99
34798,3359,348,3,3047.9
34799,1620,351,3,5555.13
34800,2504,264,4,9277.81
34801,10739,90,5,7785.19
34802,8041,193,5,1281.1
34803,67,174,3,7399.81
34804,5692,196,5,3830.25
34805,13275,152,2,9565.43
34806,11477,453,2,4809.05
34807,7313,253,2,6781.48
34808,6164,395,2,5403.61
34809,13319,446,4,9142.99
34810,14071,184,4,3270.76
34811,1994,180,3,7937.75
34812,1412,208,5,8638.99
34813,7043,173,4,3149.12
34814,12598,299,3,4929.48
34815,11573,41,1,6972.61
34816,831,460,3,4289.39
34817,10754,450,1,6116.29
34818,9561,428,5,1211.53
34819,10102,54,5,7895.72
34820,11625,446,3,9142.99
34821,10555,110,1,1178.02
34822,9806,290,3,1424.2
34823,9719,216,1,3464.18
34824,11535,177,3,1840.37
34825,747,210,5,4078.3
34826,165,94,1,8180.15
34827,7016,342,5,6063.95
34828,1898,293,3,8242.9
34829,10458,142,1,6545.75
34830,2709,393,2,9148.93
34831,5400,81,1,3619.81
34832,14353,326,4,8400.33
34833,5852,325,2,4799.01
34834,13865,2,3,732.43
34835,10458,334,2,7620.87
34836,8371,335,4,1115.92
34837,14454,421,3,8508.99
34838,7425,188,1,5330.51
34839,13425,447,1,2000.99
34840,14404,401,2,276.76
34841,2435,214,5,8463.2
34842,7035,73,5,9210.64
34843,6235,80,2,7702.5
34844,3995,6,2,2683.41
34845,1564,227,4,5782.67
34846,538,24,4,8996.96
34847,8422,499,1,3186.27
34848,8419,265,1,6606.49
34849,7159,402,4,2303.92
34850,11432,33,5,968.15
34851,14743,204,5,5285.57
34852,7137,110,5,1178.02
34853,14822,228,4,604.91
34854,11248,12,4,3492.99
34855,10136,74,3,199.13
34856,5408,478,2,6425.58
34857,6293,117,3,3613.97
34858,7460,392,2,557.07
34859,13514,416,5,6564.11
34860,10313,118,4,8743.3
34861,7823,123,3,4560.68
34862,3942,266,1,4135.03
34863,13999,401,2,276.76
34864,9185,121,1,4637.39
34865,14569,170,3,2257.83
34866,1637,423,5,5539.86
34867,9621,144,4,1912.27
34868,14596,99,5,7770.51
34869,8323,199,5,8014.84
34870,7238,370,2,8466.61
34871,1378,198,2,946.71
34872,11423,362,4,9726.31
34873,1047,495,1,6702.94
34874,1957,497,1,4248.99
34875,7658,487,4,6550.82
34876,1,94,1,8180.15
34877,3618,121,1,4637.39
34878,8031,188,4,5330.51
34879,8930,55,5,4706.61
34880,3131,177,2,1840.37
34881,6792,440,2,1392.66
34882,3563,115,1,8618.7
34883,2163,40,1,5521.2
34884,3789,244,3,1081.56
34885,14118,329,5,1250.04
34886,927,316,2,5796.51
34887,35,340,3,3757.64
34888,3169,176,5,8922.31
34889,4517,466,1,2173.99
34890,5955,480,1,5205.62
34891,14258,260,5,4925.88
34892,8826,244,5,1081.56
34893,12721,290,3,1424.2
34894,8103,351,2,5555.13
34895,1982,116,4,2672.92
34896,3029,323,3,1809.66
34897,5295,164,3,8667.88
34898,7389,83,1,9659.08
34899,10006,13,5,7258.78
34900,3658,45,2,1218.3
34901,8565,34,2,4719.44
34902,10960,229,3,1133.55
34903,13967,276,2,2146.27
34904,11058,244,2,1081.56
34905,4836,461,2,798.26
34906,2841,482,3,6578.94
34907,613,341,4,6881.86
34908,12733,81,3,3619.81
34909,13921,304,5,466.87
34910,2042,485,3,8787.67
34911,6639,7,2,6834.18
34912,10049,83,3,9659.08
34913,8881,8,3,6565.53
34914,14145,159,1,1801.45
34915,9395,238,1,8127.0
34916,5522,438,3,9206.62
34917,13956,464,2,8934.52
34918,3230,463,1,7898.4
34919,3029,205,2,4022.8
34920,4431,275,1,8842.88
34921,2126,327,2,9601.35
34922,14902,291,2,5087.5
34923,1170,84,4,8556.86
34924,8634,264,3,9277.81
34925,13586,369,4,8266.36
34926,2978,494,2,3573.94
34927,14499,139,3,8246.2
34928,2659,116,5,2672.92
34929,8178,272,2,4556.48
34930,2593,367,3,2146.49
34931,4419,81,4,3619.81
34932,11650,171,5,9757.17
34933,3243,349,4,4111.82
34934,2040,206,2,2172.19
34935,12450,278,1,8996.64
34936,2608,345,1,7840.69
34937,14621,131,1,884.97
34938,9139,65,1,7934.0
34939,11093,144,3,1912.27
34940,4040,295,2,8795.72
34941,5772,394,3,6388.25
34942,4902,396,2,8634.83
34943,6268,150,1,5507.66
34944,8537,384,5,7551.73
34945,11207,346,4,5073.33
34946,668,27,4,6600.12
34947,14245,270,3,3515.69
34948,10674,382,3,2606.69
34949,1674,493,5,5685.39
34950,13281,280,4,7595.69
34951,112,495,4,6702.94
34952,12848,194,3,1359.67
34953,13482,323,2,1809.66
34954,12842,154,4,7802.63
34955,14257,136,4,5846.66
34956,14904,219,4,6055.1
34957,12183,10,2,395.33
34958,1875,178,1,9950.37
34959,4733,137,2,2848.21
34960,2541,336,2,7047.79
34961,2251,277,5,2568.61
34962,4391,430,1,5913.18
34963,2769,423,2,5539.86
34964,14488,377,4,9039.51
34965,13448,131,4,884.97
34966,14187,214,3,8463.2
34967,6709,55,3,4706.61
34968,11992,242,4,7663.19
34969,9209,215,4,5828.57
34970,687,120,1,8117.66
34971,1441,369,4,8266.36
34972,10218,144,2,1912.27
34973,3462,30,5,7899.0
34974,14338,391,5,245.15
34975,5713,97,2,509.52
34976,13091,253,2,6781.48
34977,13645,60,3,8583.96
34978,6799,22,5,1658.35
34979,2111,208,4,8638.99
34980,10389,180,4,7937.75
34981,14903,103,1,4032.63
34982,8976,51,2,8177.56
34983,12339,47,3,6387.23
34984,1156,293,3,8242.9
34985,5627,25,4,7621.45
34986,7864,63,1,5383.93
34987,13364,66,1,6722.57
34988,6904,404,2,3218.34
34989,8908,55,4,4706.61
34990,11281,494,4,3573.94
34991,4586,190,4,1021.97
34992,13730,311,2,7839.59
34993,14796,88,4,8219.74
34994,13156,68,1,4687.17
34995,5011,119,3,3230.43
34996,13577,167,2,4172.77
34997,4524,320,4,7113.73
34998,9989,425,2,3696.53
34999,2750,452,4,7515.99
35000,11731,96,1,2678.45
