customer_id,first_name,last_name,email,city,created_at
1,Sunita,Nair,sunita.nair1@example.com,Delhi,2025-03-19 03:51:51
2,Karan,Pandey,karan.pandey2@example.com,Hyderabad,2024-02-20 06:56:23
3,Rohan,Bose,rohan.bose3@example.com,Kolkata,2024-03-15 22:47:53
4,Rahul,Rao,rahul.rao4@example.com,Lucknow,2024-09-11 13:14:16
5,Amit,Kumar,amit.kumar5@example.com,Delhi,2024-08-13 08:45:35
6,Sanya,Mehta,sanya.mehta6@example.com,Pune,2024-08-27 22:30:15
7,Amit,Patel,amit.patel7@example.com,Mumbai,2025-01-31 10:19:02
8,Sneha,Mishra,sneha.mishra8@example.com,Chandigarh,2024-12-06 14:11:31
9,Amit,Reddy,amit.reddy9@example.com,Bangalore,2024-06-11 23:47:59
10,Amit,Verma,amit.verma10@example.com,Chandigarh,2024-03-05 18:31:34
11,Ananya,Rao,ananya.rao11@example.com,Mumbai,2024-07-12 15:59:28
12,Sanya,Nair,sanya.nair12@example.com,Mumbai,2024-01-28 00:19:00
13,Manish,Mishra,manish.mishra13@example.com,Chennai,2024-12-12 18:13:03
14,Deepa,Bhat,deepa.bhat14@example.com,Jaipur,2024-11-03 08:13:11
15,Sneha,Chopra,sneha.chopra15@example.com,Delhi,2024-05-11 16:42:20
16,Rajesh,Nair,rajesh.nair16@example.com,Lucknow,2024-05-12 02:48:02
17,Deepa,Kumar,deepa.kumar17@example.com,Kolkata,2024-04-09 14:44:37
18,Rohan,Sharma,rohan.sharma18@example.com,Hyderabad,2024-06-12 03:18:59
19,Manish,Singh,manish.singh19@example.com,Lucknow,2024-02-21 08:48:51
20,Aarav,Mishra,aarav.mishra20@example.com,Hyderabad,2025-05-12 02:52:41
21,Suresh,Bose,suresh.bose21@example.com,Bangalore,2025-01-10 20:04:19
22,Divya,Chopra,divya.chopra22@example.com,Chennai,2024-03-16 15:56:53
23,Suresh,Mehta,suresh.mehta23@example.com,Pune,2024-05-07 19:36:57
24,Neha,Joshi,neha.joshi24@example.com,Bangalore,2024-10-21 04:21:41
25,Vikram,Bhat,vikram.bhat25@example.com,Ahmedabad,2024-06-03 23:02:51
26,Suresh,Nair,suresh.nair26@example.com,Jaipur,2025-03-29 08:25:34
27,Karan,Patel,karan.patel27@example.com,Ahmedabad,2024-09-15 08:51:14
28,Pooja,Singh,pooja.singh28@example.com,Kolkata,2024-09-28 10:00:44
29,Deepa,Saxena,deepa.saxena29@example.com,Chennai,2025-04-24 18:53:01
30,Sunita,Chopra,sunita.chopra30@example.com,Bangalore,2025-01-29 23:19:54
31,Karan,Mehta,karan.mehta31@example.com,Pune,2024-06-05 19:59:09
32,Sanya,Singh,sanya.singh32@example.com,Surat,2024-10-26 21:13:48
33,Divya,Saxena,divya.saxena33@example.com,Lucknow,2024-12-31 14:39:42
34,Rajesh,Iyer,rajesh.iyer34@example.com,Jaipur,2024-03-21 04:04:57
35,Pooja,Sharma,pooja.sharma35@example.com,Chennai,2024-06-14 02:40:03
36,Suresh,Iyer,suresh.iyer36@example.com,Ahmedabad,2025-02-19 19:10:56
37,Rajesh,Saxena,rajesh.saxena37@example.com,Kolkata,2024-01-15 13:24:25
38,Rajesh,Bose,rajesh.bose38@example.com,Pune,2024-09-29 23:26:54
39,Neha,Nair,neha.nair39@example.com,Bangalore,2025-04-15 12:20:55
40,Vikram,Bhat,vikram.bhat40@example.com,Chandigarh,2024-06-15 11:43:16
41,Karan,Nair,karan.nair41@example.com,Bangalore,2024-12-16 14:35:33
42,Manish,Sharma,manish.sharma42@example.com,Bangalore,2024-01-13 05:53:11
43,Karan,Nair,karan.nair43@example.com,Pune,2024-11-03 12:50:04
44,Manish,Reddy,manish.reddy44@example.com,Delhi,2024-11-27 09:46:10
45,Pooja,Chopra,pooja.chopra45@example.com,Hyderabad,2025-03-18 00:07:11
46,Pooja,Patel,pooja.patel46@example.com,Delhi,2024-06-29 16:02:33
47,Neha,Sharma,neha.sharma47@example.com,Jaipur,2024-12-04 22:07:15
48,Sneha,Rao,sneha.rao48@example.com,Chennai,2025-02-16 03:18:32
49,Ananya,Gupta,ananya.gupta49@example.com,Ahmedabad,2025-05-10 12:42:52
50,Sneha,Verma,sneha.verma50@example.com,Mumbai,2024-03-31 10:40:10
51,Ananya,Patel,ananya.patel51@example.com,Jaipur,2024-10-08 12:43:00
52,Sanya,Patel,sanya.patel52@example.com,Lucknow,2024-09-05 10:37:47
53,Sunita,Singh,sunita.singh53@example.com,Delhi,2025-01-01 22:57:39
54,Sunita,Mehta,sunita.mehta54@example.com,Mumbai,2025-02-07 10:00:32
55,Sneha,Reddy,sneha.reddy55@example.com,Delhi,2024-01-01 00:27:34
56,Sneha,Rao,sneha.rao56@example.com,Ahmedabad,2024-03-30 05:24:43
57,Rohan,Joshi,rohan.joshi57@example.com,Delhi,2025-01-05 10:55:02
58,Sneha,Gupta,sneha.gupta58@example.com,Hyderabad,2025-03-06 11:11:41
59,Suresh,Singh,suresh.singh59@example.com,Jaipur,2024-04-18 06:29:33
60,Vikram,Mishra,vikram.mishra60@example.com,Pune,2024-09-18 19:17:38
61,Sanya,Bose,sanya.bose61@example.com,Jaipur,2025-02-15 01:39:06
62,Sanya,Sharma,sanya.sharma62@example.com,Chandigarh,2025-02-27 14:30:02
63,Aarav,Chopra,aarav.chopra63@example.com,Jaipur,2024-11-13 19:50:45
64,Sneha,Bose,sneha.bose64@example.com,Delhi,2024-10-15 18:32:52
65,Ananya,Iyer,ananya.iyer65@example.com,Ahmedabad,2024-07-10 07:12:45
66,Suresh,Mehta,suresh.mehta66@example.com,Chandigarh,2024-03-05 05:40:00
67,Deepa,Joshi,deepa.joshi67@example.com,Delhi,2024-07-29 19:54:35
68,Ananya,Mishra,ananya.mishra68@example.com,Surat,2024-01-15 16:44:21
69,Manish,Das,manish.das69@example.com,Delhi,2024-09-07 11:04:51
70,Kavita,Saxena,kavita.saxena70@example.com,Delhi,2024-06-13 19:29:42
71,Sanya,Mehta,sanya.mehta71@example.com,Chandigarh,2024-11-10 08:09:48
72,Aditya,Saxena,aditya.saxena72@example.com,Chandigarh,2024-06-28 07:19:43
73,Ananya,Chopra,ananya.chopra73@example.com,Pune,2024-08-08 14:22:39
74,Sanya,Bhat,sanya.bhat74@example.com,Pune,2025-03-16 11:14:19
75,Amit,Patel,amit.patel75@example.com,Mumbai,2024-08-23 07:16:59
76,Rohan,Bhat,rohan.bhat76@example.com,Hyderabad,2024-09-03 03:03:50
77,Divya,Gupta,divya.gupta77@example.com,Jaipur,2025-03-13 18:02:53
78,Neha,Das,neha.das78@example.com,Hyderabad,2024-04-19 18:35:42
79,Priya,Singh,priya.singh79@example.com,Pune,2024-07-31 07:26:19
80,Deepa,Mehta,deepa.mehta80@example.com,Lucknow,2024-05-29 02:06:07
81,Rahul,Patel,rahul.patel81@example.com,Jaipur,2024-10-25 16:29:14
82,Karan,Saxena,karan.saxena82@example.com,Lucknow,2025-03-15 08:01:35
83,Ananya,Kumar,ananya.kumar83@example.com,Mumbai,2024-03-10 12:56:18
84,Rahul,Bhat,rahul.bhat84@example.com,Surat,2025-02-11 22:12:27
85,Rohan,Mishra,rohan.mishra85@example.com,Kolkata,2024-11-14 21:25:33
86,Aditya,Das,aditya.das86@example.com,Pune,2024-09-22 23:03:43
87,Divya,Verma,divya.verma87@example.com,Delhi,2024-08-13 04:11:02
88,Divya,Patel,divya.patel88@example.com,Chandigarh,2024-11-02 20:26:20
89,Sneha,Pandey,sneha.pandey89@example.com,Chandigarh,2024-12-23 11:00:40
90,Ananya,Kumar,ananya.kumar90@example.com,Bangalore,2024-03-12 08:26:18
91,Vikram,Pandey,vikram.pandey91@example.com,Bangalore,2024-12-01 03:01:44
92,Aarav,Patel,aarav.patel92@example.com,Jaipur,2024-01-08 23:06:10
93,Ananya,Gupta,ananya.gupta93@example.com,Lucknow,2024-12-14 20:53:30
94,Sneha,Mishra,sneha.mishra94@example.com,Bangalore,2024-01-25 19:53:41
95,Sunita,Kumar,sunita.kumar95@example.com,Bangalore,2024-01-12 10:59:30
96,Pooja,Reddy,pooja.reddy96@example.com,Jaipur,2024-10-06 01:45:37
97,Aditya,Chopra,aditya.chopra97@example.com,Hyderabad,2024-04-05 11:29:13
98,Neha,Patel,neha.patel98@example.com,Ahmedabad,2025-01-11 16:35:57
99,Ananya,Nair,ananya.nair99@example.com,Hyderabad,2025-01-10 13:03:21
100,Vikram,Gupta,vikram.gupta100@example.com,Bangalore,2024-08-19 00:09:10
101,Rahul,Mishra,rahul.mishra101@example.com,Chandigarh,2024-12-14 18:17:35
102,Ananya,Verma,ananya.verma102@example.com,Chandigarh,2025-03-27 11:40:49
103,Amit,Patel,amit.patel103@example.com,Surat,2024-12-26 08:54:06
104,Sneha,Singh,sneha.singh104@example.com,Surat,2024-07-07 01:01:38
105,Ananya,Singh,ananya.singh105@example.com,Kolkata,2024-10-27 12:14:43
106,Kavita,Iyer,kavita.iyer106@example.com,Hyderabad,2024-05-30 04:47:51
107,Sanya,Nair,sanya.nair107@example.com,Kolkata,2024-05-26 18:27:50
108,Rahul,Das,rahul.das108@example.com,Mumbai,2025-04-11 15:11:00
109,Vikram,Iyer,vikram.iyer109@example.com,Surat,2024-02-14 03:02:39
110,Kavita,Sharma,kavita.sharma110@example.com,Chennai,2025-02-07 10:28:02
111,Kavita,Banerjee,kavita.banerjee111@example.com,Delhi,2024-05-11 13:32:37
112,Rajesh,Gupta,rajesh.gupta112@example.com,Surat,2024-02-20 22:33:14
113,Kavita,Nair,kavita.nair113@example.com,Chennai,2024-09-22 09:14:33
114,Rohan,Rao,rohan.rao114@example.com,Surat,2024-12-17 21:22:02
115,Priya,Nair,priya.nair115@example.com,Kolkata,2024-12-06 18:57:10
116,Pooja,Joshi,pooja.joshi116@example.com,Kolkata,2024-08-09 11:19:49
117,Rajesh,Rao,rajesh.rao117@example.com,Surat,2024-02-08 21:12:44
118,Rohan,Saxena,rohan.saxena118@example.com,Kolkata,2024-01-19 15:11:10
119,Ananya,Gupta,ananya.gupta119@example.com,Hyderabad,2025-02-21 08:41:29
120,Manish,Gupta,manish.gupta120@example.com,Jaipur,2024-12-18 07:58:15
121,Manish,Verma,manish.verma121@example.com,Kolkata,2024-06-15 05:34:18
122,Aarav,Saxena,aarav.saxena122@example.com,Surat,2025-03-11 02:44:11
123,Sneha,Kumar,sneha.kumar123@example.com,Kolkata,2024-01-29 00:57:28
124,Sneha,Iyer,sneha.iyer124@example.com,Jaipur,2024-03-07 20:25:22
125,Neha,Reddy,neha.reddy125@example.com,Bangalore,2024-10-04 13:17:38
126,Kavita,Sharma,kavita.sharma126@example.com,Hyderabad,2024-04-19 04:27:19
127,Amit,Verma,amit.verma127@example.com,Jaipur,2024-04-15 01:42:04
128,Divya,Gupta,divya.gupta128@example.com,Mumbai,2024-09-11 10:13:50
129,Rahul,Mehta,rahul.mehta129@example.com,Bangalore,2024-03-28 16:51:13
130,Sunita,Chopra,sunita.chopra130@example.com,Hyderabad,2025-03-24 12:03:36
131,Divya,Mishra,divya.mishra131@example.com,Chennai,2024-06-16 19:51:49
132,Ananya,Mishra,ananya.mishra132@example.com,Hyderabad,2025-02-23 04:02:18
133,Aarav,Singh,aarav.singh133@example.com,Kolkata,2024-07-22 12:49:26
134,Kavita,Verma,kavita.verma134@example.com,Bangalore,2024-02-13 10:18:18
135,Aditya,Rao,aditya.rao135@example.com,Jaipur,2024-03-29 15:43:24
136,Karan,Gupta,karan.gupta136@example.com,Surat,2024-05-03 02:26:07
137,Vikram,Singh,vikram.singh137@example.com,Chennai,2024-06-19 13:53:27
138,Priya,Joshi,priya.joshi138@example.com,Ahmedabad,2025-05-08 07:53:36
139,Deepa,Reddy,deepa.reddy139@example.com,Ahmedabad,2024-06-07 01:36:58
140,Aditya,Rao,aditya.rao140@example.com,Chennai,2024-06-12 10:12:40
141,Kavita,Saxena,kavita.saxena141@example.com,Jaipur,2024-07-18 14:32:58
142,Suresh,Joshi,suresh.joshi142@example.com,Delhi,2025-02-03 17:55:20
143,Sunita,Patel,sunita.patel143@example.com,Lucknow,2024-12-01 17:45:38
144,Priya,Mishra,priya.mishra144@example.com,Ahmedabad,2024-11-08 04:17:07
145,Sneha,Mehta,sneha.mehta145@example.com,Chennai,2024-08-01 03:30:26
146,Ananya,Das,ananya.das146@example.com,Kolkata,2024-09-17 16:30:05
147,Priya,Verma,priya.verma147@example.com,Surat,2024-03-22 15:46:33
148,Aditya,Nair,aditya.nair148@example.com,Delhi,2024-10-02 03:12:30
149,Pooja,Verma,pooja.verma149@example.com,Chandigarh,2024-11-14 01:53:47
150,Suresh,Mehta,suresh.mehta150@example.com,Hyderabad,2024-10-13 20:25:53
151,Divya,Gupta,divya.gupta151@example.com,Jaipur,2024-01-30 13:17:31
152,Sanya,Pandey,sanya.pandey152@example.com,Chennai,2024-04-21 19:38:20
153,Deepa,Chopra,deepa.chopra153@example.com,Delhi,2025-05-06 14:58:40
154,Aditya,Saxena,aditya.saxena154@example.com,Pune,2024-08-19 23:12:49
155,Neha,Patel,neha.patel155@example.com,Lucknow,2024-05-16 17:52:13
156,Kavita,Rao,kavita.rao156@example.com,Surat,2024-08-12 20:19:04
157,Sneha,Saxena,sneha.saxena157@example.com,Chennai,2025-01-24 15:02:36
158,Deepa,Reddy,deepa.reddy158@example.com,Mumbai,2024-10-11 23:40:58
159,Ananya,Gupta,ananya.gupta159@example.com,Delhi,2024-08-13 11:23:31
160,Sunita,Singh,sunita.singh160@example.com,Surat,2024-05-04 16:54:28
161,Amit,Mehta,amit.mehta161@example.com,Chennai,2024-07-19 13:45:18
162,Rajesh,Das,rajesh.das162@example.com,Jaipur,2025-01-29 22:32:35
163,Sunita,Banerjee,sunita.banerjee163@example.com,Mumbai,2025-03-24 15:48:53
164,Sanya,Rao,sanya.rao164@example.com,Chandigarh,2024-02-19 10:45:13
165,Rohan,Pandey,rohan.pandey165@example.com,Surat,2024-05-29 05:17:21
166,Neha,Chopra,neha.chopra166@example.com,Bangalore,2025-02-23 07:58:19
167,Aarav,Joshi,aarav.joshi167@example.com,Pune,2024-11-28 03:21:03
168,Sneha,Pandey,sneha.pandey168@example.com,Pune,2024-06-23 20:00:11
169,Aarav,Reddy,aarav.reddy169@example.com,Kolkata,2024-01-27 07:01:16
170,Neha,Rao,neha.rao170@example.com,Bangalore,2024-08-02 05:12:55
171,Kavita,Iyer,kavita.iyer171@example.com,Pune,2025-01-03 21:44:33
172,Aarav,Singh,aarav.singh172@example.com,Kolkata,2024-07-10 21:56:37
173,Sneha,Bhat,sneha.bhat173@example.com,Kolkata,2024-09-14 13:02:32
174,Aditya,Gupta,aditya.gupta174@example.com,Delhi,2024-12-15 14:03:44
175,Rohan,Bose,rohan.bose175@example.com,Ahmedabad,2025-04-23 14:42:23
176,Aarav,Iyer,aarav.iyer176@example.com,Mumbai,2024-10-13 01:19:44
177,Pooja,Das,pooja.das177@example.com,Lucknow,2024-09-02 11:08:48
178,Neha,Rao,neha.rao178@example.com,Pune,2024-02-17 23:54:30
179,Ananya,Patel,ananya.patel179@example.com,Delhi,2024-04-09 17:20:21
180,Aditya,Verma,aditya.verma180@example.com,Ahmedabad,2024-03-29 17:57:29
181,Ananya,Kumar,ananya.kumar181@example.com,Mumbai,2024-10-27 23:05:30
182,Rahul,Saxena,rahul.saxena182@example.com,Pune,2024-04-20 07:10:10
183,Aarav,Bhat,aarav.bhat183@example.com,Chennai,2024-12-07 11:54:49
184,Priya,Verma,priya.verma184@example.com,Hyderabad,2024-11-29 02:08:03
185,Amit,Das,amit.das185@example.com,Lucknow,2024-07-08 11:07:01
186,Amit,Banerjee,amit.banerjee186@example.com,Chennai,2024-01-12 05:55:01
187,Rohan,Nair,rohan.nair187@example.com,Surat,2024-12-16 19:07:52
188,Vikram,Reddy,vikram.reddy188@example.com,Mumbai,2025-01-22 20:56:11
189,Rajesh,Bose,rajesh.bose189@example.com,Delhi,2024-02-05 00:40:57
190,Deepa,Gupta,deepa.gupta190@example.com,Hyderabad,2024-01-11 23:34:08
191,Karan,Kumar,karan.kumar191@example.com,Hyderabad,2025-04-20 02:20:22
192,Aarav,Rao,aarav.rao192@example.com,Mumbai,2025-04-18 05:23:40
193,Sunita,Bhat,sunita.bhat193@example.com,Pune,2024-10-23 23:43:37
194,Rohan,Das,rohan.das194@example.com,Hyderabad,2024-08-16 01:16:36
195,Divya,Singh,divya.singh195@example.com,Pune,2024-12-25 05:44:07
196,Sanya,Patel,sanya.patel196@example.com,Delhi,2025-01-31 17:07:49
197,Rahul,Banerjee,rahul.banerjee197@example.com,Bangalore,2024-07-18 02:58:53
198,Divya,Chopra,divya.chopra198@example.com,Hyderabad,2024-03-20 00:40:41
199,Priya,Mehta,priya.mehta199@example.com,Lucknow,2024-01-06 02:08:51
200,Manish,Das,manish.das200@example.com,Kolkata,2024-01-08 11:27:03
201,Divya,Nair,divya.nair201@example.com,Chennai,2025-03-15 16:29:04
202,Deepa,Das,deepa.das202@example.com,Lucknow,2025-03-19 15:30:50
203,Sunita,Kumar,sunita.kumar203@example.com,Pune,2024-09-27 09:27:33
204,Neha,Reddy,neha.reddy204@example.com,Pune,2024-06-24 23:36:41
205,Pooja,Patel,pooja.patel205@example.com,Kolkata,2024-08-15 07:59:44
206,Kavita,Patel,kavita.patel206@example.com,Mumbai,2024-07-05 20:44:07
207,Deepa,Singh,deepa.singh207@example.com,Jaipur,2024-07-15 05:50:31
208,Sanya,Reddy,sanya.reddy208@example.com,Mumbai,2024-08-20 08:40:00
209,Neha,Rao,neha.rao209@example.com,Hyderabad,2024-07-28 02:30:57
210,Pooja,Mehta,pooja.mehta210@example.com,Chandigarh,2024-05-22 22:26:27
211,Sneha,Bhat,sneha.bhat211@example.com,Jaipur,2024-09-17 04:42:24
212,Priya,Das,priya.das212@example.com,Chennai,2025-01-15 17:58:05
213,Deepa,Saxena,deepa.saxena213@example.com,Pune,2024-04-14 08:07:34
214,Karan,Joshi,karan.joshi214@example.com,Pune,2024-03-18 13:13:42
215,Divya,Mishra,divya.mishra215@example.com,Pune,2024-09-21 11:10:04
216,Rohan,Singh,rohan.singh216@example.com,Pune,2024-06-20 16:26:04
217,Neha,Banerjee,neha.banerjee217@example.com,Hyderabad,2025-04-23 06:42:03
218,Sunita,Nair,sunita.nair218@example.com,Surat,2024-09-15 21:56:05
219,Priya,Reddy,priya.reddy219@example.com,Chennai,2025-02-28 10:10:57
220,Deepa,Iyer,deepa.iyer220@example.com,Hyderabad,2024-07-10 10:25:10
221,Rohan,Patel,rohan.patel221@example.com,Delhi,2024-07-26 02:56:57
222,Ananya,Saxena,ananya.saxena222@example.com,Pune,2024-10-04 01:08:17
223,Rahul,Sharma,rahul.sharma223@example.com,Surat,2025-04-06 04:05:01
224,Pooja,Sharma,pooja.sharma224@example.com,Hyderabad,2024-10-04 20:14:40
225,Aditya,Das,aditya.das225@example.com,Ahmedabad,2025-01-28 17:50:14
226,Kavita,Singh,kavita.singh226@example.com,Hyderabad,2024-02-28 17:55:47
227,Karan,Gupta,karan.gupta227@example.com,Lucknow,2024-09-22 01:28:22
228,Vikram,Iyer,vikram.iyer228@example.com,Delhi,2024-05-25 05:10:02
229,Sneha,Sharma,sneha.sharma229@example.com,Hyderabad,2024-06-02 07:59:15
230,Ananya,Gupta,ananya.gupta230@example.com,Jaipur,2024-07-07 00:08:53
231,Manish,Bose,manish.bose231@example.com,Hyderabad,2024-11-06 02:26:00
232,Sanya,Das,sanya.das232@example.com,Pune,2024-07-20 22:39:49
233,Suresh,Banerjee,suresh.banerjee233@example.com,Hyderabad,2025-05-12 21:21:21
234,Pooja,Kumar,pooja.kumar234@example.com,Jaipur,2025-01-24 09:44:24
235,Amit,Joshi,amit.joshi235@example.com,Chennai,2025-04-17 06:34:57
236,Priya,Bose,priya.bose236@example.com,Jaipur,2025-01-16 14:04:32
237,Manish,Patel,manish.patel237@example.com,Kolkata,2024-05-23 08:51:32
238,Neha,Das,neha.das238@example.com,Surat,2025-02-12 05:38:24
239,Rajesh,Gupta,rajesh.gupta239@example.com,Ahmedabad,2025-02-20 19:14:13
240,Aarav,Banerjee,aarav.banerjee240@example.com,Jaipur,2024-08-15 18:09:55
241,Rohan,Patel,rohan.patel241@example.com,Mumbai,2024-08-19 01:05:36
242,Vikram,Joshi,vikram.joshi242@example.com,Chandigarh,2024-04-07 11:35:01
243,Suresh,Banerjee,suresh.banerjee243@example.com,Chennai,2024-06-20 23:10:50
244,Deepa,Bhat,deepa.bhat244@example.com,Ahmedabad,2025-02-13 10:36:30
245,Rahul,Kumar,rahul.kumar245@example.com,Kolkata,2025-02-01 21:24:54
246,Karan,Iyer,karan.iyer246@example.com,Chennai,2024-12-05 09:14:26
247,Sneha,Joshi,sneha.joshi247@example.com,Ahmedabad,2025-02-15 11:07:05
248,Aarav,Patel,aarav.patel248@example.com,Surat,2025-04-22 18:05:08
249,Suresh,Banerjee,suresh.banerjee249@example.com,Hyderabad,2024-01-05 22:16:28
250,Neha,Saxena,neha.saxena250@example.com,Lucknow,2024-05-07 04:24:36
251,Sunita,Singh,sunita.singh251@example.com,Surat,2024-06-03 16:53:11
252,Deepa,Kumar,deepa.kumar252@example.com,Surat,2025-01-22 09:35:29
253,Pooja,Mishra,pooja.mishra253@example.com,Surat,2024-10-20 20:40:15
254,Pooja,Sharma,pooja.sharma254@example.com,Hyderabad,2025-01-21 00:11:29
255,Deepa,Verma,deepa.verma255@example.com,Surat,2024-08-11 16:57:29
256,Sneha,Rao,sneha.rao256@example.com,Jaipur,2024-06-29 12:15:17
257,Rajesh,Saxena,rajesh.saxena257@example.com,Kolkata,2024-10-11 03:39:42
258,Kavita,Pandey,kavita.pandey258@example.com,Hyderabad,2024-11-14 03:53:17
259,Sneha,Bhat,sneha.bhat259@example.com,Chennai,2025-03-11 22:06:56
260,Aditya,Das,aditya.das260@example.com,Delhi,2024-12-15 10:13:51
261,Rohan,Bhat,rohan.bhat261@example.com,Chandigarh,2024-12-11 18:23:09
262,Deepa,Chopra,deepa.chopra262@example.com,Pune,2025-01-03 11:24:55
263,Amit,Chopra,amit.chopra263@example.com,Surat,2025-01-22 05:01:30
264,Priya,Mehta,priya.mehta264@example.com,Chandigarh,2025-02-23 14:35:18
265,Neha,Banerjee,neha.banerjee265@example.com,Jaipur,2024-05-24 08:35:15
266,Rohan,Banerjee,rohan.banerjee266@example.com,Pune,2025-03-27 06:04:39
267,Aditya,Kumar,aditya.kumar267@example.com,Jaipur,2024-08-09 01:29:01
268,Rohan,Bose,rohan.bose268@example.com,Jaipur,2025-03-23 11:45:00
269,Vikram,Rao,vikram.rao269@example.com,Delhi,2024-06-17 06:30:51
270,Rohan,Verma,rohan.verma270@example.com,Chennai,2024-09-29 08:22:14
271,Sneha,Kumar,sneha.kumar271@example.com,Bangalore,2025-02-16 21:48:43
272,Vikram,Patel,vikram.patel272@example.com,Ahmedabad,2025-01-20 22:16:12
273,Aarav,Gupta,aarav.gupta273@example.com,Chandigarh,2024-01-13 17:15:49
274,Rohan,Sharma,rohan.sharma274@example.com,Surat,2024-02-01 04:44:19
275,Suresh,Mishra,suresh.mishra275@example.com,Delhi,2024-02-25 07:26:52
276,Sanya,Iyer,sanya.iyer276@example.com,Lucknow,2024-09-06 03:25:55
277,Sunita,Patel,sunita.patel277@example.com,Pune,2025-01-10 17:13:25
278,Aarav,Singh,aarav.singh278@example.com,Chennai,2024-04-25 13:02:59
279,Rahul,Kumar,rahul.kumar279@example.com,Bangalore,2025-02-08 13:05:52
280,Aarav,Pandey,aarav.pandey280@example.com,Bangalore,2024-07-03 18:53:00
281,Kavita,Rao,kavita.rao281@example.com,Pune,2025-04-08 05:07:20
282,Rohan,Verma,rohan.verma282@example.com,Surat,2025-01-02 16:43:53
283,Karan,Bhat,karan.bhat283@example.com,Kolkata,2024-03-22 14:39:07
284,Suresh,Kumar,suresh.kumar284@example.com,Jaipur,2024-03-20 07:07:23
285,Rohan,Bose,rohan.bose285@example.com,Jaipur,2024-09-23 04:52:46
286,Priya,Iyer,priya.iyer286@example.com,Surat,2024-04-03 16:56:51
287,Priya,Sharma,priya.sharma287@example.com,Lucknow,2024-11-26 10:35:15
288,Sneha,Chopra,sneha.chopra288@example.com,Mumbai,2024-01-21 19:20:25
289,Sunita,Rao,sunita.rao289@example.com,Mumbai,2024-01-14 12:35:58
290,Karan,Nair,karan.nair290@example.com,Lucknow,2024-04-04 10:27:24
291,Priya,Joshi,priya.joshi291@example.com,Delhi,2024-08-18 14:16:43
292,Divya,Singh,divya.singh292@example.com,Mumbai,2024-10-24 15:00:19
293,Manish,Joshi,manish.joshi293@example.com,Surat,2025-01-14 20:34:12
294,Vikram,Bose,vikram.bose294@example.com,Chennai,2024-01-04 08:06:18
295,Ananya,Joshi,ananya.joshi295@example.com,Bangalore,2024-09-24 09:57:22
296,Rohan,Saxena,rohan.saxena296@example.com,Chandigarh,2025-02-24 08:53:51
297,Aarav,Nair,aarav.nair297@example.com,Jaipur,2025-04-06 21:10:12
298,Pooja,Nair,pooja.nair298@example.com,Delhi,2024-05-27 11:24:34
299,Neha,Saxena,neha.saxena299@example.com,Pune,2024-05-25 19:22:01
300,Ananya,Verma,ananya.verma300@example.com,Delhi,2024-04-14 07:38:27
301,Neha,Sharma,neha.sharma301@example.com,Pune,2024-05-11 06:22:29
302,Vikram,Patel,vikram.patel302@example.com,Chennai,2024-10-26 16:35:26
303,Rahul,Saxena,rahul.saxena303@example.com,Jaipur,2025-02-27 01:08:56
304,Sanya,Mehta,sanya.mehta304@example.com,Jaipur,2024-02-13 21:55:22
305,Pooja,Nair,pooja.nair305@example.com,Lucknow,2024-10-06 15:42:50
306,Sunita,Gupta,sunita.gupta306@example.com,Surat,2025-05-06 19:55:37
307,Manish,Chopra,manish.chopra307@example.com,Ahmedabad,2025-02-09 00:38:01
308,Ananya,Chopra,ananya.chopra308@example.com,Pune,2024-02-16 21:46:54
309,Aditya,Sharma,aditya.sharma309@example.com,Delhi,2024-02-21 21:39:25
310,Vikram,Pandey,vikram.pandey310@example.com,Kolkata,2024-01-19 19:42:33
311,Manish,Gupta,manish.gupta311@example.com,Kolkata,2024-08-06 06:16:50
312,Sunita,Patel,sunita.patel312@example.com,Hyderabad,2025-03-20 23:45:30
313,Priya,Chopra,priya.chopra313@example.com,Lucknow,2024-09-26 03:24:32
314,Aarav,Pandey,aarav.pandey314@example.com,Pune,2024-07-21 20:05:51
315,Rohan,Mishra,rohan.mishra315@example.com,Mumbai,2024-01-07 12:11:51
316,Manish,Saxena,manish.saxena316@example.com,Pune,2024-03-15 00:37:59
317,Sanya,Rao,sanya.rao317@example.com,Lucknow,2024-09-17 17:34:33
318,Rajesh,Das,rajesh.das318@example.com,Chennai,2024-05-27 06:34:21
319,Rahul,Reddy,rahul.reddy319@example.com,Kolkata,2024-02-14 10:05:56
320,Sunita,Sharma,sunita.sharma320@example.com,Chandigarh,2024-05-13 05:24:27
321,Sunita,Banerjee,sunita.banerjee321@example.com,Lucknow,2024-05-25 00:11:52
322,Rajesh,Mishra,rajesh.mishra322@example.com,Chennai,2024-06-26 08:35:26
323,Karan,Reddy,karan.reddy323@example.com,Kolkata,2024-08-04 03:29:19
324,Suresh,Chopra,suresh.chopra324@example.com,Lucknow,2025-04-15 10:56:07
325,Vikram,Joshi,vikram.joshi325@example.com,Chennai,2024-05-01 01:02:04
326,Sanya,Nair,sanya.nair326@example.com,Lucknow,2024-06-21 07:09:10
327,Neha,Verma,neha.verma327@example.com,Pune,2024-02-09 20:38:12
328,Aditya,Chopra,aditya.chopra328@example.com,Chandigarh,2024-10-07 15:57:41
329,Sanya,Saxena,sanya.saxena329@example.com,Kolkata,2024-06-19 02:48:27
330,Aarav,Rao,aarav.rao330@example.com,Delhi,2025-05-05 22:25:45
331,Amit,Bose,amit.bose331@example.com,Chandigarh,2024-03-24 10:06:53
332,Sneha,Iyer,sneha.iyer332@example.com,Ahmedabad,2024-08-14 16:49:57
333,Rohan,Pandey,rohan.pandey333@example.com,Surat,2024-04-09 16:20:56
334,Neha,Bhat,neha.bhat334@example.com,Pune,2025-01-05 23:19:24
335,Suresh,Verma,suresh.verma335@example.com,Pune,2024-11-12 18:10:56
336,Karan,Nair,karan.nair336@example.com,Chennai,2024-10-12 18:04:23
337,Neha,Singh,neha.singh337@example.com,Pune,2024-05-02 15:35:54
338,Rohan,Nair,rohan.nair338@example.com,Delhi,2024-11-04 15:27:21
339,Sunita,Banerjee,sunita.banerjee339@example.com,Kolkata,2024-05-28 21:45:03
340,Neha,Bose,neha.bose340@example.com,Surat,2024-05-04 00:39:25
341,Kavita,Saxena,kavita.saxena341@example.com,Mumbai,2024-04-19 12:52:13
342,Divya,Nair,divya.nair342@example.com,Bangalore,2024-05-07 00:27:33
343,Aarav,Joshi,aarav.joshi343@example.com,Kolkata,2025-01-08 15:30:54
344,Aditya,Joshi,aditya.joshi344@example.com,Delhi,2024-04-23 14:14:59
345,Amit,Saxena,amit.saxena345@example.com,Chandigarh,2024-10-27 10:53:33
346,Pooja,Nair,pooja.nair346@example.com,Ahmedabad,2025-02-05 07:03:01
347,Aarav,Reddy,aarav.reddy347@example.com,Pune,2024-08-04 19:51:11
348,Aarav,Mehta,aarav.mehta348@example.com,Hyderabad,2024-12-01 13:23:55
349,Rajesh,Iyer,rajesh.iyer349@example.com,Mumbai,2024-10-07 14:26:34
350,Rohan,Gupta,rohan.gupta350@example.com,Pune,2024-08-15 12:56:59
351,Rohan,Das,rohan.das351@example.com,Lucknow,2024-10-13 22:06:38
352,Rajesh,Mehta,rajesh.mehta352@example.com,Lucknow,2025-01-14 09:58:45
353,Amit,Rao,amit.rao353@example.com,Jaipur,2025-01-17 03:30:09
354,Amit,Sharma,amit.sharma354@example.com,Chandigarh,2024-05-13 23:07:56
355,Rajesh,Gupta,rajesh.gupta355@example.com,Mumbai,2025-04-28 21:28:24
356,Aditya,Rao,aditya.rao356@example.com,Chennai,2024-08-22 16:03:57
357,Kavita,Patel,kavita.patel357@example.com,Chandigarh,2024-04-01 19:44:26
358,Pooja,Das,pooja.das358@example.com,Chennai,2025-03-16 02:50:17
359,Divya,Verma,divya.verma359@example.com,Jaipur,2024-05-23 14:26:04
360,Kavita,Pandey,kavita.pandey360@example.com,Kolkata,2024-10-21 23:18:29
361,Suresh,Verma,suresh.verma361@example.com,Surat,2024-02-09 14:57:47
362,Rohan,Joshi,rohan.joshi362@example.com,Chennai,2024-06-07 20:24:49
363,Sneha,Sharma,sneha.sharma363@example.com,Pune,2024-01-04 01:47:42
364,Pooja,Gupta,pooja.gupta364@example.com,Hyderabad,2024-12-30 18:33:08
365,Amit,Kumar,amit.kumar365@example.com,Mumbai,2025-01-23 21:11:27
366,Sneha,Saxena,sneha.saxena366@example.com,Kolkata,2024-06-14 18:24:42
367,Manish,Chopra,manish.chopra367@example.com,Bangalore,2024-05-06 05:05:04
368,Rohan,Gupta,rohan.gupta368@example.com,Surat,2024-06-27 00:17:15
369,Rohan,Iyer,rohan.iyer369@example.com,Mumbai,2024-08-23 06:40:34
370,Aarav,Verma,aarav.verma370@example.com,Kolkata,2024-05-04 07:54:59
371,Rahul,Sharma,rahul.sharma371@example.com,Kolkata,2024-01-24 10:22:41
372,Sanya,Pandey,sanya.pandey372@example.com,Jaipur,2025-05-12 11:26:59
373,Ananya,Pandey,ananya.pandey373@example.com,Mumbai,2024-10-27 17:00:09
374,Kavita,Gupta,kavita.gupta374@example.com,Surat,2024-05-03 12:20:26
375,Aarav,Sharma,aarav.sharma375@example.com,Lucknow,2025-04-15 09:23:25
376,Sunita,Mehta,sunita.mehta376@example.com,Lucknow,2025-04-14 17:21:29
377,Rohan,Reddy,rohan.reddy377@example.com,Delhi,2024-05-23 20:43:42
378,Vikram,Mehta,vikram.mehta378@example.com,Delhi,2024-02-27 22:06:28
379,Aarav,Saxena,aarav.saxena379@example.com,Delhi,2024-10-01 14:23:00
380,Amit,Singh,amit.singh380@example.com,Chennai,2024-06-06 23:30:28
381,Neha,Banerjee,neha.banerjee381@example.com,Chandigarh,2025-04-04 11:43:17
382,Karan,Mishra,karan.mishra382@example.com,Bangalore,2024-05-28 09:56:54
383,Priya,Verma,priya.verma383@example.com,Chennai,2024-02-19 07:30:39
384,Sanya,Pandey,sanya.pandey384@example.com,Ahmedabad,2024-11-18 18:11:27
385,Aditya,Bhat,aditya.bhat385@example.com,Jaipur,2025-05-07 05:39:10
386,Rohan,Nair,rohan.nair386@example.com,Ahmedabad,2024-02-13 20:37:56
387,Aarav,Chopra,aarav.chopra387@example.com,Lucknow,2025-01-19 04:22:02
388,Sanya,Saxena,sanya.saxena388@example.com,Surat,2024-02-08 19:04:27
389,Kavita,Saxena,kavita.saxena389@example.com,Hyderabad,2024-05-01 19:30:52
390,Suresh,Rao,suresh.rao390@example.com,Bangalore,2024-08-26 19:06:14
391,Sneha,Pandey,sneha.pandey391@example.com,Chandigarh,2024-03-10 08:20:47
392,Rajesh,Saxena,rajesh.saxena392@example.com,Mumbai,2024-11-23 22:59:59
393,Divya,Pandey,divya.pandey393@example.com,Chennai,2024-02-15 18:20:42
394,Sunita,Mishra,sunita.mishra394@example.com,Pune,2024-06-29 10:30:53
395,Amit,Verma,amit.verma395@example.com,Chandigarh,2024-05-31 03:47:33
396,Aditya,Mehta,aditya.mehta396@example.com,Kolkata,2024-04-19 04:11:25
397,Rohan,Bhat,rohan.bhat397@example.com,Mumbai,2024-06-10 09:22:05
398,Sneha,Verma,sneha.verma398@example.com,Pune,2025-05-11 08:25:11
399,Suresh,Patel,suresh.patel399@example.com,Chennai,2024-06-14 20:17:28
400,Amit,Reddy,amit.reddy400@example.com,Pune,2025-02-07 04:43:09
401,Sneha,Joshi,sneha.joshi401@example.com,Lucknow,2024-12-01 19:13:28
402,Sunita,Kumar,sunita.kumar402@example.com,Hyderabad,2025-02-02 06:55:37
403,Pooja,Reddy,pooja.reddy403@example.com,Ahmedabad,2024-08-16 06:16:45
404,Rajesh,Rao,rajesh.rao404@example.com,Surat,2025-03-31 01:34:42
405,Pooja,Verma,pooja.verma405@example.com,Ahmedabad,2025-04-06 07:41:19
406,Rohan,Bhat,rohan.bhat406@example.com,Hyderabad,2024-11-20 16:06:23
407,Rajesh,Singh,rajesh.singh407@example.com,Chennai,2024-03-28 12:20:16
408,Aarav,Iyer,aarav.iyer408@example.com,Surat,2025-01-03 09:20:54
409,Priya,Mehta,priya.mehta409@example.com,Pune,2024-10-22 04:56:22
410,Ananya,Chopra,ananya.chopra410@example.com,Jaipur,2024-02-21 16:23:17
411,Divya,Joshi,divya.joshi411@example.com,Pune,2024-04-30 01:40:13
412,Amit,Das,amit.das412@example.com,Surat,2024-12-05 14:17:07
413,Sanya,Singh,sanya.singh413@example.com,Bangalore,2024-03-22 05:00:24
414,Aditya,Kumar,aditya.kumar414@example.com,Jaipur,2024-03-08 02:08:17
415,Sanya,Rao,sanya.rao415@example.com,Mumbai,2025-01-22 03:35:36
416,Deepa,Sharma,deepa.sharma416@example.com,Lucknow,2024-04-03 14:27:47
417,Sneha,Gupta,sneha.gupta417@example.com,Bangalore,2024-03-14 21:31:26
418,Sneha,Mishra,sneha.mishra418@example.com,Delhi,2024-01-14 07:38:34
419,Ananya,Chopra,ananya.chopra419@example.com,Lucknow,2025-04-14 04:45:56
420,Deepa,Verma,deepa.verma420@example.com,Hyderabad,2024-08-21 15:54:28
421,Ananya,Mehta,ananya.mehta421@example.com,Pune,2024-08-08 05:56:00
422,Pooja,Reddy,pooja.reddy422@example.com,Chennai,2025-01-04 17:25:46
423,Rohan,Nair,rohan.nair423@example.com,Ahmedabad,2024-10-10 05:29:28
424,Manish,Das,manish.das424@example.com,Bangalore,2024-12-20 22:22:21
425,Sanya,Bose,sanya.bose425@example.com,Kolkata,2024-12-26 17:43:28
426,Kavita,Sharma,kavita.sharma426@example.com,Jaipur,2024-04-21 12:23:32
427,Rohan,Joshi,rohan.joshi427@example.com,Surat,2024-05-16 10:35:09
428,Rohan,Iyer,rohan.iyer428@example.com,Hyderabad,2024-06-18 19:54:51
429,Vikram,Nair,vikram.nair429@example.com,Lucknow,2025-02-19 07:44:46
430,Pooja,Iyer,pooja.iyer430@example.com,Bangalore,2024-05-13 09:19:27
431,Rahul,Rao,rahul.rao431@example.com,Mumbai,2024-03-24 23:22:02
432,Sneha,Bhat,sneha.bhat432@example.com,Bangalore,2024-01-13 10:49:25
433,Priya,Singh,priya.singh433@example.com,Hyderabad,2024-06-02 20:31:43
434,Divya,Verma,divya.verma434@example.com,Bangalore,2024-09-28 16:11:21
435,Manish,Joshi,manish.joshi435@example.com,Pune,2024-11-27 17:33:28
436,Priya,Saxena,priya.saxena436@example.com,Delhi,2024-02-17 15:06:46
437,Manish,Nair,manish.nair437@example.com,Surat,2024-04-14 09:31:40
438,Suresh,Bhat,suresh.bhat438@example.com,Chennai,2025-04-30 10:13:25
439,Rajesh,Nair,rajesh.nair439@example.com,Ahmedabad,2025-04-25 15:43:15
440,Karan,Iyer,karan.iyer440@example.com,Jaipur,2024-09-02 04:17:37
441,Kavita,Iyer,kavita.iyer441@example.com,Surat,2025-04-14 18:29:15
442,Deepa,Kumar,deepa.kumar442@example.com,Bangalore,2024-08-06 23:55:14
443,Karan,Joshi,karan.joshi443@example.com,Ahmedabad,2024-09-24 21:48:51
444,Rohan,Mehta,rohan.mehta444@example.com,Jaipur,2025-03-21 16:55:08
445,Ananya,Singh,ananya.singh445@example.com,Hyderabad,2024-07-06 16:09:58
446,Sunita,Iyer,sunita.iyer446@example.com,Chandigarh,2024-12-09 01:09:25
447,Rohan,Patel,rohan.patel447@example.com,Chandigarh,2025-01-01 04:51:47
448,Aarav,Iyer,aarav.iyer448@example.com,Lucknow,2024-08-01 20:33:13
449,Priya,Nair,priya.nair449@example.com,Jaipur,2024-03-05 05:44:28
450,Karan,Mishra,karan.mishra450@example.com,Kolkata,2024-10-23 03:57:44
451,Rajesh,Bose,rajesh.bose451@example.com,Chennai,2024-08-03 14:00:01
452,Manish,Singh,manish.singh452@example.com,Jaipur,2024-06-01 12:40:11
453,Divya,Pandey,divya.pandey453@example.com,Chandigarh,2024-10-26 22:54:51
454,Divya,Sharma,divya.sharma454@example.com,Jaipur,2025-03-13 13:38:04
455,Priya,Reddy,priya.reddy455@example.com,Chennai,2024-10-24 06:35:56
456,Amit,Mehta,amit.mehta456@example.com,Pune,2024-06-14 22:58:14
457,Karan,Saxena,karan.saxena457@example.com,Kolkata,2024-12-04 08:02:21
458,Rohan,Gupta,rohan.gupta458@example.com,Hyderabad,2024-02-10 07:22:09
459,Manish,Das,manish.das459@example.com,Jaipur,2024-05-20 06:43:18
460,Ananya,Banerjee,ananya.banerjee460@example.com,Hyderabad,2024-03-09 07:42:58
461,Rohan,Pandey,rohan.pandey461@example.com,Bangalore,2025-04-19 08:05:35
462,Amit,Saxena,amit.saxena462@example.com,Delhi,2024-06-23 10:57:11
463,Rahul,Chopra,rahul.chopra463@example.com,Pune,2025-04-03 18:29:08
464,Rohan,Mishra,rohan.mishra464@example.com,Kolkata,2025-03-03 11:04:26
465,Divya,Banerjee,divya.banerjee465@example.com,Chandigarh,2024-06-09 02:19:58
466,Divya,Chopra,divya.chopra466@example.com,Ahmedabad,2024-04-10 17:01:18
467,Kavita,Gupta,kavita.gupta467@example.com,Bangalore,2024-02-08 20:18:49
468,Rohan,Banerjee,rohan.banerjee468@example.com,Bangalore,2024-03-23 01:58:56
469,Vikram,Chopra,vikram.chopra469@example.com,Lucknow,2025-02-21 00:37:08
470,Sneha,Nair,sneha.nair470@example.com,Chandigarh,2024-10-03 14:19:54
471,Priya,Bhat,priya.bhat471@example.com,Pune,2024-11-01 17:26:01
472,Ananya,Singh,ananya.singh472@example.com,Hyderabad,2025-01-14 03:37:16
473,Vikram,Banerjee,vikram.banerjee473@example.com,Lucknow,2024-08-07 21:02:34
474,Vikram,Bhat,vikram.bhat474@example.com,Kolkata,2024-11-30 14:39:24
475,Suresh,Joshi,suresh.joshi475@example.com,Lucknow,2024-10-30 17:16:56
476,Karan,Gupta,karan.gupta476@example.com,Mumbai,2024-09-16 01:54:42
477,Divya,Iyer,divya.iyer477@example.com,Chandigarh,2025-02-02 06:12:24
478,Sunita,Das,sunita.das478@example.com,Chennai,2024-12-08 10:50:16
479,Kavita,Joshi,kavita.joshi479@example.com,Jaipur,2024-11-22 00:55:54
480,Divya,Mishra,divya.mishra480@example.com,Bangalore,2025-03-02 23:30:54
481,Amit,Das,amit.das481@example.com,Jaipur,2024-11-08 16:12:28
482,Karan,Joshi,karan.joshi482@example.com,Bangalore,2024-08-24 18:58:41
483,Vikram,Patel,vikram.patel483@example.com,Pune,2024-08-28 14:45:10
484,Rajesh,Iyer,rajesh.iyer484@example.com,Mumbai,2025-03-09 01:57:06
485,Ananya,Reddy,ananya.reddy485@example.com,Lucknow,2024-08-20 06:19:50
486,Karan,Rao,karan.rao486@example.com,Kolkata,2024-09-22 11:35:57
487,Deepa,Chopra,deepa.chopra487@example.com,Chennai,2024-04-26 17:35:55
488,Rahul,Pandey,rahul.pandey488@example.com,Mumbai,2025-05-13 15:17:59
489,Rohan,Verma,rohan.verma489@example.com,Mumbai,2024-02-12 19:16:22
490,Suresh,Verma,suresh.verma490@example.com,Jaipur,2024-11-05 23:32:54
491,Neha,Saxena,neha.saxena491@example.com,Pune,2025-03-19 02:12:13
492,Karan,Sharma,karan.sharma492@example.com,Jaipur,2024-07-13 00:11:36
493,Pooja,Mishra,pooja.mishra493@example.com,Surat,2024-10-30 18:53:52
494,Rajesh,Mishra,rajesh.mishra494@example.com,Chandigarh,2024-10-28 23:25:28
495,Ananya,Singh,ananya.singh495@example.com,Mumbai,2024-06-16 07:37:06
496,Rajesh,Rao,rajesh.rao496@example.com,Ahmedabad,2025-01-27 21:54:17
497,Divya,Bhat,divya.bhat497@example.com,Chennai,2024-10-18 18:20:27
498,Amit,Bhat,amit.bhat498@example.com,Lucknow,2024-09-18 15:32:20
499,Aarav,Sharma,aarav.sharma499@example.com,Delhi,2025-03-30 19:09:18
500,Vikram,Nair,vikram.nair500@example.com,Pune,2024-12-09 00:44:22
501,Karan,Verma,karan.verma501@example.com,Surat,2024-12-07 09:03:20
502,Deepa,Singh,deepa.singh502@example.com,Ahmedabad,2024-04-23 13:54:14
503,Sanya,Pandey,sanya.pandey503@example.com,Kolkata,2025-02-23 23:01:20
504,Suresh,Mehta,suresh.mehta504@example.com,Lucknow,2024-07-26 14:33:26
505,Vikram,Rao,vikram.rao505@example.com,Jaipur,2024-09-12 12:32:49
506,Karan,Iyer,karan.iyer506@example.com,Chennai,2024-03-12 22:49:06
507,Rahul,Mishra,rahul.mishra507@example.com,Delhi,2024-09-01 14:37:08
508,Rajesh,Rao,rajesh.rao508@example.com,Hyderabad,2024-01-10 09:09:50
509,Sanya,Nair,sanya.nair509@example.com,Pune,2025-03-10 10:30:21
510,Rahul,Mishra,rahul.mishra510@example.com,Delhi,2024-07-30 09:19:54
511,Vikram,Bose,vikram.bose511@example.com,Chandigarh,2025-01-10 20:13:05
512,Karan,Gupta,karan.gupta512@example.com,Bangalore,2024-01-17 01:36:57
513,Kavita,Bose,kavita.bose513@example.com,Delhi,2024-08-16 16:03:41
514,Sneha,Das,sneha.das514@example.com,Hyderabad,2025-01-31 17:45:43
515,Sunita,Bose,sunita.bose515@example.com,Chennai,2024-12-09 20:38:14
516,Karan,Rao,karan.rao516@example.com,Chandigarh,2024-03-23 16:18:33
517,Divya,Mishra,divya.mishra517@example.com,Kolkata,2024-01-21 15:09:03
518,Aditya,Reddy,aditya.reddy518@example.com,Kolkata,2024-04-21 17:05:13
519,Pooja,Mishra,pooja.mishra519@example.com,Ahmedabad,2025-01-16 09:18:07
520,Rajesh,Joshi,rajesh.joshi520@example.com,Chandigarh,2024-11-15 13:55:06
521,Priya,Singh,priya.singh521@example.com,Bangalore,2024-09-24 05:56:05
522,Priya,Iyer,priya.iyer522@example.com,Jaipur,2025-04-04 14:13:27
523,Manish,Reddy,manish.reddy523@example.com,Jaipur,2025-01-01 21:48:01
524,Sunita,Pandey,sunita.pandey524@example.com,Chandigarh,2024-10-19 20:04:44
525,Divya,Sharma,divya.sharma525@example.com,Ahmedabad,2024-10-13 00:42:06
526,Aditya,Chopra,aditya.chopra526@example.com,Bangalore,2024-10-14 21:50:16
527,Aarav,Reddy,aarav.reddy527@example.com,Chennai,2024-11-24 02:03:24
528,Karan,Verma,karan.verma528@example.com,Lucknow,2024-06-05 12:13:44
529,Ananya,Bhat,ananya.bhat529@example.com,Chennai,2025-02-21 10:04:48
530,Sanya,Gupta,sanya.gupta530@example.com,Kolkata,2024-09-02 10:10:39
531,Vikram,Mishra,vikram.mishra531@example.com,Bangalore,2024-02-17 12:13:36
532,Divya,Sharma,divya.sharma532@example.com,Surat,2024-03-03 16:12:57
533,Aditya,Bose,aditya.bose533@example.com,Pune,2024-09-06 00:35:34
534,Amit,Singh,amit.singh534@example.com,Jaipur,2024-12-11 08:58:23
535,Pooja,Rao,pooja.rao535@example.com,Delhi,2024-01-26 23:51:57
536,Suresh,Nair,suresh.nair536@example.com,Chennai,2024-06-17 16:24:03
537,Sunita,Gupta,sunita.gupta537@example.com,Bangalore,2024-07-26 07:46:08
538,Vikram,Bhat,vikram.bhat538@example.com,Lucknow,2024-04-16 19:04:15
539,Deepa,Bose,deepa.bose539@example.com,Surat,2024-03-04 20:58:20
540,Rajesh,Sharma,rajesh.sharma540@example.com,Hyderabad,2025-02-14 00:24:53
541,Pooja,Iyer,pooja.iyer541@example.com,Chandigarh,2025-01-20 12:39:31
542,Manish,Bhat,manish.bhat542@example.com,Surat,2025-03-24 09:29:46
543,Rohan,Reddy,rohan.reddy543@example.com,Jaipur,2024-07-24 06:32:22
544,Amit,Verma,amit.verma544@example.com,Lucknow,2024-12-14 00:22:12
545,Karan,Mehta,karan.mehta545@example.com,Chennai,2024-07-10 15:09:19
546,Rahul,Rao,rahul.rao546@example.com,Bangalore,2024-02-27 05:19:54
547,Ananya,Kumar,ananya.kumar547@example.com,Mumbai,2025-01-28 00:41:08
548,Amit,Bhat,amit.bhat548@example.com,Kolkata,2024-11-08 02:45:03
549,Sunita,Mehta,sunita.mehta549@example.com,Kolkata,2025-05-05 17:18:04
550,Sanya,Nair,sanya.nair550@example.com,Lucknow,2025-01-30 08:37:21
551,Rohan,Das,rohan.das551@example.com,Bangalore,2024-07-09 06:03:09
552,Aarav,Reddy,aarav.reddy552@example.com,Lucknow,2025-02-01 21:03:32
553,Sneha,Saxena,sneha.saxena553@example.com,Pune,2024-05-12 21:14:28
554,Rajesh,Joshi,rajesh.joshi554@example.com,Delhi,2025-03-19 15:18:35
555,Aarav,Gupta,aarav.gupta555@example.com,Hyderabad,2024-10-11 05:57:28
556,Sunita,Mehta,sunita.mehta556@example.com,Mumbai,2024-11-08 20:01:45
557,Pooja,Chopra,pooja.chopra557@example.com,Jaipur,2024-09-23 02:37:59
558,Rahul,Pandey,rahul.pandey558@example.com,Ahmedabad,2024-02-08 13:58:16
559,Suresh,Patel,suresh.patel559@example.com,Chandigarh,2025-04-29 02:00:16
560,Neha,Joshi,neha.joshi560@example.com,Surat,2024-01-25 22:35:23
561,Vikram,Bose,vikram.bose561@example.com,Bangalore,2025-05-01 16:40:11
562,Aditya,Mishra,aditya.mishra562@example.com,Kolkata,2025-01-26 15:05:32
563,Pooja,Kumar,pooja.kumar563@example.com,Kolkata,2024-08-12 08:38:47
564,Suresh,Saxena,suresh.saxena564@example.com,Ahmedabad,2024-04-26 09:57:51
565,Kavita,Pandey,kavita.pandey565@example.com,Kolkata,2024-01-27 14:02:37
566,Deepa,Chopra,deepa.chopra566@example.com,Chennai,2025-05-12 14:13:28
567,Suresh,Kumar,suresh.kumar567@example.com,Pune,2025-02-09 18:23:58
568,Sanya,Saxena,sanya.saxena568@example.com,Kolkata,2024-12-18 14:33:05
569,Priya,Joshi,priya.joshi569@example.com,Lucknow,2024-10-18 13:47:44
570,Karan,Kumar,karan.kumar570@example.com,Lucknow,2024-04-10 05:15:20
571,Rajesh,Mishra,rajesh.mishra571@example.com,Chennai,2024-09-14 12:04:20
572,Kavita,Nair,kavita.nair572@example.com,Jaipur,2024-10-01 09:12:59
573,Pooja,Saxena,pooja.saxena573@example.com,Chandigarh,2024-01-04 07:37:37
574,Neha,Bose,neha.bose574@example.com,Ahmedabad,2025-02-10 19:54:16
575,Rahul,Bhat,rahul.bhat575@example.com,Delhi,2024-01-17 03:38:52
576,Pooja,Rao,pooja.rao576@example.com,Chandigarh,2025-04-07 07:17:52
577,Sneha,Banerjee,sneha.banerjee577@example.com,Hyderabad,2024-03-19 21:35:47
578,Aarav,Chopra,aarav.chopra578@example.com,Hyderabad,2024-02-14 13:10:11
579,Suresh,Kumar,suresh.kumar579@example.com,Jaipur,2024-11-03 06:37:50
580,Sunita,Joshi,sunita.joshi580@example.com,Chandigarh,2025-04-02 10:51:54
581,Rajesh,Gupta,rajesh.gupta581@example.com,Jaipur,2025-03-14 14:47:09
582,Priya,Singh,priya.singh582@example.com,Delhi,2024-06-26 03:59:52
583,Amit,Pandey,amit.pandey583@example.com,Jaipur,2024-10-01 13:27:04
584,Karan,Rao,karan.rao584@example.com,Chennai,2024-09-01 02:21:50
585,Vikram,Reddy,vikram.reddy585@example.com,Surat,2025-01-23 03:02:08
586,Suresh,Verma,suresh.verma586@example.com,Surat,2024-09-06 16:53:11
587,Aarav,Sharma,aarav.sharma587@example.com,Ahmedabad,2025-01-28 15:01:52
588,Sunita,Rao,sunita.rao588@example.com,Chennai,2024-08-22 21:27:47
589,Manish,Banerjee,manish.banerjee589@example.com,Chennai,2025-03-15 17:14:49
590,Manish,Verma,manish.verma590@example.com,Kolkata,2025-03-28 13:51:17
591,Sanya,Bhat,sanya.bhat591@example.com,Ahmedabad,2024-05-05 22:14:15
592,Rohan,Sharma,rohan.sharma592@example.com,Surat,2024-04-14 16:19:56
593,Sneha,Kumar,sneha.kumar593@example.com,Pune,2024-04-09 08:47:29
594,Sunita,Iyer,sunita.iyer594@example.com,Mumbai,2025-04-27 00:59:49
595,Divya,Saxena,divya.saxena595@example.com,Ahmedabad,2025-03-04 11:36:54
596,Aditya,Bose,aditya.bose596@example.com,Hyderabad,2025-02-07 02:05:37
597,Rajesh,Banerjee,rajesh.banerjee597@example.com,Surat,2024-07-01 22:13:23
598,Vikram,Kumar,vikram.kumar598@example.com,Hyderabad,2024-12-02 13:28:52
599,Karan,Mehta,karan.mehta599@example.com,Delhi,2025-02-20 09:06:20
600,Rahul,Reddy,rahul.reddy600@example.com,Surat,2024-02-06 07:54:47
601,Sunita,Sharma,sunita.sharma601@example.com,Chennai,2025-01-11 16:40:27
602,Deepa,Chopra,deepa.chopra602@example.com,Delhi,2024-06-29 13:00:37
603,Suresh,Das,suresh.das603@example.com,Hyderabad,2024-08-16 04:51:58
604,Aarav,Verma,aarav.verma604@example.com,Surat,2024-01-20 00:56:08
605,Pooja,Saxena,pooja.saxena605@example.com,Hyderabad,2025-01-12 02:32:02
606,Sneha,Patel,sneha.patel606@example.com,Bangalore,2024-11-24 01:02:43
607,Divya,Reddy,divya.reddy607@example.com,Delhi,2024-03-11 18:44:40
608,Kavita,Chopra,kavita.chopra608@example.com,Hyderabad,2024-05-22 18:46:46
609,Pooja,Kumar,pooja.kumar609@example.com,Surat,2025-04-03 15:52:33
610,Karan,Gupta,karan.gupta610@example.com,Surat,2025-05-14 17:44:56
611,Divya,Rao,divya.rao611@example.com,Mumbai,2025-02-14 08:19:40
612,Kavita,Bhat,kavita.bhat612@example.com,Mumbai,2024-05-12 21:29:27
613,Sanya,Mehta,sanya.mehta613@example.com,Chandigarh,2025-04-28 07:12:28
614,Pooja,Patel,pooja.patel614@example.com,Jaipur,2024-03-03 04:26:22
615,Sunita,Nair,sunita.nair615@example.com,Lucknow,2025-04-13 16:18:29
616,Deepa,Banerjee,deepa.banerjee616@example.com,Ahmedabad,2024-06-29 23:39:04
617,Rajesh,Nair,rajesh.nair617@example.com,Jaipur,2024-05-16 18:22:59
618,Kavita,Bhat,kavita.bhat618@example.com,Chandigarh,2025-05-07 00:01:07
619,Neha,Singh,neha.singh619@example.com,Kolkata,2024-07-15 19:28:14
620,Suresh,Banerjee,suresh.banerjee620@example.com,Mumbai,2024-09-14 03:30:30
621,Neha,Patel,neha.patel621@example.com,Surat,2025-03-23 21:58:39
622,Kavita,Nair,kavita.nair622@example.com,Bangalore,2024-07-23 20:33:05
623,Sanya,Pandey,sanya.pandey623@example.com,Ahmedabad,2025-01-21 11:19:44
624,Karan,Nair,karan.nair624@example.com,Lucknow,2024-02-12 11:33:25
625,Karan,Bose,karan.bose625@example.com,Lucknow,2025-01-05 14:35:46
626,Rajesh,Reddy,rajesh.reddy626@example.com,Ahmedabad,2024-07-30 20:46:29
627,Divya,Iyer,divya.iyer627@example.com,Jaipur,2025-03-05 12:10:34
628,Divya,Nair,divya.nair628@example.com,Surat,2024-01-14 19:31:52
629,Priya,Nair,priya.nair629@example.com,Hyderabad,2025-02-03 10:07:03
630,Karan,Saxena,karan.saxena630@example.com,Mumbai,2024-03-19 00:34:11
631,Sanya,Iyer,sanya.iyer631@example.com,Bangalore,2024-02-29 05:58:35
632,Rajesh,Bose,rajesh.bose632@example.com,Chennai,2024-08-03 16:23:08
633,Suresh,Banerjee,suresh.banerjee633@example.com,Pune,2024-05-11 22:51:17
634,Ananya,Bose,ananya.bose634@example.com,Kolkata,2024-10-26 23:26:01
635,Rajesh,Chopra,rajesh.chopra635@example.com,Mumbai,2024-02-21 15:38:59
636,Divya,Mehta,divya.mehta636@example.com,Chennai,2025-01-25 11:59:46
637,Kavita,Gupta,kavita.gupta637@example.com,Hyderabad,2024-07-03 05:52:23
638,Manish,Reddy,manish.reddy638@example.com,Surat,2024-05-18 18:48:05
639,Sanya,Banerjee,sanya.banerjee639@example.com,Chennai,2024-01-20 09:05:55
640,Manish,Chopra,manish.chopra640@example.com,Kolkata,2024-12-03 19:54:46
641,Kavita,Rao,kavita.rao641@example.com,Hyderabad,2025-04-23 17:55:47
642,Manish,Iyer,manish.iyer642@example.com,Lucknow,2024-02-17 00:08:54
643,Neha,Bhat,neha.bhat643@example.com,Pune,2025-04-23 13:51:06
644,Deepa,Rao,deepa.rao644@example.com,Chennai,2025-03-11 11:28:14
645,Suresh,Bose,suresh.bose645@example.com,Pune,2024-08-10 01:13:31
646,Deepa,Saxena,deepa.saxena646@example.com,Delhi,2025-04-23 18:26:32
647,Sneha,Pandey,sneha.pandey647@example.com,Jaipur,2024-03-03 20:16:14
648,Pooja,Das,pooja.das648@example.com,Jaipur,2024-10-12 13:40:40
649,Kavita,Pandey,kavita.pandey649@example.com,Lucknow,2025-05-13 21:43:33
650,Sneha,Kumar,sneha.kumar650@example.com,Kolkata,2024-10-19 01:42:11
651,Sanya,Nair,sanya.nair651@example.com,Hyderabad,2024-06-08 02:52:01
652,Karan,Gupta,karan.gupta652@example.com,Hyderabad,2024-07-22 13:02:52
653,Divya,Kumar,divya.kumar653@example.com,Hyderabad,2024-03-19 22:54:16
654,Deepa,Mehta,deepa.mehta654@example.com,Hyderabad,2024-01-05 14:42:04
655,Deepa,Singh,deepa.singh655@example.com,Chandigarh,2024-03-01 01:11:07
656,Vikram,Nair,vikram.nair656@example.com,Chennai,2024-06-15 01:04:34
657,Ananya,Rao,ananya.rao657@example.com,Chennai,2024-03-25 13:56:06
658,Neha,Rao,neha.rao658@example.com,Chennai,2024-06-16 07:47:05
659,Pooja,Iyer,pooja.iyer659@example.com,Ahmedabad,2024-12-16 05:08:01
660,Sunita,Das,sunita.das660@example.com,Pune,2024-02-05 04:27:34
661,Priya,Bhat,priya.bhat661@example.com,Pune,2024-12-20 18:18:37
662,Pooja,Verma,pooja.verma662@example.com,Jaipur,2024-05-12 04:26:21
663,Pooja,Mishra,pooja.mishra663@example.com,Kolkata,2024-06-15 18:31:49
664,Priya,Kumar,priya.kumar664@example.com,Chennai,2025-03-06 02:46:42
665,Suresh,Reddy,suresh.reddy665@example.com,Pune,2024-06-29 19:29:49
666,Sneha,Banerjee,sneha.banerjee666@example.com,Surat,2024-09-04 15:44:55
667,Vikram,Mehta,vikram.mehta667@example.com,Ahmedabad,2025-04-21 04:04:53
668,Suresh,Das,suresh.das668@example.com,Chandigarh,2024-03-11 22:14:14
669,Karan,Singh,karan.singh669@example.com,Delhi,2024-01-09 07:08:56
670,Karan,Verma,karan.verma670@example.com,Chandigarh,2024-01-09 17:00:13
671,Suresh,Das,suresh.das671@example.com,Lucknow,2024-10-09 21:30:04
672,Rohan,Banerjee,rohan.banerjee672@example.com,Jaipur,2024-04-28 15:09:01
673,Karan,Mishra,karan.mishra673@example.com,Mumbai,2024-07-30 14:45:02
674,Kavita,Mehta,kavita.mehta674@example.com,Ahmedabad,2024-05-05 22:36:23
675,Rahul,Gupta,rahul.gupta675@example.com,Ahmedabad,2024-04-06 07:58:15
676,Suresh,Patel,suresh.patel676@example.com,Delhi,2025-03-20 15:42:10
677,Sunita,Pandey,sunita.pandey677@example.com,Kolkata,2025-04-18 13:23:52
678,Rajesh,Mishra,rajesh.mishra678@example.com,Surat,2024-05-24 19:54:24
679,Deepa,Das,deepa.das679@example.com,Chennai,2024-05-02 00:10:41
680,Pooja,Das,pooja.das680@example.com,Kolkata,2025-04-03 10:21:56
681,Ananya,Reddy,ananya.reddy681@example.com,Jaipur,2025-05-10 07:14:28
682,Suresh,Patel,suresh.patel682@example.com,Lucknow,2025-02-18 19:27:46
683,Pooja,Das,pooja.das683@example.com,Jaipur,2024-12-05 18:25:04
684,Karan,Mishra,karan.mishra684@example.com,Bangalore,2025-02-24 19:26:45
685,Deepa,Saxena,deepa.saxena685@example.com,Kolkata,2024-04-13 02:46:08
686,Vikram,Gupta,vikram.gupta686@example.com,Bangalore,2024-07-25 07:19:47
687,Divya,Singh,divya.singh687@example.com,Pune,2024-02-18 08:04:14
688,Suresh,Bhat,suresh.bhat688@example.com,Hyderabad,2024-01-30 05:38:02
689,Ananya,Gupta,ananya.gupta689@example.com,Ahmedabad,2025-03-16 12:31:15
690,Sanya,Singh,sanya.singh690@example.com,Chandigarh,2024-02-10 15:50:12
691,Divya,Sharma,divya.sharma691@example.com,Pune,2025-02-16 22:54:50
692,Sanya,Rao,sanya.rao692@example.com,Jaipur,2024-06-22 21:02:16
693,Vikram,Gupta,vikram.gupta693@example.com,Hyderabad,2024-01-18 14:29:59
694,Deepa,Reddy,deepa.reddy694@example.com,Pune,2024-05-11 20:03:14
695,Neha,Mehta,neha.mehta695@example.com,Mumbai,2025-04-18 02:15:11
696,Karan,Rao,karan.rao696@example.com,Pune,2025-04-08 02:01:29
697,Vikram,Singh,vikram.singh697@example.com,Chandigarh,2024-06-11 07:39:16
698,Suresh,Das,suresh.das698@example.com,Jaipur,2024-08-16 22:33:09
699,Aarav,Banerjee,aarav.banerjee699@example.com,Pune,2025-02-12 21:13:24
700,Aarav,Singh,aarav.singh700@example.com,Jaipur,2024-07-25 06:05:38
701,Amit,Saxena,amit.saxena701@example.com,Lucknow,2024-06-02 17:38:13
702,Aditya,Chopra,aditya.chopra702@example.com,Mumbai,2024-10-15 09:16:36
703,Deepa,Mehta,deepa.mehta703@example.com,Kolkata,2024-04-13 02:20:56
704,Pooja,Joshi,pooja.joshi704@example.com,Chandigarh,2024-09-15 20:55:48
705,Neha,Singh,neha.singh705@example.com,Pune,2024-04-01 19:45:51
706,Karan,Banerjee,karan.banerjee706@example.com,Lucknow,2024-10-21 12:09:13
707,Rohan,Patel,rohan.patel707@example.com,Pune,2024-01-24 04:14:29
708,Divya,Mehta,divya.mehta708@example.com,Pune,2024-10-06 11:26:52
709,Neha,Sharma,neha.sharma709@example.com,Jaipur,2025-04-11 20:13:29
710,Suresh,Rao,suresh.rao710@example.com,Chennai,2024-03-18 03:16:37
711,Suresh,Reddy,suresh.reddy711@example.com,Mumbai,2024-01-10 03:43:34
712,Sneha,Verma,sneha.verma712@example.com,Bangalore,2024-05-29 04:29:48
713,Sanya,Kumar,sanya.kumar713@example.com,Bangalore,2024-09-25 06:16:15
714,Priya,Chopra,priya.chopra714@example.com,Surat,2025-01-10 01:35:21
715,Aditya,Iyer,aditya.iyer715@example.com,Chandigarh,2024-06-04 09:38:37
716,Manish,Gupta,manish.gupta716@example.com,Surat,2024-03-15 09:05:44
717,Aarav,Kumar,aarav.kumar717@example.com,Bangalore,2024-04-10 03:39:38
718,Aarav,Mishra,aarav.mishra718@example.com,Ahmedabad,2025-03-26 09:15:22
719,Rahul,Bose,rahul.bose719@example.com,Mumbai,2024-09-25 02:05:36
720,Rahul,Saxena,rahul.saxena720@example.com,Jaipur,2024-06-07 00:32:16
721,Ananya,Iyer,ananya.iyer721@example.com,Jaipur,2025-04-01 20:56:29
722,Aarav,Banerjee,aarav.banerjee722@example.com,Jaipur,2024-12-19 19:27:51
723,Aditya,Nair,aditya.nair723@example.com,Chandigarh,2024-04-09 19:50:04
724,Suresh,Verma,suresh.verma724@example.com,Pune,2024-04-21 16:57:53
725,Aditya,Kumar,aditya.kumar725@example.com,Chennai,2024-01-16 12:11:47
726,Karan,Bhat,karan.bhat726@example.com,Surat,2024-02-03 13:52:44
727,Sneha,Nair,sneha.nair727@example.com,Bangalore,2025-03-03 12:39:01
728,Rajesh,Pandey,rajesh.pandey728@example.com,Jaipur,2024-11-09 04:15:21
729,Rahul,Chopra,rahul.chopra729@example.com,Delhi,2024-03-13 02:03:17
730,Suresh,Gupta,suresh.gupta730@example.com,Kolkata,2025-03-26 23:20:52
731,Karan,Rao,karan.rao731@example.com,Pune,2024-04-27 11:20:26
732,Vikram,Patel,vikram.patel732@example.com,Ahmedabad,2025-04-27 16:00:56
733,Rajesh,Gupta,rajesh.gupta733@example.com,Mumbai,2025-04-16 17:55:34
734,Divya,Bhat,divya.bhat734@example.com,Mumbai,2024-06-25 05:42:09
735,Sunita,Pandey,sunita.pandey735@example.com,Pune,2024-12-07 19:36:36
736,Aditya,Rao,aditya.rao736@example.com,Hyderabad,2024-08-02 19:23:26
737,Priya,Bhat,priya.bhat737@example.com,Delhi,2025-01-14 21:13:22
738,Aditya,Banerjee,aditya.banerjee738@example.com,Pune,2024-09-14 15:44:58
739,Aditya,Saxena,aditya.saxena739@example.com,Mumbai,2024-11-22 09:46:17
740,Deepa,Joshi,deepa.joshi740@example.com,Delhi,2024-11-18 04:05:41
741,Divya,Pandey,divya.pandey741@example.com,Chandigarh,2024-08-31 12:06:12
742,Divya,Mishra,divya.mishra742@example.com,Delhi,2025-01-11 15:26:05
743,Rohan,Banerjee,rohan.banerjee743@example.com,Lucknow,2025-01-22 19:54:05
744,Vikram,Saxena,vikram.saxena744@example.com,Ahmedabad,2024-04-04 09:46:25
745,Rahul,Bose,rahul.bose745@example.com,Pune,2025-05-03 14:17:20
746,Sunita,Nair,sunita.nair746@example.com,Hyderabad,2025-03-03 13:55:13
747,Manish,Bhat,manish.bhat747@example.com,Kolkata,2024-12-06 14:58:50
748,Pooja,Iyer,pooja.iyer748@example.com,Bangalore,2024-10-29 15:15:20
749,Manish,Sharma,manish.sharma749@example.com,Chandigarh,2024-05-16 17:16:31
750,Ananya,Iyer,ananya.iyer750@example.com,Kolkata,2025-03-17 13:55:59
751,Karan,Sharma,karan.sharma751@example.com,Lucknow,2025-04-29 09:12:42
752,Ananya,Joshi,ananya.joshi752@example.com,Hyderabad,2024-07-03 05:20:27
753,Manish,Gupta,manish.gupta753@example.com,Lucknow,2025-05-08 10:44:55
754,Rahul,Patel,rahul.patel754@example.com,Pune,2024-01-24 12:18:02
755,Amit,Mehta,amit.mehta755@example.com,Chandigarh,2025-04-27 10:43:36
756,Rohan,Mishra,rohan.mishra756@example.com,Delhi,2025-01-30 08:40:06
757,Aarav,Sharma,aarav.sharma757@example.com,Mumbai,2025-03-06 18:50:23
758,Rajesh,Saxena,rajesh.saxena758@example.com,Kolkata,2024-03-15 02:06:06
759,Aditya,Das,aditya.das759@example.com,Kolkata,2024-11-18 14:33:41
760,Amit,Iyer,amit.iyer760@example.com,Chennai,2024-02-13 15:12:45
761,Pooja,Sharma,pooja.sharma761@example.com,Chennai,2024-11-08 21:30:17
762,Rohan,Sharma,rohan.sharma762@example.com,Mumbai,2024-04-30 04:09:19
763,Ananya,Chopra,ananya.chopra763@example.com,Kolkata,2024-03-25 20:45:47
764,Aditya,Bose,aditya.bose764@example.com,Surat,2025-05-10 04:58:16
765,Rajesh,Mishra,rajesh.mishra765@example.com,Pune,2025-01-22 00:36:24
766,Rajesh,Joshi,rajesh.joshi766@example.com,Jaipur,2024-06-29 19:52:51
767,Pooja,Kumar,pooja.kumar767@example.com,Chandigarh,2024-04-03 08:43:17
768,Aditya,Nair,aditya.nair768@example.com,Jaipur,2024-07-26 23:56:52
769,Rajesh,Bhat,rajesh.bhat769@example.com,Mumbai,2025-02-09 21:33:01
770,Divya,Gupta,divya.gupta770@example.com,Ahmedabad,2024-08-21 17:35:08
771,Manish,Patel,manish.patel771@example.com,Chandigarh,2024-12-02 04:23:32
772,Neha,Kumar,neha.kumar772@example.com,Mumbai,2025-05-04 03:29:35
773,Vikram,Reddy,vikram.reddy773@example.com,Chennai,2024-03-04 08:56:52
774,Ananya,Bose,ananya.bose774@example.com,Hyderabad,2025-05-10 23:15:20
775,Sneha,Mishra,sneha.mishra775@example.com,Chandigarh,2024-02-20 15:12:14
776,Rohan,Bhat,rohan.bhat776@example.com,Ahmedabad,2024-10-23 16:22:22
777,Priya,Bose,priya.bose777@example.com,Bangalore,2024-04-26 07:18:55
778,Suresh,Joshi,suresh.joshi778@example.com,Jaipur,2024-10-01 01:39:23
779,Karan,Rao,karan.rao779@example.com,Delhi,2024-09-24 16:56:44
780,Manish,Sharma,manish.sharma780@example.com,Delhi,2024-08-03 07:59:01
781,Sanya,Iyer,sanya.iyer781@example.com,Bangalore,2025-04-24 17:10:14
782,Manish,Kumar,manish.kumar782@example.com,Ahmedabad,2024-07-12 11:35:27
783,Neha,Banerjee,neha.banerjee783@example.com,Delhi,2024-03-25 19:27:44
784,Vikram,Nair,vikram.nair784@example.com,Pune,2024-08-24 22:14:24
785,Manish,Patel,manish.patel785@example.com,Surat,2024-12-11 09:14:29
786,Rajesh,Bose,rajesh.bose786@example.com,Ahmedabad,2024-05-04 13:35:54
787,Vikram,Iyer,vikram.iyer787@example.com,Jaipur,2025-05-01 19:06:28
788,Rajesh,Banerjee,rajesh.banerjee788@example.com,Chandigarh,2024-01-08 12:37:33
789,Rahul,Pandey,rahul.pandey789@example.com,Pune,2025-03-17 02:43:37
790,Amit,Das,amit.das790@example.com,Mumbai,2024-07-20 12:45:30
791,Sunita,Reddy,sunita.reddy791@example.com,Kolkata,2025-02-03 05:10:51
792,Amit,Banerjee,amit.banerjee792@example.com,Hyderabad,2024-05-06 23:00:11
793,Kavita,Joshi,kavita.joshi793@example.com,Hyderabad,2024-10-17 15:06:40
794,Rahul,Banerjee,rahul.banerjee794@example.com,Kolkata,2024-02-17 09:33:52
795,Ananya,Joshi,ananya.joshi795@example.com,Ahmedabad,2025-02-08 12:58:21
796,Rahul,Sharma,rahul.sharma796@example.com,Bangalore,2024-02-06 09:34:38
797,Amit,Verma,amit.verma797@example.com,Jaipur,2024-05-03 12:51:54
798,Manish,Gupta,manish.gupta798@example.com,Chennai,2024-02-13 23:54:22
799,Priya,Mishra,priya.mishra799@example.com,Hyderabad,2024-10-19 15:17:13
800,Neha,Das,neha.das800@example.com,Jaipur,2025-01-12 07:10:14
801,Aditya,Gupta,aditya.gupta801@example.com,Chandigarh,2024-02-18 09:57:28
802,Rahul,Banerjee,rahul.banerjee802@example.com,Mumbai,2024-01-14 01:10:14
803,Amit,Verma,amit.verma803@example.com,Pune,2024-01-25 08:32:12
804,Aditya,Reddy,aditya.reddy804@example.com,Ahmedabad,2025-04-18 00:17:46
805,Sanya,Kumar,sanya.kumar805@example.com,Kolkata,2025-02-01 05:52:25
806,Deepa,Verma,deepa.verma806@example.com,Mumbai,2024-08-31 11:15:38
807,Deepa,Mishra,deepa.mishra807@example.com,Ahmedabad,2024-08-24 01:01:14
808,Rahul,Singh,rahul.singh808@example.com,Pune,2024-05-22 13:07:17
809,Divya,Singh,divya.singh809@example.com,Lucknow,2025-04-24 19:56:05
810,Sunita,Pandey,sunita.pandey810@example.com,Chennai,2024-01-19 20:00:59
811,Aarav,Pandey,aarav.pandey811@example.com,Chandigarh,2025-03-24 01:36:22
812,Amit,Pandey,amit.pandey812@example.com,Chennai,2024-02-28 09:30:07
813,Priya,Nair,priya.nair813@example.com,Surat,2024-03-11 08:10:58
814,Divya,Iyer,divya.iyer814@example.com,Ahmedabad,2024-06-23 12:01:03
815,Ananya,Gupta,ananya.gupta815@example.com,Delhi,2024-06-03 13:13:05
816,Ananya,Patel,ananya.patel816@example.com,Chandigarh,2024-11-25 17:55:56
817,Ananya,Banerjee,ananya.banerjee817@example.com,Bangalore,2024-05-14 14:57:40
818,Manish,Joshi,manish.joshi818@example.com,Kolkata,2025-05-02 04:17:17
819,Aarav,Chopra,aarav.chopra819@example.com,Chandigarh,2025-01-12 01:31:02
820,Karan,Rao,karan.rao820@example.com,Chandigarh,2024-08-24 10:45:08
821,Aditya,Nair,aditya.nair821@example.com,Mumbai,2025-01-31 18:49:53
822,Vikram,Banerjee,vikram.banerjee822@example.com,Surat,2024-08-30 07:36:39
823,Amit,Patel,amit.patel823@example.com,Bangalore,2025-04-02 18:07:30
824,Amit,Joshi,amit.joshi824@example.com,Chennai,2024-04-12 04:16:32
825,Priya,Pandey,priya.pandey825@example.com,Lucknow,2025-02-17 20:11:30
826,Divya,Gupta,divya.gupta826@example.com,Bangalore,2024-03-25 09:42:48
827,Kavita,Sharma,kavita.sharma827@example.com,Chandigarh,2024-03-26 06:11:29
828,Deepa,Bose,deepa.bose828@example.com,Chandigarh,2025-02-04 06:22:08
829,Pooja,Gupta,pooja.gupta829@example.com,Jaipur,2025-02-08 17:47:14
830,Amit,Saxena,amit.saxena830@example.com,Kolkata,2024-03-23 23:06:47
831,Vikram,Banerjee,vikram.banerjee831@example.com,Chennai,2024-06-18 22:08:00
832,Vikram,Saxena,vikram.saxena832@example.com,Bangalore,2024-01-23 00:18:07
833,Kavita,Nair,kavita.nair833@example.com,Kolkata,2024-07-07 02:37:06
834,Sneha,Gupta,sneha.gupta834@example.com,Jaipur,2024-10-21 16:00:06
835,Sneha,Patel,sneha.patel835@example.com,Ahmedabad,2024-06-07 09:01:48
836,Amit,Patel,amit.patel836@example.com,Lucknow,2024-07-11 20:14:30
837,Priya,Mishra,priya.mishra837@example.com,Surat,2024-02-04 10:56:08
838,Rahul,Kumar,rahul.kumar838@example.com,Hyderabad,2025-01-14 02:29:13
839,Sanya,Reddy,sanya.reddy839@example.com,Kolkata,2025-02-03 06:49:58
840,Aditya,Chopra,aditya.chopra840@example.com,Chandigarh,2024-12-30 17:21:09
841,Sneha,Verma,sneha.verma841@example.com,Kolkata,2025-03-15 02:00:52
842,Priya,Banerjee,priya.banerjee842@example.com,Kolkata,2025-05-13 16:26:18
843,Sanya,Patel,sanya.patel843@example.com,Chandigarh,2024-07-22 11:31:47
844,Sunita,Verma,sunita.verma844@example.com,Delhi,2024-05-17 12:05:28
845,Sanya,Rao,sanya.rao845@example.com,Pune,2024-03-02 07:34:49
846,Pooja,Gupta,pooja.gupta846@example.com,Jaipur,2024-01-21 03:31:08
847,Suresh,Pandey,suresh.pandey847@example.com,Chennai,2024-02-24 16:08:51
848,Vikram,Iyer,vikram.iyer848@example.com,Ahmedabad,2024-08-29 08:47:37
849,Aditya,Kumar,aditya.kumar849@example.com,Hyderabad,2024-04-03 14:39:39
850,Neha,Chopra,neha.chopra850@example.com,Jaipur,2024-10-22 22:00:41
851,Karan,Saxena,karan.saxena851@example.com,Mumbai,2025-01-26 10:36:51
852,Deepa,Verma,deepa.verma852@example.com,Ahmedabad,2024-05-04 06:55:13
853,Amit,Rao,amit.rao853@example.com,Ahmedabad,2024-06-07 11:41:52
854,Divya,Kumar,divya.kumar854@example.com,Chandigarh,2024-07-21 23:34:55
855,Aditya,Sharma,aditya.sharma855@example.com,Chennai,2024-08-08 03:33:22
856,Rahul,Banerjee,rahul.banerjee856@example.com,Pune,2024-09-27 10:45:02
857,Rajesh,Rao,rajesh.rao857@example.com,Hyderabad,2024-05-19 01:10:04
858,Manish,Bhat,manish.bhat858@example.com,Chandigarh,2024-08-30 12:46:30
859,Amit,Mehta,amit.mehta859@example.com,Ahmedabad,2024-09-20 16:19:34
860,Neha,Gupta,neha.gupta860@example.com,Pune,2024-07-03 13:19:26
861,Rahul,Gupta,rahul.gupta861@example.com,Hyderabad,2024-01-24 02:25:40
862,Aditya,Saxena,aditya.saxena862@example.com,Kolkata,2024-07-16 03:49:40
863,Suresh,Das,suresh.das863@example.com,Delhi,2025-03-08 14:30:48
864,Ananya,Patel,ananya.patel864@example.com,Kolkata,2024-12-06 02:01:34
865,Aditya,Verma,aditya.verma865@example.com,Chandigarh,2025-03-12 02:35:11
866,Divya,Bhat,divya.bhat866@example.com,Chennai,2024-09-08 13:28:35
867,Sneha,Rao,sneha.rao867@example.com,Chandigarh,2024-07-17 15:11:42
868,Deepa,Singh,deepa.singh868@example.com,Hyderabad,2024-09-22 05:37:08
869,Rohan,Banerjee,rohan.banerjee869@example.com,Chennai,2024-03-28 10:35:59
870,Rohan,Sharma,rohan.sharma870@example.com,Chandigarh,2024-12-05 16:21:39
871,Neha,Verma,neha.verma871@example.com,Pune,2024-08-30 22:38:37
872,Rahul,Mehta,rahul.mehta872@example.com,Chandigarh,2024-09-11 00:18:34
873,Aarav,Gupta,aarav.gupta873@example.com,Hyderabad,2024-05-11 16:39:26
874,Aditya,Pandey,aditya.pandey874@example.com,Lucknow,2025-02-13 14:56:07
875,Kavita,Banerjee,kavita.banerjee875@example.com,Lucknow,2024-12-23 00:08:54
876,Ananya,Banerjee,ananya.banerjee876@example.com,Delhi,2024-08-21 01:03:34
877,Kavita,Iyer,kavita.iyer877@example.com,Mumbai,2024-10-08 11:41:53
878,Amit,Chopra,amit.chopra878@example.com,Kolkata,2024-08-03 12:36:32
879,Aarav,Nair,aarav.nair879@example.com,Mumbai,2024-03-23 16:20:23
880,Kavita,Mehta,kavita.mehta880@example.com,Chennai,2024-04-23 13:28:26
881,Sanya,Iyer,sanya.iyer881@example.com,Delhi,2025-04-24 10:17:24
882,Suresh,Kumar,suresh.kumar882@example.com,Mumbai,2024-03-06 10:58:08
883,Sanya,Chopra,sanya.chopra883@example.com,Jaipur,2025-05-14 01:49:57
884,Rajesh,Sharma,rajesh.sharma884@example.com,Pune,2024-10-24 22:30:40
885,Priya,Verma,priya.verma885@example.com,Mumbai,2024-06-14 10:55:06
886,Deepa,Bose,deepa.bose886@example.com,Surat,2024-05-30 22:37:21
887,Aditya,Mishra,aditya.mishra887@example.com,Surat,2024-02-28 01:27:39
888,Sunita,Kumar,sunita.kumar888@example.com,Bangalore,2025-02-10 03:13:53
889,Rohan,Saxena,rohan.saxena889@example.com,Kolkata,2024-05-29 17:08:56
890,Sneha,Kumar,sneha.kumar890@example.com,Delhi,2024-07-02 23:04:53
891,Deepa,Singh,deepa.singh891@example.com,Pune,2024-02-18 16:34:08
892,Aarav,Bose,aarav.bose892@example.com,Delhi,2024-10-26 08:54:39
893,Sunita,Reddy,sunita.reddy893@example.com,Lucknow,2024-03-26 20:55:45
894,Suresh,Joshi,suresh.joshi894@example.com,Delhi,2024-10-28 22:45:14
895,Rahul,Gupta,rahul.gupta895@example.com,Jaipur,2025-04-11 13:49:48
896,Manish,Iyer,manish.iyer896@example.com,Hyderabad,2024-07-14 04:06:36
897,Vikram,Joshi,vikram.joshi897@example.com,Chandigarh,2024-07-19 21:56:21
898,Deepa,Banerjee,deepa.banerjee898@example.com,Pune,2025-02-18 00:10:20
899,Karan,Gupta,karan.gupta899@example.com,Lucknow,2024-09-16 12:08:53
900,Karan,Saxena,karan.saxena900@example.com,Chennai,2024-10-15 21:52:22
901,Priya,Reddy,priya.reddy901@example.com,Chennai,2025-03-29 19:32:32
902,Vikram,Sharma,vikram.sharma902@example.com,Kolkata,2024-07-15 18:26:03
903,Neha,Verma,neha.verma903@example.com,Hyderabad,2024-03-27 01:28:00
904,Manish,Mehta,manish.mehta904@example.com,Chandigarh,2024-10-16 14:51:12
905,Ananya,Rao,ananya.rao905@example.com,Mumbai,2024-08-22 09:50:06
906,Kavita,Das,kavita.das906@example.com,Mumbai,2025-02-12 14:08:12
907,Pooja,Patel,pooja.patel907@example.com,Pune,2024-05-07 20:02:33
908,Rahul,Verma,rahul.verma908@example.com,Surat,2024-06-03 01:39:18
909,Manish,Chopra,manish.chopra909@example.com,Jaipur,2024-06-17 21:08:03
910,Kavita,Reddy,kavita.reddy910@example.com,Ahmedabad,2024-02-24 11:50:34
911,Aarav,Chopra,aarav.chopra911@example.com,Ahmedabad,2024-07-04 22:11:08
912,Ananya,Joshi,ananya.joshi912@example.com,Hyderabad,2024-07-04 16:36:41
913,Suresh,Bhat,suresh.bhat913@example.com,Jaipur,2024-03-14 17:07:13
914,Aarav,Das,aarav.das914@example.com,Surat,2024-01-21 06:06:20
915,Priya,Bose,priya.bose915@example.com,Bangalore,2024-04-24 16:19:48
916,Aditya,Reddy,aditya.reddy916@example.com,Mumbai,2025-02-13 20:55:15
917,Sunita,Joshi,sunita.joshi917@example.com,Kolkata,2025-05-02 07:26:18
918,Sanya,Bose,sanya.bose918@example.com,Pune,2024-06-12 11:33:41
919,Vikram,Bhat,vikram.bhat919@example.com,Lucknow,2024-10-23 07:06:27
920,Amit,Bhat,amit.bhat920@example.com,Pune,2024-02-11 01:20:10
921,Aditya,Nair,aditya.nair921@example.com,Jaipur,2024-09-02 21:53:47
922,Deepa,Bose,deepa.bose922@example.com,Hyderabad,2024-07-29 19:38:32
923,Priya,Nair,priya.nair923@example.com,Mumbai,2025-05-09 08:57:40
924,Manish,Reddy,manish.reddy924@example.com,Lucknow,2024-05-25 01:02:33
925,Aditya,Mishra,aditya.mishra925@example.com,Jaipur,2025-02-28 05:58:31
926,Pooja,Iyer,pooja.iyer926@example.com,Bangalore,2024-02-18 19:45:39
927,Divya,Bhat,divya.bhat927@example.com,Delhi,2025-02-24 20:23:40
928,Manish,Verma,manish.verma928@example.com,Delhi,2024-07-03 07:49:30
929,Kavita,Gupta,kavita.gupta929@example.com,Kolkata,2024-01-18 02:10:29
930,Priya,Mehta,priya.mehta930@example.com,Chandigarh,2024-05-24 05:09:13
931,Suresh,Rao,suresh.rao931@example.com,Hyderabad,2024-03-31 13:52:09
932,Manish,Joshi,manish.joshi932@example.com,Kolkata,2025-02-15 17:12:49
933,Rajesh,Singh,rajesh.singh933@example.com,Pune,2024-09-05 20:50:58
934,Vikram,Chopra,vikram.chopra934@example.com,Lucknow,2024-11-25 17:27:16
935,Suresh,Mehta,suresh.mehta935@example.com,Ahmedabad,2024-08-07 11:28:51
936,Aarav,Joshi,aarav.joshi936@example.com,Pune,2025-03-28 04:34:37
937,Pooja,Rao,pooja.rao937@example.com,Chennai,2024-12-07 10:22:05
938,Neha,Mehta,neha.mehta938@example.com,Bangalore,2024-01-19 20:32:30
939,Ananya,Iyer,ananya.iyer939@example.com,Delhi,2024-03-13 07:34:43
940,Sneha,Kumar,sneha.kumar940@example.com,Jaipur,2024-07-28 08:00:00
941,Priya,Gupta,priya.gupta941@example.com,Kolkata,2024-02-21 05:07:59
942,Suresh,Rao,suresh.rao942@example.com,Kolkata,2024-05-15 11:53:09
943,Vikram,Gupta,vikram.gupta943@example.com,Pune,2024-08-30 10:56:16
944,Deepa,Joshi,deepa.joshi944@example.com,Chandigarh,2024-09-19 08:36:37
945,Divya,Rao,divya.rao945@example.com,Surat,2024-04-24 15:25:46
946,Karan,Iyer,karan.iyer946@example.com,Hyderabad,2024-04-21 07:46:34
947,Rohan,Rao,rohan.rao947@example.com,Chennai,2024-04-04 03:14:04
948,Amit,Patel,amit.patel948@example.com,Delhi,2025-02-13 22:44:49
949,Neha,Mishra,neha.mishra949@example.com,Chandigarh,2024-03-06 00:11:06
950,Divya,Iyer,divya.iyer950@example.com,Chennai,2024-04-20 11:03:21
951,Amit,Kumar,amit.kumar951@example.com,Surat,2024-12-05 08:21:29
952,Sanya,Kumar,sanya.kumar952@example.com,Chandigarh,2024-11-16 09:43:39
953,Pooja,Gupta,pooja.gupta953@example.com,Bangalore,2024-01-19 02:40:50
954,Pooja,Pandey,pooja.pandey954@example.com,Surat,2024-11-19 22:40:26
955,Deepa,Mehta,deepa.mehta955@example.com,Mumbai,2024-04-25 08:34:05
956,Rahul,Verma,rahul.verma956@example.com,Delhi,2025-02-08 05:17:23
957,Divya,Singh,divya.singh957@example.com,Chennai,2024-11-04 15:41:24
958,Priya,Patel,priya.patel958@example.com,Ahmedabad,2024-09-07 13:26:03
959,Karan,Chopra,karan.chopra959@example.com,Jaipur,2025-01-13 02:36:13
960,Sanya,Das,sanya.das960@example.com,Delhi,2025-02-03 00:45:18
961,Kavita,Patel,kavita.patel961@example.com,Ahmedabad,2024-11-03 20:09:23
962,Amit,Chopra,amit.chopra962@example.com,Chandigarh,2024-11-25 10:22:44
963,Ananya,Verma,ananya.verma963@example.com,Chennai,2024-06-16 14:16:58
964,Suresh,Chopra,suresh.chopra964@example.com,Lucknow,2024-11-20 22:00:58
965,Neha,Singh,neha.singh965@example.com,Lucknow,2024-01-22 02:02:24
966,Aditya,Mehta,aditya.mehta966@example.com,Chennai,2025-04-10 12:00:28
967,Aditya,Bose,aditya.bose967@example.com,Delhi,2024-10-08 06:03:22
968,Priya,Bhat,priya.bhat968@example.com,Ahmedabad,2024-06-10 22:05:52
969,Rajesh,Saxena,rajesh.saxena969@example.com,Lucknow,2025-03-02 03:20:32
970,Ananya,Bhat,ananya.bhat970@example.com,Kolkata,2024-07-16 19:29:13
971,Aarav,Chopra,aarav.chopra971@example.com,Ahmedabad,2025-05-07 13:20:26
972,Rajesh,Bose,rajesh.bose972@example.com,Mumbai,2024-10-18 13:54:49
973,Amit,Patel,amit.patel973@example.com,Ahmedabad,2024-08-28 01:00:13
974,Rohan,Pandey,rohan.pandey974@example.com,Ahmedabad,2024-11-23 16:39:08
975,Suresh,Joshi,suresh.joshi975@example.com,Bangalore,2024-04-22 08:15:34
976,Priya,Iyer,priya.iyer976@example.com,Hyderabad,2024-07-09 23:59:38
977,Kavita,Mishra,kavita.mishra977@example.com,Delhi,2024-06-01 19:16:51
978,Deepa,Pandey,deepa.pandey978@example.com,Delhi,2024-01-20 17:27:40
979,Rohan,Pandey,rohan.pandey979@example.com,Pune,2024-03-14 02:53:51
980,Rohan,Joshi,rohan.joshi980@example.com,Pune,2024-02-07 00:12:05
981,Pooja,Das,pooja.das981@example.com,Surat,2024-05-10 02:35:12
982,Rajesh,Kumar,rajesh.kumar982@example.com,Chandigarh,2024-11-12 22:02:14
983,Rohan,Saxena,rohan.saxena983@example.com,Chandigarh,2025-01-23 19:22:34
984,Aarav,Reddy,aarav.reddy984@example.com,Jaipur,2024-07-02 13:49:22
985,Divya,Joshi,divya.joshi985@example.com,Lucknow,2025-03-18 17:14:46
986,Suresh,Banerjee,suresh.banerjee986@example.com,Kolkata,2024-11-13 13:29:03
987,Manish,Nair,manish.nair987@example.com,Kolkata,2024-01-11 22:05:48
988,Aarav,Reddy,aarav.reddy988@example.com,Ahmedabad,2024-05-25 23:47:17
989,Vikram,Kumar,vikram.kumar989@example.com,Jaipur,2024-12-29 00:37:38
990,Suresh,Rao,suresh.rao990@example.com,Ahmedabad,2024-10-27 20:58:03
991,Rajesh,Das,rajesh.das991@example.com,Hyderabad,2025-05-07 15:25:06
992,Rajesh,Nair,rajesh.nair992@example.com,Ahmedabad,2024-10-15 13:13:01
993,Neha,Patel,neha.patel993@example.com,Delhi,2024-04-18 23:50:20
994,Aditya,Bose,aditya.bose994@example.com,Hyderabad,2025-04-12 01:21:29
995,Amit,Singh,amit.singh995@example.com,Hyderabad,2025-03-16 06:50:12
996,Divya,Patel,divya.patel996@example.com,Delhi,2024-07-24 16:40:08
997,Suresh,Bose,suresh.bose997@example.com,Ahmedabad,2024-04-22 17:48:32
998,Sunita,Joshi,sunita.joshi998@example.com,Pune,2024-09-08 22:27:44
999,Aditya,Banerjee,aditya.banerjee999@example.com,Jaipur,2024-03-10 21:14:05
1000,Aarav,Gupta,aarav.gupta1000@example.com,Chennai,2024-07-10 19:40:16
1001,Amit,Das,amit.das1001@example.com,Pune,2025-05-06 19:31:11
1002,Pooja,Bhat,pooja.bhat1002@example.com,Jaipur,2024-08-15 18:05:24
1003,Rahul,Das,rahul.das1003@example.com,Ahmedabad,2024-05-20 12:15:13
1004,Divya,Bhat,divya.bhat1004@example.com,Mumbai,2024-04-25 22:12:02
1005,Priya,Chopra,priya.chopra1005@example.com,Chennai,2024-05-29 12:15:07
1006,Manish,Verma,manish.verma1006@example.com,Delhi,2024-06-18 13:07:49
1007,Aarav,Chopra,aarav.chopra1007@example.com,Surat,2025-04-14 18:00:17
1008,Rohan,Singh,rohan.singh1008@example.com,Pune,2024-11-05 04:22:14
1009,Rajesh,Joshi,rajesh.joshi1009@example.com,Chandigarh,2025-01-10 23:03:49
1010,Ananya,Pandey,ananya.pandey1010@example.com,Surat,2024-10-03 15:51:30
1011,Aarav,Saxena,aarav.saxena1011@example.com,Hyderabad,2024-05-01 01:19:16
1012,Deepa,Das,deepa.das1012@example.com,Ahmedabad,2025-03-04 14:59:05
1013,Vikram,Patel,vikram.patel1013@example.com,Mumbai,2025-02-18 15:49:54
1014,Aarav,Kumar,aarav.kumar1014@example.com,Surat,2024-02-14 15:44:52
1015,Aditya,Gupta,aditya.gupta1015@example.com,Bangalore,2024-10-05 15:24:58
1016,Suresh,Singh,suresh.singh1016@example.com,Surat,2024-06-17 20:56:00
1017,Manish,Singh,manish.singh1017@example.com,Jaipur,2024-09-22 13:59:53
1018,Deepa,Bhat,deepa.bhat1018@example.com,Mumbai,2025-01-24 06:03:39
1019,Amit,Pandey,amit.pandey1019@example.com,Ahmedabad,2024-09-18 06:20:48
1020,Suresh,Patel,suresh.patel1020@example.com,Lucknow,2024-04-12 20:28:05
1021,Aarav,Sharma,aarav.sharma1021@example.com,Jaipur,2024-10-28 08:28:41
1022,Suresh,Saxena,suresh.saxena1022@example.com,Chandigarh,2024-11-08 01:54:44
1023,Sunita,Reddy,sunita.reddy1023@example.com,Chennai,2024-08-14 17:52:59
1024,Kavita,Pandey,kavita.pandey1024@example.com,Delhi,2024-08-19 00:31:19
1025,Neha,Chopra,neha.chopra1025@example.com,Chandigarh,2025-03-11 04:35:47
1026,Divya,Rao,divya.rao1026@example.com,Lucknow,2024-05-03 01:30:25
1027,Rajesh,Kumar,rajesh.kumar1027@example.com,Kolkata,2024-12-24 10:49:55
1028,Rohan,Chopra,rohan.chopra1028@example.com,Kolkata,2024-10-18 20:54:47
1029,Amit,Banerjee,amit.banerjee1029@example.com,Surat,2024-03-21 20:46:35
1030,Deepa,Mehta,deepa.mehta1030@example.com,Pune,2025-04-13 19:45:46
1031,Sanya,Sharma,sanya.sharma1031@example.com,Surat,2024-01-18 03:53:25
1032,Pooja,Chopra,pooja.chopra1032@example.com,Jaipur,2024-10-30 23:44:23
1033,Rajesh,Singh,rajesh.singh1033@example.com,Chennai,2024-01-01 10:26:22
1034,Suresh,Saxena,suresh.saxena1034@example.com,Surat,2024-05-15 19:25:35
1035,Sunita,Sharma,sunita.sharma1035@example.com,Bangalore,2024-08-18 09:24:46
1036,Priya,Verma,priya.verma1036@example.com,Ahmedabad,2025-04-18 09:09:57
1037,Rajesh,Chopra,rajesh.chopra1037@example.com,Delhi,2024-04-20 21:12:44
1038,Deepa,Reddy,deepa.reddy1038@example.com,Delhi,2025-03-21 15:34:13
1039,Pooja,Sharma,pooja.sharma1039@example.com,Hyderabad,2025-02-23 17:04:28
1040,Sneha,Sharma,sneha.sharma1040@example.com,Jaipur,2025-03-13 16:41:33
1041,Pooja,Saxena,pooja.saxena1041@example.com,Delhi,2024-11-30 07:35:43
1042,Suresh,Joshi,suresh.joshi1042@example.com,Chennai,2024-04-16 17:28:56
1043,Sneha,Nair,sneha.nair1043@example.com,Surat,2024-07-17 09:10:42
1044,Aarav,Iyer,aarav.iyer1044@example.com,Kolkata,2024-07-06 17:11:13
1045,Aditya,Bhat,aditya.bhat1045@example.com,Mumbai,2024-12-18 21:13:16
1046,Deepa,Nair,deepa.nair1046@example.com,Chandigarh,2024-05-15 09:36:25
1047,Suresh,Chopra,suresh.chopra1047@example.com,Chandigarh,2024-02-21 21:20:36
1048,Amit,Kumar,amit.kumar1048@example.com,Kolkata,2024-08-06 15:18:00
1049,Ananya,Reddy,ananya.reddy1049@example.com,Pune,2024-03-04 17:48:07
1050,Sunita,Nair,sunita.nair1050@example.com,Chennai,2024-12-10 19:14:34
1051,Sanya,Iyer,sanya.iyer1051@example.com,Bangalore,2024-12-30 21:39:11
1052,Rahul,Mehta,rahul.mehta1052@example.com,Kolkata,2024-02-21 13:07:41
1053,Priya,Das,priya.das1053@example.com,Chandigarh,2025-02-17 20:49:57
1054,Amit,Patel,amit.patel1054@example.com,Pune,2025-04-18 17:36:59
1055,Rahul,Chopra,rahul.chopra1055@example.com,Kolkata,2025-02-01 05:54:41
1056,Kavita,Pandey,kavita.pandey1056@example.com,Lucknow,2025-02-09 03:06:34
1057,Priya,Chopra,priya.chopra1057@example.com,Ahmedabad,2024-11-07 04:47:17
1058,Sunita,Pandey,sunita.pandey1058@example.com,Lucknow,2024-09-28 18:23:55
1059,Kavita,Pandey,kavita.pandey1059@example.com,Chandigarh,2025-05-02 02:07:41
1060,Karan,Banerjee,karan.banerjee1060@example.com,Chandigarh,2025-03-27 22:48:43
1061,Manish,Patel,manish.patel1061@example.com,Mumbai,2024-03-02 16:39:13
1062,Amit,Iyer,amit.iyer1062@example.com,Pune,2024-01-16 11:17:37
1063,Rahul,Saxena,rahul.saxena1063@example.com,Mumbai,2024-05-11 22:21:15
1064,Aditya,Gupta,aditya.gupta1064@example.com,Hyderabad,2024-04-18 01:59:24
1065,Amit,Bhat,amit.bhat1065@example.com,Chandigarh,2024-02-15 10:01:42
1066,Amit,Joshi,amit.joshi1066@example.com,Kolkata,2024-09-17 16:58:18
1067,Karan,Reddy,karan.reddy1067@example.com,Chennai,2024-12-31 09:14:03
1068,Rohan,Pandey,rohan.pandey1068@example.com,Pune,2024-07-07 06:25:17
1069,Neha,Verma,neha.verma1069@example.com,Lucknow,2024-03-25 12:12:18
1070,Vikram,Singh,vikram.singh1070@example.com,Ahmedabad,2025-02-28 14:56:51
1071,Sneha,Reddy,sneha.reddy1071@example.com,Delhi,2024-05-22 14:59:41
1072,Sunita,Kumar,sunita.kumar1072@example.com,Jaipur,2024-10-09 12:09:34
1073,Kavita,Banerjee,kavita.banerjee1073@example.com,Lucknow,2025-01-25 20:32:51
1074,Suresh,Banerjee,suresh.banerjee1074@example.com,Chennai,2025-03-25 10:58:02
1075,Sneha,Das,sneha.das1075@example.com,Pune,2025-05-09 14:13:06
1076,Priya,Singh,priya.singh1076@example.com,Kolkata,2024-04-18 08:46:04
1077,Aarav,Reddy,aarav.reddy1077@example.com,Hyderabad,2024-06-25 16:37:09
1078,Kavita,Gupta,kavita.gupta1078@example.com,Lucknow,2024-03-14 10:09:06
1079,Sunita,Mishra,sunita.mishra1079@example.com,Mumbai,2024-01-08 19:04:21
1080,Pooja,Bhat,pooja.bhat1080@example.com,Lucknow,2025-01-12 10:31:33
1081,Rajesh,Mishra,rajesh.mishra1081@example.com,Chandigarh,2024-05-30 11:55:39
1082,Amit,Iyer,amit.iyer1082@example.com,Kolkata,2025-04-10 18:08:52
1083,Ananya,Saxena,ananya.saxena1083@example.com,Ahmedabad,2024-04-13 03:12:55
1084,Sneha,Bose,sneha.bose1084@example.com,Delhi,2025-03-09 00:25:08
1085,Priya,Nair,priya.nair1085@example.com,Mumbai,2025-02-25 09:13:55
1086,Deepa,Chopra,deepa.chopra1086@example.com,Hyderabad,2024-09-18 11:32:18
1087,Ananya,Bhat,ananya.bhat1087@example.com,Jaipur,2024-05-09 11:25:39
1088,Rahul,Bose,rahul.bose1088@example.com,Surat,2025-03-16 23:16:26
1089,Manish,Reddy,manish.reddy1089@example.com,Surat,2024-11-13 18:34:19
1090,Divya,Singh,divya.singh1090@example.com,Lucknow,2025-05-01 05:34:30
1091,Aditya,Banerjee,aditya.banerjee1091@example.com,Surat,2024-07-10 23:23:48
1092,Neha,Das,neha.das1092@example.com,Pune,2024-10-07 05:23:32
1093,Rahul,Joshi,rahul.joshi1093@example.com,Ahmedabad,2025-02-22 06:32:16
1094,Sunita,Gupta,sunita.gupta1094@example.com,Lucknow,2025-03-23 06:42:32
1095,Manish,Patel,manish.patel1095@example.com,Hyderabad,2024-04-26 22:08:17
1096,Amit,Saxena,amit.saxena1096@example.com,Mumbai,2024-07-14 00:21:48
1097,Sneha,Bhat,sneha.bhat1097@example.com,Chandigarh,2024-11-08 13:21:02
1098,Manish,Gupta,manish.gupta1098@example.com,Pune,2024-10-26 04:16:01
1099,Rohan,Verma,rohan.verma1099@example.com,Delhi,2024-03-07 09:27:04
1100,Rahul,Bhat,rahul.bhat1100@example.com,Bangalore,2025-02-10 11:29:16
1101,Karan,Chopra,karan.chopra1101@example.com,Pune,2024-02-07 01:26:15
1102,Vikram,Iyer,vikram.iyer1102@example.com,Surat,2024-07-16 13:26:35
1103,Vikram,Mehta,vikram.mehta1103@example.com,Chennai,2025-04-16 21:31:48
1104,Divya,Gupta,divya.gupta1104@example.com,Chennai,2024-11-18 19:01:59
1105,Manish,Reddy,manish.reddy1105@example.com,Hyderabad,2024-01-01 11:11:16
1106,Pooja,Bhat,pooja.bhat1106@example.com,Chandigarh,2024-12-08 17:02:01
1107,Sanya,Mehta,sanya.mehta1107@example.com,Bangalore,2024-09-20 05:59:27
1108,Neha,Patel,neha.patel1108@example.com,Pune,2024-10-23 14:42:02
1109,Rohan,Singh,rohan.singh1109@example.com,Bangalore,2024-08-14 06:29:05
1110,Sanya,Gupta,sanya.gupta1110@example.com,Kolkata,2024-12-17 20:56:11
1111,Suresh,Mehta,suresh.mehta1111@example.com,Mumbai,2025-04-28 07:22:11
1112,Deepa,Joshi,deepa.joshi1112@example.com,Kolkata,2024-12-19 23:11:00
1113,Rahul,Iyer,rahul.iyer1113@example.com,Delhi,2024-07-26 14:47:56
1114,Pooja,Patel,pooja.patel1114@example.com,Mumbai,2025-01-29 02:58:40
1115,Aarav,Reddy,aarav.reddy1115@example.com,Bangalore,2024-06-25 20:11:41
1116,Pooja,Sharma,pooja.sharma1116@example.com,Pune,2025-03-28 02:24:01
1117,Karan,Bhat,karan.bhat1117@example.com,Surat,2024-12-07 04:54:02
1118,Priya,Singh,priya.singh1118@example.com,Pune,2024-12-15 02:29:11
1119,Amit,Gupta,amit.gupta1119@example.com,Bangalore,2025-04-06 14:13:56
1120,Divya,Patel,divya.patel1120@example.com,Mumbai,2025-04-15 08:29:06
1121,Aarav,Saxena,aarav.saxena1121@example.com,Lucknow,2025-02-25 18:01:57
1122,Priya,Mishra,priya.mishra1122@example.com,Chandigarh,2024-01-01 21:55:47
1123,Rajesh,Sharma,rajesh.sharma1123@example.com,Surat,2025-01-06 04:19:01
1124,Amit,Kumar,amit.kumar1124@example.com,Lucknow,2024-05-21 15:33:43
1125,Sneha,Iyer,sneha.iyer1125@example.com,Ahmedabad,2024-09-01 01:16:37
1126,Vikram,Kumar,vikram.kumar1126@example.com,Chennai,2024-05-30 19:38:31
1127,Priya,Kumar,priya.kumar1127@example.com,Hyderabad,2025-03-21 03:31:17
1128,Rohan,Pandey,rohan.pandey1128@example.com,Hyderabad,2024-05-30 00:02:40
1129,Divya,Iyer,divya.iyer1129@example.com,Hyderabad,2024-01-17 05:59:06
1130,Priya,Reddy,priya.reddy1130@example.com,Chennai,2025-01-18 00:21:03
1131,Sneha,Joshi,sneha.joshi1131@example.com,Pune,2024-03-27 18:57:59
1132,Vikram,Banerjee,vikram.banerjee1132@example.com,Lucknow,2024-04-01 15:53:43
1133,Divya,Singh,divya.singh1133@example.com,Delhi,2025-03-13 20:39:51
1134,Sneha,Saxena,sneha.saxena1134@example.com,Surat,2024-12-07 14:20:27
1135,Karan,Bhat,karan.bhat1135@example.com,Surat,2024-06-02 14:00:34
1136,Sunita,Patel,sunita.patel1136@example.com,Kolkata,2025-02-20 13:26:42
1137,Sunita,Bhat,sunita.bhat1137@example.com,Lucknow,2024-12-04 01:06:40
1138,Pooja,Iyer,pooja.iyer1138@example.com,Jaipur,2024-05-11 17:58:14
1139,Neha,Bhat,neha.bhat1139@example.com,Jaipur,2024-12-15 01:43:36
1140,Aditya,Gupta,aditya.gupta1140@example.com,Kolkata,2024-03-15 11:42:42
1141,Sneha,Saxena,sneha.saxena1141@example.com,Ahmedabad,2025-04-08 13:09:27
1142,Divya,Banerjee,divya.banerjee1142@example.com,Hyderabad,2024-10-30 15:06:35
1143,Priya,Chopra,priya.chopra1143@example.com,Kolkata,2024-09-03 03:50:04
1144,Sunita,Iyer,sunita.iyer1144@example.com,Pune,2024-06-14 04:15:57
1145,Manish,Joshi,manish.joshi1145@example.com,Bangalore,2025-03-27 19:04:48
1146,Rahul,Patel,rahul.patel1146@example.com,Kolkata,2024-11-30 05:48:17
1147,Divya,Gupta,divya.gupta1147@example.com,Bangalore,2024-08-26 20:42:46
1148,Aditya,Pandey,aditya.pandey1148@example.com,Ahmedabad,2024-08-15 12:38:04
1149,Priya,Singh,priya.singh1149@example.com,Pune,2024-11-12 19:42:02
1150,Rahul,Nair,rahul.nair1150@example.com,Chennai,2024-03-12 13:12:02
1151,Sneha,Pandey,sneha.pandey1151@example.com,Kolkata,2024-12-26 03:56:52
1152,Sneha,Saxena,sneha.saxena1152@example.com,Pune,2024-05-06 17:29:05
1153,Aarav,Reddy,aarav.reddy1153@example.com,Ahmedabad,2024-04-30 06:05:50
1154,Rohan,Iyer,rohan.iyer1154@example.com,Pune,2024-06-18 21:59:40
1155,Karan,Pandey,karan.pandey1155@example.com,Ahmedabad,2025-01-10 01:48:11
1156,Ananya,Sharma,ananya.sharma1156@example.com,Pune,2025-01-23 19:08:35
1157,Suresh,Nair,suresh.nair1157@example.com,Pune,2024-03-27 18:26:45
1158,Neha,Mishra,neha.mishra1158@example.com,Delhi,2024-03-27 18:48:40
1159,Rahul,Banerjee,rahul.banerjee1159@example.com,Chennai,2025-02-02 03:37:19
1160,Manish,Banerjee,manish.banerjee1160@example.com,Mumbai,2024-06-13 02:32:38
1161,Pooja,Mishra,pooja.mishra1161@example.com,Lucknow,2024-07-11 01:52:36
1162,Divya,Kumar,divya.kumar1162@example.com,Ahmedabad,2024-08-31 00:35:31
1163,Vikram,Rao,vikram.rao1163@example.com,Lucknow,2024-09-10 13:27:55
1164,Sneha,Verma,sneha.verma1164@example.com,Chandigarh,2024-08-25 04:45:41
1165,Karan,Verma,karan.verma1165@example.com,Kolkata,2024-03-08 13:20:29
1166,Deepa,Verma,deepa.verma1166@example.com,Ahmedabad,2024-02-14 23:07:52
1167,Manish,Reddy,manish.reddy1167@example.com,Delhi,2024-12-18 09:03:41
1168,Karan,Bose,karan.bose1168@example.com,Chennai,2025-02-07 09:55:52
1169,Rajesh,Sharma,rajesh.sharma1169@example.com,Mumbai,2025-02-17 15:23:53
1170,Ananya,Bose,ananya.bose1170@example.com,Surat,2025-05-02 08:33:03
1171,Aditya,Kumar,aditya.kumar1171@example.com,Surat,2024-10-09 22:54:09
1172,Pooja,Bhat,pooja.bhat1172@example.com,Lucknow,2024-10-25 08:08:47
1173,Rajesh,Pandey,rajesh.pandey1173@example.com,Jaipur,2024-08-17 19:07:14
1174,Vikram,Pandey,vikram.pandey1174@example.com,Ahmedabad,2025-03-21 08:44:43
1175,Vikram,Bose,vikram.bose1175@example.com,Ahmedabad,2024-01-16 15:38:11
1176,Sanya,Banerjee,sanya.banerjee1176@example.com,Surat,2025-01-10 21:11:09
1177,Aarav,Saxena,aarav.saxena1177@example.com,Chandigarh,2024-03-10 08:35:30
1178,Sneha,Rao,sneha.rao1178@example.com,Kolkata,2025-05-04 05:00:08
1179,Rohan,Chopra,rohan.chopra1179@example.com,Ahmedabad,2024-04-20 02:32:45
1180,Manish,Bose,manish.bose1180@example.com,Chandigarh,2024-10-28 05:12:03
1181,Ananya,Joshi,ananya.joshi1181@example.com,Bangalore,2025-01-08 11:56:43
1182,Divya,Saxena,divya.saxena1182@example.com,Pune,2024-12-25 13:10:00
1183,Amit,Reddy,amit.reddy1183@example.com,Mumbai,2024-02-20 05:41:32
1184,Divya,Sharma,divya.sharma1184@example.com,Pune,2024-04-11 16:27:09
1185,Amit,Iyer,amit.iyer1185@example.com,Kolkata,2024-07-05 15:02:45
1186,Sneha,Verma,sneha.verma1186@example.com,Lucknow,2024-08-22 19:20:50
1187,Aditya,Das,aditya.das1187@example.com,Delhi,2024-01-27 15:04:53
1188,Sneha,Saxena,sneha.saxena1188@example.com,Mumbai,2024-04-29 06:09:32
1189,Rahul,Sharma,rahul.sharma1189@example.com,Chennai,2024-03-27 09:12:03
1190,Vikram,Reddy,vikram.reddy1190@example.com,Chandigarh,2024-06-06 04:24:27
1191,Sanya,Pandey,sanya.pandey1191@example.com,Jaipur,2025-04-16 04:20:00
1192,Aarav,Patel,aarav.patel1192@example.com,Bangalore,2025-04-18 16:27:37
1193,Pooja,Nair,pooja.nair1193@example.com,Chennai,2024-11-29 23:31:11
1194,Kavita,Kumar,kavita.kumar1194@example.com,Kolkata,2024-08-28 20:51:22
1195,Ananya,Mishra,ananya.mishra1195@example.com,Jaipur,2024-07-17 05:24:08
1196,Amit,Verma,amit.verma1196@example.com,Mumbai,2024-09-17 08:02:17
1197,Vikram,Verma,vikram.verma1197@example.com,Surat,2024-04-19 06:02:34
1198,Priya,Bhat,priya.bhat1198@example.com,Mumbai,2024-05-02 17:06:46
1199,Vikram,Verma,vikram.verma1199@example.com,Lucknow,2024-06-14 17:54:45
1200,Rahul,Banerjee,rahul.banerjee1200@example.com,Kolkata,2024-03-01 01:34:05
1201,Sunita,Singh,sunita.singh1201@example.com,Mumbai,2024-05-04 21:40:19
1202,Aarav,Iyer,aarav.iyer1202@example.com,Ahmedabad,2025-05-04 23:09:05
1203,Priya,Gupta,priya.gupta1203@example.com,Chandigarh,2024-02-24 07:09:41
1204,Vikram,Chopra,vikram.chopra1204@example.com,Delhi,2024-01-14 07:43:34
1205,Sanya,Bhat,sanya.bhat1205@example.com,Chennai,2025-02-27 23:55:58
1206,Suresh,Bose,suresh.bose1206@example.com,Ahmedabad,2024-11-24 14:45:46
1207,Manish,Joshi,manish.joshi1207@example.com,Hyderabad,2024-03-03 15:14:04
1208,Pooja,Sharma,pooja.sharma1208@example.com,Hyderabad,2024-04-02 17:39:36
1209,Rajesh,Bose,rajesh.bose1209@example.com,Bangalore,2025-04-23 07:07:56
1210,Kavita,Singh,kavita.singh1210@example.com,Mumbai,2024-07-16 02:19:53
1211,Pooja,Singh,pooja.singh1211@example.com,Pune,2025-04-14 16:20:20
1212,Kavita,Mehta,kavita.mehta1212@example.com,Hyderabad,2025-01-23 11:28:42
1213,Suresh,Sharma,suresh.sharma1213@example.com,Pune,2024-04-01 22:18:02
1214,Kavita,Bhat,kavita.bhat1214@example.com,Surat,2025-02-14 12:53:18
1215,Ananya,Iyer,ananya.iyer1215@example.com,Ahmedabad,2024-06-18 20:52:44
1216,Neha,Bhat,neha.bhat1216@example.com,Pune,2024-07-27 17:11:40
1217,Rahul,Pandey,rahul.pandey1217@example.com,Surat,2024-04-18 11:42:39
1218,Deepa,Singh,deepa.singh1218@example.com,Chennai,2024-06-19 22:57:27
1219,Manish,Patel,manish.patel1219@example.com,Delhi,2024-09-28 01:58:51
1220,Neha,Kumar,neha.kumar1220@example.com,Kolkata,2025-02-12 10:20:19
1221,Kavita,Das,kavita.das1221@example.com,Hyderabad,2024-12-27 17:41:50
1222,Kavita,Singh,kavita.singh1222@example.com,Ahmedabad,2024-04-13 14:57:24
1223,Karan,Nair,karan.nair1223@example.com,Delhi,2024-03-03 12:31:56
1224,Priya,Pandey,priya.pandey1224@example.com,Lucknow,2024-10-28 14:54:33
1225,Manish,Rao,manish.rao1225@example.com,Chennai,2024-02-14 00:52:44
1226,Suresh,Singh,suresh.singh1226@example.com,Chandigarh,2025-04-21 08:08:14
1227,Rajesh,Saxena,rajesh.saxena1227@example.com,Chandigarh,2025-05-06 09:41:42
1228,Rajesh,Banerjee,rajesh.banerjee1228@example.com,Kolkata,2024-08-16 04:22:45
1229,Aditya,Bhat,aditya.bhat1229@example.com,Kolkata,2024-07-03 16:03:06
1230,Neha,Reddy,neha.reddy1230@example.com,Chennai,2024-09-30 04:53:35
1231,Sneha,Pandey,sneha.pandey1231@example.com,Ahmedabad,2024-08-03 00:37:47
1232,Amit,Iyer,amit.iyer1232@example.com,Hyderabad,2025-03-17 03:18:20
1233,Neha,Singh,neha.singh1233@example.com,Lucknow,2024-10-11 21:38:50
1234,Ananya,Gupta,ananya.gupta1234@example.com,Chandigarh,2024-04-06 06:45:42
1235,Kavita,Rao,kavita.rao1235@example.com,Jaipur,2024-06-11 08:18:13
1236,Rahul,Patel,rahul.patel1236@example.com,Ahmedabad,2024-03-20 10:10:38
1237,Sunita,Bose,sunita.bose1237@example.com,Ahmedabad,2025-02-11 11:32:35
1238,Rajesh,Singh,rajesh.singh1238@example.com,Mumbai,2024-08-28 08:19:01
1239,Rajesh,Joshi,rajesh.joshi1239@example.com,Pune,2024-05-17 22:59:00
1240,Divya,Patel,divya.patel1240@example.com,Delhi,2024-08-19 10:51:52
1241,Amit,Das,amit.das1241@example.com,Surat,2024-01-19 11:03:18
1242,Neha,Iyer,neha.iyer1242@example.com,Chennai,2024-06-19 08:39:48
1243,Sanya,Das,sanya.das1243@example.com,Kolkata,2024-10-14 20:48:19
1244,Pooja,Chopra,pooja.chopra1244@example.com,Hyderabad,2024-10-28 14:55:07
1245,Suresh,Reddy,suresh.reddy1245@example.com,Chennai,2024-11-08 20:25:03
1246,Priya,Sharma,priya.sharma1246@example.com,Surat,2025-03-02 11:51:04
1247,Rohan,Reddy,rohan.reddy1247@example.com,Hyderabad,2024-07-01 02:52:53
1248,Sneha,Das,sneha.das1248@example.com,Hyderabad,2024-04-26 04:13:12
1249,Aarav,Mehta,aarav.mehta1249@example.com,Mumbai,2024-09-08 08:06:50
1250,Aditya,Patel,aditya.patel1250@example.com,Chennai,2025-04-04 04:45:24
1251,Pooja,Reddy,pooja.reddy1251@example.com,Pune,2024-05-26 20:54:25
1252,Pooja,Bose,pooja.bose1252@example.com,Bangalore,2024-09-11 22:54:43
1253,Aarav,Pandey,aarav.pandey1253@example.com,Surat,2024-06-28 09:24:01
1254,Karan,Rao,karan.rao1254@example.com,Hyderabad,2024-10-03 03:44:32
1255,Manish,Joshi,manish.joshi1255@example.com,Mumbai,2024-04-10 00:48:40
1256,Aarav,Iyer,aarav.iyer1256@example.com,Bangalore,2024-10-24 11:28:05
1257,Kavita,Gupta,kavita.gupta1257@example.com,Pune,2024-07-21 20:56:03
1258,Amit,Sharma,amit.sharma1258@example.com,Surat,2025-01-29 19:01:49
1259,Pooja,Sharma,pooja.sharma1259@example.com,Pune,2024-02-28 08:14:26
1260,Karan,Pandey,karan.pandey1260@example.com,Mumbai,2024-04-21 17:29:56
1261,Aarav,Mehta,aarav.mehta1261@example.com,Delhi,2024-03-15 01:15:25
1262,Divya,Banerjee,divya.banerjee1262@example.com,Surat,2024-02-14 02:38:43
1263,Manish,Verma,manish.verma1263@example.com,Bangalore,2024-12-14 12:08:28
1264,Karan,Singh,karan.singh1264@example.com,Mumbai,2024-12-15 18:24:34
1265,Divya,Singh,divya.singh1265@example.com,Kolkata,2024-03-27 05:25:32
1266,Aditya,Reddy,aditya.reddy1266@example.com,Bangalore,2024-04-12 17:16:30
1267,Sanya,Mehta,sanya.mehta1267@example.com,Jaipur,2024-12-26 02:14:04
1268,Aarav,Reddy,aarav.reddy1268@example.com,Delhi,2024-04-24 05:15:08
1269,Vikram,Banerjee,vikram.banerjee1269@example.com,Kolkata,2024-03-06 11:54:45
1270,Aarav,Bose,aarav.bose1270@example.com,Mumbai,2024-08-14 10:26:10
1271,Rahul,Joshi,rahul.joshi1271@example.com,Pune,2024-05-21 22:19:23
1272,Sanya,Gupta,sanya.gupta1272@example.com,Jaipur,2024-08-09 10:44:03
1273,Amit,Singh,amit.singh1273@example.com,Surat,2025-02-16 15:52:41
1274,Divya,Singh,divya.singh1274@example.com,Pune,2024-10-23 09:45:27
1275,Priya,Bhat,priya.bhat1275@example.com,Surat,2024-10-31 12:41:56
1276,Aarav,Kumar,aarav.kumar1276@example.com,Pune,2024-09-22 16:08:17
1277,Sanya,Joshi,sanya.joshi1277@example.com,Hyderabad,2024-10-03 14:46:10
1278,Aditya,Pandey,aditya.pandey1278@example.com,Delhi,2024-11-29 09:31:11
1279,Divya,Sharma,divya.sharma1279@example.com,Lucknow,2024-11-25 01:18:25
1280,Kavita,Bose,kavita.bose1280@example.com,Lucknow,2024-05-01 21:30:09
1281,Divya,Bhat,divya.bhat1281@example.com,Ahmedabad,2024-12-26 06:02:42
1282,Neha,Patel,neha.patel1282@example.com,Pune,2024-07-22 04:39:55
1283,Rohan,Bhat,rohan.bhat1283@example.com,Surat,2024-08-03 16:28:49
1284,Aarav,Singh,aarav.singh1284@example.com,Delhi,2024-12-22 21:18:23
1285,Ananya,Reddy,ananya.reddy1285@example.com,Lucknow,2024-10-06 09:03:45
1286,Pooja,Verma,pooja.verma1286@example.com,Bangalore,2025-04-10 09:57:55
1287,Ananya,Sharma,ananya.sharma1287@example.com,Hyderabad,2024-12-31 09:55:24
1288,Aditya,Verma,aditya.verma1288@example.com,Mumbai,2024-04-08 08:59:00
1289,Rohan,Patel,rohan.patel1289@example.com,Hyderabad,2025-02-22 21:13:14
1290,Kavita,Sharma,kavita.sharma1290@example.com,Chennai,2025-04-04 21:57:23
1291,Pooja,Das,pooja.das1291@example.com,Surat,2024-12-27 23:57:45
1292,Neha,Patel,neha.patel1292@example.com,Bangalore,2024-11-04 01:27:24
1293,Rohan,Banerjee,rohan.banerjee1293@example.com,Mumbai,2024-04-22 11:50:23
1294,Amit,Gupta,amit.gupta1294@example.com,Delhi,2024-04-17 21:48:00
1295,Ananya,Gupta,ananya.gupta1295@example.com,Jaipur,2024-10-28 10:55:17
1296,Suresh,Mishra,suresh.mishra1296@example.com,Surat,2025-02-11 05:45:26
1297,Pooja,Bose,pooja.bose1297@example.com,Kolkata,2024-12-07 18:54:19
1298,Sunita,Sharma,sunita.sharma1298@example.com,Lucknow,2024-06-21 10:50:36
1299,Kavita,Pandey,kavita.pandey1299@example.com,Surat,2025-05-01 05:46:34
1300,Rajesh,Mishra,rajesh.mishra1300@example.com,Lucknow,2024-06-08 05:45:48
1301,Karan,Bose,karan.bose1301@example.com,Mumbai,2024-09-18 09:57:10
1302,Deepa,Saxena,deepa.saxena1302@example.com,Lucknow,2024-05-12 16:53:03
1303,Ananya,Patel,ananya.patel1303@example.com,Jaipur,2025-02-17 10:51:04
1304,Aarav,Rao,aarav.rao1304@example.com,Kolkata,2024-01-08 20:50:44
1305,Sneha,Das,sneha.das1305@example.com,Delhi,2025-04-29 21:28:04
1306,Deepa,Iyer,deepa.iyer1306@example.com,Chennai,2024-06-29 05:06:42
1307,Deepa,Singh,deepa.singh1307@example.com,Hyderabad,2025-02-21 14:14:08
1308,Sunita,Singh,sunita.singh1308@example.com,Delhi,2024-09-14 02:28:54
1309,Divya,Reddy,divya.reddy1309@example.com,Surat,2025-01-08 07:15:02
1310,Ananya,Chopra,ananya.chopra1310@example.com,Kolkata,2024-07-19 15:53:37
1311,Sunita,Nair,sunita.nair1311@example.com,Surat,2024-10-31 13:12:19
1312,Aditya,Iyer,aditya.iyer1312@example.com,Ahmedabad,2024-06-23 20:20:21
1313,Rohan,Nair,rohan.nair1313@example.com,Kolkata,2024-04-05 16:10:46
1314,Suresh,Bose,suresh.bose1314@example.com,Surat,2025-02-13 20:27:41
1315,Sanya,Verma,sanya.verma1315@example.com,Chennai,2025-03-01 19:19:45
1316,Rajesh,Mishra,rajesh.mishra1316@example.com,Bangalore,2024-10-06 12:40:54
1317,Sunita,Rao,sunita.rao1317@example.com,Kolkata,2025-01-13 16:16:55
1318,Vikram,Nair,vikram.nair1318@example.com,Chennai,2024-03-02 00:06:05
1319,Rajesh,Gupta,rajesh.gupta1319@example.com,Surat,2024-10-28 23:11:18
1320,Priya,Mehta,priya.mehta1320@example.com,Chennai,2025-03-29 18:28:50
1321,Sneha,Chopra,sneha.chopra1321@example.com,Ahmedabad,2024-03-27 06:26:45
1322,Karan,Joshi,karan.joshi1322@example.com,Chandigarh,2024-04-24 06:08:29
1323,Suresh,Bose,suresh.bose1323@example.com,Kolkata,2024-10-28 12:58:45
1324,Sneha,Banerjee,sneha.banerjee1324@example.com,Bangalore,2024-03-20 07:42:46
1325,Karan,Iyer,karan.iyer1325@example.com,Jaipur,2025-03-11 19:39:05
1326,Aditya,Saxena,aditya.saxena1326@example.com,Delhi,2024-10-16 05:55:44
1327,Sneha,Bose,sneha.bose1327@example.com,Chandigarh,2024-03-15 08:56:57
1328,Rohan,Bose,rohan.bose1328@example.com,Hyderabad,2025-05-08 09:00:00
1329,Sunita,Saxena,sunita.saxena1329@example.com,Chennai,2024-02-29 09:13:06
1330,Kavita,Reddy,kavita.reddy1330@example.com,Mumbai,2025-03-15 02:36:17
1331,Divya,Das,divya.das1331@example.com,Chandigarh,2024-08-22 16:32:25
1332,Sanya,Banerjee,sanya.banerjee1332@example.com,Mumbai,2025-01-08 12:02:56
1333,Aditya,Kumar,aditya.kumar1333@example.com,Jaipur,2024-03-10 13:51:07
1334,Amit,Banerjee,amit.banerjee1334@example.com,Pune,2024-08-11 09:10:58
1335,Suresh,Sharma,suresh.sharma1335@example.com,Kolkata,2024-07-19 19:19:05
1336,Priya,Chopra,priya.chopra1336@example.com,Delhi,2024-04-12 19:34:28
1337,Vikram,Sharma,vikram.sharma1337@example.com,Ahmedabad,2025-03-18 03:06:51
1338,Priya,Joshi,priya.joshi1338@example.com,Surat,2024-02-23 06:39:46
1339,Amit,Bose,amit.bose1339@example.com,Mumbai,2024-03-17 09:25:47
1340,Rahul,Joshi,rahul.joshi1340@example.com,Jaipur,2024-06-21 13:54:44
1341,Neha,Reddy,neha.reddy1341@example.com,Pune,2024-04-28 05:11:47
1342,Deepa,Verma,deepa.verma1342@example.com,Delhi,2024-02-14 01:14:54
1343,Neha,Kumar,neha.kumar1343@example.com,Pune,2024-06-14 09:04:26
1344,Rajesh,Singh,rajesh.singh1344@example.com,Jaipur,2024-09-02 15:40:34
1345,Aarav,Joshi,aarav.joshi1345@example.com,Chennai,2025-03-29 21:37:14
1346,Kavita,Singh,kavita.singh1346@example.com,Surat,2024-03-20 09:13:34
1347,Ananya,Nair,ananya.nair1347@example.com,Lucknow,2024-08-24 18:09:41
1348,Manish,Reddy,manish.reddy1348@example.com,Delhi,2025-04-28 03:38:48
1349,Vikram,Joshi,vikram.joshi1349@example.com,Lucknow,2024-03-30 05:50:24
1350,Sunita,Mishra,sunita.mishra1350@example.com,Pune,2024-03-23 21:12:14
1351,Pooja,Singh,pooja.singh1351@example.com,Surat,2025-03-04 01:05:10
1352,Pooja,Chopra,pooja.chopra1352@example.com,Lucknow,2024-05-24 11:21:14
1353,Sanya,Nair,sanya.nair1353@example.com,Kolkata,2024-06-30 12:01:10
1354,Vikram,Singh,vikram.singh1354@example.com,Jaipur,2024-01-07 12:04:08
1355,Sunita,Singh,sunita.singh1355@example.com,Chennai,2024-11-20 04:01:24
1356,Sunita,Iyer,sunita.iyer1356@example.com,Jaipur,2024-07-19 22:30:09
1357,Karan,Reddy,karan.reddy1357@example.com,Kolkata,2024-06-13 21:39:25
1358,Amit,Banerjee,amit.banerjee1358@example.com,Surat,2024-08-19 20:30:08
1359,Neha,Chopra,neha.chopra1359@example.com,Lucknow,2024-09-27 18:11:16
1360,Amit,Chopra,amit.chopra1360@example.com,Surat,2024-01-10 08:22:25
1361,Sunita,Singh,sunita.singh1361@example.com,Hyderabad,2024-03-29 15:14:51
1362,Manish,Kumar,manish.kumar1362@example.com,Mumbai,2024-01-23 14:49:46
1363,Aditya,Gupta,aditya.gupta1363@example.com,Ahmedabad,2025-04-16 13:46:43
1364,Suresh,Mishra,suresh.mishra1364@example.com,Delhi,2024-10-15 08:51:17
1365,Neha,Patel,neha.patel1365@example.com,Bangalore,2024-08-11 03:32:23
1366,Amit,Reddy,amit.reddy1366@example.com,Ahmedabad,2024-04-27 07:41:01
1367,Rajesh,Pandey,rajesh.pandey1367@example.com,Pune,2024-12-25 08:51:39
1368,Aarav,Mehta,aarav.mehta1368@example.com,Mumbai,2024-09-13 06:42:31
1369,Ananya,Nair,ananya.nair1369@example.com,Surat,2024-12-23 16:10:50
1370,Ananya,Saxena,ananya.saxena1370@example.com,Hyderabad,2024-06-30 17:02:24
1371,Sneha,Chopra,sneha.chopra1371@example.com,Hyderabad,2024-02-27 05:06:44
1372,Sneha,Rao,sneha.rao1372@example.com,Mumbai,2024-11-21 03:51:02
1373,Suresh,Patel,suresh.patel1373@example.com,Surat,2024-04-05 05:56:01
1374,Ananya,Reddy,ananya.reddy1374@example.com,Chandigarh,2024-09-14 20:50:19
1375,Aditya,Kumar,aditya.kumar1375@example.com,Bangalore,2024-10-04 06:34:01
1376,Ananya,Chopra,ananya.chopra1376@example.com,Surat,2024-11-30 03:17:06
1377,Priya,Bhat,priya.bhat1377@example.com,Ahmedabad,2025-03-13 23:51:11
1378,Manish,Kumar,manish.kumar1378@example.com,Kolkata,2024-11-03 23:40:06
1379,Pooja,Joshi,pooja.joshi1379@example.com,Delhi,2024-02-09 15:58:23
1380,Rahul,Das,rahul.das1380@example.com,Hyderabad,2024-01-17 12:35:03
1381,Sanya,Bhat,sanya.bhat1381@example.com,Jaipur,2024-09-26 10:55:44
1382,Rohan,Mehta,rohan.mehta1382@example.com,Jaipur,2025-02-07 14:31:42
1383,Kavita,Nair,kavita.nair1383@example.com,Hyderabad,2024-12-13 20:11:11
1384,Suresh,Saxena,suresh.saxena1384@example.com,Mumbai,2024-05-01 05:35:37
1385,Sunita,Pandey,sunita.pandey1385@example.com,Kolkata,2024-05-30 12:22:45
1386,Sunita,Chopra,sunita.chopra1386@example.com,Hyderabad,2024-11-08 23:37:52
1387,Amit,Rao,amit.rao1387@example.com,Lucknow,2025-03-21 20:27:46
1388,Sneha,Gupta,sneha.gupta1388@example.com,Delhi,2025-01-26 10:26:30
1389,Deepa,Sharma,deepa.sharma1389@example.com,Pune,2024-04-05 16:46:39
1390,Divya,Mehta,divya.mehta1390@example.com,Chandigarh,2024-07-08 04:26:16
1391,Pooja,Pandey,pooja.pandey1391@example.com,Lucknow,2024-03-27 07:11:04
1392,Priya,Gupta,priya.gupta1392@example.com,Jaipur,2024-01-31 23:50:07
1393,Divya,Patel,divya.patel1393@example.com,Lucknow,2025-02-19 05:33:06
1394,Ananya,Das,ananya.das1394@example.com,Chandigarh,2024-06-30 23:31:20
1395,Sunita,Joshi,sunita.joshi1395@example.com,Mumbai,2024-05-22 09:50:57
1396,Amit,Bose,amit.bose1396@example.com,Jaipur,2025-04-11 13:01:12
1397,Rajesh,Kumar,rajesh.kumar1397@example.com,Chandigarh,2024-07-05 23:37:46
1398,Rohan,Chopra,rohan.chopra1398@example.com,Chennai,2024-02-07 10:28:34
1399,Kavita,Gupta,kavita.gupta1399@example.com,Ahmedabad,2025-01-29 10:56:37
1400,Rahul,Rao,rahul.rao1400@example.com,Bangalore,2024-04-01 15:55:55
1401,Neha,Pandey,neha.pandey1401@example.com,Lucknow,2025-04-14 08:00:39
1402,Aarav,Chopra,aarav.chopra1402@example.com,Surat,2024-12-28 13:48:51
1403,Sanya,Iyer,sanya.iyer1403@example.com,Surat,2024-06-19 08:32:13
1404,Manish,Mishra,manish.mishra1404@example.com,Hyderabad,2025-05-15 19:00:09
1405,Rajesh,Singh,rajesh.singh1405@example.com,Pune,2024-12-07 03:27:43
1406,Divya,Saxena,divya.saxena1406@example.com,Lucknow,2024-05-12 04:01:33
1407,Aditya,Mishra,aditya.mishra1407@example.com,Ahmedabad,2024-08-10 12:24:07
1408,Karan,Verma,karan.verma1408@example.com,Chandigarh,2024-04-01 16:31:56
1409,Sunita,Chopra,sunita.chopra1409@example.com,Jaipur,2024-11-07 16:17:06
1410,Suresh,Patel,suresh.patel1410@example.com,Bangalore,2025-02-02 23:17:22
1411,Suresh,Iyer,suresh.iyer1411@example.com,Ahmedabad,2024-05-11 16:22:19
1412,Rajesh,Reddy,rajesh.reddy1412@example.com,Surat,2024-01-17 09:05:30
1413,Neha,Gupta,neha.gupta1413@example.com,Pune,2024-01-24 10:57:13
1414,Sneha,Mishra,sneha.mishra1414@example.com,Kolkata,2025-04-26 14:00:47
1415,Priya,Iyer,priya.iyer1415@example.com,Lucknow,2025-01-07 19:09:20
1416,Neha,Joshi,neha.joshi1416@example.com,Chennai,2024-02-24 16:35:59
1417,Sneha,Chopra,sneha.chopra1417@example.com,Lucknow,2024-03-24 01:02:50
1418,Priya,Gupta,priya.gupta1418@example.com,Ahmedabad,2024-03-07 03:35:35
1419,Ananya,Verma,ananya.verma1419@example.com,Bangalore,2024-10-28 07:10:08
1420,Rajesh,Bose,rajesh.bose1420@example.com,Delhi,2024-06-28 13:19:42
1421,Ananya,Bose,ananya.bose1421@example.com,Pune,2024-02-02 21:44:48
1422,Sanya,Banerjee,sanya.banerjee1422@example.com,Surat,2025-01-02 08:43:45
1423,Suresh,Joshi,suresh.joshi1423@example.com,Chennai,2024-10-13 17:16:24
1424,Rajesh,Patel,rajesh.patel1424@example.com,Bangalore,2025-03-12 23:40:48
1425,Deepa,Bose,deepa.bose1425@example.com,Pune,2025-05-14 18:08:52
1426,Vikram,Gupta,vikram.gupta1426@example.com,Bangalore,2025-03-10 21:52:12
1427,Vikram,Iyer,vikram.iyer1427@example.com,Hyderabad,2024-10-22 05:56:23
1428,Sunita,Patel,sunita.patel1428@example.com,Bangalore,2024-12-30 20:31:33
1429,Manish,Kumar,manish.kumar1429@example.com,Jaipur,2024-08-26 19:12:03
1430,Manish,Reddy,manish.reddy1430@example.com,Kolkata,2025-02-03 06:19:11
1431,Rajesh,Banerjee,rajesh.banerjee1431@example.com,Ahmedabad,2024-04-23 03:25:42
1432,Kavita,Sharma,kavita.sharma1432@example.com,Bangalore,2024-02-10 19:22:53
1433,Priya,Gupta,priya.gupta1433@example.com,Delhi,2024-09-15 22:19:43
1434,Sneha,Rao,sneha.rao1434@example.com,Jaipur,2024-04-27 02:00:50
1435,Divya,Reddy,divya.reddy1435@example.com,Jaipur,2024-10-27 21:10:29
1436,Rahul,Das,rahul.das1436@example.com,Delhi,2024-05-18 16:00:00
1437,Divya,Patel,divya.patel1437@example.com,Chennai,2024-12-16 01:21:53
1438,Aditya,Pandey,aditya.pandey1438@example.com,Lucknow,2024-10-13 13:40:08
1439,Aditya,Singh,aditya.singh1439@example.com,Chandigarh,2024-09-09 08:35:38
1440,Sneha,Mehta,sneha.mehta1440@example.com,Chandigarh,2024-08-30 04:25:52
1441,Divya,Kumar,divya.kumar1441@example.com,Pune,2024-05-16 19:11:29
1442,Kavita,Nair,kavita.nair1442@example.com,Mumbai,2025-02-15 12:16:15
1443,Divya,Mehta,divya.mehta1443@example.com,Surat,2025-01-14 09:12:35
1444,Suresh,Verma,suresh.verma1444@example.com,Chennai,2025-04-15 04:38:33
1445,Sneha,Pandey,sneha.pandey1445@example.com,Chandigarh,2025-01-23 10:22:07
1446,Rajesh,Verma,rajesh.verma1446@example.com,Pune,2024-03-01 13:02:32
1447,Aarav,Banerjee,aarav.banerjee1447@example.com,Bangalore,2024-06-19 16:56:46
1448,Deepa,Bhat,deepa.bhat1448@example.com,Mumbai,2025-04-17 06:38:30
1449,Priya,Chopra,priya.chopra1449@example.com,Bangalore,2024-11-23 23:43:10
1450,Sunita,Bhat,sunita.bhat1450@example.com,Chennai,2024-04-27 03:03:20
1451,Kavita,Bhat,kavita.bhat1451@example.com,Mumbai,2024-11-10 04:44:19
1452,Aditya,Patel,aditya.patel1452@example.com,Bangalore,2024-10-11 04:13:27
1453,Suresh,Iyer,suresh.iyer1453@example.com,Kolkata,2024-07-10 13:38:32
1454,Kavita,Nair,kavita.nair1454@example.com,Mumbai,2024-07-11 03:25:29
1455,Suresh,Patel,suresh.patel1455@example.com,Ahmedabad,2024-09-20 11:38:05
1456,Karan,Banerjee,karan.banerjee1456@example.com,Jaipur,2025-01-02 06:48:23
1457,Rahul,Kumar,rahul.kumar1457@example.com,Jaipur,2025-04-23 20:55:27
1458,Deepa,Chopra,deepa.chopra1458@example.com,Surat,2024-08-14 16:06:19
1459,Rajesh,Iyer,rajesh.iyer1459@example.com,Chandigarh,2025-02-26 03:36:07
1460,Kavita,Pandey,kavita.pandey1460@example.com,Jaipur,2024-10-01 05:45:44
1461,Suresh,Reddy,suresh.reddy1461@example.com,Pune,2024-07-17 13:03:32
1462,Neha,Bose,neha.bose1462@example.com,Hyderabad,2024-06-20 18:15:08
1463,Karan,Bose,karan.bose1463@example.com,Delhi,2025-04-22 06:52:31
1464,Vikram,Pandey,vikram.pandey1464@example.com,Pune,2025-04-27 14:36:33
1465,Sanya,Pandey,sanya.pandey1465@example.com,Surat,2025-01-30 17:56:36
1466,Karan,Kumar,karan.kumar1466@example.com,Surat,2024-02-23 18:15:37
1467,Pooja,Kumar,pooja.kumar1467@example.com,Ahmedabad,2025-02-02 20:19:47
1468,Sunita,Singh,sunita.singh1468@example.com,Jaipur,2025-05-10 00:45:02
1469,Sanya,Sharma,sanya.sharma1469@example.com,Mumbai,2024-04-13 17:11:56
1470,Vikram,Sharma,vikram.sharma1470@example.com,Hyderabad,2024-12-16 11:21:07
1471,Rajesh,Nair,rajesh.nair1471@example.com,Surat,2024-06-02 04:34:01
1472,Ananya,Bhat,ananya.bhat1472@example.com,Bangalore,2025-05-10 04:04:22
1473,Aarav,Iyer,aarav.iyer1473@example.com,Delhi,2025-03-08 15:03:04
1474,Rohan,Banerjee,rohan.banerjee1474@example.com,Pune,2024-06-21 08:59:55
1475,Aditya,Patel,aditya.patel1475@example.com,Chennai,2024-07-18 11:58:49
1476,Kavita,Bose,kavita.bose1476@example.com,Ahmedabad,2024-01-27 05:11:05
1477,Rahul,Reddy,rahul.reddy1477@example.com,Pune,2024-09-12 20:47:25
1478,Suresh,Chopra,suresh.chopra1478@example.com,Chennai,2024-01-17 03:04:53
1479,Kavita,Sharma,kavita.sharma1479@example.com,Surat,2025-01-26 13:56:25
1480,Rajesh,Verma,rajesh.verma1480@example.com,Ahmedabad,2024-04-08 10:41:44
1481,Karan,Iyer,karan.iyer1481@example.com,Mumbai,2024-05-10 17:56:08
1482,Sneha,Mishra,sneha.mishra1482@example.com,Delhi,2024-04-20 08:10:31
1483,Rajesh,Reddy,rajesh.reddy1483@example.com,Mumbai,2024-07-10 16:34:46
1484,Rohan,Banerjee,rohan.banerjee1484@example.com,Jaipur,2024-05-24 06:49:58
1485,Manish,Kumar,manish.kumar1485@example.com,Ahmedabad,2024-09-12 13:49:28
1486,Ananya,Pandey,ananya.pandey1486@example.com,Chandigarh,2024-06-16 02:11:35
1487,Manish,Bhat,manish.bhat1487@example.com,Chandigarh,2024-10-01 19:45:28
1488,Priya,Iyer,priya.iyer1488@example.com,Bangalore,2024-09-16 10:29:27
1489,Sneha,Chopra,sneha.chopra1489@example.com,Mumbai,2024-12-01 16:27:09
1490,Karan,Sharma,karan.sharma1490@example.com,Hyderabad,2024-06-10 00:43:42
1491,Rahul,Bose,rahul.bose1491@example.com,Bangalore,2024-12-29 13:19:39
1492,Rohan,Bhat,rohan.bhat1492@example.com,Surat,2024-10-14 07:30:54
1493,Rahul,Joshi,rahul.joshi1493@example.com,Ahmedabad,2024-04-12 11:29:53
1494,Vikram,Saxena,vikram.saxena1494@example.com,Ahmedabad,2024-09-03 17:55:55
1495,Vikram,Mehta,vikram.mehta1495@example.com,Mumbai,2024-03-21 04:45:23
1496,Karan,Iyer,karan.iyer1496@example.com,Hyderabad,2025-03-20 23:56:58
1497,Aarav,Mishra,aarav.mishra1497@example.com,Hyderabad,2024-07-30 04:54:32
1498,Sunita,Nair,sunita.nair1498@example.com,Bangalore,2024-09-28 22:25:54
1499,Deepa,Pandey,deepa.pandey1499@example.com,Kolkata,2024-07-02 13:43:48
1500,Rohan,Bhat,rohan.bhat1500@example.com,Chennai,2024-12-22 14:54:07
1501,Priya,Banerjee,priya.banerjee1501@example.com,Delhi,2024-06-28 06:21:14
1502,Aarav,Joshi,aarav.joshi1502@example.com,Bangalore,2025-03-06 01:47:50
1503,Aditya,Kumar,aditya.kumar1503@example.com,Bangalore,2024-06-04 10:38:03
1504,Divya,Banerjee,divya.banerjee1504@example.com,Pune,2024-04-07 08:46:35
1505,Rahul,Rao,rahul.rao1505@example.com,Chennai,2024-02-12 18:31:14
1506,Rohan,Das,rohan.das1506@example.com,Mumbai,2024-04-15 04:52:08
1507,Rajesh,Sharma,rajesh.sharma1507@example.com,Chennai,2025-03-22 02:58:35
1508,Aarav,Bhat,aarav.bhat1508@example.com,Mumbai,2025-04-10 21:07:33
1509,Ananya,Iyer,ananya.iyer1509@example.com,Pune,2025-04-09 15:30:26
1510,Manish,Chopra,manish.chopra1510@example.com,Hyderabad,2024-01-27 04:21:48
1511,Aarav,Nair,aarav.nair1511@example.com,Jaipur,2025-05-02 15:35:44
1512,Neha,Nair,neha.nair1512@example.com,Kolkata,2025-01-18 20:28:32
1513,Amit,Pandey,amit.pandey1513@example.com,Surat,2024-06-05 18:29:06
1514,Pooja,Banerjee,pooja.banerjee1514@example.com,Ahmedabad,2024-02-11 18:01:22
1515,Sunita,Joshi,sunita.joshi1515@example.com,Jaipur,2024-02-08 16:35:32
1516,Sneha,Pandey,sneha.pandey1516@example.com,Ahmedabad,2024-11-20 19:16:38
1517,Aarav,Bhat,aarav.bhat1517@example.com,Chandigarh,2025-04-17 05:03:46
1518,Aditya,Verma,aditya.verma1518@example.com,Surat,2025-02-25 00:14:41
1519,Pooja,Bose,pooja.bose1519@example.com,Jaipur,2025-02-04 18:21:22
1520,Sanya,Pandey,sanya.pandey1520@example.com,Ahmedabad,2025-02-17 20:49:16
1521,Suresh,Pandey,suresh.pandey1521@example.com,Mumbai,2024-06-04 07:21:33
1522,Aditya,Mehta,aditya.mehta1522@example.com,Jaipur,2024-06-24 01:07:09
1523,Suresh,Sharma,suresh.sharma1523@example.com,Mumbai,2025-04-15 11:17:48
1524,Priya,Nair,priya.nair1524@example.com,Mumbai,2024-01-31 10:37:17
1525,Rahul,Bose,rahul.bose1525@example.com,Lucknow,2024-02-25 03:22:56
1526,Aarav,Singh,aarav.singh1526@example.com,Hyderabad,2025-05-09 21:08:28
1527,Vikram,Gupta,vikram.gupta1527@example.com,Lucknow,2025-04-23 17:18:05
1528,Karan,Kumar,karan.kumar1528@example.com,Hyderabad,2024-07-05 06:00:31
1529,Divya,Kumar,divya.kumar1529@example.com,Kolkata,2024-09-18 22:29:39
1530,Sunita,Gupta,sunita.gupta1530@example.com,Lucknow,2024-09-29 12:07:29
1531,Sunita,Reddy,sunita.reddy1531@example.com,Chennai,2024-06-01 16:08:43
1532,Sanya,Kumar,sanya.kumar1532@example.com,Kolkata,2025-04-19 09:30:18
1533,Suresh,Singh,suresh.singh1533@example.com,Lucknow,2024-04-05 15:39:03
1534,Manish,Gupta,manish.gupta1534@example.com,Delhi,2024-09-23 12:14:59
1535,Neha,Mehta,neha.mehta1535@example.com,Pune,2025-02-19 17:21:30
1536,Priya,Pandey,priya.pandey1536@example.com,Mumbai,2024-11-25 14:26:55
1537,Rajesh,Kumar,rajesh.kumar1537@example.com,Jaipur,2024-09-17 10:12:18
1538,Aarav,Sharma,aarav.sharma1538@example.com,Hyderabad,2025-02-06 16:59:48
1539,Divya,Nair,divya.nair1539@example.com,Delhi,2024-10-06 05:19:07
1540,Neha,Chopra,neha.chopra1540@example.com,Ahmedabad,2024-11-07 12:34:08
1541,Rohan,Mishra,rohan.mishra1541@example.com,Hyderabad,2024-10-22 06:47:39
1542,Rohan,Mehta,rohan.mehta1542@example.com,Ahmedabad,2025-01-19 15:17:42
1543,Deepa,Saxena,deepa.saxena1543@example.com,Surat,2025-02-09 04:42:09
1544,Rahul,Saxena,rahul.saxena1544@example.com,Ahmedabad,2024-01-10 05:46:31
1545,Sanya,Nair,sanya.nair1545@example.com,Jaipur,2024-02-17 06:37:12
1546,Rohan,Iyer,rohan.iyer1546@example.com,Lucknow,2025-04-12 06:35:50
1547,Amit,Rao,amit.rao1547@example.com,Mumbai,2024-08-23 12:18:03
1548,Aarav,Patel,aarav.patel1548@example.com,Ahmedabad,2025-04-27 14:29:45
1549,Ananya,Mehta,ananya.mehta1549@example.com,Chandigarh,2024-05-05 14:56:58
1550,Deepa,Rao,deepa.rao1550@example.com,Ahmedabad,2025-04-07 15:22:26
1551,Suresh,Bhat,suresh.bhat1551@example.com,Kolkata,2025-03-28 10:46:36
1552,Manish,Pandey,manish.pandey1552@example.com,Mumbai,2024-04-03 01:58:57
1553,Priya,Singh,priya.singh1553@example.com,Kolkata,2024-12-15 23:27:52
1554,Sanya,Rao,sanya.rao1554@example.com,Mumbai,2024-09-11 15:08:36
1555,Suresh,Saxena,suresh.saxena1555@example.com,Bangalore,2025-04-18 23:23:35
1556,Divya,Rao,divya.rao1556@example.com,Delhi,2024-09-21 11:24:01
1557,Deepa,Sharma,deepa.sharma1557@example.com,Chennai,2025-02-02 10:28:39
1558,Divya,Rao,divya.rao1558@example.com,Chennai,2024-01-21 19:28:31
1559,Deepa,Pandey,deepa.pandey1559@example.com,Ahmedabad,2024-06-04 10:03:06
1560,Aditya,Nair,aditya.nair1560@example.com,Chandigarh,2024-01-21 03:21:31
1561,Aditya,Sharma,aditya.sharma1561@example.com,Kolkata,2024-05-28 16:52:10
1562,Sanya,Chopra,sanya.chopra1562@example.com,Chennai,2024-08-04 18:43:12
1563,Rohan,Singh,rohan.singh1563@example.com,Mumbai,2024-10-23 17:12:33
1564,Sunita,Bose,sunita.bose1564@example.com,Delhi,2025-02-10 21:38:45
1565,Manish,Chopra,manish.chopra1565@example.com,Lucknow,2024-05-08 00:26:41
1566,Rahul,Saxena,rahul.saxena1566@example.com,Delhi,2025-02-25 04:29:40
1567,Sanya,Bhat,sanya.bhat1567@example.com,Chandigarh,2024-05-13 14:58:25
1568,Aditya,Nair,aditya.nair1568@example.com,Pune,2024-08-16 08:37:10
1569,Divya,Gupta,divya.gupta1569@example.com,Ahmedabad,2025-03-22 17:36:08
1570,Rohan,Rao,rohan.rao1570@example.com,Ahmedabad,2024-04-03 05:26:24
1571,Aditya,Bose,aditya.bose1571@example.com,Kolkata,2024-08-23 19:42:00
1572,Rahul,Kumar,rahul.kumar1572@example.com,Kolkata,2024-05-03 12:45:38
1573,Pooja,Verma,pooja.verma1573@example.com,Chandigarh,2024-01-12 10:03:21
1574,Vikram,Patel,vikram.patel1574@example.com,Mumbai,2024-11-08 02:01:55
1575,Amit,Das,amit.das1575@example.com,Pune,2024-12-02 15:37:14
1576,Suresh,Bhat,suresh.bhat1576@example.com,Pune,2025-04-09 06:30:55
1577,Ananya,Rao,ananya.rao1577@example.com,Chandigarh,2024-06-03 10:02:04
1578,Rohan,Bose,rohan.bose1578@example.com,Pune,2025-03-19 04:25:12
1579,Sneha,Mehta,sneha.mehta1579@example.com,Surat,2025-01-11 00:01:27
1580,Aditya,Das,aditya.das1580@example.com,Jaipur,2024-04-19 13:49:46
1581,Rohan,Iyer,rohan.iyer1581@example.com,Ahmedabad,2024-11-18 23:02:14
1582,Sunita,Mehta,sunita.mehta1582@example.com,Jaipur,2024-09-01 04:41:07
1583,Aditya,Gupta,aditya.gupta1583@example.com,Mumbai,2024-06-10 06:48:16
1584,Kavita,Chopra,kavita.chopra1584@example.com,Mumbai,2025-01-16 11:54:49
1585,Deepa,Iyer,deepa.iyer1585@example.com,Mumbai,2024-08-28 16:47:26
1586,Pooja,Banerjee,pooja.banerjee1586@example.com,Ahmedabad,2024-08-24 21:42:23
1587,Sneha,Verma,sneha.verma1587@example.com,Chandigarh,2024-01-31 22:25:14
1588,Aditya,Das,aditya.das1588@example.com,Chandigarh,2024-02-14 11:19:11
1589,Ananya,Pandey,ananya.pandey1589@example.com,Jaipur,2025-01-05 07:21:47
1590,Priya,Chopra,priya.chopra1590@example.com,Lucknow,2024-05-22 18:50:28
1591,Kavita,Bose,kavita.bose1591@example.com,Chandigarh,2024-06-09 07:05:27
1592,Priya,Mishra,priya.mishra1592@example.com,Lucknow,2024-02-21 01:41:55
1593,Neha,Pandey,neha.pandey1593@example.com,Lucknow,2024-05-08 13:32:47
1594,Rahul,Patel,rahul.patel1594@example.com,Chandigarh,2024-10-07 00:50:32
1595,Ananya,Das,ananya.das1595@example.com,Jaipur,2024-01-08 23:06:37
1596,Rahul,Bose,rahul.bose1596@example.com,Pune,2024-12-18 18:53:13
1597,Priya,Banerjee,priya.banerjee1597@example.com,Surat,2025-04-17 20:35:24
1598,Vikram,Nair,vikram.nair1598@example.com,Hyderabad,2024-08-19 11:41:21
1599,Deepa,Sharma,deepa.sharma1599@example.com,Chennai,2024-11-04 20:01:20
1600,Sneha,Sharma,sneha.sharma1600@example.com,Surat,2024-05-05 15:04:53
1601,Manish,Patel,manish.patel1601@example.com,Surat,2024-05-25 19:47:20
1602,Pooja,Nair,pooja.nair1602@example.com,Kolkata,2024-12-06 20:02:59
1603,Neha,Singh,neha.singh1603@example.com,Chandigarh,2024-05-21 02:55:26
1604,Sunita,Bhat,sunita.bhat1604@example.com,Chennai,2024-01-20 01:29:04
1605,Rohan,Pandey,rohan.pandey1605@example.com,Lucknow,2024-06-26 11:17:03
1606,Priya,Nair,priya.nair1606@example.com,Hyderabad,2024-09-10 09:25:34
1607,Karan,Pandey,karan.pandey1607@example.com,Bangalore,2025-05-13 05:49:17
1608,Sunita,Reddy,sunita.reddy1608@example.com,Chennai,2024-04-06 11:42:21
1609,Divya,Singh,divya.singh1609@example.com,Ahmedabad,2024-08-08 14:41:00
1610,Rahul,Gupta,rahul.gupta1610@example.com,Lucknow,2025-01-24 03:42:38
1611,Rahul,Sharma,rahul.sharma1611@example.com,Ahmedabad,2024-09-04 11:06:46
1612,Vikram,Bhat,vikram.bhat1612@example.com,Chennai,2025-04-08 08:49:43
1613,Sanya,Kumar,sanya.kumar1613@example.com,Chennai,2024-11-07 16:16:59
1614,Rajesh,Bhat,rajesh.bhat1614@example.com,Jaipur,2024-08-09 02:08:39
1615,Sneha,Bose,sneha.bose1615@example.com,Hyderabad,2024-11-13 04:18:34
1616,Karan,Sharma,karan.sharma1616@example.com,Hyderabad,2024-10-28 10:48:48
1617,Suresh,Verma,suresh.verma1617@example.com,Ahmedabad,2025-03-27 11:50:48
1618,Divya,Bhat,divya.bhat1618@example.com,Pune,2025-03-28 03:51:08
1619,Deepa,Patel,deepa.patel1619@example.com,Hyderabad,2024-01-12 07:44:56
1620,Divya,Mehta,divya.mehta1620@example.com,Delhi,2024-02-10 08:25:41
1621,Rajesh,Sharma,rajesh.sharma1621@example.com,Lucknow,2024-11-11 18:38:59
1622,Sneha,Rao,sneha.rao1622@example.com,Surat,2025-04-24 16:10:38
1623,Rajesh,Chopra,rajesh.chopra1623@example.com,Bangalore,2025-04-16 13:21:57
1624,Sunita,Mishra,sunita.mishra1624@example.com,Kolkata,2024-11-24 08:08:59
1625,Amit,Bose,amit.bose1625@example.com,Jaipur,2024-01-28 18:22:38
1626,Priya,Rao,priya.rao1626@example.com,Ahmedabad,2024-06-20 19:10:46
1627,Aditya,Iyer,aditya.iyer1627@example.com,Delhi,2025-05-08 18:50:00
1628,Kavita,Kumar,kavita.kumar1628@example.com,Hyderabad,2025-02-12 21:47:26
1629,Sneha,Bose,sneha.bose1629@example.com,Hyderabad,2024-05-23 14:31:53
1630,Rahul,Nair,rahul.nair1630@example.com,Ahmedabad,2025-02-10 06:13:16
1631,Ananya,Verma,ananya.verma1631@example.com,Jaipur,2025-04-22 07:56:02
1632,Rahul,Singh,rahul.singh1632@example.com,Kolkata,2024-11-08 23:10:59
1633,Rahul,Saxena,rahul.saxena1633@example.com,Jaipur,2024-06-06 09:05:40
1634,Suresh,Banerjee,suresh.banerjee1634@example.com,Surat,2025-04-17 01:52:05
1635,Karan,Singh,karan.singh1635@example.com,Delhi,2025-01-14 14:07:38
1636,Sunita,Kumar,sunita.kumar1636@example.com,Lucknow,2024-11-16 03:37:08
1637,Kavita,Mehta,kavita.mehta1637@example.com,Chennai,2024-06-07 17:34:15
1638,Aditya,Mishra,aditya.mishra1638@example.com,Chennai,2025-02-21 00:03:07
1639,Priya,Gupta,priya.gupta1639@example.com,Chennai,2024-04-28 18:38:50
1640,Sunita,Mishra,sunita.mishra1640@example.com,Chandigarh,2024-03-30 19:39:44
1641,Amit,Reddy,amit.reddy1641@example.com,Chandigarh,2024-07-04 09:54:04
1642,Ananya,Iyer,ananya.iyer1642@example.com,Kolkata,2024-03-14 13:01:20
1643,Neha,Saxena,neha.saxena1643@example.com,Jaipur,2024-03-04 19:58:17
1644,Vikram,Bhat,vikram.bhat1644@example.com,Pune,2024-11-20 12:57:22
1645,Vikram,Pandey,vikram.pandey1645@example.com,Hyderabad,2024-09-16 00:39:38
1646,Karan,Gupta,karan.gupta1646@example.com,Hyderabad,2024-08-21 13:51:17
1647,Rohan,Singh,rohan.singh1647@example.com,Mumbai,2025-02-17 22:58:58
1648,Amit,Joshi,amit.joshi1648@example.com,Pune,2024-12-18 09:57:20
1649,Sanya,Gupta,sanya.gupta1649@example.com,Bangalore,2024-01-31 20:23:29
1650,Rohan,Bhat,rohan.bhat1650@example.com,Delhi,2024-10-31 23:43:18
1651,Sanya,Mehta,sanya.mehta1651@example.com,Pune,2024-04-14 15:20:45
1652,Rajesh,Gupta,rajesh.gupta1652@example.com,Pune,2024-08-12 17:45:24
1653,Amit,Nair,amit.nair1653@example.com,Bangalore,2024-02-24 15:43:42
1654,Karan,Sharma,karan.sharma1654@example.com,Delhi,2024-03-13 09:21:11
1655,Sunita,Kumar,sunita.kumar1655@example.com,Pune,2025-01-16 00:05:03
1656,Vikram,Verma,vikram.verma1656@example.com,Pune,2024-08-24 05:27:56
1657,Amit,Reddy,amit.reddy1657@example.com,Ahmedabad,2025-01-24 06:48:03
1658,Karan,Sharma,karan.sharma1658@example.com,Mumbai,2024-08-25 04:17:58
1659,Deepa,Rao,deepa.rao1659@example.com,Lucknow,2024-09-05 13:23:56
1660,Aditya,Singh,aditya.singh1660@example.com,Chandigarh,2024-05-07 10:38:32
1661,Ananya,Reddy,ananya.reddy1661@example.com,Pune,2024-09-24 02:55:22
1662,Sneha,Bose,sneha.bose1662@example.com,Bangalore,2024-12-15 01:06:39
1663,Deepa,Reddy,deepa.reddy1663@example.com,Chennai,2024-04-24 08:20:49
1664,Rajesh,Gupta,rajesh.gupta1664@example.com,Pune,2024-11-29 11:41:56
1665,Manish,Singh,manish.singh1665@example.com,Mumbai,2024-07-24 05:42:55
1666,Aditya,Rao,aditya.rao1666@example.com,Kolkata,2024-12-26 11:44:09
1667,Rajesh,Gupta,rajesh.gupta1667@example.com,Ahmedabad,2025-02-16 22:54:34
1668,Pooja,Mishra,pooja.mishra1668@example.com,Bangalore,2025-04-28 00:57:13
1669,Rajesh,Pandey,rajesh.pandey1669@example.com,Kolkata,2024-03-08 15:51:02
1670,Pooja,Rao,pooja.rao1670@example.com,Chandigarh,2024-05-15 15:26:30
1671,Vikram,Das,vikram.das1671@example.com,Jaipur,2024-09-22 00:05:08
1672,Aditya,Singh,aditya.singh1672@example.com,Jaipur,2024-03-26 14:17:07
1673,Vikram,Reddy,vikram.reddy1673@example.com,Chennai,2024-08-31 01:09:24
1674,Rajesh,Pandey,rajesh.pandey1674@example.com,Delhi,2025-02-27 23:37:14
1675,Rahul,Patel,rahul.patel1675@example.com,Bangalore,2024-01-06 14:14:17
1676,Sanya,Chopra,sanya.chopra1676@example.com,Bangalore,2024-11-05 12:57:51
1677,Rahul,Kumar,rahul.kumar1677@example.com,Chandigarh,2025-03-20 08:43:18
1678,Amit,Nair,amit.nair1678@example.com,Hyderabad,2024-06-08 09:59:07
1679,Ananya,Chopra,ananya.chopra1679@example.com,Hyderabad,2024-10-30 03:56:09
1680,Aditya,Bhat,aditya.bhat1680@example.com,Lucknow,2024-01-28 23:37:05
1681,Pooja,Mishra,pooja.mishra1681@example.com,Ahmedabad,2025-01-18 02:34:29
1682,Priya,Singh,priya.singh1682@example.com,Surat,2025-02-10 01:49:04
1683,Rohan,Sharma,rohan.sharma1683@example.com,Kolkata,2024-03-09 15:12:34
1684,Neha,Bhat,neha.bhat1684@example.com,Bangalore,2024-11-27 17:54:40
1685,Divya,Chopra,divya.chopra1685@example.com,Kolkata,2024-09-24 04:02:45
1686,Rohan,Kumar,rohan.kumar1686@example.com,Chandigarh,2024-09-13 23:32:05
1687,Kavita,Patel,kavita.patel1687@example.com,Kolkata,2025-03-12 08:31:30
1688,Manish,Banerjee,manish.banerjee1688@example.com,Bangalore,2024-07-03 21:43:28
1689,Neha,Iyer,neha.iyer1689@example.com,Delhi,2024-09-06 21:34:02
1690,Pooja,Mishra,pooja.mishra1690@example.com,Ahmedabad,2024-04-09 21:23:57
1691,Sanya,Pandey,sanya.pandey1691@example.com,Bangalore,2025-01-11 19:12:53
1692,Priya,Rao,priya.rao1692@example.com,Surat,2024-06-01 09:28:00
1693,Rohan,Sharma,rohan.sharma1693@example.com,Ahmedabad,2024-10-17 14:58:31
1694,Vikram,Patel,vikram.patel1694@example.com,Chandigarh,2024-12-22 13:46:02
1695,Aditya,Singh,aditya.singh1695@example.com,Jaipur,2025-05-09 08:31:55
1696,Ananya,Nair,ananya.nair1696@example.com,Bangalore,2024-02-02 00:09:57
1697,Amit,Nair,amit.nair1697@example.com,Pune,2025-03-30 03:26:18
1698,Aarav,Mehta,aarav.mehta1698@example.com,Lucknow,2024-10-12 15:04:26
1699,Rajesh,Pandey,rajesh.pandey1699@example.com,Pune,2024-03-29 11:44:12
1700,Manish,Mehta,manish.mehta1700@example.com,Mumbai,2024-08-10 16:23:17
1701,Aarav,Reddy,aarav.reddy1701@example.com,Lucknow,2024-03-10 06:03:12
1702,Pooja,Banerjee,pooja.banerjee1702@example.com,Ahmedabad,2024-09-05 14:08:57
1703,Rohan,Chopra,rohan.chopra1703@example.com,Bangalore,2025-04-17 01:26:40
1704,Rajesh,Das,rajesh.das1704@example.com,Jaipur,2024-03-08 00:25:01
1705,Sneha,Bose,sneha.bose1705@example.com,Surat,2024-12-27 21:37:37
1706,Rahul,Bose,rahul.bose1706@example.com,Chandigarh,2024-12-03 19:11:46
1707,Amit,Verma,amit.verma1707@example.com,Hyderabad,2024-09-12 02:45:30
1708,Karan,Bhat,karan.bhat1708@example.com,Jaipur,2025-02-24 06:18:04
1709,Priya,Rao,priya.rao1709@example.com,Jaipur,2024-09-30 12:09:13
1710,Manish,Patel,manish.patel1710@example.com,Chennai,2025-02-21 05:19:48
1711,Vikram,Banerjee,vikram.banerjee1711@example.com,Surat,2024-01-10 11:14:50
1712,Aarav,Banerjee,aarav.banerjee1712@example.com,Bangalore,2024-07-31 16:24:22
1713,Vikram,Mehta,vikram.mehta1713@example.com,Bangalore,2024-07-14 05:49:55
1714,Amit,Iyer,amit.iyer1714@example.com,Hyderabad,2024-08-18 12:49:50
1715,Rahul,Rao,rahul.rao1715@example.com,Kolkata,2024-07-08 07:31:54
1716,Rahul,Gupta,rahul.gupta1716@example.com,Ahmedabad,2024-10-30 11:49:00
1717,Deepa,Kumar,deepa.kumar1717@example.com,Surat,2025-04-20 08:54:06
1718,Sanya,Verma,sanya.verma1718@example.com,Kolkata,2025-02-22 14:32:21
1719,Rohan,Gupta,rohan.gupta1719@example.com,Mumbai,2024-08-11 07:55:31
1720,Ananya,Pandey,ananya.pandey1720@example.com,Ahmedabad,2024-03-23 08:10:55
1721,Rohan,Saxena,rohan.saxena1721@example.com,Mumbai,2025-01-07 08:53:13
1722,Neha,Chopra,neha.chopra1722@example.com,Surat,2024-03-17 04:49:07
1723,Vikram,Saxena,vikram.saxena1723@example.com,Jaipur,2024-01-26 06:23:39
1724,Rahul,Mishra,rahul.mishra1724@example.com,Hyderabad,2025-03-08 00:45:22
1725,Sneha,Saxena,sneha.saxena1725@example.com,Bangalore,2024-11-17 09:53:55
1726,Priya,Patel,priya.patel1726@example.com,Lucknow,2025-02-22 14:50:19
1727,Sanya,Singh,sanya.singh1727@example.com,Surat,2025-04-27 01:45:57
1728,Aarav,Singh,aarav.singh1728@example.com,Chennai,2024-06-12 10:52:27
1729,Rohan,Nair,rohan.nair1729@example.com,Bangalore,2024-07-05 20:00:56
1730,Pooja,Bhat,pooja.bhat1730@example.com,Kolkata,2024-08-01 03:46:56
1731,Neha,Reddy,neha.reddy1731@example.com,Hyderabad,2025-03-10 11:03:24
1732,Aarav,Iyer,aarav.iyer1732@example.com,Ahmedabad,2025-03-29 16:13:19
1733,Rahul,Patel,rahul.patel1733@example.com,Mumbai,2025-05-10 02:33:06
1734,Sunita,Mishra,sunita.mishra1734@example.com,Kolkata,2024-04-30 15:11:35
1735,Sunita,Rao,sunita.rao1735@example.com,Pune,2024-08-22 21:35:44
1736,Divya,Iyer,divya.iyer1736@example.com,Chandigarh,2024-09-15 07:50:44
1737,Suresh,Chopra,suresh.chopra1737@example.com,Kolkata,2024-10-19 09:11:09
1738,Rajesh,Sharma,rajesh.sharma1738@example.com,Pune,2025-03-10 12:21:14
1739,Rahul,Pandey,rahul.pandey1739@example.com,Lucknow,2025-02-25 08:09:42
1740,Ananya,Verma,ananya.verma1740@example.com,Pune,2025-02-22 10:46:54
1741,Karan,Iyer,karan.iyer1741@example.com,Delhi,2024-05-18 07:46:45
1742,Neha,Mishra,neha.mishra1742@example.com,Surat,2024-09-27 13:34:28
1743,Rajesh,Rao,rajesh.rao1743@example.com,Surat,2024-07-25 09:24:45
1744,Vikram,Joshi,vikram.joshi1744@example.com,Mumbai,2024-01-01 16:13:41
1745,Manish,Gupta,manish.gupta1745@example.com,Bangalore,2024-12-27 18:56:34
1746,Rahul,Saxena,rahul.saxena1746@example.com,Ahmedabad,2025-03-30 08:27:01
1747,Vikram,Bose,vikram.bose1747@example.com,Pune,2024-08-15 04:51:35
1748,Kavita,Reddy,kavita.reddy1748@example.com,Chennai,2025-04-04 04:58:32
1749,Neha,Joshi,neha.joshi1749@example.com,Chandigarh,2024-07-04 03:37:16
1750,Deepa,Bhat,deepa.bhat1750@example.com,Delhi,2024-07-07 17:18:16
1751,Vikram,Das,vikram.das1751@example.com,Kolkata,2024-08-12 04:26:01
1752,Sneha,Joshi,sneha.joshi1752@example.com,Mumbai,2024-07-10 13:30:35
1753,Sunita,Bhat,sunita.bhat1753@example.com,Jaipur,2025-02-23 21:53:49
1754,Rahul,Mishra,rahul.mishra1754@example.com,Delhi,2024-05-07 06:49:02
1755,Vikram,Bose,vikram.bose1755@example.com,Delhi,2024-11-27 15:07:24
1756,Deepa,Reddy,deepa.reddy1756@example.com,Surat,2024-09-01 09:59:22
1757,Kavita,Joshi,kavita.joshi1757@example.com,Lucknow,2025-01-14 05:21:06
1758,Rajesh,Singh,rajesh.singh1758@example.com,Kolkata,2024-02-27 13:40:11
1759,Neha,Bhat,neha.bhat1759@example.com,Lucknow,2024-05-05 07:35:22
1760,Sanya,Verma,sanya.verma1760@example.com,Jaipur,2024-03-27 05:19:29
1761,Neha,Sharma,neha.sharma1761@example.com,Surat,2024-04-25 15:54:41
1762,Kavita,Banerjee,kavita.banerjee1762@example.com,Pune,2024-12-11 22:12:56
1763,Neha,Mishra,neha.mishra1763@example.com,Surat,2024-07-25 23:58:59
1764,Sneha,Reddy,sneha.reddy1764@example.com,Pune,2024-01-02 08:26:10
1765,Suresh,Bhat,suresh.bhat1765@example.com,Hyderabad,2025-01-02 17:11:11
1766,Rahul,Chopra,rahul.chopra1766@example.com,Surat,2025-02-11 05:27:12
1767,Sunita,Saxena,sunita.saxena1767@example.com,Chandigarh,2024-04-26 06:48:44
1768,Karan,Singh,karan.singh1768@example.com,Hyderabad,2024-04-23 08:58:09
1769,Karan,Bose,karan.bose1769@example.com,Bangalore,2025-02-15 22:46:19
1770,Neha,Bhat,neha.bhat1770@example.com,Jaipur,2024-12-27 19:59:17
1771,Manish,Verma,manish.verma1771@example.com,Chennai,2024-08-30 06:58:16
1772,Sanya,Sharma,sanya.sharma1772@example.com,Chennai,2024-10-06 05:24:09
1773,Sneha,Saxena,sneha.saxena1773@example.com,Chennai,2024-01-10 04:36:20
1774,Rajesh,Rao,rajesh.rao1774@example.com,Hyderabad,2024-01-02 16:01:27
1775,Rajesh,Das,rajesh.das1775@example.com,Chandigarh,2025-04-28 07:37:20
1776,Aarav,Banerjee,aarav.banerjee1776@example.com,Delhi,2024-12-03 19:09:58
1777,Rajesh,Nair,rajesh.nair1777@example.com,Hyderabad,2024-04-14 15:57:13
1778,Sneha,Bhat,sneha.bhat1778@example.com,Surat,2024-07-03 05:53:38
1779,Amit,Sharma,amit.sharma1779@example.com,Lucknow,2025-02-27 04:17:23
1780,Sanya,Iyer,sanya.iyer1780@example.com,Pune,2024-04-18 01:33:29
1781,Priya,Verma,priya.verma1781@example.com,Surat,2024-03-06 00:07:35
1782,Manish,Patel,manish.patel1782@example.com,Ahmedabad,2025-02-27 10:46:56
1783,Rahul,Pandey,rahul.pandey1783@example.com,Pune,2025-02-05 03:52:06
1784,Sunita,Joshi,sunita.joshi1784@example.com,Jaipur,2024-03-05 20:01:52
1785,Amit,Joshi,amit.joshi1785@example.com,Pune,2024-07-03 23:48:47
1786,Vikram,Mehta,vikram.mehta1786@example.com,Jaipur,2024-07-15 00:01:00
1787,Amit,Saxena,amit.saxena1787@example.com,Chandigarh,2024-09-06 02:33:56
1788,Aarav,Bhat,aarav.bhat1788@example.com,Jaipur,2025-03-16 23:15:06
1789,Pooja,Gupta,pooja.gupta1789@example.com,Delhi,2024-06-20 19:50:28
1790,Rajesh,Bhat,rajesh.bhat1790@example.com,Surat,2024-03-22 11:57:02
1791,Karan,Nair,karan.nair1791@example.com,Chennai,2024-02-10 21:03:53
1792,Neha,Reddy,neha.reddy1792@example.com,Jaipur,2024-09-04 10:05:38
1793,Rohan,Gupta,rohan.gupta1793@example.com,Hyderabad,2024-11-07 23:55:25
1794,Rajesh,Bose,rajesh.bose1794@example.com,Lucknow,2024-01-08 11:02:36
1795,Rahul,Nair,rahul.nair1795@example.com,Kolkata,2024-07-26 05:41:54
1796,Sanya,Bose,sanya.bose1796@example.com,Mumbai,2024-09-22 14:28:53
1797,Aarav,Patel,aarav.patel1797@example.com,Bangalore,2024-08-24 17:04:25
1798,Pooja,Nair,pooja.nair1798@example.com,Pune,2024-12-26 04:42:27
1799,Kavita,Iyer,kavita.iyer1799@example.com,Delhi,2024-11-18 16:59:36
1800,Manish,Bose,manish.bose1800@example.com,Pune,2024-09-11 15:34:18
1801,Pooja,Iyer,pooja.iyer1801@example.com,Hyderabad,2024-05-09 02:10:44
1802,Karan,Saxena,karan.saxena1802@example.com,Surat,2025-01-14 02:42:52
1803,Vikram,Gupta,vikram.gupta1803@example.com,Hyderabad,2024-12-23 06:35:25
1804,Manish,Sharma,manish.sharma1804@example.com,Mumbai,2024-12-07 06:56:02
1805,Sanya,Saxena,sanya.saxena1805@example.com,Pune,2024-04-30 15:30:19
1806,Ananya,Chopra,ananya.chopra1806@example.com,Chandigarh,2024-10-13 13:13:57
1807,Neha,Saxena,neha.saxena1807@example.com,Lucknow,2024-08-07 01:41:44
1808,Karan,Banerjee,karan.banerjee1808@example.com,Mumbai,2024-07-06 13:16:56
1809,Amit,Sharma,amit.sharma1809@example.com,Lucknow,2024-05-19 14:24:27
1810,Karan,Verma,karan.verma1810@example.com,Delhi,2024-02-04 00:55:33
1811,Sneha,Kumar,sneha.kumar1811@example.com,Chandigarh,2024-05-17 02:41:32
1812,Vikram,Gupta,vikram.gupta1812@example.com,Chandigarh,2024-12-04 09:15:16
1813,Sneha,Sharma,sneha.sharma1813@example.com,Lucknow,2025-02-05 09:46:55
1814,Neha,Reddy,neha.reddy1814@example.com,Pune,2024-04-16 02:01:59
1815,Sunita,Banerjee,sunita.banerjee1815@example.com,Lucknow,2025-02-27 19:07:15
1816,Aditya,Banerjee,aditya.banerjee1816@example.com,Surat,2024-07-04 01:54:54
1817,Rohan,Joshi,rohan.joshi1817@example.com,Lucknow,2025-05-05 12:24:52
1818,Sunita,Pandey,sunita.pandey1818@example.com,Chandigarh,2024-02-27 22:18:05
1819,Rajesh,Nair,rajesh.nair1819@example.com,Bangalore,2024-07-13 23:32:16
1820,Aditya,Nair,aditya.nair1820@example.com,Surat,2025-02-04 01:06:29
1821,Rahul,Mehta,rahul.mehta1821@example.com,Delhi,2024-03-19 07:17:42
1822,Deepa,Banerjee,deepa.banerjee1822@example.com,Chennai,2024-08-07 16:17:17
1823,Kavita,Chopra,kavita.chopra1823@example.com,Bangalore,2024-09-07 15:02:42
1824,Manish,Patel,manish.patel1824@example.com,Ahmedabad,2024-07-25 21:35:38
1825,Pooja,Reddy,pooja.reddy1825@example.com,Chandigarh,2024-09-21 18:01:52
1826,Rohan,Patel,rohan.patel1826@example.com,Delhi,2024-03-19 13:12:10
1827,Rajesh,Verma,rajesh.verma1827@example.com,Mumbai,2024-12-08 14:09:53
1828,Vikram,Patel,vikram.patel1828@example.com,Hyderabad,2025-03-18 21:22:51
1829,Rajesh,Banerjee,rajesh.banerjee1829@example.com,Lucknow,2025-01-22 00:46:50
1830,Manish,Kumar,manish.kumar1830@example.com,Hyderabad,2024-06-06 18:28:29
1831,Deepa,Saxena,deepa.saxena1831@example.com,Delhi,2024-10-28 02:19:23
1832,Aarav,Saxena,aarav.saxena1832@example.com,Ahmedabad,2025-01-31 22:14:33
1833,Rohan,Pandey,rohan.pandey1833@example.com,Delhi,2024-04-21 00:09:11
1834,Amit,Pandey,amit.pandey1834@example.com,Delhi,2024-09-03 11:59:31
1835,Rohan,Patel,rohan.patel1835@example.com,Pune,2024-10-21 06:17:00
1836,Rahul,Singh,rahul.singh1836@example.com,Ahmedabad,2025-01-15 05:32:35
1837,Neha,Reddy,neha.reddy1837@example.com,Chennai,2025-02-22 16:00:16
1838,Aditya,Chopra,aditya.chopra1838@example.com,Mumbai,2025-02-09 13:31:43
1839,Neha,Nair,neha.nair1839@example.com,Delhi,2024-08-30 16:38:42
1840,Suresh,Kumar,suresh.kumar1840@example.com,Chandigarh,2024-04-30 02:42:34
1841,Aarav,Rao,aarav.rao1841@example.com,Ahmedabad,2025-02-15 05:43:43
1842,Aditya,Rao,aditya.rao1842@example.com,Ahmedabad,2024-09-11 05:36:23
1843,Aditya,Sharma,aditya.sharma1843@example.com,Ahmedabad,2024-04-13 18:10:22
1844,Suresh,Iyer,suresh.iyer1844@example.com,Hyderabad,2024-02-14 13:32:28
1845,Vikram,Rao,vikram.rao1845@example.com,Chandigarh,2024-10-24 17:00:12
1846,Manish,Bose,manish.bose1846@example.com,Ahmedabad,2024-08-24 18:21:25
1847,Divya,Reddy,divya.reddy1847@example.com,Delhi,2024-04-24 04:28:42
1848,Aditya,Banerjee,aditya.banerjee1848@example.com,Lucknow,2025-04-18 05:51:47
1849,Suresh,Iyer,suresh.iyer1849@example.com,Ahmedabad,2024-02-24 06:21:22
1850,Aditya,Rao,aditya.rao1850@example.com,Mumbai,2024-11-18 06:20:21
1851,Amit,Reddy,amit.reddy1851@example.com,Pune,2024-08-02 11:18:16
1852,Karan,Reddy,karan.reddy1852@example.com,Bangalore,2025-01-29 10:07:13
1853,Neha,Saxena,neha.saxena1853@example.com,Surat,2024-12-23 23:37:37
1854,Kavita,Joshi,kavita.joshi1854@example.com,Pune,2024-01-28 22:09:13
1855,Divya,Mehta,divya.mehta1855@example.com,Delhi,2024-11-08 14:58:43
1856,Pooja,Mehta,pooja.mehta1856@example.com,Kolkata,2024-05-09 02:31:30
1857,Suresh,Bose,suresh.bose1857@example.com,Chandigarh,2025-04-23 22:36:14
1858,Deepa,Reddy,deepa.reddy1858@example.com,Chennai,2025-01-30 23:24:43
1859,Rohan,Bhat,rohan.bhat1859@example.com,Jaipur,2024-04-30 15:24:21
1860,Priya,Banerjee,priya.banerjee1860@example.com,Bangalore,2024-09-23 09:57:59
1861,Kavita,Bhat,kavita.bhat1861@example.com,Delhi,2024-01-09 06:19:36
1862,Sanya,Chopra,sanya.chopra1862@example.com,Lucknow,2024-02-07 22:40:31
1863,Amit,Reddy,amit.reddy1863@example.com,Ahmedabad,2025-05-06 22:30:36
1864,Priya,Gupta,priya.gupta1864@example.com,Ahmedabad,2025-01-30 08:38:12
1865,Aditya,Banerjee,aditya.banerjee1865@example.com,Ahmedabad,2024-04-14 19:13:19
1866,Rahul,Mishra,rahul.mishra1866@example.com,Ahmedabad,2024-10-19 06:41:40
1867,Deepa,Sharma,deepa.sharma1867@example.com,Hyderabad,2024-01-24 06:02:45
1868,Ananya,Das,ananya.das1868@example.com,Delhi,2024-08-30 08:00:44
1869,Aditya,Singh,aditya.singh1869@example.com,Delhi,2024-01-13 23:13:11
1870,Kavita,Das,kavita.das1870@example.com,Chennai,2024-11-10 09:28:50
1871,Ananya,Mehta,ananya.mehta1871@example.com,Hyderabad,2024-12-10 16:47:30
1872,Suresh,Mishra,suresh.mishra1872@example.com,Lucknow,2024-07-26 07:58:41
1873,Sanya,Patel,sanya.patel1873@example.com,Bangalore,2024-11-05 14:51:47
1874,Neha,Bhat,neha.bhat1874@example.com,Chennai,2025-01-11 02:07:01
1875,Deepa,Nair,deepa.nair1875@example.com,Pune,2025-02-18 02:12:15
1876,Kavita,Joshi,kavita.joshi1876@example.com,Mumbai,2024-12-05 10:27:34
1877,Neha,Bose,neha.bose1877@example.com,Kolkata,2025-04-15 18:06:31
1878,Aarav,Sharma,aarav.sharma1878@example.com,Delhi,2024-04-06 23:39:30
1879,Karan,Gupta,karan.gupta1879@example.com,Kolkata,2025-03-09 09:12:46
1880,Pooja,Banerjee,pooja.banerjee1880@example.com,Kolkata,2024-10-22 04:21:42
1881,Vikram,Joshi,vikram.joshi1881@example.com,Lucknow,2024-07-01 16:18:47
1882,Kavita,Reddy,kavita.reddy1882@example.com,Ahmedabad,2025-03-15 09:08:42
1883,Rajesh,Patel,rajesh.patel1883@example.com,Bangalore,2024-02-26 16:03:05
1884,Pooja,Bhat,pooja.bhat1884@example.com,Delhi,2024-08-18 23:21:40
1885,Pooja,Mishra,pooja.mishra1885@example.com,Kolkata,2025-02-12 03:49:16
1886,Deepa,Mishra,deepa.mishra1886@example.com,Ahmedabad,2024-07-23 00:38:30
1887,Neha,Reddy,neha.reddy1887@example.com,Mumbai,2024-04-13 08:12:30
1888,Amit,Rao,amit.rao1888@example.com,Pune,2025-02-12 20:35:19
1889,Deepa,Joshi,deepa.joshi1889@example.com,Pune,2025-03-09 16:31:30
1890,Rahul,Kumar,rahul.kumar1890@example.com,Ahmedabad,2024-03-20 01:35:03
1891,Rohan,Chopra,rohan.chopra1891@example.com,Ahmedabad,2024-12-02 15:14:34
1892,Deepa,Joshi,deepa.joshi1892@example.com,Mumbai,2025-02-14 16:10:07
1893,Kavita,Nair,kavita.nair1893@example.com,Pune,2025-04-16 14:42:33
1894,Sunita,Das,sunita.das1894@example.com,Hyderabad,2024-04-21 01:12:28
1895,Karan,Mehta,karan.mehta1895@example.com,Chennai,2024-09-28 17:54:59
1896,Ananya,Verma,ananya.verma1896@example.com,Ahmedabad,2024-06-29 10:30:02
1897,Aarav,Mehta,aarav.mehta1897@example.com,Mumbai,2024-05-12 22:45:05
1898,Kavita,Singh,kavita.singh1898@example.com,Bangalore,2024-09-30 02:04:13
1899,Vikram,Patel,vikram.patel1899@example.com,Lucknow,2024-04-20 05:49:00
1900,Manish,Banerjee,manish.banerjee1900@example.com,Hyderabad,2024-03-24 02:30:55
1901,Deepa,Sharma,deepa.sharma1901@example.com,Kolkata,2024-01-21 09:52:56
1902,Kavita,Saxena,kavita.saxena1902@example.com,Delhi,2025-05-07 17:24:54
1903,Rahul,Reddy,rahul.reddy1903@example.com,Chandigarh,2025-03-13 12:27:32
1904,Sunita,Bhat,sunita.bhat1904@example.com,Hyderabad,2024-09-05 23:39:36
1905,Pooja,Sharma,pooja.sharma1905@example.com,Kolkata,2024-03-15 19:45:49
1906,Rohan,Verma,rohan.verma1906@example.com,Chennai,2025-03-16 07:59:32
1907,Sunita,Iyer,sunita.iyer1907@example.com,Bangalore,2024-05-11 19:02:26
1908,Neha,Saxena,neha.saxena1908@example.com,Chennai,2024-12-27 01:24:50
1909,Rajesh,Joshi,rajesh.joshi1909@example.com,Delhi,2024-12-06 06:04:39
1910,Rohan,Das,rohan.das1910@example.com,Hyderabad,2024-03-18 03:11:29
1911,Karan,Iyer,karan.iyer1911@example.com,Hyderabad,2024-02-25 01:21:42
1912,Ananya,Joshi,ananya.joshi1912@example.com,Ahmedabad,2024-05-07 07:23:24
1913,Sneha,Saxena,sneha.saxena1913@example.com,Chennai,2024-06-02 15:50:12
1914,Ananya,Rao,ananya.rao1914@example.com,Chandigarh,2024-01-31 01:56:23
1915,Pooja,Saxena,pooja.saxena1915@example.com,Delhi,2025-02-22 00:36:55
1916,Manish,Mehta,manish.mehta1916@example.com,Ahmedabad,2025-04-29 06:33:28
1917,Rahul,Sharma,rahul.sharma1917@example.com,Hyderabad,2024-03-03 13:00:23
1918,Ananya,Nair,ananya.nair1918@example.com,Pune,2024-11-20 21:31:07
1919,Sneha,Mehta,sneha.mehta1919@example.com,Kolkata,2025-02-18 02:17:42
1920,Manish,Banerjee,manish.banerjee1920@example.com,Bangalore,2024-12-15 23:45:14
1921,Rahul,Das,rahul.das1921@example.com,Ahmedabad,2024-10-02 21:30:18
1922,Divya,Mishra,divya.mishra1922@example.com,Lucknow,2025-04-26 16:27:26
1923,Rohan,Pandey,rohan.pandey1923@example.com,Ahmedabad,2024-01-31 16:07:19
1924,Suresh,Joshi,suresh.joshi1924@example.com,Mumbai,2024-11-21 07:55:49
1925,Suresh,Banerjee,suresh.banerjee1925@example.com,Bangalore,2024-02-28 02:21:49
1926,Manish,Mehta,manish.mehta1926@example.com,Lucknow,2024-01-04 11:17:09
1927,Sanya,Nair,sanya.nair1927@example.com,Lucknow,2024-01-26 06:24:29
1928,Priya,Bose,priya.bose1928@example.com,Delhi,2025-02-28 13:46:45
1929,Rajesh,Kumar,rajesh.kumar1929@example.com,Lucknow,2024-07-16 16:32:55
1930,Pooja,Das,pooja.das1930@example.com,Pune,2024-05-28 09:47:05
1931,Manish,Gupta,manish.gupta1931@example.com,Kolkata,2024-08-18 23:11:04
1932,Rajesh,Das,rajesh.das1932@example.com,Kolkata,2024-10-31 12:44:11
1933,Sneha,Das,sneha.das1933@example.com,Lucknow,2024-09-05 09:22:50
1934,Pooja,Gupta,pooja.gupta1934@example.com,Mumbai,2024-01-24 16:43:41
1935,Aditya,Pandey,aditya.pandey1935@example.com,Lucknow,2025-01-20 16:47:38
1936,Karan,Pandey,karan.pandey1936@example.com,Jaipur,2024-03-09 01:25:32
1937,Neha,Das,neha.das1937@example.com,Pune,2025-03-31 04:23:15
1938,Sneha,Patel,sneha.patel1938@example.com,Surat,2025-05-06 16:50:52
1939,Rohan,Chopra,rohan.chopra1939@example.com,Pune,2024-12-07 01:30:28
1940,Neha,Singh,neha.singh1940@example.com,Chennai,2024-04-12 00:19:21
1941,Pooja,Kumar,pooja.kumar1941@example.com,Bangalore,2024-06-27 15:53:27
1942,Vikram,Banerjee,vikram.banerjee1942@example.com,Delhi,2024-11-24 04:48:20
1943,Neha,Pandey,neha.pandey1943@example.com,Delhi,2024-09-04 02:01:24
1944,Sneha,Mehta,sneha.mehta1944@example.com,Chennai,2024-11-30 15:03:15
1945,Amit,Mehta,amit.mehta1945@example.com,Chandigarh,2025-05-06 22:47:03
1946,Amit,Chopra,amit.chopra1946@example.com,Pune,2025-02-15 15:12:49
1947,Vikram,Bose,vikram.bose1947@example.com,Hyderabad,2024-08-02 07:04:38
1948,Vikram,Iyer,vikram.iyer1948@example.com,Kolkata,2025-04-29 11:09:08
1949,Kavita,Verma,kavita.verma1949@example.com,Ahmedabad,2024-05-08 22:27:39
1950,Pooja,Chopra,pooja.chopra1950@example.com,Kolkata,2024-08-19 13:32:29
1951,Amit,Singh,amit.singh1951@example.com,Lucknow,2024-06-16 19:31:13
1952,Divya,Rao,divya.rao1952@example.com,Ahmedabad,2025-05-11 16:51:20
1953,Rajesh,Bose,rajesh.bose1953@example.com,Lucknow,2024-07-22 01:27:57
1954,Sunita,Bhat,sunita.bhat1954@example.com,Chandigarh,2025-01-09 14:04:25
1955,Sneha,Das,sneha.das1955@example.com,Hyderabad,2024-03-07 18:17:17
1956,Rahul,Verma,rahul.verma1956@example.com,Mumbai,2024-07-18 10:32:56
1957,Sneha,Saxena,sneha.saxena1957@example.com,Chandigarh,2025-03-16 22:34:56
1958,Deepa,Chopra,deepa.chopra1958@example.com,Kolkata,2024-12-25 15:34:09
1959,Priya,Saxena,priya.saxena1959@example.com,Jaipur,2024-03-10 00:26:38
1960,Manish,Verma,manish.verma1960@example.com,Pune,2024-02-20 00:09:56
1961,Manish,Sharma,manish.sharma1961@example.com,Ahmedabad,2024-08-21 01:05:08
1962,Aditya,Das,aditya.das1962@example.com,Hyderabad,2025-03-27 05:21:54
1963,Manish,Mishra,manish.mishra1963@example.com,Kolkata,2024-02-02 23:37:18
1964,Kavita,Mehta,kavita.mehta1964@example.com,Ahmedabad,2024-07-05 10:15:27
1965,Divya,Nair,divya.nair1965@example.com,Ahmedabad,2024-04-20 04:54:03
1966,Sneha,Bhat,sneha.bhat1966@example.com,Hyderabad,2025-03-22 04:16:08
1967,Priya,Iyer,priya.iyer1967@example.com,Bangalore,2025-01-25 08:40:38
1968,Suresh,Mehta,suresh.mehta1968@example.com,Surat,2025-01-04 03:53:28
1969,Rahul,Patel,rahul.patel1969@example.com,Mumbai,2024-07-02 21:36:30
1970,Rohan,Iyer,rohan.iyer1970@example.com,Chennai,2024-02-29 21:13:45
1971,Deepa,Reddy,deepa.reddy1971@example.com,Bangalore,2025-02-07 20:57:19
1972,Divya,Reddy,divya.reddy1972@example.com,Surat,2024-02-20 04:18:26
1973,Ananya,Das,ananya.das1973@example.com,Delhi,2024-04-25 00:37:21
1974,Ananya,Verma,ananya.verma1974@example.com,Pune,2024-03-11 15:16:28
1975,Neha,Bose,neha.bose1975@example.com,Chandigarh,2025-01-21 18:18:11
1976,Manish,Kumar,manish.kumar1976@example.com,Jaipur,2024-02-15 22:52:46
1977,Priya,Banerjee,priya.banerjee1977@example.com,Kolkata,2024-11-07 11:15:47
1978,Sneha,Kumar,sneha.kumar1978@example.com,Hyderabad,2024-11-11 21:18:31
1979,Sanya,Mehta,sanya.mehta1979@example.com,Ahmedabad,2024-04-16 01:18:50
1980,Priya,Pandey,priya.pandey1980@example.com,Kolkata,2024-10-11 16:26:46
1981,Rajesh,Singh,rajesh.singh1981@example.com,Hyderabad,2025-04-05 23:26:54
1982,Sanya,Joshi,sanya.joshi1982@example.com,Jaipur,2024-09-07 01:07:11
1983,Manish,Chopra,manish.chopra1983@example.com,Mumbai,2024-01-04 07:45:54
1984,Priya,Bose,priya.bose1984@example.com,Mumbai,2024-05-16 21:22:06
1985,Aarav,Chopra,aarav.chopra1985@example.com,Chennai,2024-08-27 13:48:29
1986,Amit,Joshi,amit.joshi1986@example.com,Ahmedabad,2024-11-12 04:25:01
1987,Ananya,Pandey,ananya.pandey1987@example.com,Bangalore,2025-02-14 03:49:30
1988,Sunita,Sharma,sunita.sharma1988@example.com,Jaipur,2024-09-28 13:22:04
1989,Kavita,Kumar,kavita.kumar1989@example.com,Lucknow,2024-07-13 08:36:31
1990,Manish,Gupta,manish.gupta1990@example.com,Mumbai,2025-01-28 13:09:34
1991,Amit,Chopra,amit.chopra1991@example.com,Bangalore,2024-11-06 00:06:56
1992,Divya,Chopra,divya.chopra1992@example.com,Hyderabad,2024-05-07 11:09:06
1993,Rohan,Reddy,rohan.reddy1993@example.com,Mumbai,2024-02-09 11:32:23
1994,Neha,Das,neha.das1994@example.com,Chandigarh,2024-10-31 17:05:33
1995,Rohan,Das,rohan.das1995@example.com,Bangalore,2024-12-11 02:33:15
1996,Aarav,Mehta,aarav.mehta1996@example.com,Kolkata,2024-03-14 09:17:15
1997,Kavita,Sharma,kavita.sharma1997@example.com,Chandigarh,2025-04-19 10:20:12
1998,Karan,Joshi,karan.joshi1998@example.com,Mumbai,2024-10-31 16:41:43
1999,Priya,Nair,priya.nair1999@example.com,Chennai,2024-12-09 17:57:13
2000,Neha,Mehta,neha.mehta2000@example.com,Kolkata,2024-09-05 22:34:29
2001,Pooja,Sharma,pooja.sharma2001@example.com,Jaipur,2024-10-19 15:16:55
2002,Amit,Bhat,amit.bhat2002@example.com,Delhi,2024-01-03 15:37:30
2003,Aditya,Chopra,aditya.chopra2003@example.com,Lucknow,2024-07-10 18:03:03
2004,Deepa,Rao,deepa.rao2004@example.com,Jaipur,2025-02-09 11:11:45
2005,Manish,Nair,manish.nair2005@example.com,Jaipur,2024-10-13 10:46:16
2006,Rohan,Sharma,rohan.sharma2006@example.com,Jaipur,2024-03-18 19:03:59
2007,Divya,Singh,divya.singh2007@example.com,Pune,2024-10-27 17:42:06
2008,Aditya,Patel,aditya.patel2008@example.com,Mumbai,2024-12-05 09:09:21
2009,Priya,Saxena,priya.saxena2009@example.com,Chandigarh,2024-09-01 13:56:51
2010,Rahul,Banerjee,rahul.banerjee2010@example.com,Bangalore,2024-03-04 07:43:43
2011,Aarav,Reddy,aarav.reddy2011@example.com,Mumbai,2024-12-19 06:35:00
2012,Rajesh,Kumar,rajesh.kumar2012@example.com,Surat,2025-02-05 12:51:11
2013,Divya,Sharma,divya.sharma2013@example.com,Surat,2024-06-22 04:48:46
2014,Sneha,Bhat,sneha.bhat2014@example.com,Pune,2025-03-06 05:34:31
2015,Manish,Bose,manish.bose2015@example.com,Bangalore,2025-03-14 02:24:11
2016,Amit,Pandey,amit.pandey2016@example.com,Chennai,2025-01-07 15:17:09
2017,Sneha,Banerjee,sneha.banerjee2017@example.com,Hyderabad,2024-05-22 14:01:35
2018,Rahul,Bose,rahul.bose2018@example.com,Surat,2025-04-17 08:46:47
2019,Neha,Das,neha.das2019@example.com,Jaipur,2024-05-21 17:47:06
2020,Vikram,Chopra,vikram.chopra2020@example.com,Chandigarh,2024-12-16 11:40:04
2021,Manish,Joshi,manish.joshi2021@example.com,Ahmedabad,2024-01-25 06:29:31
2022,Suresh,Banerjee,suresh.banerjee2022@example.com,Bangalore,2025-04-28 07:15:37
2023,Ananya,Reddy,ananya.reddy2023@example.com,Jaipur,2025-01-27 16:21:32
2024,Deepa,Iyer,deepa.iyer2024@example.com,Jaipur,2024-06-12 12:57:19
2025,Pooja,Kumar,pooja.kumar2025@example.com,Chandigarh,2024-05-16 03:21:50
2026,Karan,Bhat,karan.bhat2026@example.com,Lucknow,2024-09-11 09:38:09
2027,Amit,Chopra,amit.chopra2027@example.com,Chennai,2024-03-24 19:12:24
2028,Pooja,Patel,pooja.patel2028@example.com,Jaipur,2024-01-26 22:24:55
2029,Sanya,Saxena,sanya.saxena2029@example.com,Hyderabad,2024-02-17 17:52:47
2030,Sanya,Mehta,sanya.mehta2030@example.com,Pune,2025-05-10 04:58:43
2031,Manish,Nair,manish.nair2031@example.com,Pune,2024-11-02 20:09:25
2032,Ananya,Pandey,ananya.pandey2032@example.com,Delhi,2025-02-07 14:33:15
2033,Divya,Mehta,divya.mehta2033@example.com,Ahmedabad,2024-02-09 12:56:19
2034,Priya,Joshi,priya.joshi2034@example.com,Hyderabad,2025-04-04 14:01:05
2035,Aarav,Verma,aarav.verma2035@example.com,Lucknow,2024-09-06 13:09:24
2036,Ananya,Bhat,ananya.bhat2036@example.com,Ahmedabad,2024-02-08 14:43:23
2037,Manish,Mehta,manish.mehta2037@example.com,Kolkata,2024-02-05 14:17:06
2038,Rohan,Joshi,rohan.joshi2038@example.com,Bangalore,2024-10-15 11:18:26
2039,Sunita,Bhat,sunita.bhat2039@example.com,Ahmedabad,2024-02-11 03:59:08
2040,Amit,Sharma,amit.sharma2040@example.com,Kolkata,2024-09-27 14:41:37
2041,Ananya,Bhat,ananya.bhat2041@example.com,Mumbai,2024-06-17 06:38:17
2042,Divya,Kumar,divya.kumar2042@example.com,Hyderabad,2024-04-10 04:14:04
2043,Priya,Sharma,priya.sharma2043@example.com,Kolkata,2024-11-05 12:21:34
2044,Deepa,Nair,deepa.nair2044@example.com,Pune,2024-01-26 13:48:21
2045,Divya,Patel,divya.patel2045@example.com,Chandigarh,2025-01-05 22:22:58
2046,Divya,Patel,divya.patel2046@example.com,Delhi,2024-03-16 00:21:50
2047,Sneha,Patel,sneha.patel2047@example.com,Hyderabad,2024-04-15 04:00:45
2048,Aditya,Das,aditya.das2048@example.com,Chennai,2024-06-02 04:58:09
2049,Deepa,Rao,deepa.rao2049@example.com,Mumbai,2024-01-22 16:13:24
2050,Priya,Das,priya.das2050@example.com,Hyderabad,2024-06-30 06:19:47
2051,Kavita,Iyer,kavita.iyer2051@example.com,Chennai,2024-08-20 16:44:36
2052,Amit,Rao,amit.rao2052@example.com,Surat,2024-10-22 15:03:34
2053,Karan,Pandey,karan.pandey2053@example.com,Mumbai,2024-04-11 11:34:07
2054,Manish,Rao,manish.rao2054@example.com,Jaipur,2024-04-17 22:28:08
2055,Priya,Banerjee,priya.banerjee2055@example.com,Hyderabad,2025-01-16 04:35:17
2056,Suresh,Saxena,suresh.saxena2056@example.com,Kolkata,2024-12-21 13:38:35
2057,Karan,Saxena,karan.saxena2057@example.com,Lucknow,2024-05-17 06:55:43
2058,Priya,Nair,priya.nair2058@example.com,Bangalore,2024-07-25 01:40:41
2059,Rahul,Bhat,rahul.bhat2059@example.com,Chennai,2024-03-18 13:35:35
2060,Neha,Bhat,neha.bhat2060@example.com,Pune,2025-02-17 10:28:30
2061,Sunita,Sharma,sunita.sharma2061@example.com,Kolkata,2024-04-30 16:16:42
2062,Karan,Bose,karan.bose2062@example.com,Kolkata,2025-02-02 19:32:33
2063,Aditya,Kumar,aditya.kumar2063@example.com,Mumbai,2025-03-19 05:27:21
2064,Aditya,Gupta,aditya.gupta2064@example.com,Kolkata,2024-12-11 23:45:38
2065,Amit,Singh,amit.singh2065@example.com,Delhi,2024-08-20 15:20:11
2066,Vikram,Nair,vikram.nair2066@example.com,Kolkata,2024-03-10 00:59:57
2067,Rahul,Saxena,rahul.saxena2067@example.com,Chandigarh,2025-02-03 13:10:38
2068,Divya,Kumar,divya.kumar2068@example.com,Kolkata,2024-01-09 03:40:19
2069,Sunita,Bose,sunita.bose2069@example.com,Jaipur,2024-12-15 09:54:15
2070,Pooja,Sharma,pooja.sharma2070@example.com,Kolkata,2024-10-04 13:58:12
2071,Ananya,Bhat,ananya.bhat2071@example.com,Hyderabad,2025-03-05 11:47:23
2072,Sunita,Banerjee,sunita.banerjee2072@example.com,Jaipur,2024-03-16 10:51:38
2073,Sunita,Singh,sunita.singh2073@example.com,Ahmedabad,2024-05-10 09:42:35
2074,Deepa,Das,deepa.das2074@example.com,Lucknow,2025-02-19 07:50:12
2075,Pooja,Kumar,pooja.kumar2075@example.com,Delhi,2024-04-29 04:08:10
2076,Sunita,Mehta,sunita.mehta2076@example.com,Kolkata,2024-08-12 22:09:12
2077,Neha,Iyer,neha.iyer2077@example.com,Ahmedabad,2025-02-14 17:17:58
2078,Suresh,Mishra,suresh.mishra2078@example.com,Kolkata,2024-12-06 20:34:55
2079,Amit,Reddy,amit.reddy2079@example.com,Mumbai,2025-05-09 00:34:09
2080,Sneha,Iyer,sneha.iyer2080@example.com,Pune,2024-01-29 18:48:35
2081,Neha,Kumar,neha.kumar2081@example.com,Bangalore,2024-11-16 20:55:29
2082,Rahul,Joshi,rahul.joshi2082@example.com,Kolkata,2024-06-20 19:06:34
2083,Sunita,Kumar,sunita.kumar2083@example.com,Ahmedabad,2024-05-09 05:34:14
2084,Deepa,Banerjee,deepa.banerjee2084@example.com,Chennai,2024-07-11 22:49:52
2085,Pooja,Nair,pooja.nair2085@example.com,Chennai,2025-01-13 05:13:46
2086,Karan,Joshi,karan.joshi2086@example.com,Hyderabad,2024-06-10 12:54:41
2087,Aditya,Kumar,aditya.kumar2087@example.com,Ahmedabad,2024-06-27 23:57:43
2088,Rohan,Mehta,rohan.mehta2088@example.com,Pune,2025-04-25 20:12:24
2089,Aarav,Patel,aarav.patel2089@example.com,Chandigarh,2024-01-12 10:09:55
2090,Priya,Pandey,priya.pandey2090@example.com,Chennai,2024-05-19 09:29:29
2091,Divya,Iyer,divya.iyer2091@example.com,Hyderabad,2024-04-06 01:23:57
2092,Suresh,Verma,suresh.verma2092@example.com,Delhi,2024-01-09 08:59:24
2093,Aditya,Pandey,aditya.pandey2093@example.com,Delhi,2024-10-20 07:52:26
2094,Neha,Joshi,neha.joshi2094@example.com,Hyderabad,2025-05-14 01:06:34
2095,Karan,Bose,karan.bose2095@example.com,Pune,2024-03-14 11:47:17
2096,Vikram,Rao,vikram.rao2096@example.com,Kolkata,2024-12-18 10:13:05
2097,Ananya,Gupta,ananya.gupta2097@example.com,Jaipur,2024-04-20 17:47:17
2098,Rohan,Rao,rohan.rao2098@example.com,Chennai,2024-01-03 09:04:32
2099,Amit,Iyer,amit.iyer2099@example.com,Jaipur,2024-12-01 20:03:28
2100,Suresh,Reddy,suresh.reddy2100@example.com,Kolkata,2024-08-30 03:05:10
2101,Sunita,Banerjee,sunita.banerjee2101@example.com,Ahmedabad,2024-05-09 20:00:06
2102,Sneha,Nair,sneha.nair2102@example.com,Mumbai,2024-05-07 05:10:03
2103,Sunita,Saxena,sunita.saxena2103@example.com,Bangalore,2024-08-08 19:34:18
2104,Divya,Saxena,divya.saxena2104@example.com,Kolkata,2025-01-30 10:10:27
2105,Sunita,Gupta,sunita.gupta2105@example.com,Jaipur,2024-04-10 12:17:56
2106,Deepa,Iyer,deepa.iyer2106@example.com,Chandigarh,2025-01-28 04:55:26
2107,Aditya,Pandey,aditya.pandey2107@example.com,Delhi,2025-01-25 17:18:51
2108,Rohan,Pandey,rohan.pandey2108@example.com,Surat,2025-03-04 00:21:40
2109,Sneha,Pandey,sneha.pandey2109@example.com,Pune,2024-06-07 18:04:31
2110,Priya,Reddy,priya.reddy2110@example.com,Chennai,2025-04-22 00:27:43
2111,Sneha,Verma,sneha.verma2111@example.com,Bangalore,2024-08-12 17:35:52
2112,Sunita,Singh,sunita.singh2112@example.com,Kolkata,2024-03-04 11:27:16
2113,Aarav,Nair,aarav.nair2113@example.com,Ahmedabad,2025-05-10 23:32:35
2114,Suresh,Singh,suresh.singh2114@example.com,Lucknow,2025-01-23 20:11:31
2115,Karan,Gupta,karan.gupta2115@example.com,Jaipur,2024-06-26 10:35:34
2116,Sanya,Das,sanya.das2116@example.com,Lucknow,2024-02-18 21:57:24
2117,Deepa,Joshi,deepa.joshi2117@example.com,Ahmedabad,2024-07-13 15:13:01
2118,Vikram,Pandey,vikram.pandey2118@example.com,Pune,2024-03-28 09:52:21
2119,Vikram,Singh,vikram.singh2119@example.com,Lucknow,2024-12-05 08:58:20
2120,Rahul,Chopra,rahul.chopra2120@example.com,Lucknow,2024-02-22 09:27:57
2121,Amit,Bose,amit.bose2121@example.com,Chennai,2024-09-22 23:39:40
2122,Sunita,Patel,sunita.patel2122@example.com,Delhi,2025-01-17 16:32:59
2123,Ananya,Reddy,ananya.reddy2123@example.com,Kolkata,2024-05-15 11:20:50
2124,Suresh,Nair,suresh.nair2124@example.com,Chandigarh,2025-05-15 09:36:01
2125,Divya,Joshi,divya.joshi2125@example.com,Surat,2025-02-24 08:18:52
2126,Manish,Das,manish.das2126@example.com,Ahmedabad,2024-02-19 09:39:10
2127,Ananya,Banerjee,ananya.banerjee2127@example.com,Hyderabad,2024-08-13 22:13:24
2128,Neha,Banerjee,neha.banerjee2128@example.com,Jaipur,2024-07-20 16:02:08
2129,Rohan,Bhat,rohan.bhat2129@example.com,Jaipur,2025-04-14 02:56:05
2130,Neha,Verma,neha.verma2130@example.com,Chandigarh,2025-05-12 21:41:02
2131,Ananya,Patel,ananya.patel2131@example.com,Lucknow,2024-10-21 20:54:46
2132,Ananya,Singh,ananya.singh2132@example.com,Hyderabad,2024-05-11 06:20:01
2133,Deepa,Pandey,deepa.pandey2133@example.com,Chennai,2024-06-07 10:41:54
2134,Aditya,Gupta,aditya.gupta2134@example.com,Bangalore,2024-11-07 04:48:38
2135,Sanya,Chopra,sanya.chopra2135@example.com,Mumbai,2025-02-15 23:35:37
2136,Manish,Reddy,manish.reddy2136@example.com,Bangalore,2024-04-28 22:06:55
2137,Karan,Mishra,karan.mishra2137@example.com,Chennai,2025-03-01 15:26:10
2138,Amit,Kumar,amit.kumar2138@example.com,Chennai,2025-04-15 05:49:34
2139,Karan,Mehta,karan.mehta2139@example.com,Chandigarh,2025-02-21 03:31:31
2140,Aditya,Mehta,aditya.mehta2140@example.com,Jaipur,2024-03-05 08:21:51
2141,Ananya,Nair,ananya.nair2141@example.com,Bangalore,2024-10-10 15:29:17
2142,Karan,Sharma,karan.sharma2142@example.com,Pune,2025-02-14 07:32:45
2143,Rohan,Singh,rohan.singh2143@example.com,Bangalore,2025-02-25 23:40:03
2144,Neha,Chopra,neha.chopra2144@example.com,Surat,2024-09-06 23:37:38
2145,Aditya,Iyer,aditya.iyer2145@example.com,Ahmedabad,2025-03-05 10:15:01
2146,Deepa,Bose,deepa.bose2146@example.com,Pune,2024-05-03 19:43:44
2147,Rahul,Bhat,rahul.bhat2147@example.com,Jaipur,2024-04-30 06:54:38
2148,Deepa,Nair,deepa.nair2148@example.com,Chandigarh,2025-03-16 03:48:32
2149,Sunita,Patel,sunita.patel2149@example.com,Pune,2024-05-11 23:45:49
2150,Aditya,Bhat,aditya.bhat2150@example.com,Jaipur,2025-04-11 11:17:34
2151,Kavita,Chopra,kavita.chopra2151@example.com,Bangalore,2024-05-14 15:16:45
2152,Rajesh,Sharma,rajesh.sharma2152@example.com,Chennai,2024-04-25 09:33:11
2153,Priya,Sharma,priya.sharma2153@example.com,Bangalore,2025-05-08 06:33:26
2154,Sanya,Patel,sanya.patel2154@example.com,Mumbai,2024-02-27 16:45:03
2155,Pooja,Mishra,pooja.mishra2155@example.com,Surat,2024-11-06 16:23:58
2156,Vikram,Joshi,vikram.joshi2156@example.com,Mumbai,2025-03-29 11:25:20
2157,Ananya,Joshi,ananya.joshi2157@example.com,Bangalore,2024-02-21 06:43:25
2158,Neha,Reddy,neha.reddy2158@example.com,Chandigarh,2024-05-14 10:27:19
2159,Rajesh,Patel,rajesh.patel2159@example.com,Delhi,2024-11-25 11:39:30
2160,Kavita,Banerjee,kavita.banerjee2160@example.com,Kolkata,2024-09-19 03:41:05
2161,Sunita,Rao,sunita.rao2161@example.com,Chennai,2025-04-16 08:50:51
2162,Rajesh,Sharma,rajesh.sharma2162@example.com,Surat,2024-03-11 04:13:59
2163,Amit,Banerjee,amit.banerjee2163@example.com,Surat,2024-07-26 18:01:12
2164,Kavita,Joshi,kavita.joshi2164@example.com,Bangalore,2024-05-01 05:05:03
2165,Pooja,Mishra,pooja.mishra2165@example.com,Bangalore,2025-03-29 23:37:48
2166,Rahul,Mishra,rahul.mishra2166@example.com,Hyderabad,2024-01-27 14:54:26
2167,Amit,Das,amit.das2167@example.com,Kolkata,2025-04-18 15:21:23
2168,Priya,Singh,priya.singh2168@example.com,Bangalore,2024-05-18 21:17:57
2169,Amit,Das,amit.das2169@example.com,Ahmedabad,2024-12-18 14:22:03
2170,Priya,Gupta,priya.gupta2170@example.com,Surat,2024-08-23 09:12:44
2171,Deepa,Nair,deepa.nair2171@example.com,Chandigarh,2025-04-13 14:05:57
2172,Aditya,Singh,aditya.singh2172@example.com,Kolkata,2025-04-04 22:53:09
2173,Suresh,Joshi,suresh.joshi2173@example.com,Chandigarh,2024-11-15 03:48:48
2174,Sunita,Chopra,sunita.chopra2174@example.com,Chandigarh,2025-03-27 02:35:17
2175,Rohan,Joshi,rohan.joshi2175@example.com,Lucknow,2024-05-03 22:56:14
2176,Rajesh,Bose,rajesh.bose2176@example.com,Jaipur,2025-01-19 23:26:30
2177,Pooja,Kumar,pooja.kumar2177@example.com,Surat,2024-03-23 19:51:11
2178,Rajesh,Bhat,rajesh.bhat2178@example.com,Jaipur,2024-12-08 09:27:58
2179,Rahul,Kumar,rahul.kumar2179@example.com,Chennai,2024-08-05 09:09:40
2180,Divya,Sharma,divya.sharma2180@example.com,Ahmedabad,2024-10-07 13:47:23
2181,Aarav,Mishra,aarav.mishra2181@example.com,Lucknow,2024-04-24 08:28:39
2182,Rajesh,Verma,rajesh.verma2182@example.com,Delhi,2024-05-27 15:01:36
2183,Kavita,Rao,kavita.rao2183@example.com,Chandigarh,2024-10-14 14:53:31
2184,Priya,Kumar,priya.kumar2184@example.com,Bangalore,2025-02-27 13:39:27
2185,Sneha,Iyer,sneha.iyer2185@example.com,Delhi,2024-05-24 20:18:09
2186,Deepa,Verma,deepa.verma2186@example.com,Surat,2024-04-04 06:49:39
2187,Deepa,Kumar,deepa.kumar2187@example.com,Pune,2024-02-07 16:57:32
2188,Sunita,Joshi,sunita.joshi2188@example.com,Jaipur,2025-03-18 17:58:53
2189,Suresh,Reddy,suresh.reddy2189@example.com,Ahmedabad,2024-03-11 09:09:49
2190,Kavita,Mishra,kavita.mishra2190@example.com,Ahmedabad,2024-04-10 09:56:27
2191,Manish,Mishra,manish.mishra2191@example.com,Surat,2025-01-18 13:09:17
2192,Sneha,Iyer,sneha.iyer2192@example.com,Lucknow,2024-08-04 07:42:54
2193,Ananya,Patel,ananya.patel2193@example.com,Mumbai,2025-01-24 01:50:12
2194,Suresh,Mishra,suresh.mishra2194@example.com,Bangalore,2024-02-02 06:32:40
2195,Pooja,Saxena,pooja.saxena2195@example.com,Surat,2024-11-08 21:31:12
2196,Sanya,Banerjee,sanya.banerjee2196@example.com,Hyderabad,2024-05-29 02:29:15
2197,Rajesh,Reddy,rajesh.reddy2197@example.com,Jaipur,2025-04-09 18:28:49
2198,Sanya,Sharma,sanya.sharma2198@example.com,Pune,2025-04-20 00:54:33
2199,Manish,Mehta,manish.mehta2199@example.com,Hyderabad,2024-07-23 19:10:59
2200,Priya,Kumar,priya.kumar2200@example.com,Ahmedabad,2024-11-14 03:54:59
2201,Rohan,Banerjee,rohan.banerjee2201@example.com,Mumbai,2024-12-08 14:55:36
2202,Aarav,Mehta,aarav.mehta2202@example.com,Bangalore,2024-05-10 02:24:29
2203,Kavita,Bose,kavita.bose2203@example.com,Mumbai,2024-12-23 05:47:16
2204,Ananya,Das,ananya.das2204@example.com,Hyderabad,2024-06-21 17:58:52
2205,Sneha,Bhat,sneha.bhat2205@example.com,Mumbai,2024-08-18 07:09:32
2206,Rajesh,Mishra,rajesh.mishra2206@example.com,Mumbai,2024-07-22 09:22:10
2207,Pooja,Rao,pooja.rao2207@example.com,Jaipur,2024-02-19 14:30:23
2208,Manish,Singh,manish.singh2208@example.com,Chennai,2025-01-11 13:15:52
2209,Ananya,Pandey,ananya.pandey2209@example.com,Ahmedabad,2025-04-17 09:28:03
2210,Divya,Pandey,divya.pandey2210@example.com,Mumbai,2025-04-29 21:15:00
2211,Priya,Bose,priya.bose2211@example.com,Hyderabad,2024-02-25 10:44:04
2212,Rajesh,Rao,rajesh.rao2212@example.com,Lucknow,2024-12-28 05:23:44
2213,Manish,Kumar,manish.kumar2213@example.com,Ahmedabad,2024-10-03 08:16:28
2214,Pooja,Pandey,pooja.pandey2214@example.com,Jaipur,2025-04-23 08:44:32
2215,Divya,Mehta,divya.mehta2215@example.com,Kolkata,2024-01-29 19:43:04
2216,Amit,Bhat,amit.bhat2216@example.com,Lucknow,2024-08-18 13:41:35
2217,Neha,Verma,neha.verma2217@example.com,Ahmedabad,2024-02-17 22:18:19
2218,Divya,Singh,divya.singh2218@example.com,Lucknow,2024-10-16 07:46:12
2219,Karan,Bhat,karan.bhat2219@example.com,Hyderabad,2024-09-29 00:35:52
2220,Suresh,Mehta,suresh.mehta2220@example.com,Surat,2024-03-09 16:35:35
2221,Vikram,Bhat,vikram.bhat2221@example.com,Pune,2025-02-18 01:02:41
2222,Sanya,Nair,sanya.nair2222@example.com,Lucknow,2024-08-03 16:02:46
2223,Pooja,Bose,pooja.bose2223@example.com,Delhi,2024-06-07 09:04:49
2224,Aditya,Bhat,aditya.bhat2224@example.com,Hyderabad,2024-03-06 12:39:26
2225,Aarav,Sharma,aarav.sharma2225@example.com,Chennai,2024-12-16 03:37:01
2226,Divya,Gupta,divya.gupta2226@example.com,Mumbai,2025-01-26 08:50:05
2227,Kavita,Patel,kavita.patel2227@example.com,Chennai,2024-01-06 03:13:14
2228,Rahul,Reddy,rahul.reddy2228@example.com,Chennai,2024-03-14 12:04:09
2229,Sanya,Joshi,sanya.joshi2229@example.com,Chandigarh,2024-08-29 07:45:07
2230,Aarav,Saxena,aarav.saxena2230@example.com,Kolkata,2025-03-01 10:13:30
2231,Aditya,Chopra,aditya.chopra2231@example.com,Mumbai,2025-05-13 22:46:27
2232,Aarav,Nair,aarav.nair2232@example.com,Chennai,2024-05-26 10:03:04
2233,Kavita,Verma,kavita.verma2233@example.com,Chandigarh,2025-03-24 21:05:01
2234,Manish,Saxena,manish.saxena2234@example.com,Chennai,2025-01-29 19:44:31
2235,Rajesh,Mehta,rajesh.mehta2235@example.com,Mumbai,2024-07-27 22:30:29
2236,Aarav,Saxena,aarav.saxena2236@example.com,Bangalore,2025-01-23 03:51:56
2237,Neha,Reddy,neha.reddy2237@example.com,Kolkata,2024-01-11 13:40:12
2238,Priya,Gupta,priya.gupta2238@example.com,Surat,2025-01-15 14:06:13
2239,Neha,Joshi,neha.joshi2239@example.com,Kolkata,2025-03-20 05:49:15
2240,Karan,Das,karan.das2240@example.com,Jaipur,2024-05-15 23:25:10
2241,Priya,Singh,priya.singh2241@example.com,Chandigarh,2025-05-03 04:53:34
2242,Vikram,Mishra,vikram.mishra2242@example.com,Hyderabad,2025-04-10 01:20:01
2243,Amit,Patel,amit.patel2243@example.com,Bangalore,2024-09-22 19:58:28
2244,Kavita,Mishra,kavita.mishra2244@example.com,Delhi,2024-09-03 06:57:20
2245,Aarav,Gupta,aarav.gupta2245@example.com,Hyderabad,2025-03-15 16:56:41
2246,Aditya,Patel,aditya.patel2246@example.com,Lucknow,2025-02-06 22:48:39
2247,Sneha,Sharma,sneha.sharma2247@example.com,Kolkata,2024-06-06 05:24:49
2248,Rajesh,Verma,rajesh.verma2248@example.com,Chennai,2024-02-02 06:37:24
2249,Rahul,Bhat,rahul.bhat2249@example.com,Kolkata,2024-06-08 18:07:49
2250,Kavita,Verma,kavita.verma2250@example.com,Pune,2024-06-23 19:38:52
2251,Rajesh,Joshi,rajesh.joshi2251@example.com,Kolkata,2025-05-13 10:42:33
2252,Manish,Joshi,manish.joshi2252@example.com,Chandigarh,2025-03-28 09:06:47
2253,Sanya,Gupta,sanya.gupta2253@example.com,Bangalore,2024-09-30 00:20:55
2254,Rahul,Patel,rahul.patel2254@example.com,Chennai,2024-01-26 05:20:32
2255,Amit,Kumar,amit.kumar2255@example.com,Lucknow,2024-08-07 23:59:35
2256,Sunita,Mishra,sunita.mishra2256@example.com,Chennai,2024-07-23 20:26:05
2257,Sanya,Mehta,sanya.mehta2257@example.com,Hyderabad,2024-11-22 11:32:12
2258,Neha,Das,neha.das2258@example.com,Delhi,2025-01-29 16:04:19
2259,Sneha,Verma,sneha.verma2259@example.com,Ahmedabad,2024-12-17 17:20:05
2260,Suresh,Kumar,suresh.kumar2260@example.com,Mumbai,2024-12-12 11:02:10
2261,Kavita,Bose,kavita.bose2261@example.com,Jaipur,2024-08-06 22:28:33
2262,Rahul,Bhat,rahul.bhat2262@example.com,Mumbai,2024-07-18 02:16:48
2263,Sanya,Bose,sanya.bose2263@example.com,Chandigarh,2024-09-13 21:36:37
2264,Deepa,Nair,deepa.nair2264@example.com,Delhi,2025-04-22 08:35:05
2265,Rahul,Pandey,rahul.pandey2265@example.com,Mumbai,2024-12-14 22:41:50
2266,Vikram,Nair,vikram.nair2266@example.com,Jaipur,2024-05-18 02:01:56
2267,Amit,Saxena,amit.saxena2267@example.com,Surat,2025-02-04 17:23:41
2268,Divya,Kumar,divya.kumar2268@example.com,Jaipur,2024-04-05 20:21:29
2269,Pooja,Singh,pooja.singh2269@example.com,Delhi,2024-02-02 22:57:16
2270,Amit,Das,amit.das2270@example.com,Bangalore,2024-09-21 10:45:05
2271,Sunita,Gupta,sunita.gupta2271@example.com,Pune,2024-02-26 05:34:32
2272,Vikram,Iyer,vikram.iyer2272@example.com,Delhi,2024-06-02 22:52:36
2273,Suresh,Bhat,suresh.bhat2273@example.com,Lucknow,2024-06-04 01:20:08
2274,Sunita,Bose,sunita.bose2274@example.com,Ahmedabad,2025-05-11 19:23:14
2275,Rajesh,Das,rajesh.das2275@example.com,Bangalore,2024-08-21 17:43:42
2276,Sanya,Rao,sanya.rao2276@example.com,Delhi,2025-05-15 13:11:40
2277,Priya,Bose,priya.bose2277@example.com,Pune,2024-07-12 07:51:30
2278,Neha,Bhat,neha.bhat2278@example.com,Delhi,2024-11-14 00:03:27
2279,Sunita,Singh,sunita.singh2279@example.com,Kolkata,2024-11-19 05:24:41
2280,Rohan,Kumar,rohan.kumar2280@example.com,Bangalore,2024-06-16 08:06:35
2281,Karan,Saxena,karan.saxena2281@example.com,Chandigarh,2025-02-15 07:16:26
2282,Divya,Iyer,divya.iyer2282@example.com,Mumbai,2024-07-16 06:13:07
2283,Pooja,Patel,pooja.patel2283@example.com,Pune,2025-04-15 08:54:11
2284,Pooja,Bhat,pooja.bhat2284@example.com,Ahmedabad,2024-05-09 03:43:32
2285,Amit,Saxena,amit.saxena2285@example.com,Chennai,2024-09-04 20:19:11
2286,Amit,Mehta,amit.mehta2286@example.com,Jaipur,2025-03-12 04:04:50
2287,Deepa,Das,deepa.das2287@example.com,Lucknow,2024-09-09 21:22:48
2288,Vikram,Iyer,vikram.iyer2288@example.com,Chennai,2024-07-05 07:29:53
2289,Ananya,Rao,ananya.rao2289@example.com,Surat,2024-07-11 12:18:02
2290,Divya,Sharma,divya.sharma2290@example.com,Kolkata,2025-04-14 03:17:16
2291,Neha,Rao,neha.rao2291@example.com,Bangalore,2024-01-01 01:22:12
2292,Aarav,Mehta,aarav.mehta2292@example.com,Pune,2025-03-06 18:57:29
2293,Rohan,Chopra,rohan.chopra2293@example.com,Jaipur,2025-05-08 06:30:52
2294,Karan,Iyer,karan.iyer2294@example.com,Lucknow,2024-06-21 16:14:56
2295,Pooja,Patel,pooja.patel2295@example.com,Pune,2024-12-23 18:25:14
2296,Aditya,Banerjee,aditya.banerjee2296@example.com,Chandigarh,2024-02-16 01:05:33
2297,Neha,Kumar,neha.kumar2297@example.com,Chennai,2025-03-16 18:15:28
2298,Suresh,Nair,suresh.nair2298@example.com,Lucknow,2024-06-03 05:30:50
2299,Neha,Banerjee,neha.banerjee2299@example.com,Jaipur,2024-07-24 04:08:48
2300,Pooja,Chopra,pooja.chopra2300@example.com,Chandigarh,2024-04-25 16:32:26
2301,Karan,Nair,karan.nair2301@example.com,Chennai,2025-04-07 21:08:14
2302,Amit,Reddy,amit.reddy2302@example.com,Hyderabad,2024-08-06 00:13:33
2303,Sunita,Sharma,sunita.sharma2303@example.com,Surat,2024-07-17 12:44:00
2304,Neha,Banerjee,neha.banerjee2304@example.com,Pune,2024-04-18 00:06:25
2305,Sunita,Nair,sunita.nair2305@example.com,Hyderabad,2024-08-16 19:41:47
2306,Kavita,Banerjee,kavita.banerjee2306@example.com,Pune,2024-12-02 10:55:54
2307,Pooja,Rao,pooja.rao2307@example.com,Chennai,2024-07-11 07:22:54
2308,Rohan,Singh,rohan.singh2308@example.com,Chennai,2024-07-27 15:18:41
2309,Aarav,Mishra,aarav.mishra2309@example.com,Pune,2025-03-13 12:43:05
2310,Neha,Pandey,neha.pandey2310@example.com,Chandigarh,2024-12-19 15:04:12
2311,Amit,Rao,amit.rao2311@example.com,Chandigarh,2025-02-13 22:46:46
2312,Karan,Rao,karan.rao2312@example.com,Jaipur,2024-12-10 08:39:17
2313,Ananya,Chopra,ananya.chopra2313@example.com,Chandigarh,2024-04-16 22:14:03
2314,Rohan,Singh,rohan.singh2314@example.com,Chandigarh,2024-12-08 22:30:13
2315,Sneha,Iyer,sneha.iyer2315@example.com,Delhi,2024-11-16 13:01:01
2316,Sunita,Patel,sunita.patel2316@example.com,Jaipur,2025-01-05 09:17:05
2317,Vikram,Sharma,vikram.sharma2317@example.com,Kolkata,2024-02-27 17:29:00
2318,Sanya,Chopra,sanya.chopra2318@example.com,Hyderabad,2025-03-27 10:36:48
2319,Manish,Patel,manish.patel2319@example.com,Pune,2024-02-09 06:03:42
2320,Ananya,Patel,ananya.patel2320@example.com,Kolkata,2024-03-08 07:35:04
2321,Deepa,Chopra,deepa.chopra2321@example.com,Surat,2024-08-26 07:22:40
2322,Suresh,Sharma,suresh.sharma2322@example.com,Surat,2024-05-04 22:40:49
2323,Aditya,Reddy,aditya.reddy2323@example.com,Ahmedabad,2025-01-12 19:09:54
2324,Pooja,Kumar,pooja.kumar2324@example.com,Ahmedabad,2025-04-20 05:26:49
2325,Rohan,Rao,rohan.rao2325@example.com,Surat,2025-03-02 18:05:33
2326,Suresh,Mishra,suresh.mishra2326@example.com,Bangalore,2024-12-23 13:33:08
2327,Karan,Patel,karan.patel2327@example.com,Hyderabad,2024-01-12 00:43:54
2328,Aarav,Mehta,aarav.mehta2328@example.com,Surat,2025-01-08 05:35:07
2329,Suresh,Mishra,suresh.mishra2329@example.com,Delhi,2024-04-04 00:58:35
2330,Amit,Reddy,amit.reddy2330@example.com,Mumbai,2025-02-05 03:31:42
2331,Rajesh,Pandey,rajesh.pandey2331@example.com,Delhi,2024-09-10 01:34:03
2332,Sanya,Reddy,sanya.reddy2332@example.com,Surat,2024-08-18 16:46:16
2333,Neha,Kumar,neha.kumar2333@example.com,Hyderabad,2025-04-25 21:23:49
2334,Aarav,Nair,aarav.nair2334@example.com,Chennai,2024-04-04 20:10:03
2335,Sneha,Iyer,sneha.iyer2335@example.com,Delhi,2024-10-30 01:34:13
2336,Ananya,Verma,ananya.verma2336@example.com,Bangalore,2025-03-29 22:14:36
2337,Manish,Rao,manish.rao2337@example.com,Chandigarh,2025-05-10 08:13:43
2338,Sunita,Rao,sunita.rao2338@example.com,Chandigarh,2025-03-06 06:23:26
2339,Divya,Bose,divya.bose2339@example.com,Hyderabad,2024-10-15 16:12:45
2340,Pooja,Das,pooja.das2340@example.com,Ahmedabad,2024-09-02 16:44:54
2341,Priya,Patel,priya.patel2341@example.com,Hyderabad,2024-08-25 04:41:52
2342,Amit,Singh,amit.singh2342@example.com,Chandigarh,2024-06-15 07:16:52
2343,Vikram,Nair,vikram.nair2343@example.com,Ahmedabad,2024-06-15 16:51:11
2344,Aarav,Sharma,aarav.sharma2344@example.com,Bangalore,2024-01-30 05:58:33
2345,Manish,Iyer,manish.iyer2345@example.com,Bangalore,2025-03-03 00:09:24
2346,Karan,Bhat,karan.bhat2346@example.com,Delhi,2024-06-30 03:05:42
2347,Amit,Pandey,amit.pandey2347@example.com,Delhi,2025-02-06 12:55:42
2348,Priya,Nair,priya.nair2348@example.com,Ahmedabad,2025-03-30 12:26:35
2349,Sunita,Sharma,sunita.sharma2349@example.com,Bangalore,2024-02-20 19:35:59
2350,Divya,Joshi,divya.joshi2350@example.com,Delhi,2024-12-01 19:35:23
2351,Ananya,Mehta,ananya.mehta2351@example.com,Bangalore,2024-07-18 19:34:01
2352,Pooja,Gupta,pooja.gupta2352@example.com,Bangalore,2025-03-02 10:12:26
2353,Sneha,Saxena,sneha.saxena2353@example.com,Mumbai,2024-10-18 03:21:19
2354,Kavita,Nair,kavita.nair2354@example.com,Kolkata,2025-03-23 02:06:41
2355,Vikram,Mishra,vikram.mishra2355@example.com,Kolkata,2024-03-19 03:30:42
2356,Rahul,Verma,rahul.verma2356@example.com,Pune,2024-08-09 11:25:34
2357,Rahul,Pandey,rahul.pandey2357@example.com,Ahmedabad,2024-11-20 18:02:47
2358,Rajesh,Gupta,rajesh.gupta2358@example.com,Chennai,2024-08-31 21:05:27
2359,Rohan,Pandey,rohan.pandey2359@example.com,Mumbai,2025-01-26 17:25:18
2360,Rohan,Verma,rohan.verma2360@example.com,Surat,2024-01-07 22:15:49
2361,Kavita,Bhat,kavita.bhat2361@example.com,Chandigarh,2024-10-06 18:37:41
2362,Vikram,Singh,vikram.singh2362@example.com,Chandigarh,2025-02-28 08:54:57
2363,Manish,Kumar,manish.kumar2363@example.com,Jaipur,2025-04-29 22:33:53
2364,Rahul,Sharma,rahul.sharma2364@example.com,Chennai,2024-03-28 14:46:36
2365,Ananya,Das,ananya.das2365@example.com,Pune,2024-07-18 02:56:46
2366,Pooja,Mishra,pooja.mishra2366@example.com,Jaipur,2024-06-23 03:47:34
2367,Deepa,Das,deepa.das2367@example.com,Jaipur,2024-04-03 08:40:07
2368,Deepa,Bhat,deepa.bhat2368@example.com,Hyderabad,2024-03-14 00:22:29
2369,Sanya,Mishra,sanya.mishra2369@example.com,Chennai,2024-05-09 22:55:25
2370,Sunita,Reddy,sunita.reddy2370@example.com,Delhi,2024-07-17 02:10:09
2371,Aditya,Bhat,aditya.bhat2371@example.com,Mumbai,2025-02-14 01:58:54
2372,Sanya,Banerjee,sanya.banerjee2372@example.com,Bangalore,2024-03-23 10:23:04
2373,Aarav,Kumar,aarav.kumar2373@example.com,Lucknow,2025-02-21 11:50:14
2374,Neha,Mishra,neha.mishra2374@example.com,Surat,2025-02-01 14:55:14
2375,Rohan,Sharma,rohan.sharma2375@example.com,Chandigarh,2024-05-10 14:58:33
2376,Sunita,Gupta,sunita.gupta2376@example.com,Ahmedabad,2024-10-09 23:07:25
2377,Rohan,Sharma,rohan.sharma2377@example.com,Chennai,2024-07-16 06:47:54
2378,Rahul,Iyer,rahul.iyer2378@example.com,Chandigarh,2024-05-23 12:10:11
2379,Aarav,Mehta,aarav.mehta2379@example.com,Lucknow,2024-01-02 03:09:25
2380,Deepa,Reddy,deepa.reddy2380@example.com,Kolkata,2024-04-09 05:01:24
2381,Sanya,Chopra,sanya.chopra2381@example.com,Ahmedabad,2025-03-19 12:48:35
2382,Sanya,Banerjee,sanya.banerjee2382@example.com,Kolkata,2024-03-02 09:03:20
2383,Karan,Singh,karan.singh2383@example.com,Delhi,2025-02-19 14:44:30
2384,Vikram,Banerjee,vikram.banerjee2384@example.com,Ahmedabad,2024-05-31 22:00:58
2385,Rajesh,Reddy,rajesh.reddy2385@example.com,Pune,2024-07-17 19:24:21
2386,Deepa,Rao,deepa.rao2386@example.com,Hyderabad,2024-05-28 16:26:33
2387,Neha,Banerjee,neha.banerjee2387@example.com,Lucknow,2024-05-18 07:08:32
2388,Pooja,Kumar,pooja.kumar2388@example.com,Ahmedabad,2024-03-26 00:47:50
2389,Sunita,Das,sunita.das2389@example.com,Ahmedabad,2024-05-26 21:14:11
2390,Suresh,Chopra,suresh.chopra2390@example.com,Delhi,2024-02-08 09:25:34
2391,Aarav,Verma,aarav.verma2391@example.com,Kolkata,2024-01-25 01:16:10
2392,Pooja,Gupta,pooja.gupta2392@example.com,Bangalore,2024-03-20 13:36:25
2393,Rajesh,Bose,rajesh.bose2393@example.com,Mumbai,2024-07-15 13:03:56
2394,Suresh,Sharma,suresh.sharma2394@example.com,Delhi,2024-03-17 06:41:40
2395,Divya,Gupta,divya.gupta2395@example.com,Surat,2024-06-05 17:39:04
2396,Amit,Pandey,amit.pandey2396@example.com,Bangalore,2025-03-30 14:18:16
2397,Rahul,Chopra,rahul.chopra2397@example.com,Mumbai,2024-01-01 05:58:09
2398,Priya,Iyer,priya.iyer2398@example.com,Jaipur,2024-10-19 14:14:38
2399,Neha,Saxena,neha.saxena2399@example.com,Kolkata,2024-05-18 21:31:15
2400,Divya,Rao,divya.rao2400@example.com,Jaipur,2024-03-29 08:52:48
2401,Neha,Singh,neha.singh2401@example.com,Kolkata,2024-08-31 06:18:47
2402,Priya,Singh,priya.singh2402@example.com,Bangalore,2025-01-17 06:41:58
2403,Vikram,Singh,vikram.singh2403@example.com,Jaipur,2024-06-03 11:58:55
2404,Vikram,Kumar,vikram.kumar2404@example.com,Jaipur,2024-01-22 06:48:01
2405,Ananya,Saxena,ananya.saxena2405@example.com,Delhi,2025-02-18 11:09:43
2406,Kavita,Saxena,kavita.saxena2406@example.com,Lucknow,2024-10-11 17:03:08
2407,Ananya,Pandey,ananya.pandey2407@example.com,Hyderabad,2025-01-18 19:26:07
2408,Rohan,Sharma,rohan.sharma2408@example.com,Chandigarh,2025-02-05 13:54:57
2409,Amit,Bhat,amit.bhat2409@example.com,Hyderabad,2025-01-21 22:41:58
2410,Manish,Singh,manish.singh2410@example.com,Jaipur,2024-11-02 13:35:14
2411,Neha,Das,neha.das2411@example.com,Kolkata,2025-02-25 08:41:13
2412,Vikram,Pandey,vikram.pandey2412@example.com,Pune,2024-04-01 15:50:33
2413,Manish,Bhat,manish.bhat2413@example.com,Delhi,2024-02-03 04:39:41
2414,Priya,Mehta,priya.mehta2414@example.com,Delhi,2024-10-16 18:34:01
2415,Neha,Sharma,neha.sharma2415@example.com,Hyderabad,2024-09-03 06:45:38
2416,Priya,Joshi,priya.joshi2416@example.com,Surat,2025-01-22 09:55:20
2417,Manish,Saxena,manish.saxena2417@example.com,Kolkata,2024-01-05 08:13:54
2418,Ananya,Verma,ananya.verma2418@example.com,Kolkata,2025-02-27 13:52:33
2419,Priya,Banerjee,priya.banerjee2419@example.com,Kolkata,2025-02-05 13:27:11
2420,Sanya,Rao,sanya.rao2420@example.com,Mumbai,2024-10-06 20:58:13
2421,Sunita,Das,sunita.das2421@example.com,Hyderabad,2024-09-17 01:38:02
2422,Sanya,Joshi,sanya.joshi2422@example.com,Mumbai,2024-04-28 22:51:05
2423,Amit,Mehta,amit.mehta2423@example.com,Jaipur,2025-01-20 06:57:58
2424,Sneha,Reddy,sneha.reddy2424@example.com,Kolkata,2024-01-16 22:52:26
2425,Manish,Iyer,manish.iyer2425@example.com,Kolkata,2025-01-05 04:13:31
2426,Neha,Sharma,neha.sharma2426@example.com,Hyderabad,2024-06-20 10:08:34
2427,Rajesh,Iyer,rajesh.iyer2427@example.com,Chennai,2024-05-03 21:08:20
2428,Aditya,Mishra,aditya.mishra2428@example.com,Chandigarh,2024-07-04 19:46:28
2429,Manish,Mishra,manish.mishra2429@example.com,Pune,2024-12-07 20:14:33
2430,Divya,Nair,divya.nair2430@example.com,Jaipur,2024-02-25 15:31:17
2431,Neha,Verma,neha.verma2431@example.com,Kolkata,2025-03-06 23:40:37
2432,Sanya,Chopra,sanya.chopra2432@example.com,Surat,2024-07-08 21:30:55
2433,Priya,Reddy,priya.reddy2433@example.com,Lucknow,2024-10-23 06:59:46
2434,Deepa,Kumar,deepa.kumar2434@example.com,Jaipur,2025-03-18 03:03:27
2435,Karan,Rao,karan.rao2435@example.com,Chennai,2024-03-15 18:23:11
2436,Deepa,Verma,deepa.verma2436@example.com,Surat,2025-05-13 01:24:42
2437,Amit,Saxena,amit.saxena2437@example.com,Ahmedabad,2024-06-22 15:30:28
2438,Deepa,Patel,deepa.patel2438@example.com,Hyderabad,2024-10-22 02:57:46
2439,Rajesh,Gupta,rajesh.gupta2439@example.com,Pune,2024-11-27 07:04:54
2440,Ananya,Bose,ananya.bose2440@example.com,Delhi,2024-03-18 01:27:23
2441,Karan,Iyer,karan.iyer2441@example.com,Lucknow,2024-06-11 04:24:17
2442,Kavita,Rao,kavita.rao2442@example.com,Bangalore,2024-07-06 07:40:23
2443,Priya,Patel,priya.patel2443@example.com,Jaipur,2025-04-19 07:02:22
2444,Ananya,Pandey,ananya.pandey2444@example.com,Bangalore,2024-10-29 16:57:29
2445,Ananya,Das,ananya.das2445@example.com,Delhi,2024-06-03 17:45:16
2446,Rahul,Patel,rahul.patel2446@example.com,Ahmedabad,2024-02-16 06:02:25
2447,Neha,Verma,neha.verma2447@example.com,Pune,2024-07-10 02:46:19
2448,Karan,Sharma,karan.sharma2448@example.com,Kolkata,2024-07-21 06:59:02
2449,Manish,Chopra,manish.chopra2449@example.com,Pune,2024-01-17 11:26:54
2450,Deepa,Saxena,deepa.saxena2450@example.com,Hyderabad,2024-07-13 14:19:18
2451,Rohan,Gupta,rohan.gupta2451@example.com,Bangalore,2024-12-12 07:20:31
2452,Rajesh,Mishra,rajesh.mishra2452@example.com,Bangalore,2024-01-02 12:05:16
2453,Amit,Bhat,amit.bhat2453@example.com,Bangalore,2024-12-07 20:17:08
2454,Rahul,Patel,rahul.patel2454@example.com,Ahmedabad,2024-03-25 10:22:43
2455,Rohan,Mehta,rohan.mehta2455@example.com,Pune,2024-12-05 17:33:55
2456,Amit,Sharma,amit.sharma2456@example.com,Chandigarh,2024-11-06 01:11:14
2457,Kavita,Pandey,kavita.pandey2457@example.com,Bangalore,2024-01-01 13:10:46
2458,Ananya,Verma,ananya.verma2458@example.com,Bangalore,2024-06-24 19:55:14
2459,Pooja,Verma,pooja.verma2459@example.com,Chandigarh,2025-01-24 23:41:22
2460,Pooja,Nair,pooja.nair2460@example.com,Jaipur,2024-03-26 02:44:19
2461,Sneha,Mehta,sneha.mehta2461@example.com,Lucknow,2024-11-27 02:03:48
2462,Rahul,Mehta,rahul.mehta2462@example.com,Delhi,2025-01-10 08:01:55
2463,Manish,Rao,manish.rao2463@example.com,Surat,2024-12-09 18:38:51
2464,Manish,Banerjee,manish.banerjee2464@example.com,Kolkata,2024-05-15 22:43:46
2465,Rahul,Banerjee,rahul.banerjee2465@example.com,Ahmedabad,2024-05-17 11:31:31
2466,Sanya,Patel,sanya.patel2466@example.com,Ahmedabad,2024-07-05 19:10:00
2467,Suresh,Joshi,suresh.joshi2467@example.com,Chandigarh,2025-01-31 06:46:49
2468,Manish,Chopra,manish.chopra2468@example.com,Kolkata,2024-01-22 06:50:57
2469,Karan,Chopra,karan.chopra2469@example.com,Hyderabad,2024-04-30 01:07:16
2470,Priya,Das,priya.das2470@example.com,Surat,2024-12-09 13:15:40
2471,Amit,Pandey,amit.pandey2471@example.com,Bangalore,2024-09-04 23:58:25
2472,Neha,Kumar,neha.kumar2472@example.com,Surat,2024-01-10 03:39:55
2473,Priya,Mehta,priya.mehta2473@example.com,Chandigarh,2025-03-13 22:13:43
2474,Pooja,Sharma,pooja.sharma2474@example.com,Ahmedabad,2024-11-30 12:26:45
2475,Sneha,Reddy,sneha.reddy2475@example.com,Surat,2025-03-03 16:39:26
2476,Deepa,Reddy,deepa.reddy2476@example.com,Bangalore,2024-03-21 20:59:48
2477,Deepa,Patel,deepa.patel2477@example.com,Kolkata,2024-05-31 22:04:06
2478,Sunita,Gupta,sunita.gupta2478@example.com,Bangalore,2025-05-12 00:11:06
2479,Aarav,Reddy,aarav.reddy2479@example.com,Pune,2024-01-24 16:49:24
2480,Aditya,Verma,aditya.verma2480@example.com,Mumbai,2024-01-28 14:44:29
2481,Rajesh,Das,rajesh.das2481@example.com,Surat,2025-01-03 09:10:51
2482,Vikram,Chopra,vikram.chopra2482@example.com,Ahmedabad,2025-04-08 02:40:01
2483,Pooja,Gupta,pooja.gupta2483@example.com,Hyderabad,2024-01-19 14:26:26
2484,Rohan,Chopra,rohan.chopra2484@example.com,Delhi,2024-12-16 05:48:25
2485,Ananya,Banerjee,ananya.banerjee2485@example.com,Delhi,2024-12-02 08:47:08
2486,Rajesh,Gupta,rajesh.gupta2486@example.com,Pune,2024-02-10 20:31:30
2487,Priya,Gupta,priya.gupta2487@example.com,Delhi,2024-11-08 13:27:57
2488,Sneha,Bose,sneha.bose2488@example.com,Pune,2024-07-17 07:50:10
2489,Sneha,Sharma,sneha.sharma2489@example.com,Lucknow,2024-01-30 19:43:14
2490,Suresh,Gupta,suresh.gupta2490@example.com,Hyderabad,2024-08-03 23:52:11
2491,Neha,Nair,neha.nair2491@example.com,Hyderabad,2024-01-09 17:23:47
2492,Aarav,Singh,aarav.singh2492@example.com,Ahmedabad,2024-04-04 04:51:05
2493,Neha,Banerjee,neha.banerjee2493@example.com,Hyderabad,2025-03-30 17:41:25
2494,Karan,Nair,karan.nair2494@example.com,Hyderabad,2025-04-26 13:14:07
2495,Rohan,Chopra,rohan.chopra2495@example.com,Ahmedabad,2024-03-24 16:37:10
2496,Amit,Singh,amit.singh2496@example.com,Ahmedabad,2024-03-14 21:25:01
2497,Priya,Iyer,priya.iyer2497@example.com,Mumbai,2024-03-05 05:37:57
2498,Amit,Pandey,amit.pandey2498@example.com,Surat,2024-09-20 09:14:35
2499,Kavita,Banerjee,kavita.banerjee2499@example.com,Kolkata,2025-02-14 22:20:50
2500,Aditya,Iyer,aditya.iyer2500@example.com,Surat,2025-01-25 19:57:59
2501,Karan,Mishra,karan.mishra2501@example.com,Lucknow,2024-03-16 19:58:48
2502,Rohan,Gupta,rohan.gupta2502@example.com,Surat,2025-04-10 22:22:29
2503,Divya,Iyer,divya.iyer2503@example.com,Hyderabad,2024-01-01 03:05:07
2504,Sanya,Chopra,sanya.chopra2504@example.com,Pune,2024-08-02 18:47:40
2505,Manish,Kumar,manish.kumar2505@example.com,Chennai,2024-07-24 08:13:22
2506,Rahul,Mishra,rahul.mishra2506@example.com,Delhi,2025-02-11 19:42:43
2507,Rajesh,Patel,rajesh.patel2507@example.com,Delhi,2025-03-03 15:28:09
2508,Neha,Chopra,neha.chopra2508@example.com,Ahmedabad,2024-03-08 07:08:51
2509,Vikram,Joshi,vikram.joshi2509@example.com,Chennai,2024-12-02 14:58:24
2510,Rajesh,Patel,rajesh.patel2510@example.com,Delhi,2025-01-06 04:43:33
2511,Amit,Das,amit.das2511@example.com,Ahmedabad,2024-06-20 02:11:48
2512,Amit,Bhat,amit.bhat2512@example.com,Pune,2024-08-11 20:02:05
2513,Pooja,Joshi,pooja.joshi2513@example.com,Kolkata,2025-02-01 12:14:55
2514,Pooja,Pandey,pooja.pandey2514@example.com,Bangalore,2024-11-29 12:44:46
2515,Sneha,Bose,sneha.bose2515@example.com,Ahmedabad,2024-07-16 18:33:09
2516,Kavita,Iyer,kavita.iyer2516@example.com,Lucknow,2024-03-22 15:25:29
2517,Karan,Rao,karan.rao2517@example.com,Surat,2025-02-20 11:50:03
2518,Ananya,Mishra,ananya.mishra2518@example.com,Lucknow,2025-03-13 11:08:40
2519,Pooja,Saxena,pooja.saxena2519@example.com,Kolkata,2024-01-03 08:29:40
2520,Divya,Saxena,divya.saxena2520@example.com,Mumbai,2024-04-03 13:13:38
2521,Neha,Verma,neha.verma2521@example.com,Chandigarh,2024-11-29 12:55:29
2522,Rahul,Mishra,rahul.mishra2522@example.com,Jaipur,2025-04-18 13:50:16
2523,Rohan,Gupta,rohan.gupta2523@example.com,Jaipur,2025-02-10 22:31:27
2524,Aditya,Pandey,aditya.pandey2524@example.com,Bangalore,2024-10-18 10:22:46
2525,Karan,Banerjee,karan.banerjee2525@example.com,Surat,2025-05-04 17:58:24
2526,Sunita,Mehta,sunita.mehta2526@example.com,Bangalore,2024-06-20 20:24:54
2527,Neha,Kumar,neha.kumar2527@example.com,Kolkata,2025-05-14 15:46:31
2528,Priya,Mehta,priya.mehta2528@example.com,Pune,2024-08-17 20:25:18
2529,Rohan,Das,rohan.das2529@example.com,Ahmedabad,2024-07-03 23:38:55
2530,Sanya,Bose,sanya.bose2530@example.com,Ahmedabad,2024-11-16 01:49:25
2531,Deepa,Bhat,deepa.bhat2531@example.com,Lucknow,2024-06-04 10:24:56
2532,Sunita,Bose,sunita.bose2532@example.com,Hyderabad,2024-09-23 04:01:05
2533,Kavita,Verma,kavita.verma2533@example.com,Lucknow,2025-02-20 17:15:41
2534,Sunita,Iyer,sunita.iyer2534@example.com,Bangalore,2024-10-04 14:02:09
2535,Aarav,Pandey,aarav.pandey2535@example.com,Kolkata,2024-07-13 03:56:20
2536,Amit,Joshi,amit.joshi2536@example.com,Chennai,2024-01-02 08:52:50
2537,Neha,Mishra,neha.mishra2537@example.com,Delhi,2024-07-31 12:09:15
2538,Rajesh,Kumar,rajesh.kumar2538@example.com,Lucknow,2024-10-12 16:31:44
2539,Aarav,Rao,aarav.rao2539@example.com,Jaipur,2024-01-21 07:36:54
2540,Amit,Banerjee,amit.banerjee2540@example.com,Jaipur,2025-04-17 15:15:19
2541,Amit,Mishra,amit.mishra2541@example.com,Bangalore,2024-01-06 03:52:26
2542,Rajesh,Bose,rajesh.bose2542@example.com,Ahmedabad,2024-09-10 02:27:38
2543,Manish,Gupta,manish.gupta2543@example.com,Lucknow,2024-07-26 03:02:18
2544,Rahul,Patel,rahul.patel2544@example.com,Surat,2024-03-16 15:59:47
2545,Priya,Nair,priya.nair2545@example.com,Delhi,2025-03-17 10:56:17
2546,Rajesh,Bhat,rajesh.bhat2546@example.com,Ahmedabad,2024-09-26 00:05:31
2547,Suresh,Bhat,suresh.bhat2547@example.com,Chennai,2024-08-27 01:36:46
2548,Sneha,Chopra,sneha.chopra2548@example.com,Kolkata,2025-05-14 15:01:22
2549,Priya,Saxena,priya.saxena2549@example.com,Mumbai,2024-08-10 22:59:32
2550,Priya,Joshi,priya.joshi2550@example.com,Mumbai,2024-04-07 17:27:06
2551,Suresh,Bhat,suresh.bhat2551@example.com,Mumbai,2024-07-10 05:50:16
2552,Manish,Nair,manish.nair2552@example.com,Delhi,2024-05-14 08:35:22
2553,Rohan,Nair,rohan.nair2553@example.com,Hyderabad,2024-05-28 15:42:45
2554,Rohan,Rao,rohan.rao2554@example.com,Kolkata,2024-12-23 20:08:57
2555,Ananya,Joshi,ananya.joshi2555@example.com,Bangalore,2024-12-27 00:35:34
2556,Aditya,Chopra,aditya.chopra2556@example.com,Chennai,2024-07-08 09:16:45
2557,Rahul,Singh,rahul.singh2557@example.com,Surat,2024-07-26 14:53:53
2558,Rohan,Bhat,rohan.bhat2558@example.com,Hyderabad,2024-09-30 01:14:54
2559,Aditya,Das,aditya.das2559@example.com,Chandigarh,2025-03-26 11:50:12
2560,Rajesh,Bose,rajesh.bose2560@example.com,Bangalore,2025-03-31 18:12:55
2561,Amit,Bose,amit.bose2561@example.com,Surat,2024-02-18 10:54:16
2562,Divya,Bhat,divya.bhat2562@example.com,Chennai,2024-10-23 12:56:55
2563,Rahul,Bhat,rahul.bhat2563@example.com,Ahmedabad,2024-12-22 22:17:13
2564,Karan,Kumar,karan.kumar2564@example.com,Chennai,2025-02-03 11:31:14
2565,Manish,Bhat,manish.bhat2565@example.com,Surat,2024-03-18 09:18:56
2566,Karan,Das,karan.das2566@example.com,Chennai,2024-11-26 07:29:59
2567,Suresh,Pandey,suresh.pandey2567@example.com,Chennai,2024-12-11 19:23:21
2568,Priya,Kumar,priya.kumar2568@example.com,Mumbai,2025-01-13 12:09:23
2569,Pooja,Banerjee,pooja.banerjee2569@example.com,Chandigarh,2024-05-03 02:32:42
2570,Deepa,Chopra,deepa.chopra2570@example.com,Hyderabad,2024-03-18 11:44:04
2571,Kavita,Banerjee,kavita.banerjee2571@example.com,Chandigarh,2024-10-17 15:35:07
2572,Sneha,Iyer,sneha.iyer2572@example.com,Hyderabad,2024-06-15 16:05:07
2573,Amit,Pandey,amit.pandey2573@example.com,Hyderabad,2024-05-31 15:12:49
2574,Sunita,Banerjee,sunita.banerjee2574@example.com,Ahmedabad,2024-03-12 05:48:02
2575,Suresh,Mehta,suresh.mehta2575@example.com,Delhi,2024-04-30 10:24:29
2576,Rohan,Bose,rohan.bose2576@example.com,Hyderabad,2024-01-18 04:31:31
2577,Ananya,Patel,ananya.patel2577@example.com,Chandigarh,2024-07-13 08:49:41
2578,Karan,Singh,karan.singh2578@example.com,Delhi,2025-03-10 22:50:14
2579,Rohan,Joshi,rohan.joshi2579@example.com,Kolkata,2024-09-22 15:52:18
2580,Amit,Das,amit.das2580@example.com,Bangalore,2025-04-15 02:50:16
2581,Sanya,Reddy,sanya.reddy2581@example.com,Chandigarh,2024-11-16 20:04:01
2582,Sneha,Iyer,sneha.iyer2582@example.com,Delhi,2025-03-16 14:56:41
2583,Kavita,Nair,kavita.nair2583@example.com,Ahmedabad,2025-02-28 03:03:31
2584,Neha,Mehta,neha.mehta2584@example.com,Hyderabad,2024-05-15 15:01:29
2585,Sunita,Sharma,sunita.sharma2585@example.com,Kolkata,2024-01-29 15:13:51
2586,Pooja,Gupta,pooja.gupta2586@example.com,Mumbai,2024-02-22 10:18:25
2587,Suresh,Iyer,suresh.iyer2587@example.com,Kolkata,2024-11-08 07:07:30
2588,Rahul,Gupta,rahul.gupta2588@example.com,Ahmedabad,2024-06-29 07:08:24
2589,Aarav,Pandey,aarav.pandey2589@example.com,Kolkata,2025-03-20 03:18:42
2590,Ananya,Kumar,ananya.kumar2590@example.com,Kolkata,2024-05-29 18:29:35
2591,Suresh,Kumar,suresh.kumar2591@example.com,Jaipur,2024-07-28 11:36:16
2592,Aarav,Joshi,aarav.joshi2592@example.com,Bangalore,2024-06-15 09:51:00
2593,Sneha,Reddy,sneha.reddy2593@example.com,Bangalore,2025-03-01 21:17:11
2594,Rohan,Verma,rohan.verma2594@example.com,Mumbai,2024-08-16 02:46:10
2595,Suresh,Das,suresh.das2595@example.com,Hyderabad,2025-01-31 08:17:05
2596,Suresh,Nair,suresh.nair2596@example.com,Lucknow,2024-05-13 22:58:10
2597,Priya,Bose,priya.bose2597@example.com,Hyderabad,2025-02-20 08:59:14
2598,Ananya,Nair,ananya.nair2598@example.com,Jaipur,2024-10-07 22:07:35
2599,Vikram,Bhat,vikram.bhat2599@example.com,Bangalore,2024-12-24 20:43:04
2600,Neha,Iyer,neha.iyer2600@example.com,Jaipur,2024-06-08 12:36:50
2601,Divya,Pandey,divya.pandey2601@example.com,Surat,2024-12-17 16:35:07
2602,Ananya,Chopra,ananya.chopra2602@example.com,Jaipur,2024-10-02 21:30:18
2603,Karan,Mehta,karan.mehta2603@example.com,Ahmedabad,2024-01-20 22:23:23
2604,Neha,Saxena,neha.saxena2604@example.com,Surat,2024-03-22 03:09:43
2605,Amit,Singh,amit.singh2605@example.com,Delhi,2024-04-13 22:00:15
2606,Rohan,Sharma,rohan.sharma2606@example.com,Mumbai,2025-03-12 01:01:18
2607,Sunita,Sharma,sunita.sharma2607@example.com,Lucknow,2024-09-28 03:05:42
2608,Rahul,Kumar,rahul.kumar2608@example.com,Mumbai,2024-11-11 19:47:13
2609,Vikram,Pandey,vikram.pandey2609@example.com,Surat,2024-09-14 16:08:31
2610,Pooja,Banerjee,pooja.banerjee2610@example.com,Chandigarh,2024-09-03 16:07:49
2611,Aarav,Joshi,aarav.joshi2611@example.com,Delhi,2024-07-23 11:08:25
2612,Sanya,Banerjee,sanya.banerjee2612@example.com,Bangalore,2024-06-19 02:39:09
2613,Sunita,Verma,sunita.verma2613@example.com,Ahmedabad,2024-05-08 21:21:39
2614,Neha,Saxena,neha.saxena2614@example.com,Kolkata,2024-12-22 18:23:14
2615,Rahul,Banerjee,rahul.banerjee2615@example.com,Chandigarh,2024-06-24 01:07:29
2616,Kavita,Banerjee,kavita.banerjee2616@example.com,Chandigarh,2024-07-11 12:34:52
2617,Sunita,Rao,sunita.rao2617@example.com,Delhi,2024-06-21 02:12:43
2618,Ananya,Kumar,ananya.kumar2618@example.com,Delhi,2024-12-05 19:27:39
2619,Manish,Patel,manish.patel2619@example.com,Pune,2024-05-17 01:58:39
2620,Ananya,Kumar,ananya.kumar2620@example.com,Lucknow,2024-07-17 20:32:19
2621,Divya,Das,divya.das2621@example.com,Delhi,2024-11-06 03:19:35
2622,Neha,Pandey,neha.pandey2622@example.com,Surat,2025-04-04 07:30:52
2623,Neha,Patel,neha.patel2623@example.com,Jaipur,2024-05-25 00:36:38
2624,Kavita,Pandey,kavita.pandey2624@example.com,Chennai,2024-04-09 20:01:37
2625,Rahul,Sharma,rahul.sharma2625@example.com,Jaipur,2024-05-16 02:51:09
2626,Vikram,Rao,vikram.rao2626@example.com,Jaipur,2024-12-05 15:26:02
2627,Ananya,Chopra,ananya.chopra2627@example.com,Delhi,2024-11-20 21:35:15
2628,Kavita,Chopra,kavita.chopra2628@example.com,Chennai,2025-01-23 09:06:47
2629,Priya,Bhat,priya.bhat2629@example.com,Jaipur,2024-01-16 06:52:10
2630,Manish,Singh,manish.singh2630@example.com,Chennai,2024-02-07 06:34:00
2631,Suresh,Rao,suresh.rao2631@example.com,Lucknow,2025-05-13 12:26:56
2632,Manish,Kumar,manish.kumar2632@example.com,Delhi,2025-01-12 07:51:28
2633,Sneha,Banerjee,sneha.banerjee2633@example.com,Mumbai,2024-09-11 03:20:27
2634,Karan,Bose,karan.bose2634@example.com,Ahmedabad,2024-02-19 08:47:20
2635,Ananya,Mishra,ananya.mishra2635@example.com,Chandigarh,2024-04-10 15:20:38
2636,Deepa,Das,deepa.das2636@example.com,Pune,2024-04-11 05:32:28
2637,Neha,Reddy,neha.reddy2637@example.com,Surat,2025-01-21 17:45:26
2638,Neha,Joshi,neha.joshi2638@example.com,Chandigarh,2025-03-02 06:13:27
2639,Neha,Patel,neha.patel2639@example.com,Chennai,2024-04-06 01:21:43
2640,Neha,Das,neha.das2640@example.com,Lucknow,2024-04-05 13:50:01
2641,Kavita,Rao,kavita.rao2641@example.com,Jaipur,2024-07-05 20:34:32
2642,Ananya,Das,ananya.das2642@example.com,Delhi,2024-06-11 00:26:10
2643,Aditya,Singh,aditya.singh2643@example.com,Lucknow,2024-10-09 02:52:37
2644,Sunita,Mishra,sunita.mishra2644@example.com,Lucknow,2025-01-08 16:37:57
2645,Deepa,Iyer,deepa.iyer2645@example.com,Kolkata,2024-09-05 05:18:43
2646,Deepa,Rao,deepa.rao2646@example.com,Hyderabad,2025-03-20 18:40:20
2647,Amit,Saxena,amit.saxena2647@example.com,Hyderabad,2024-05-07 17:16:14
2648,Divya,Singh,divya.singh2648@example.com,Ahmedabad,2024-08-23 22:41:23
2649,Manish,Chopra,manish.chopra2649@example.com,Ahmedabad,2024-01-04 00:41:18
2650,Ananya,Singh,ananya.singh2650@example.com,Delhi,2024-11-23 15:05:18
2651,Vikram,Das,vikram.das2651@example.com,Pune,2025-03-07 08:15:45
2652,Sunita,Rao,sunita.rao2652@example.com,Kolkata,2024-06-02 08:18:07
2653,Amit,Kumar,amit.kumar2653@example.com,Pune,2024-02-12 08:58:43
2654,Rohan,Chopra,rohan.chopra2654@example.com,Surat,2024-09-22 22:09:52
2655,Sneha,Joshi,sneha.joshi2655@example.com,Ahmedabad,2025-05-03 07:36:50
2656,Aarav,Sharma,aarav.sharma2656@example.com,Chandigarh,2024-09-11 03:39:54
2657,Ananya,Bhat,ananya.bhat2657@example.com,Mumbai,2024-06-05 01:27:03
2658,Priya,Bhat,priya.bhat2658@example.com,Kolkata,2024-03-18 06:36:12
2659,Pooja,Rao,pooja.rao2659@example.com,Kolkata,2025-04-20 11:17:00
2660,Karan,Bose,karan.bose2660@example.com,Delhi,2024-06-13 09:35:55
2661,Sneha,Banerjee,sneha.banerjee2661@example.com,Pune,2025-02-08 04:51:17
2662,Divya,Gupta,divya.gupta2662@example.com,Mumbai,2024-09-02 09:20:28
2663,Rahul,Nair,rahul.nair2663@example.com,Mumbai,2024-07-28 01:54:30
2664,Karan,Sharma,karan.sharma2664@example.com,Lucknow,2024-05-31 16:42:48
2665,Sneha,Bose,sneha.bose2665@example.com,Delhi,2024-11-20 17:20:09
2666,Aditya,Mishra,aditya.mishra2666@example.com,Lucknow,2024-07-31 15:32:45
2667,Neha,Patel,neha.patel2667@example.com,Hyderabad,2024-10-02 21:13:03
2668,Ananya,Nair,ananya.nair2668@example.com,Bangalore,2024-04-30 01:49:03
2669,Karan,Kumar,karan.kumar2669@example.com,Chandigarh,2024-02-20 09:43:19
2670,Aarav,Joshi,aarav.joshi2670@example.com,Pune,2024-11-14 11:57:22
2671,Deepa,Saxena,deepa.saxena2671@example.com,Pune,2025-02-04 14:14:03
2672,Amit,Chopra,amit.chopra2672@example.com,Delhi,2025-02-01 01:22:01
2673,Manish,Kumar,manish.kumar2673@example.com,Chandigarh,2024-02-20 16:26:38
2674,Kavita,Sharma,kavita.sharma2674@example.com,Bangalore,2024-07-31 06:42:46
2675,Pooja,Bhat,pooja.bhat2675@example.com,Delhi,2024-07-27 04:57:02
2676,Aarav,Gupta,aarav.gupta2676@example.com,Chandigarh,2024-04-03 05:41:30
2677,Pooja,Saxena,pooja.saxena2677@example.com,Pune,2025-03-12 17:29:40
2678,Sanya,Kumar,sanya.kumar2678@example.com,Chandigarh,2025-01-01 03:16:17
2679,Aarav,Joshi,aarav.joshi2679@example.com,Chennai,2024-08-09 22:22:49
2680,Divya,Verma,divya.verma2680@example.com,Lucknow,2024-04-23 18:40:28
2681,Priya,Banerjee,priya.banerjee2681@example.com,Chennai,2024-08-20 05:53:13
2682,Aarav,Mishra,aarav.mishra2682@example.com,Bangalore,2024-03-18 16:21:31
2683,Manish,Singh,manish.singh2683@example.com,Pune,2024-04-16 23:27:44
2684,Pooja,Chopra,pooja.chopra2684@example.com,Surat,2024-09-27 07:37:35
2685,Pooja,Mehta,pooja.mehta2685@example.com,Mumbai,2024-06-09 15:31:10
2686,Ananya,Chopra,ananya.chopra2686@example.com,Pune,2025-04-30 06:01:28
2687,Neha,Mehta,neha.mehta2687@example.com,Chennai,2024-07-10 05:24:40
2688,Rohan,Chopra,rohan.chopra2688@example.com,Chennai,2024-10-19 22:39:43
2689,Divya,Sharma,divya.sharma2689@example.com,Delhi,2024-09-28 17:16:41
2690,Aditya,Bose,aditya.bose2690@example.com,Mumbai,2024-09-17 06:41:39
2691,Pooja,Saxena,pooja.saxena2691@example.com,Ahmedabad,2025-01-07 20:15:33
2692,Divya,Das,divya.das2692@example.com,Kolkata,2024-01-31 06:13:58
2693,Sanya,Sharma,sanya.sharma2693@example.com,Surat,2024-11-24 02:32:26
2694,Aditya,Mehta,aditya.mehta2694@example.com,Surat,2025-02-04 12:29:46
2695,Rahul,Kumar,rahul.kumar2695@example.com,Mumbai,2024-06-13 00:05:00
2696,Vikram,Pandey,vikram.pandey2696@example.com,Delhi,2025-04-04 00:49:50
2697,Amit,Singh,amit.singh2697@example.com,Surat,2025-04-13 06:22:37
2698,Deepa,Rao,deepa.rao2698@example.com,Kolkata,2024-12-14 23:57:48
2699,Rajesh,Chopra,rajesh.chopra2699@example.com,Delhi,2024-07-21 13:44:46
2700,Divya,Nair,divya.nair2700@example.com,Chennai,2024-05-30 09:15:19
2701,Rajesh,Bhat,rajesh.bhat2701@example.com,Chennai,2025-02-22 06:48:47
2702,Rahul,Pandey,rahul.pandey2702@example.com,Jaipur,2025-02-03 03:55:41
2703,Rohan,Pandey,rohan.pandey2703@example.com,Bangalore,2024-10-15 08:32:11
2704,Priya,Joshi,priya.joshi2704@example.com,Lucknow,2024-01-20 04:17:23
2705,Aditya,Banerjee,aditya.banerjee2705@example.com,Ahmedabad,2024-05-28 15:49:08
2706,Karan,Saxena,karan.saxena2706@example.com,Kolkata,2024-01-12 09:35:05
2707,Aarav,Patel,aarav.patel2707@example.com,Chandigarh,2024-10-31 08:19:58
2708,Karan,Verma,karan.verma2708@example.com,Bangalore,2025-02-27 19:10:37
2709,Pooja,Verma,pooja.verma2709@example.com,Pune,2024-12-13 07:17:21
2710,Karan,Banerjee,karan.banerjee2710@example.com,Lucknow,2024-11-09 08:54:06
2711,Sunita,Das,sunita.das2711@example.com,Jaipur,2025-03-05 01:04:04
2712,Rohan,Kumar,rohan.kumar2712@example.com,Mumbai,2025-05-06 16:01:45
2713,Kavita,Mehta,kavita.mehta2713@example.com,Bangalore,2024-11-26 06:47:19
2714,Rohan,Mishra,rohan.mishra2714@example.com,Delhi,2024-07-09 02:47:44
2715,Manish,Nair,manish.nair2715@example.com,Pune,2025-02-20 17:25:55
2716,Rahul,Joshi,rahul.joshi2716@example.com,Mumbai,2024-05-02 05:29:50
2717,Manish,Bhat,manish.bhat2717@example.com,Chandigarh,2024-10-14 14:32:33
2718,Vikram,Patel,vikram.patel2718@example.com,Chandigarh,2024-10-25 08:44:54
2719,Vikram,Gupta,vikram.gupta2719@example.com,Surat,2024-06-28 15:36:07
2720,Ananya,Banerjee,ananya.banerjee2720@example.com,Ahmedabad,2024-05-09 22:27:24
2721,Divya,Gupta,divya.gupta2721@example.com,Chennai,2024-01-27 07:38:01
2722,Sneha,Joshi,sneha.joshi2722@example.com,Chennai,2024-07-25 23:10:03
2723,Deepa,Bose,deepa.bose2723@example.com,Mumbai,2024-12-08 15:34:49
2724,Vikram,Bhat,vikram.bhat2724@example.com,Ahmedabad,2024-09-01 17:11:10
2725,Rahul,Mehta,rahul.mehta2725@example.com,Pune,2025-03-08 10:24:22
2726,Vikram,Patel,vikram.patel2726@example.com,Ahmedabad,2024-06-11 15:03:33
2727,Suresh,Pandey,suresh.pandey2727@example.com,Mumbai,2025-01-08 01:08:55
2728,Vikram,Banerjee,vikram.banerjee2728@example.com,Chandigarh,2024-07-07 09:03:14
2729,Ananya,Joshi,ananya.joshi2729@example.com,Bangalore,2024-12-06 09:40:53
2730,Manish,Kumar,manish.kumar2730@example.com,Hyderabad,2025-05-01 21:45:45
2731,Vikram,Joshi,vikram.joshi2731@example.com,Delhi,2024-04-17 01:27:58
2732,Kavita,Pandey,kavita.pandey2732@example.com,Delhi,2024-09-18 07:18:48
2733,Pooja,Rao,pooja.rao2733@example.com,Chennai,2024-01-19 03:15:39
2734,Neha,Rao,neha.rao2734@example.com,Bangalore,2024-10-15 05:44:36
2735,Aarav,Iyer,aarav.iyer2735@example.com,Delhi,2024-03-10 21:37:53
2736,Karan,Verma,karan.verma2736@example.com,Bangalore,2024-02-14 08:58:50
2737,Kavita,Gupta,kavita.gupta2737@example.com,Hyderabad,2024-05-29 18:47:09
2738,Aarav,Mehta,aarav.mehta2738@example.com,Ahmedabad,2024-01-12 16:19:41
2739,Rahul,Kumar,rahul.kumar2739@example.com,Chandigarh,2024-11-19 17:00:22
2740,Divya,Patel,divya.patel2740@example.com,Mumbai,2024-09-23 13:51:09
2741,Karan,Chopra,karan.chopra2741@example.com,Bangalore,2024-04-13 05:15:34
2742,Deepa,Bose,deepa.bose2742@example.com,Chandigarh,2024-05-18 22:38:17
2743,Ananya,Kumar,ananya.kumar2743@example.com,Ahmedabad,2024-03-17 11:52:15
2744,Amit,Das,amit.das2744@example.com,Surat,2025-05-06 04:53:10
2745,Rahul,Sharma,rahul.sharma2745@example.com,Kolkata,2024-11-25 05:30:51
2746,Ananya,Singh,ananya.singh2746@example.com,Chennai,2024-10-30 23:02:42
2747,Vikram,Singh,vikram.singh2747@example.com,Chennai,2024-10-11 07:09:16
2748,Ananya,Chopra,ananya.chopra2748@example.com,Chandigarh,2024-03-03 15:22:21
2749,Aditya,Saxena,aditya.saxena2749@example.com,Delhi,2024-11-04 07:04:35
2750,Rohan,Rao,rohan.rao2750@example.com,Hyderabad,2024-06-30 04:34:51
2751,Rohan,Mehta,rohan.mehta2751@example.com,Lucknow,2024-01-28 00:29:22
2752,Manish,Nair,manish.nair2752@example.com,Jaipur,2024-12-02 04:09:17
2753,Rajesh,Mehta,rajesh.mehta2753@example.com,Surat,2025-01-20 01:28:12
2754,Pooja,Patel,pooja.patel2754@example.com,Chandigarh,2024-08-10 23:25:39
2755,Divya,Reddy,divya.reddy2755@example.com,Ahmedabad,2024-12-01 22:58:56
2756,Rohan,Reddy,rohan.reddy2756@example.com,Bangalore,2025-04-24 23:16:20
2757,Rahul,Mehta,rahul.mehta2757@example.com,Kolkata,2024-01-04 05:56:39
2758,Ananya,Sharma,ananya.sharma2758@example.com,Hyderabad,2025-02-26 23:03:47
2759,Sneha,Singh,sneha.singh2759@example.com,Ahmedabad,2024-11-17 14:04:47
2760,Suresh,Sharma,suresh.sharma2760@example.com,Surat,2025-02-21 01:58:41
2761,Neha,Singh,neha.singh2761@example.com,Jaipur,2024-10-10 12:20:52
2762,Divya,Sharma,divya.sharma2762@example.com,Lucknow,2025-03-03 00:40:43
2763,Pooja,Das,pooja.das2763@example.com,Ahmedabad,2024-04-10 07:37:29
2764,Divya,Joshi,divya.joshi2764@example.com,Chandigarh,2024-04-30 13:46:15
2765,Kavita,Saxena,kavita.saxena2765@example.com,Bangalore,2024-09-22 11:40:42
2766,Amit,Nair,amit.nair2766@example.com,Delhi,2024-03-28 03:47:19
2767,Rohan,Banerjee,rohan.banerjee2767@example.com,Surat,2025-04-10 15:52:57
2768,Vikram,Rao,vikram.rao2768@example.com,Lucknow,2024-12-09 07:16:43
2769,Suresh,Singh,suresh.singh2769@example.com,Jaipur,2024-03-30 18:56:06
2770,Aarav,Gupta,aarav.gupta2770@example.com,Lucknow,2024-08-11 02:27:45
2771,Manish,Patel,manish.patel2771@example.com,Hyderabad,2024-10-21 22:13:14
2772,Sneha,Chopra,sneha.chopra2772@example.com,Kolkata,2024-03-27 22:14:17
2773,Priya,Singh,priya.singh2773@example.com,Chandigarh,2024-05-01 15:13:51
2774,Rajesh,Das,rajesh.das2774@example.com,Chennai,2024-12-11 11:22:43
2775,Rohan,Gupta,rohan.gupta2775@example.com,Bangalore,2024-07-12 02:52:46
2776,Suresh,Mishra,suresh.mishra2776@example.com,Bangalore,2024-04-09 19:22:24
2777,Vikram,Saxena,vikram.saxena2777@example.com,Jaipur,2024-06-21 01:26:10
2778,Priya,Rao,priya.rao2778@example.com,Mumbai,2024-06-02 02:33:41
2779,Divya,Bose,divya.bose2779@example.com,Ahmedabad,2024-08-06 12:24:25
2780,Sanya,Joshi,sanya.joshi2780@example.com,Hyderabad,2025-03-05 12:23:26
2781,Priya,Mehta,priya.mehta2781@example.com,Ahmedabad,2025-01-11 08:53:38
2782,Suresh,Rao,suresh.rao2782@example.com,Delhi,2024-09-08 05:11:57
2783,Manish,Sharma,manish.sharma2783@example.com,Surat,2024-01-09 08:41:42
2784,Sanya,Iyer,sanya.iyer2784@example.com,Jaipur,2025-01-17 19:26:04
2785,Deepa,Saxena,deepa.saxena2785@example.com,Mumbai,2024-01-15 19:29:55
2786,Ananya,Saxena,ananya.saxena2786@example.com,Mumbai,2024-02-05 03:26:47
2787,Aditya,Nair,aditya.nair2787@example.com,Pune,2024-04-18 02:56:18
2788,Ananya,Verma,ananya.verma2788@example.com,Ahmedabad,2025-01-13 20:52:42
2789,Manish,Pandey,manish.pandey2789@example.com,Jaipur,2025-02-25 16:28:20
2790,Priya,Reddy,priya.reddy2790@example.com,Ahmedabad,2024-03-03 12:33:59
2791,Rohan,Mishra,rohan.mishra2791@example.com,Jaipur,2024-09-08 20:21:30
2792,Manish,Nair,manish.nair2792@example.com,Surat,2024-07-31 07:13:04
2793,Sanya,Mishra,sanya.mishra2793@example.com,Chennai,2024-11-09 05:47:08
2794,Rohan,Iyer,rohan.iyer2794@example.com,Bangalore,2025-01-03 07:31:54
2795,Rohan,Banerjee,rohan.banerjee2795@example.com,Bangalore,2025-01-09 10:55:27
2796,Sneha,Nair,sneha.nair2796@example.com,Ahmedabad,2025-04-15 08:08:29
2797,Sanya,Chopra,sanya.chopra2797@example.com,Chandigarh,2024-04-27 10:31:51
2798,Vikram,Pandey,vikram.pandey2798@example.com,Surat,2025-03-02 18:46:27
2799,Sneha,Patel,sneha.patel2799@example.com,Ahmedabad,2024-05-30 18:58:18
2800,Rohan,Patel,rohan.patel2800@example.com,Surat,2025-01-30 19:27:03
2801,Rajesh,Chopra,rajesh.chopra2801@example.com,Hyderabad,2025-03-25 07:56:02
2802,Rajesh,Iyer,rajesh.iyer2802@example.com,Kolkata,2024-02-20 00:18:56
2803,Divya,Saxena,divya.saxena2803@example.com,Delhi,2024-02-24 11:14:33
2804,Rajesh,Pandey,rajesh.pandey2804@example.com,Jaipur,2025-04-05 18:39:05
2805,Karan,Bose,karan.bose2805@example.com,Lucknow,2024-11-10 01:08:02
2806,Pooja,Nair,pooja.nair2806@example.com,Pune,2024-06-18 16:02:32
2807,Karan,Mishra,karan.mishra2807@example.com,Mumbai,2024-07-08 05:18:53
2808,Rajesh,Joshi,rajesh.joshi2808@example.com,Chandigarh,2024-11-20 20:49:01
2809,Divya,Chopra,divya.chopra2809@example.com,Surat,2024-01-09 14:13:28
2810,Rajesh,Singh,rajesh.singh2810@example.com,Kolkata,2024-09-19 06:27:04
2811,Manish,Verma,manish.verma2811@example.com,Hyderabad,2024-11-08 17:33:47
2812,Pooja,Banerjee,pooja.banerjee2812@example.com,Surat,2025-01-22 01:10:58
2813,Rohan,Reddy,rohan.reddy2813@example.com,Bangalore,2024-10-20 16:41:53
2814,Sunita,Chopra,sunita.chopra2814@example.com,Jaipur,2025-01-27 01:17:38
2815,Suresh,Reddy,suresh.reddy2815@example.com,Delhi,2024-07-03 02:02:52
2816,Vikram,Das,vikram.das2816@example.com,Kolkata,2024-02-07 18:27:54
2817,Rohan,Bose,rohan.bose2817@example.com,Ahmedabad,2025-02-08 13:05:10
2818,Suresh,Singh,suresh.singh2818@example.com,Hyderabad,2024-11-04 14:15:36
2819,Rahul,Mehta,rahul.mehta2819@example.com,Chandigarh,2024-03-31 19:46:21
2820,Rohan,Mehta,rohan.mehta2820@example.com,Pune,2024-01-19 03:02:50
2821,Manish,Singh,manish.singh2821@example.com,Mumbai,2025-01-14 00:39:31
2822,Suresh,Reddy,suresh.reddy2822@example.com,Jaipur,2024-06-14 22:48:47
2823,Sneha,Sharma,sneha.sharma2823@example.com,Chandigarh,2024-10-01 23:22:19
2824,Sneha,Iyer,sneha.iyer2824@example.com,Hyderabad,2025-03-24 15:41:56
2825,Priya,Kumar,priya.kumar2825@example.com,Chennai,2024-04-15 12:02:36
2826,Kavita,Rao,kavita.rao2826@example.com,Lucknow,2024-05-06 19:59:17
2827,Kavita,Kumar,kavita.kumar2827@example.com,Chandigarh,2025-05-14 13:18:08
2828,Vikram,Mehta,vikram.mehta2828@example.com,Hyderabad,2024-09-03 03:40:56
2829,Amit,Joshi,amit.joshi2829@example.com,Pune,2024-09-10 16:44:51
2830,Ananya,Gupta,ananya.gupta2830@example.com,Lucknow,2024-03-26 16:13:52
2831,Karan,Gupta,karan.gupta2831@example.com,Delhi,2024-04-01 16:29:44
2832,Aarav,Banerjee,aarav.banerjee2832@example.com,Chennai,2025-01-01 21:41:44
2833,Kavita,Bhat,kavita.bhat2833@example.com,Ahmedabad,2024-09-15 12:03:30
2834,Rahul,Nair,rahul.nair2834@example.com,Lucknow,2025-01-27 10:54:24
2835,Sneha,Gupta,sneha.gupta2835@example.com,Delhi,2024-11-27 03:24:34
2836,Aditya,Rao,aditya.rao2836@example.com,Chandigarh,2025-02-17 07:48:45
2837,Karan,Mishra,karan.mishra2837@example.com,Ahmedabad,2024-08-24 13:50:28
2838,Neha,Mehta,neha.mehta2838@example.com,Ahmedabad,2025-04-27 10:55:08
2839,Neha,Rao,neha.rao2839@example.com,Jaipur,2024-01-24 14:07:57
2840,Suresh,Reddy,suresh.reddy2840@example.com,Ahmedabad,2024-01-02 13:27:49
2841,Sneha,Banerjee,sneha.banerjee2841@example.com,Chandigarh,2025-04-01 20:55:12
2842,Divya,Nair,divya.nair2842@example.com,Lucknow,2024-06-07 19:05:06
2843,Sanya,Saxena,sanya.saxena2843@example.com,Jaipur,2024-05-22 07:49:24
2844,Amit,Singh,amit.singh2844@example.com,Hyderabad,2024-02-06 12:02:46
2845,Ananya,Verma,ananya.verma2845@example.com,Hyderabad,2025-03-12 23:55:45
2846,Rohan,Verma,rohan.verma2846@example.com,Chandigarh,2025-03-27 01:25:03
2847,Ananya,Verma,ananya.verma2847@example.com,Surat,2025-02-08 23:48:19
2848,Rohan,Verma,rohan.verma2848@example.com,Delhi,2025-05-03 05:50:39
2849,Rajesh,Das,rajesh.das2849@example.com,Delhi,2025-02-14 03:10:39
2850,Sunita,Reddy,sunita.reddy2850@example.com,Mumbai,2024-04-06 13:30:18
2851,Sunita,Mehta,sunita.mehta2851@example.com,Lucknow,2024-10-14 02:42:40
2852,Amit,Bose,amit.bose2852@example.com,Kolkata,2025-02-03 17:31:02
2853,Neha,Saxena,neha.saxena2853@example.com,Jaipur,2024-11-01 01:30:25
2854,Vikram,Pandey,vikram.pandey2854@example.com,Mumbai,2025-05-06 10:42:05
2855,Manish,Verma,manish.verma2855@example.com,Lucknow,2024-06-02 20:38:18
2856,Rohan,Banerjee,rohan.banerjee2856@example.com,Delhi,2024-04-29 02:47:14
2857,Sunita,Saxena,sunita.saxena2857@example.com,Kolkata,2024-04-21 00:30:28
2858,Amit,Iyer,amit.iyer2858@example.com,Bangalore,2024-10-27 02:16:40
2859,Manish,Nair,manish.nair2859@example.com,Jaipur,2025-05-02 00:02:21
2860,Deepa,Iyer,deepa.iyer2860@example.com,Jaipur,2024-02-27 12:27:55
2861,Aditya,Bhat,aditya.bhat2861@example.com,Surat,2024-05-11 19:49:07
2862,Ananya,Chopra,ananya.chopra2862@example.com,Lucknow,2024-03-24 17:16:54
2863,Divya,Iyer,divya.iyer2863@example.com,Surat,2024-06-11 13:10:20
2864,Priya,Mishra,priya.mishra2864@example.com,Bangalore,2024-01-02 00:11:52
2865,Rohan,Gupta,rohan.gupta2865@example.com,Bangalore,2024-10-27 20:55:38
2866,Kavita,Iyer,kavita.iyer2866@example.com,Kolkata,2024-06-23 18:52:44
2867,Rahul,Mehta,rahul.mehta2867@example.com,Hyderabad,2025-03-16 18:33:58
2868,Sneha,Pandey,sneha.pandey2868@example.com,Delhi,2024-09-28 19:00:09
2869,Priya,Singh,priya.singh2869@example.com,Chennai,2024-12-25 22:33:30
2870,Divya,Reddy,divya.reddy2870@example.com,Delhi,2024-12-19 14:11:17
2871,Neha,Banerjee,neha.banerjee2871@example.com,Chennai,2024-07-09 02:41:43
2872,Suresh,Nair,suresh.nair2872@example.com,Hyderabad,2024-07-06 00:53:03
2873,Karan,Bose,karan.bose2873@example.com,Surat,2024-08-13 09:51:53
2874,Sneha,Bhat,sneha.bhat2874@example.com,Ahmedabad,2025-05-11 20:31:58
2875,Deepa,Banerjee,deepa.banerjee2875@example.com,Delhi,2025-05-05 04:54:55
2876,Sneha,Bhat,sneha.bhat2876@example.com,Kolkata,2024-01-28 17:59:16
2877,Vikram,Bose,vikram.bose2877@example.com,Hyderabad,2024-08-07 18:58:56
2878,Vikram,Banerjee,vikram.banerjee2878@example.com,Lucknow,2024-04-11 06:43:08
2879,Amit,Bose,amit.bose2879@example.com,Kolkata,2024-10-19 19:53:46
2880,Amit,Mehta,amit.mehta2880@example.com,Mumbai,2024-01-08 20:16:14
2881,Divya,Reddy,divya.reddy2881@example.com,Delhi,2025-01-07 18:46:52
2882,Rajesh,Joshi,rajesh.joshi2882@example.com,Pune,2024-01-31 20:59:35
2883,Rahul,Nair,rahul.nair2883@example.com,Kolkata,2024-03-24 13:55:26
2884,Rohan,Mehta,rohan.mehta2884@example.com,Surat,2024-06-07 05:57:57
2885,Rajesh,Bhat,rajesh.bhat2885@example.com,Mumbai,2024-07-16 14:25:33
2886,Neha,Sharma,neha.sharma2886@example.com,Hyderabad,2024-06-26 17:23:18
2887,Aditya,Singh,aditya.singh2887@example.com,Bangalore,2024-07-12 02:24:50
2888,Suresh,Saxena,suresh.saxena2888@example.com,Jaipur,2024-11-07 16:33:39
2889,Amit,Das,amit.das2889@example.com,Lucknow,2024-10-01 23:55:37
2890,Suresh,Mishra,suresh.mishra2890@example.com,Mumbai,2024-02-15 01:44:48
2891,Deepa,Pandey,deepa.pandey2891@example.com,Delhi,2024-07-23 23:10:54
2892,Priya,Joshi,priya.joshi2892@example.com,Kolkata,2024-06-03 13:49:14
2893,Kavita,Bose,kavita.bose2893@example.com,Lucknow,2024-11-12 21:23:43
2894,Amit,Das,amit.das2894@example.com,Hyderabad,2024-11-30 20:08:28
2895,Aarav,Das,aarav.das2895@example.com,Hyderabad,2025-04-23 16:16:36
2896,Ananya,Reddy,ananya.reddy2896@example.com,Surat,2024-09-05 06:43:36
2897,Suresh,Iyer,suresh.iyer2897@example.com,Mumbai,2024-04-22 13:16:33
2898,Pooja,Saxena,pooja.saxena2898@example.com,Ahmedabad,2025-02-12 00:08:51
2899,Priya,Das,priya.das2899@example.com,Chandigarh,2024-08-04 17:28:45
2900,Aditya,Iyer,aditya.iyer2900@example.com,Pune,2024-02-15 14:11:52
2901,Suresh,Mehta,suresh.mehta2901@example.com,Chandigarh,2024-02-12 14:36:40
2902,Aditya,Bose,aditya.bose2902@example.com,Bangalore,2024-03-03 03:38:24
2903,Suresh,Verma,suresh.verma2903@example.com,Bangalore,2024-07-21 01:33:29
2904,Ananya,Verma,ananya.verma2904@example.com,Bangalore,2024-12-06 19:19:14
2905,Pooja,Saxena,pooja.saxena2905@example.com,Lucknow,2024-11-07 20:02:32
2906,Karan,Chopra,karan.chopra2906@example.com,Lucknow,2024-08-04 15:11:56
2907,Aarav,Mehta,aarav.mehta2907@example.com,Bangalore,2024-08-16 03:39:46
2908,Kavita,Mishra,kavita.mishra2908@example.com,Ahmedabad,2024-08-09 21:17:11
2909,Sneha,Gupta,sneha.gupta2909@example.com,Jaipur,2024-06-23 11:42:27
2910,Ananya,Verma,ananya.verma2910@example.com,Chandigarh,2025-02-05 01:10:40
2911,Aditya,Pandey,aditya.pandey2911@example.com,Bangalore,2024-08-15 13:54:25
2912,Amit,Chopra,amit.chopra2912@example.com,Ahmedabad,2024-10-05 20:22:54
2913,Divya,Singh,divya.singh2913@example.com,Hyderabad,2024-05-09 17:10:09
2914,Rohan,Joshi,rohan.joshi2914@example.com,Hyderabad,2024-02-24 19:50:13
2915,Pooja,Reddy,pooja.reddy2915@example.com,Mumbai,2024-06-28 14:28:05
2916,Rahul,Mehta,rahul.mehta2916@example.com,Chandigarh,2024-06-03 03:12:40
2917,Aditya,Iyer,aditya.iyer2917@example.com,Lucknow,2024-06-18 09:20:48
2918,Vikram,Patel,vikram.patel2918@example.com,Lucknow,2024-11-08 16:55:31
2919,Aditya,Saxena,aditya.saxena2919@example.com,Chennai,2024-11-30 20:15:00
2920,Divya,Bhat,divya.bhat2920@example.com,Surat,2025-04-09 08:44:13
2921,Sneha,Banerjee,sneha.banerjee2921@example.com,Ahmedabad,2024-10-12 19:40:20
2922,Vikram,Joshi,vikram.joshi2922@example.com,Lucknow,2024-12-31 04:23:49
2923,Sneha,Banerjee,sneha.banerjee2923@example.com,Hyderabad,2024-06-13 10:26:22
2924,Sunita,Joshi,sunita.joshi2924@example.com,Surat,2025-04-14 11:03:46
2925,Manish,Gupta,manish.gupta2925@example.com,Jaipur,2025-04-22 04:55:17
2926,Aarav,Saxena,aarav.saxena2926@example.com,Kolkata,2024-12-12 19:48:04
2927,Kavita,Mehta,kavita.mehta2927@example.com,Delhi,2024-01-04 20:07:55
2928,Sanya,Singh,sanya.singh2928@example.com,Mumbai,2024-11-16 09:39:54
2929,Kavita,Saxena,kavita.saxena2929@example.com,Kolkata,2024-09-15 21:12:33
2930,Pooja,Verma,pooja.verma2930@example.com,Bangalore,2025-02-24 20:50:09
2931,Rahul,Pandey,rahul.pandey2931@example.com,Bangalore,2025-04-14 23:21:52
2932,Aditya,Bose,aditya.bose2932@example.com,Ahmedabad,2024-12-16 15:27:50
2933,Suresh,Patel,suresh.patel2933@example.com,Mumbai,2024-01-11 12:06:50
2934,Karan,Mehta,karan.mehta2934@example.com,Hyderabad,2024-07-04 17:04:49
2935,Sunita,Chopra,sunita.chopra2935@example.com,Kolkata,2024-11-13 15:24:53
2936,Kavita,Mehta,kavita.mehta2936@example.com,Hyderabad,2025-04-06 05:55:08
2937,Aditya,Kumar,aditya.kumar2937@example.com,Kolkata,2024-01-23 12:54:59
2938,Pooja,Patel,pooja.patel2938@example.com,Hyderabad,2025-04-12 00:48:41
2939,Suresh,Sharma,suresh.sharma2939@example.com,Lucknow,2024-08-06 23:34:40
2940,Neha,Mishra,neha.mishra2940@example.com,Surat,2024-09-18 10:33:29
2941,Neha,Rao,neha.rao2941@example.com,Delhi,2025-05-13 04:36:24
2942,Sneha,Sharma,sneha.sharma2942@example.com,Mumbai,2025-01-25 03:47:33
2943,Ananya,Singh,ananya.singh2943@example.com,Lucknow,2024-06-07 01:55:23
2944,Neha,Bose,neha.bose2944@example.com,Surat,2024-03-26 11:37:48
2945,Rajesh,Nair,rajesh.nair2945@example.com,Pune,2024-03-04 04:16:36
2946,Ananya,Reddy,ananya.reddy2946@example.com,Hyderabad,2024-05-03 20:34:14
2947,Pooja,Joshi,pooja.joshi2947@example.com,Bangalore,2024-01-01 16:41:41
2948,Deepa,Nair,deepa.nair2948@example.com,Mumbai,2024-06-06 08:02:25
2949,Rahul,Kumar,rahul.kumar2949@example.com,Bangalore,2024-05-13 05:31:01
2950,Priya,Kumar,priya.kumar2950@example.com,Mumbai,2024-12-19 11:20:45
2951,Karan,Iyer,karan.iyer2951@example.com,Ahmedabad,2024-03-24 10:28:27
2952,Kavita,Patel,kavita.patel2952@example.com,Kolkata,2024-02-10 23:49:20
2953,Kavita,Rao,kavita.rao2953@example.com,Delhi,2024-02-14 04:35:03
2954,Aditya,Mishra,aditya.mishra2954@example.com,Chandigarh,2024-03-06 00:46:30
2955,Divya,Pandey,divya.pandey2955@example.com,Bangalore,2025-02-05 04:13:20
2956,Priya,Verma,priya.verma2956@example.com,Pune,2024-03-21 16:17:56
2957,Aditya,Bose,aditya.bose2957@example.com,Bangalore,2024-09-17 23:38:01
2958,Priya,Chopra,priya.chopra2958@example.com,Lucknow,2024-02-04 18:04:47
2959,Ananya,Bose,ananya.bose2959@example.com,Surat,2024-07-26 11:35:43
2960,Rohan,Banerjee,rohan.banerjee2960@example.com,Delhi,2025-02-09 08:29:07
2961,Sunita,Joshi,sunita.joshi2961@example.com,Jaipur,2025-04-21 18:24:39
2962,Divya,Verma,divya.verma2962@example.com,Lucknow,2024-01-19 19:20:14
2963,Aarav,Sharma,aarav.sharma2963@example.com,Delhi,2025-02-17 16:00:34
2964,Karan,Bose,karan.bose2964@example.com,Mumbai,2024-12-04 03:55:49
2965,Rajesh,Singh,rajesh.singh2965@example.com,Jaipur,2024-03-23 12:09:52
2966,Divya,Chopra,divya.chopra2966@example.com,Chennai,2025-03-07 18:00:33
2967,Aarav,Saxena,aarav.saxena2967@example.com,Bangalore,2024-07-25 08:03:43
2968,Sanya,Iyer,sanya.iyer2968@example.com,Ahmedabad,2024-08-04 10:14:35
2969,Amit,Verma,amit.verma2969@example.com,Ahmedabad,2024-07-02 01:26:52
2970,Sanya,Joshi,sanya.joshi2970@example.com,Mumbai,2024-05-26 04:46:15
2971,Neha,Reddy,neha.reddy2971@example.com,Delhi,2024-03-11 04:55:49
2972,Aarav,Joshi,aarav.joshi2972@example.com,Lucknow,2025-02-03 21:54:29
2973,Sneha,Nair,sneha.nair2973@example.com,Mumbai,2025-02-23 04:03:02
2974,Priya,Reddy,priya.reddy2974@example.com,Hyderabad,2024-10-07 13:31:46
2975,Pooja,Bose,pooja.bose2975@example.com,Bangalore,2024-06-30 18:23:32
2976,Rahul,Rao,rahul.rao2976@example.com,Pune,2024-05-25 05:43:25
2977,Deepa,Reddy,deepa.reddy2977@example.com,Jaipur,2024-01-04 18:05:13
2978,Rajesh,Sharma,rajesh.sharma2978@example.com,Chandigarh,2024-06-10 19:18:30
2979,Sanya,Iyer,sanya.iyer2979@example.com,Hyderabad,2024-02-07 18:16:21
2980,Sunita,Banerjee,sunita.banerjee2980@example.com,Surat,2024-10-06 12:58:06
2981,Sneha,Sharma,sneha.sharma2981@example.com,Pune,2024-10-27 13:47:21
2982,Deepa,Singh,deepa.singh2982@example.com,Lucknow,2024-04-25 21:24:57
2983,Sanya,Nair,sanya.nair2983@example.com,Pune,2024-05-26 12:22:23
2984,Kavita,Kumar,kavita.kumar2984@example.com,Lucknow,2024-03-10 19:12:56
2985,Sneha,Singh,sneha.singh2985@example.com,Lucknow,2024-04-28 23:11:27
2986,Aditya,Chopra,aditya.chopra2986@example.com,Hyderabad,2025-05-14 03:46:29
2987,Divya,Sharma,divya.sharma2987@example.com,Chandigarh,2024-08-15 08:38:20
2988,Suresh,Kumar,suresh.kumar2988@example.com,Kolkata,2024-12-07 00:08:33
2989,Rahul,Nair,rahul.nair2989@example.com,Pune,2025-02-09 19:24:28
2990,Karan,Patel,karan.patel2990@example.com,Mumbai,2024-02-28 03:07:29
2991,Rahul,Chopra,rahul.chopra2991@example.com,Lucknow,2024-03-30 00:43:44
2992,Ananya,Verma,ananya.verma2992@example.com,Delhi,2024-09-27 23:18:54
2993,Deepa,Rao,deepa.rao2993@example.com,Kolkata,2024-03-10 13:12:45
2994,Sunita,Kumar,sunita.kumar2994@example.com,Lucknow,2025-02-20 08:24:52
2995,Manish,Bhat,manish.bhat2995@example.com,Delhi,2024-10-07 19:31:14
2996,Rohan,Kumar,rohan.kumar2996@example.com,Delhi,2024-01-25 16:40:58
2997,Aditya,Das,aditya.das2997@example.com,Chandigarh,2024-06-27 14:56:47
2998,Suresh,Joshi,suresh.joshi2998@example.com,Chennai,2025-03-03 23:21:16
2999,Karan,Bose,karan.bose2999@example.com,Chandigarh,2024-05-09 16:24:37
3000,Ananya,Mehta,ananya.mehta3000@example.com,Chennai,2024-12-14 17:04:59
3001,Rohan,Joshi,rohan.joshi3001@example.com,Lucknow,2024-05-30 05:01:28
3002,Aarav,Verma,aarav.verma3002@example.com,Kolkata,2024-03-30 22:05:40
3003,Rajesh,Singh,rajesh.singh3003@example.com,Pune,2025-02-24 11:59:46
3004,Vikram,Bhat,vikram.bhat3004@example.com,Chandigarh,2024-11-04 06:13:34
3005,Sanya,Iyer,sanya.iyer3005@example.com,Chennai,2024-11-01 05:51:54
3006,Manish,Joshi,manish.joshi3006@example.com,Surat,2024-09-27 10:24:53
3007,Aarav,Banerjee,aarav.banerjee3007@example.com,Delhi,2024-08-14 19:43:55
3008,Vikram,Saxena,vikram.saxena3008@example.com,Pune,2024-12-18 01:01:02
3009,Amit,Saxena,amit.saxena3009@example.com,Surat,2025-03-22 15:47:43
3010,Neha,Rao,neha.rao3010@example.com,Pune,2024-11-21 09:50:13
3011,Neha,Gupta,neha.gupta3011@example.com,Chandigarh,2024-02-14 17:22:47
3012,Deepa,Saxena,deepa.saxena3012@example.com,Chandigarh,2024-05-19 20:20:34
3013,Amit,Bhat,amit.bhat3013@example.com,Ahmedabad,2024-01-18 23:33:49
3014,Rahul,Kumar,rahul.kumar3014@example.com,Kolkata,2024-01-06 21:30:24
3015,Sneha,Mishra,sneha.mishra3015@example.com,Ahmedabad,2025-04-12 01:10:23
3016,Vikram,Chopra,vikram.chopra3016@example.com,Jaipur,2024-11-04 17:14:47
3017,Aditya,Chopra,aditya.chopra3017@example.com,Mumbai,2024-02-14 05:41:00
3018,Rajesh,Gupta,rajesh.gupta3018@example.com,Surat,2025-01-12 07:49:28
3019,Rahul,Das,rahul.das3019@example.com,Jaipur,2024-09-24 21:00:28
3020,Karan,Chopra,karan.chopra3020@example.com,Chennai,2024-02-18 12:15:21
3021,Manish,Das,manish.das3021@example.com,Chennai,2025-01-23 17:50:28
3022,Suresh,Verma,suresh.verma3022@example.com,Kolkata,2024-05-01 19:52:35
3023,Rajesh,Saxena,rajesh.saxena3023@example.com,Mumbai,2024-08-08 14:57:28
3024,Manish,Verma,manish.verma3024@example.com,Kolkata,2025-04-26 18:44:45
3025,Rohan,Verma,rohan.verma3025@example.com,Chandigarh,2025-05-03 18:58:15
3026,Rohan,Saxena,rohan.saxena3026@example.com,Jaipur,2024-05-19 04:34:59
3027,Rajesh,Bhat,rajesh.bhat3027@example.com,Hyderabad,2024-10-13 14:39:24
3028,Sunita,Iyer,sunita.iyer3028@example.com,Pune,2024-05-27 07:38:07
3029,Ananya,Joshi,ananya.joshi3029@example.com,Surat,2025-03-19 19:53:12
3030,Amit,Verma,amit.verma3030@example.com,Surat,2024-03-03 07:54:11
3031,Deepa,Verma,deepa.verma3031@example.com,Delhi,2025-05-14 23:28:09
3032,Manish,Gupta,manish.gupta3032@example.com,Kolkata,2024-03-12 18:00:59
3033,Ananya,Bose,ananya.bose3033@example.com,Ahmedabad,2024-10-19 03:03:28
3034,Deepa,Bose,deepa.bose3034@example.com,Bangalore,2024-01-06 11:09:58
3035,Ananya,Singh,ananya.singh3035@example.com,Mumbai,2024-12-09 20:42:04
3036,Kavita,Nair,kavita.nair3036@example.com,Pune,2024-10-21 15:28:31
3037,Deepa,Iyer,deepa.iyer3037@example.com,Surat,2024-11-07 15:20:09
3038,Rahul,Joshi,rahul.joshi3038@example.com,Bangalore,2024-11-03 04:36:59
3039,Rahul,Pandey,rahul.pandey3039@example.com,Lucknow,2024-12-08 03:58:57
3040,Divya,Bhat,divya.bhat3040@example.com,Chennai,2024-01-11 00:39:19
3041,Manish,Bose,manish.bose3041@example.com,Bangalore,2025-01-03 19:50:57
3042,Suresh,Pandey,suresh.pandey3042@example.com,Lucknow,2024-06-13 15:41:28
3043,Suresh,Banerjee,suresh.banerjee3043@example.com,Chennai,2024-10-21 01:11:56
3044,Ananya,Pandey,ananya.pandey3044@example.com,Chandigarh,2024-08-02 11:56:42
3045,Rohan,Nair,rohan.nair3045@example.com,Chennai,2025-05-06 23:16:31
3046,Ananya,Reddy,ananya.reddy3046@example.com,Jaipur,2024-01-13 09:26:20
3047,Ananya,Bhat,ananya.bhat3047@example.com,Surat,2024-10-27 14:19:58
3048,Priya,Gupta,priya.gupta3048@example.com,Pune,2024-02-19 18:24:00
3049,Rajesh,Chopra,rajesh.chopra3049@example.com,Delhi,2025-01-31 12:53:07
3050,Deepa,Chopra,deepa.chopra3050@example.com,Kolkata,2024-07-29 03:50:02
3051,Sanya,Sharma,sanya.sharma3051@example.com,Chennai,2024-10-06 11:50:19
3052,Rohan,Gupta,rohan.gupta3052@example.com,Chennai,2024-12-06 19:58:57
3053,Divya,Banerjee,divya.banerjee3053@example.com,Ahmedabad,2024-03-11 03:39:39
3054,Rajesh,Bhat,rajesh.bhat3054@example.com,Kolkata,2025-02-21 02:42:17
3055,Aditya,Bose,aditya.bose3055@example.com,Chandigarh,2025-04-02 18:52:07
3056,Sneha,Bhat,sneha.bhat3056@example.com,Jaipur,2024-11-23 13:46:31
3057,Ananya,Banerjee,ananya.banerjee3057@example.com,Ahmedabad,2024-02-20 20:28:56
3058,Pooja,Verma,pooja.verma3058@example.com,Pune,2024-11-15 11:25:25
3059,Rahul,Nair,rahul.nair3059@example.com,Lucknow,2024-08-03 11:07:34
3060,Rajesh,Bose,rajesh.bose3060@example.com,Hyderabad,2024-04-27 20:42:35
3061,Sanya,Singh,sanya.singh3061@example.com,Delhi,2024-10-31 00:43:46
3062,Amit,Singh,amit.singh3062@example.com,Pune,2024-10-07 19:54:03
3063,Sneha,Bhat,sneha.bhat3063@example.com,Mumbai,2024-06-11 14:25:55
3064,Amit,Singh,amit.singh3064@example.com,Kolkata,2025-01-31 07:36:54
3065,Pooja,Bhat,pooja.bhat3065@example.com,Mumbai,2024-11-27 12:46:16
3066,Sanya,Bhat,sanya.bhat3066@example.com,Pune,2024-10-11 13:01:20
3067,Sanya,Pandey,sanya.pandey3067@example.com,Ahmedabad,2024-11-09 21:21:51
3068,Kavita,Gupta,kavita.gupta3068@example.com,Pune,2024-01-17 21:02:44
3069,Sneha,Das,sneha.das3069@example.com,Surat,2025-05-10 08:54:20
3070,Neha,Saxena,neha.saxena3070@example.com,Bangalore,2024-06-20 16:05:23
3071,Rahul,Patel,rahul.patel3071@example.com,Chandigarh,2025-02-16 00:01:16
3072,Suresh,Gupta,suresh.gupta3072@example.com,Bangalore,2024-02-22 03:13:27
3073,Aarav,Singh,aarav.singh3073@example.com,Mumbai,2025-02-06 08:37:21
3074,Priya,Bhat,priya.bhat3074@example.com,Chandigarh,2024-10-15 02:11:36
3075,Divya,Das,divya.das3075@example.com,Ahmedabad,2024-04-01 02:37:39
3076,Amit,Verma,amit.verma3076@example.com,Surat,2024-03-27 07:48:28
3077,Karan,Patel,karan.patel3077@example.com,Mumbai,2024-05-23 10:35:20
3078,Sanya,Patel,sanya.patel3078@example.com,Ahmedabad,2025-04-23 23:40:44
3079,Vikram,Reddy,vikram.reddy3079@example.com,Kolkata,2024-07-15 15:48:01
3080,Priya,Joshi,priya.joshi3080@example.com,Chennai,2025-01-17 16:51:04
3081,Sneha,Bhat,sneha.bhat3081@example.com,Ahmedabad,2024-03-13 03:56:29
3082,Suresh,Pandey,suresh.pandey3082@example.com,Delhi,2024-01-31 03:29:02
3083,Aarav,Chopra,aarav.chopra3083@example.com,Ahmedabad,2024-08-17 00:15:55
3084,Deepa,Chopra,deepa.chopra3084@example.com,Pune,2024-08-01 03:09:38
3085,Vikram,Nair,vikram.nair3085@example.com,Lucknow,2024-09-28 08:15:18
3086,Sanya,Singh,sanya.singh3086@example.com,Chennai,2024-10-08 16:40:11
3087,Deepa,Joshi,deepa.joshi3087@example.com,Delhi,2024-07-28 19:29:34
3088,Sanya,Mehta,sanya.mehta3088@example.com,Bangalore,2025-03-19 12:11:57
3089,Sneha,Pandey,sneha.pandey3089@example.com,Jaipur,2024-02-03 11:53:00
3090,Sanya,Bhat,sanya.bhat3090@example.com,Bangalore,2024-10-14 06:10:47
3091,Rajesh,Mishra,rajesh.mishra3091@example.com,Kolkata,2024-11-30 23:23:09
3092,Neha,Bhat,neha.bhat3092@example.com,Kolkata,2025-04-27 06:36:12
3093,Aarav,Singh,aarav.singh3093@example.com,Mumbai,2025-05-04 20:26:52
3094,Rajesh,Iyer,rajesh.iyer3094@example.com,Hyderabad,2024-03-25 11:01:33
3095,Vikram,Sharma,vikram.sharma3095@example.com,Hyderabad,2024-10-21 21:27:06
3096,Kavita,Rao,kavita.rao3096@example.com,Delhi,2025-01-23 00:14:41
3097,Rajesh,Pandey,rajesh.pandey3097@example.com,Jaipur,2024-06-15 04:42:19
3098,Deepa,Kumar,deepa.kumar3098@example.com,Chandigarh,2024-10-06 12:49:02
3099,Aditya,Chopra,aditya.chopra3099@example.com,Jaipur,2024-12-07 01:26:00
3100,Ananya,Reddy,ananya.reddy3100@example.com,Mumbai,2024-07-11 01:27:45
3101,Sanya,Chopra,sanya.chopra3101@example.com,Lucknow,2024-07-23 08:47:37
3102,Rohan,Sharma,rohan.sharma3102@example.com,Chandigarh,2024-04-18 05:34:18
3103,Aarav,Singh,aarav.singh3103@example.com,Surat,2025-02-11 07:10:50
3104,Rohan,Rao,rohan.rao3104@example.com,Ahmedabad,2024-04-16 16:33:22
3105,Amit,Mishra,amit.mishra3105@example.com,Jaipur,2025-04-09 04:17:44
3106,Suresh,Gupta,suresh.gupta3106@example.com,Jaipur,2025-03-21 15:51:24
3107,Kavita,Mishra,kavita.mishra3107@example.com,Pune,2024-03-11 15:11:38
3108,Amit,Gupta,amit.gupta3108@example.com,Chandigarh,2025-02-11 06:32:22
3109,Manish,Singh,manish.singh3109@example.com,Mumbai,2024-04-10 14:29:12
3110,Vikram,Sharma,vikram.sharma3110@example.com,Bangalore,2024-06-13 08:10:52
3111,Divya,Saxena,divya.saxena3111@example.com,Lucknow,2025-02-12 13:53:15
3112,Manish,Saxena,manish.saxena3112@example.com,Mumbai,2024-05-06 01:41:36
3113,Kavita,Rao,kavita.rao3113@example.com,Chennai,2024-02-21 04:19:51
3114,Sunita,Nair,sunita.nair3114@example.com,Surat,2024-07-11 07:48:57
3115,Deepa,Pandey,deepa.pandey3115@example.com,Jaipur,2024-07-16 18:43:34
3116,Divya,Das,divya.das3116@example.com,Jaipur,2025-02-21 03:59:45
3117,Rohan,Singh,rohan.singh3117@example.com,Kolkata,2024-03-23 21:36:09
3118,Ananya,Saxena,ananya.saxena3118@example.com,Mumbai,2024-05-28 14:23:15
3119,Ananya,Kumar,ananya.kumar3119@example.com,Kolkata,2024-10-31 10:25:42
3120,Karan,Nair,karan.nair3120@example.com,Ahmedabad,2024-02-18 02:52:19
3121,Divya,Rao,divya.rao3121@example.com,Surat,2024-05-17 04:37:50
3122,Amit,Bose,amit.bose3122@example.com,Ahmedabad,2025-01-21 08:01:32
3123,Priya,Reddy,priya.reddy3123@example.com,Delhi,2024-12-02 18:59:46
3124,Karan,Saxena,karan.saxena3124@example.com,Delhi,2025-01-26 00:37:53
3125,Neha,Chopra,neha.chopra3125@example.com,Lucknow,2025-04-24 14:25:33
3126,Ananya,Gupta,ananya.gupta3126@example.com,Pune,2024-01-07 15:07:01
3127,Kavita,Saxena,kavita.saxena3127@example.com,Pune,2024-10-29 16:05:37
3128,Kavita,Chopra,kavita.chopra3128@example.com,Bangalore,2024-10-15 04:28:21
3129,Rohan,Pandey,rohan.pandey3129@example.com,Mumbai,2024-06-04 08:24:51
3130,Manish,Saxena,manish.saxena3130@example.com,Hyderabad,2025-02-17 08:23:49
3131,Rajesh,Rao,rajesh.rao3131@example.com,Hyderabad,2024-06-28 16:28:17
3132,Sanya,Sharma,sanya.sharma3132@example.com,Jaipur,2024-01-19 17:43:52
3133,Neha,Das,neha.das3133@example.com,Hyderabad,2024-07-08 16:19:01
3134,Rahul,Joshi,rahul.joshi3134@example.com,Kolkata,2024-05-24 22:41:06
3135,Deepa,Verma,deepa.verma3135@example.com,Ahmedabad,2024-06-17 11:04:26
3136,Vikram,Rao,vikram.rao3136@example.com,Jaipur,2024-08-23 18:39:03
3137,Karan,Reddy,karan.reddy3137@example.com,Bangalore,2024-04-19 11:31:07
3138,Sunita,Gupta,sunita.gupta3138@example.com,Ahmedabad,2025-04-04 23:46:08
3139,Amit,Das,amit.das3139@example.com,Surat,2024-06-11 10:49:35
3140,Rohan,Chopra,rohan.chopra3140@example.com,Delhi,2024-07-02 23:11:44
3141,Rajesh,Reddy,rajesh.reddy3141@example.com,Surat,2024-08-13 06:54:12
3142,Divya,Pandey,divya.pandey3142@example.com,Delhi,2024-06-08 20:52:32
3143,Amit,Patel,amit.patel3143@example.com,Mumbai,2024-07-15 15:44:28
3144,Aarav,Bhat,aarav.bhat3144@example.com,Jaipur,2025-04-19 21:10:00
3145,Manish,Das,manish.das3145@example.com,Kolkata,2024-04-14 14:44:48
3146,Rajesh,Bhat,rajesh.bhat3146@example.com,Mumbai,2024-08-09 10:44:17
3147,Karan,Mishra,karan.mishra3147@example.com,Lucknow,2025-02-20 09:36:55
3148,Amit,Joshi,amit.joshi3148@example.com,Pune,2024-10-12 23:57:02
3149,Rajesh,Singh,rajesh.singh3149@example.com,Kolkata,2025-03-16 12:32:23
3150,Priya,Rao,priya.rao3150@example.com,Jaipur,2024-02-13 08:16:01
3151,Sunita,Kumar,sunita.kumar3151@example.com,Hyderabad,2024-08-05 08:38:46
3152,Ananya,Singh,ananya.singh3152@example.com,Jaipur,2024-02-19 11:14:29
3153,Deepa,Joshi,deepa.joshi3153@example.com,Chennai,2024-12-04 07:02:31
3154,Deepa,Mishra,deepa.mishra3154@example.com,Jaipur,2025-03-04 14:10:09
3155,Kavita,Mishra,kavita.mishra3155@example.com,Delhi,2024-02-20 05:08:08
3156,Amit,Gupta,amit.gupta3156@example.com,Bangalore,2025-02-03 13:42:55
3157,Vikram,Mishra,vikram.mishra3157@example.com,Kolkata,2024-11-06 06:27:09
3158,Rahul,Bhat,rahul.bhat3158@example.com,Hyderabad,2024-06-08 07:22:15
3159,Suresh,Nair,suresh.nair3159@example.com,Ahmedabad,2025-05-01 07:23:12
3160,Amit,Gupta,amit.gupta3160@example.com,Pune,2024-01-31 05:19:03
3161,Sunita,Pandey,sunita.pandey3161@example.com,Pune,2024-03-06 16:06:24
3162,Amit,Nair,amit.nair3162@example.com,Chandigarh,2024-06-10 01:43:44
3163,Kavita,Iyer,kavita.iyer3163@example.com,Chennai,2025-01-29 16:22:01
3164,Divya,Reddy,divya.reddy3164@example.com,Delhi,2024-02-10 13:25:55
3165,Amit,Mishra,amit.mishra3165@example.com,Delhi,2024-12-14 16:15:11
3166,Rohan,Sharma,rohan.sharma3166@example.com,Jaipur,2024-04-12 08:13:52
3167,Aditya,Saxena,aditya.saxena3167@example.com,Surat,2025-05-08 11:08:01
3168,Manish,Das,manish.das3168@example.com,Surat,2025-02-01 21:09:11
3169,Suresh,Singh,suresh.singh3169@example.com,Lucknow,2024-03-05 12:47:03
3170,Sneha,Bhat,sneha.bhat3170@example.com,Kolkata,2025-02-13 03:35:04
3171,Sneha,Banerjee,sneha.banerjee3171@example.com,Bangalore,2024-02-15 23:26:27
3172,Sneha,Das,sneha.das3172@example.com,Chandigarh,2025-03-10 20:27:14
3173,Amit,Patel,amit.patel3173@example.com,Lucknow,2024-04-26 14:42:08
3174,Rahul,Verma,rahul.verma3174@example.com,Mumbai,2024-09-16 11:53:20
3175,Deepa,Singh,deepa.singh3175@example.com,Ahmedabad,2024-02-10 02:59:34
3176,Deepa,Kumar,deepa.kumar3176@example.com,Surat,2024-10-03 05:25:24
3177,Sneha,Bhat,sneha.bhat3177@example.com,Mumbai,2024-06-26 14:30:30
3178,Priya,Iyer,priya.iyer3178@example.com,Surat,2024-05-13 03:54:20
3179,Sneha,Rao,sneha.rao3179@example.com,Lucknow,2024-05-16 14:02:57
3180,Divya,Mishra,divya.mishra3180@example.com,Bangalore,2024-02-28 12:13:28
3181,Manish,Bhat,manish.bhat3181@example.com,Chandigarh,2024-11-30 06:11:24
3182,Vikram,Joshi,vikram.joshi3182@example.com,Jaipur,2024-07-15 14:02:28
3183,Sneha,Chopra,sneha.chopra3183@example.com,Pune,2025-01-26 18:21:58
3184,Neha,Rao,neha.rao3184@example.com,Lucknow,2024-03-19 01:55:30
3185,Karan,Sharma,karan.sharma3185@example.com,Bangalore,2024-04-02 10:51:47
3186,Deepa,Chopra,deepa.chopra3186@example.com,Lucknow,2024-06-29 17:17:24
3187,Aditya,Bhat,aditya.bhat3187@example.com,Lucknow,2025-01-07 23:27:09
3188,Sunita,Nair,sunita.nair3188@example.com,Ahmedabad,2024-12-09 08:07:11
3189,Kavita,Singh,kavita.singh3189@example.com,Jaipur,2025-02-06 23:00:16
3190,Kavita,Patel,kavita.patel3190@example.com,Pune,2025-01-09 10:02:05
3191,Suresh,Rao,suresh.rao3191@example.com,Delhi,2024-03-07 10:14:28
3192,Sanya,Banerjee,sanya.banerjee3192@example.com,Jaipur,2024-09-27 08:56:34
3193,Aditya,Singh,aditya.singh3193@example.com,Lucknow,2024-11-22 13:50:09
3194,Neha,Kumar,neha.kumar3194@example.com,Chandigarh,2025-02-19 15:52:23
3195,Rahul,Saxena,rahul.saxena3195@example.com,Mumbai,2024-02-10 03:13:18
3196,Amit,Kumar,amit.kumar3196@example.com,Lucknow,2024-04-05 03:06:59
3197,Kavita,Reddy,kavita.reddy3197@example.com,Pune,2024-12-05 16:20:06
3198,Karan,Verma,karan.verma3198@example.com,Chandigarh,2024-04-04 06:31:44
3199,Karan,Banerjee,karan.banerjee3199@example.com,Kolkata,2024-09-27 07:01:46
3200,Priya,Pandey,priya.pandey3200@example.com,Ahmedabad,2024-11-09 08:54:27
3201,Rajesh,Mehta,rajesh.mehta3201@example.com,Bangalore,2025-05-02 21:00:19
3202,Vikram,Banerjee,vikram.banerjee3202@example.com,Chennai,2025-01-26 16:30:28
3203,Rajesh,Das,rajesh.das3203@example.com,Kolkata,2024-08-04 03:15:01
3204,Pooja,Nair,pooja.nair3204@example.com,Pune,2024-01-23 14:21:22
3205,Aarav,Verma,aarav.verma3205@example.com,Delhi,2024-06-10 02:20:02
3206,Rohan,Joshi,rohan.joshi3206@example.com,Delhi,2024-07-11 12:07:28
3207,Deepa,Bose,deepa.bose3207@example.com,Bangalore,2024-04-11 00:40:25
3208,Amit,Reddy,amit.reddy3208@example.com,Lucknow,2024-07-27 13:53:38
3209,Manish,Chopra,manish.chopra3209@example.com,Chennai,2024-02-19 09:35:27
3210,Manish,Saxena,manish.saxena3210@example.com,Jaipur,2024-01-09 15:19:55
3211,Rahul,Kumar,rahul.kumar3211@example.com,Chennai,2024-04-14 19:16:09
3212,Manish,Gupta,manish.gupta3212@example.com,Mumbai,2024-10-17 17:03:02
3213,Manish,Rao,manish.rao3213@example.com,Jaipur,2024-12-02 15:27:00
3214,Sneha,Patel,sneha.patel3214@example.com,Delhi,2024-05-24 17:21:19
3215,Pooja,Saxena,pooja.saxena3215@example.com,Surat,2024-01-06 23:36:45
3216,Pooja,Mishra,pooja.mishra3216@example.com,Hyderabad,2024-10-05 20:53:14
3217,Neha,Joshi,neha.joshi3217@example.com,Lucknow,2024-04-10 09:16:39
3218,Vikram,Banerjee,vikram.banerjee3218@example.com,Hyderabad,2025-04-13 05:52:54
3219,Ananya,Singh,ananya.singh3219@example.com,Lucknow,2024-08-11 11:51:52
3220,Kavita,Joshi,kavita.joshi3220@example.com,Chandigarh,2024-05-07 02:14:31
3221,Sanya,Nair,sanya.nair3221@example.com,Jaipur,2024-09-17 00:30:06
3222,Karan,Singh,karan.singh3222@example.com,Chandigarh,2025-04-21 13:13:45
3223,Sanya,Chopra,sanya.chopra3223@example.com,Bangalore,2025-02-09 21:11:17
3224,Aarav,Pandey,aarav.pandey3224@example.com,Mumbai,2025-03-04 12:05:14
3225,Sneha,Bose,sneha.bose3225@example.com,Mumbai,2024-12-13 02:24:18
3226,Vikram,Joshi,vikram.joshi3226@example.com,Bangalore,2025-01-31 13:05:19
3227,Rohan,Mishra,rohan.mishra3227@example.com,Surat,2025-04-03 23:37:48
3228,Aarav,Bhat,aarav.bhat3228@example.com,Ahmedabad,2024-02-17 18:55:41
3229,Manish,Verma,manish.verma3229@example.com,Chandigarh,2024-12-25 07:48:05
3230,Ananya,Banerjee,ananya.banerjee3230@example.com,Mumbai,2024-01-06 18:38:59
3231,Aditya,Verma,aditya.verma3231@example.com,Surat,2024-12-12 17:12:25
3232,Karan,Verma,karan.verma3232@example.com,Pune,2024-05-29 16:38:23
3233,Kavita,Bose,kavita.bose3233@example.com,Pune,2025-02-04 11:17:03
3234,Aditya,Das,aditya.das3234@example.com,Bangalore,2024-02-16 05:03:36
3235,Neha,Reddy,neha.reddy3235@example.com,Mumbai,2024-08-11 19:15:57
3236,Deepa,Pandey,deepa.pandey3236@example.com,Chandigarh,2024-01-12 10:27:20
3237,Rahul,Reddy,rahul.reddy3237@example.com,Delhi,2024-11-22 18:59:05
3238,Pooja,Gupta,pooja.gupta3238@example.com,Lucknow,2024-02-29 21:29:47
3239,Amit,Rao,amit.rao3239@example.com,Chandigarh,2025-02-20 18:12:47
3240,Sneha,Das,sneha.das3240@example.com,Hyderabad,2024-04-23 21:35:19
3241,Deepa,Banerjee,deepa.banerjee3241@example.com,Surat,2025-03-08 09:44:53
3242,Neha,Bhat,neha.bhat3242@example.com,Jaipur,2024-07-12 04:34:16
3243,Priya,Saxena,priya.saxena3243@example.com,Bangalore,2025-03-15 17:16:37
3244,Aditya,Das,aditya.das3244@example.com,Mumbai,2025-03-15 21:33:57
3245,Amit,Joshi,amit.joshi3245@example.com,Bangalore,2025-04-10 04:49:28
3246,Aarav,Sharma,aarav.sharma3246@example.com,Jaipur,2024-03-01 19:40:50
3247,Aarav,Iyer,aarav.iyer3247@example.com,Ahmedabad,2025-01-20 08:41:50
3248,Suresh,Mehta,suresh.mehta3248@example.com,Bangalore,2025-03-07 14:17:15
3249,Divya,Patel,divya.patel3249@example.com,Pune,2025-01-27 11:01:54
3250,Rahul,Mehta,rahul.mehta3250@example.com,Delhi,2024-05-05 16:30:04
3251,Sunita,Kumar,sunita.kumar3251@example.com,Kolkata,2024-11-05 04:27:53
3252,Deepa,Mishra,deepa.mishra3252@example.com,Chandigarh,2024-03-10 09:27:28
3253,Sunita,Banerjee,sunita.banerjee3253@example.com,Delhi,2024-01-17 14:00:33
3254,Neha,Iyer,neha.iyer3254@example.com,Hyderabad,2024-08-01 08:33:57
3255,Priya,Mehta,priya.mehta3255@example.com,Bangalore,2024-09-16 07:43:50
3256,Vikram,Nair,vikram.nair3256@example.com,Chennai,2024-11-04 08:55:50
3257,Divya,Chopra,divya.chopra3257@example.com,Jaipur,2024-03-09 08:55:46
3258,Manish,Kumar,manish.kumar3258@example.com,Chandigarh,2024-08-05 04:12:32
3259,Sanya,Joshi,sanya.joshi3259@example.com,Lucknow,2025-05-14 10:54:25
3260,Rajesh,Rao,rajesh.rao3260@example.com,Delhi,2025-04-25 07:33:19
3261,Kavita,Mishra,kavita.mishra3261@example.com,Ahmedabad,2024-05-18 10:48:54
3262,Manish,Sharma,manish.sharma3262@example.com,Mumbai,2024-12-14 23:09:31
3263,Ananya,Verma,ananya.verma3263@example.com,Lucknow,2024-11-01 07:20:07
3264,Suresh,Patel,suresh.patel3264@example.com,Chandigarh,2024-03-08 01:15:47
3265,Ananya,Verma,ananya.verma3265@example.com,Ahmedabad,2025-02-06 18:20:37
3266,Rohan,Joshi,rohan.joshi3266@example.com,Bangalore,2024-07-11 16:53:36
3267,Ananya,Saxena,ananya.saxena3267@example.com,Delhi,2025-03-13 00:05:44
3268,Suresh,Joshi,suresh.joshi3268@example.com,Jaipur,2025-01-23 09:15:45
3269,Pooja,Rao,pooja.rao3269@example.com,Hyderabad,2024-07-21 05:27:38
3270,Karan,Bose,karan.bose3270@example.com,Kolkata,2025-02-18 01:56:12
3271,Suresh,Singh,suresh.singh3271@example.com,Chandigarh,2024-09-12 01:51:04
3272,Aditya,Singh,aditya.singh3272@example.com,Ahmedabad,2025-05-14 08:54:13
3273,Pooja,Rao,pooja.rao3273@example.com,Lucknow,2024-07-08 00:44:05
3274,Sanya,Patel,sanya.patel3274@example.com,Surat,2024-03-24 05:37:33
3275,Pooja,Kumar,pooja.kumar3275@example.com,Surat,2025-01-27 01:25:49
3276,Rajesh,Pandey,rajesh.pandey3276@example.com,Surat,2024-05-06 21:51:01
3277,Amit,Singh,amit.singh3277@example.com,Pune,2024-06-03 21:33:15
3278,Sneha,Singh,sneha.singh3278@example.com,Pune,2024-06-14 19:33:19
3279,Sanya,Nair,sanya.nair3279@example.com,Hyderabad,2024-12-07 12:09:48
3280,Rajesh,Nair,rajesh.nair3280@example.com,Jaipur,2024-10-04 23:38:17
3281,Sneha,Banerjee,sneha.banerjee3281@example.com,Lucknow,2024-08-08 06:17:53
3282,Sanya,Bhat,sanya.bhat3282@example.com,Surat,2024-02-10 05:58:43
3283,Priya,Gupta,priya.gupta3283@example.com,Chandigarh,2024-02-18 19:12:37
3284,Divya,Reddy,divya.reddy3284@example.com,Chandigarh,2024-01-03 04:49:30
3285,Sanya,Singh,sanya.singh3285@example.com,Jaipur,2025-04-17 08:01:17
3286,Sanya,Reddy,sanya.reddy3286@example.com,Hyderabad,2024-09-30 19:09:11
3287,Deepa,Reddy,deepa.reddy3287@example.com,Pune,2025-03-09 00:42:17
3288,Vikram,Rao,vikram.rao3288@example.com,Delhi,2024-11-26 05:47:00
3289,Rajesh,Singh,rajesh.singh3289@example.com,Lucknow,2025-04-07 17:43:35
3290,Priya,Joshi,priya.joshi3290@example.com,Chennai,2024-01-08 15:13:14
3291,Priya,Chopra,priya.chopra3291@example.com,Ahmedabad,2025-04-25 04:26:32
3292,Divya,Mehta,divya.mehta3292@example.com,Bangalore,2024-03-24 08:36:45
3293,Deepa,Pandey,deepa.pandey3293@example.com,Hyderabad,2025-03-16 01:06:02
3294,Kavita,Banerjee,kavita.banerjee3294@example.com,Lucknow,2024-08-20 06:06:13
3295,Manish,Rao,manish.rao3295@example.com,Delhi,2024-11-05 05:40:02
3296,Neha,Reddy,neha.reddy3296@example.com,Mumbai,2024-07-20 02:55:37
3297,Deepa,Mehta,deepa.mehta3297@example.com,Hyderabad,2024-05-02 11:32:00
3298,Vikram,Kumar,vikram.kumar3298@example.com,Bangalore,2025-03-14 14:03:30
3299,Kavita,Singh,kavita.singh3299@example.com,Lucknow,2025-03-31 05:34:36
3300,Manish,Bose,manish.bose3300@example.com,Kolkata,2024-05-27 07:56:36
3301,Pooja,Nair,pooja.nair3301@example.com,Jaipur,2024-01-25 19:30:01
3302,Karan,Iyer,karan.iyer3302@example.com,Chandigarh,2024-07-30 01:50:53
3303,Rohan,Verma,rohan.verma3303@example.com,Hyderabad,2025-03-14 22:09:00
3304,Karan,Gupta,karan.gupta3304@example.com,Ahmedabad,2024-09-02 06:34:02
3305,Neha,Saxena,neha.saxena3305@example.com,Jaipur,2024-03-06 18:02:08
3306,Divya,Kumar,divya.kumar3306@example.com,Pune,2024-12-09 11:13:40
3307,Ananya,Chopra,ananya.chopra3307@example.com,Ahmedabad,2024-09-20 16:01:51
3308,Aarav,Bose,aarav.bose3308@example.com,Pune,2024-11-19 02:20:44
3309,Kavita,Joshi,kavita.joshi3309@example.com,Chennai,2024-06-10 17:16:06
3310,Vikram,Kumar,vikram.kumar3310@example.com,Delhi,2024-12-12 04:56:05
3311,Kavita,Mishra,kavita.mishra3311@example.com,Hyderabad,2024-02-02 12:43:51
3312,Priya,Joshi,priya.joshi3312@example.com,Pune,2024-03-05 04:26:23
3313,Sanya,Verma,sanya.verma3313@example.com,Mumbai,2024-04-06 00:17:53
3314,Pooja,Pandey,pooja.pandey3314@example.com,Surat,2024-07-13 02:10:24
3315,Aarav,Nair,aarav.nair3315@example.com,Ahmedabad,2024-07-15 11:15:17
3316,Deepa,Kumar,deepa.kumar3316@example.com,Hyderabad,2024-12-31 22:45:43
3317,Rohan,Saxena,rohan.saxena3317@example.com,Lucknow,2025-03-15 18:26:08
3318,Aditya,Iyer,aditya.iyer3318@example.com,Pune,2024-09-25 21:16:39
3319,Aarav,Nair,aarav.nair3319@example.com,Ahmedabad,2024-06-30 13:50:24
3320,Divya,Das,divya.das3320@example.com,Bangalore,2024-04-04 00:19:40
3321,Aditya,Sharma,aditya.sharma3321@example.com,Chandigarh,2024-05-25 17:45:03
3322,Karan,Nair,karan.nair3322@example.com,Ahmedabad,2024-06-04 10:27:50
3323,Ananya,Bose,ananya.bose3323@example.com,Kolkata,2024-09-23 15:07:00
3324,Amit,Saxena,amit.saxena3324@example.com,Delhi,2025-04-03 23:16:11
3325,Rahul,Gupta,rahul.gupta3325@example.com,Chandigarh,2025-01-26 02:40:08
3326,Aarav,Banerjee,aarav.banerjee3326@example.com,Lucknow,2025-02-05 07:12:06
3327,Karan,Chopra,karan.chopra3327@example.com,Surat,2024-07-12 11:17:28
3328,Aditya,Pandey,aditya.pandey3328@example.com,Kolkata,2025-01-09 22:57:31
3329,Karan,Saxena,karan.saxena3329@example.com,Surat,2025-03-21 03:47:27
3330,Suresh,Bose,suresh.bose3330@example.com,Lucknow,2025-02-16 17:28:30
3331,Manish,Nair,manish.nair3331@example.com,Hyderabad,2024-11-08 19:46:09
3332,Vikram,Sharma,vikram.sharma3332@example.com,Kolkata,2024-02-18 22:55:30
3333,Priya,Banerjee,priya.banerjee3333@example.com,Surat,2024-08-24 12:08:05
3334,Deepa,Pandey,deepa.pandey3334@example.com,Hyderabad,2025-02-15 14:59:26
3335,Aarav,Gupta,aarav.gupta3335@example.com,Bangalore,2024-03-10 08:01:45
3336,Rahul,Das,rahul.das3336@example.com,Ahmedabad,2025-02-01 02:22:12
3337,Divya,Saxena,divya.saxena3337@example.com,Delhi,2025-04-21 03:26:54
3338,Pooja,Rao,pooja.rao3338@example.com,Delhi,2025-03-08 04:47:24
3339,Aditya,Kumar,aditya.kumar3339@example.com,Lucknow,2024-02-09 10:47:45
3340,Deepa,Mehta,deepa.mehta3340@example.com,Lucknow,2024-04-16 16:20:19
3341,Rohan,Bhat,rohan.bhat3341@example.com,Pune,2025-04-05 15:42:17
3342,Pooja,Iyer,pooja.iyer3342@example.com,Pune,2024-09-26 08:15:05
3343,Divya,Pandey,divya.pandey3343@example.com,Delhi,2025-01-17 08:59:15
3344,Sunita,Mehta,sunita.mehta3344@example.com,Hyderabad,2024-05-26 09:35:45
3345,Rajesh,Sharma,rajesh.sharma3345@example.com,Chandigarh,2024-02-21 10:50:39
3346,Rahul,Verma,rahul.verma3346@example.com,Delhi,2024-10-21 09:37:12
3347,Pooja,Bhat,pooja.bhat3347@example.com,Chennai,2025-03-14 04:02:04
3348,Rohan,Pandey,rohan.pandey3348@example.com,Delhi,2024-11-16 21:37:11
3349,Karan,Gupta,karan.gupta3349@example.com,Surat,2025-03-02 12:58:03
3350,Kavita,Kumar,kavita.kumar3350@example.com,Lucknow,2025-02-12 06:09:38
3351,Rajesh,Banerjee,rajesh.banerjee3351@example.com,Jaipur,2024-11-26 04:57:09
3352,Sanya,Bose,sanya.bose3352@example.com,Hyderabad,2025-01-20 02:21:34
3353,Suresh,Chopra,suresh.chopra3353@example.com,Bangalore,2025-02-24 14:28:10
3354,Divya,Gupta,divya.gupta3354@example.com,Kolkata,2024-08-26 10:50:48
3355,Ananya,Saxena,ananya.saxena3355@example.com,Chandigarh,2025-04-23 17:19:38
3356,Manish,Banerjee,manish.banerjee3356@example.com,Kolkata,2025-04-12 00:03:10
3357,Sneha,Das,sneha.das3357@example.com,Lucknow,2024-01-28 08:15:39
3358,Ananya,Chopra,ananya.chopra3358@example.com,Hyderabad,2025-02-01 16:54:02
3359,Neha,Singh,neha.singh3359@example.com,Pune,2024-06-16 12:38:45
3360,Aditya,Patel,aditya.patel3360@example.com,Bangalore,2024-02-01 11:47:01
3361,Priya,Reddy,priya.reddy3361@example.com,Mumbai,2024-08-30 13:17:36
3362,Deepa,Singh,deepa.singh3362@example.com,Surat,2025-03-24 04:32:17
3363,Aditya,Singh,aditya.singh3363@example.com,Hyderabad,2024-07-04 09:51:45
3364,Karan,Sharma,karan.sharma3364@example.com,Surat,2024-02-01 11:06:18
3365,Aditya,Gupta,aditya.gupta3365@example.com,Kolkata,2024-02-13 01:34:54
3366,Ananya,Das,ananya.das3366@example.com,Bangalore,2025-03-28 22:13:50
3367,Amit,Sharma,amit.sharma3367@example.com,Surat,2024-05-14 02:32:33
3368,Amit,Joshi,amit.joshi3368@example.com,Bangalore,2024-11-30 06:29:01
3369,Aditya,Bhat,aditya.bhat3369@example.com,Delhi,2025-01-09 20:51:28
3370,Priya,Nair,priya.nair3370@example.com,Chennai,2025-01-09 18:59:58
3371,Pooja,Bhat,pooja.bhat3371@example.com,Jaipur,2024-02-09 16:45:55
3372,Sunita,Verma,sunita.verma3372@example.com,Hyderabad,2025-01-11 02:02:24
3373,Sanya,Patel,sanya.patel3373@example.com,Surat,2024-10-16 11:26:30
3374,Suresh,Verma,suresh.verma3374@example.com,Jaipur,2024-08-19 12:03:47
3375,Kavita,Rao,kavita.rao3375@example.com,Delhi,2024-10-18 03:35:49
3376,Sunita,Reddy,sunita.reddy3376@example.com,Mumbai,2025-02-04 21:15:03
3377,Rohan,Pandey,rohan.pandey3377@example.com,Pune,2024-07-04 19:43:26
3378,Amit,Saxena,amit.saxena3378@example.com,Jaipur,2024-07-13 03:13:45
3379,Aarav,Gupta,aarav.gupta3379@example.com,Surat,2024-11-24 09:47:07
3380,Pooja,Chopra,pooja.chopra3380@example.com,Bangalore,2025-01-09 14:00:17
3381,Neha,Pandey,neha.pandey3381@example.com,Jaipur,2024-01-29 08:56:09
3382,Amit,Rao,amit.rao3382@example.com,Pune,2025-01-16 08:53:19
3383,Vikram,Singh,vikram.singh3383@example.com,Chandigarh,2025-04-14 07:26:20
3384,Divya,Kumar,divya.kumar3384@example.com,Bangalore,2024-08-04 19:10:08
3385,Neha,Verma,neha.verma3385@example.com,Bangalore,2024-03-02 00:10:49
3386,Amit,Saxena,amit.saxena3386@example.com,Chennai,2025-03-09 23:53:54
3387,Manish,Mishra,manish.mishra3387@example.com,Ahmedabad,2024-04-25 01:54:00
3388,Vikram,Pandey,vikram.pandey3388@example.com,Chandigarh,2024-03-14 20:29:22
3389,Rahul,Kumar,rahul.kumar3389@example.com,Jaipur,2024-01-01 17:13:55
3390,Rohan,Pandey,rohan.pandey3390@example.com,Delhi,2024-03-10 13:57:50
3391,Suresh,Kumar,suresh.kumar3391@example.com,Delhi,2024-03-08 21:22:40
3392,Amit,Nair,amit.nair3392@example.com,Hyderabad,2024-03-27 21:49:24
3393,Karan,Das,karan.das3393@example.com,Lucknow,2024-12-13 13:06:31
3394,Divya,Singh,divya.singh3394@example.com,Bangalore,2025-02-06 11:05:07
3395,Suresh,Bhat,suresh.bhat3395@example.com,Lucknow,2024-08-14 19:52:02
3396,Sunita,Banerjee,sunita.banerjee3396@example.com,Jaipur,2025-03-05 00:13:31
3397,Aarav,Saxena,aarav.saxena3397@example.com,Kolkata,2025-04-22 09:49:40
3398,Divya,Nair,divya.nair3398@example.com,Kolkata,2024-09-18 15:23:41
3399,Suresh,Mishra,suresh.mishra3399@example.com,Surat,2024-08-09 09:53:26
3400,Sneha,Joshi,sneha.joshi3400@example.com,Chandigarh,2024-12-18 05:47:43
3401,Deepa,Mehta,deepa.mehta3401@example.com,Jaipur,2024-04-25 20:18:22
3402,Priya,Chopra,priya.chopra3402@example.com,Jaipur,2024-02-21 02:09:56
3403,Vikram,Singh,vikram.singh3403@example.com,Mumbai,2024-01-02 15:51:16
3404,Manish,Mehta,manish.mehta3404@example.com,Chennai,2025-02-03 17:11:43
3405,Priya,Verma,priya.verma3405@example.com,Kolkata,2025-04-16 09:45:20
3406,Amit,Iyer,amit.iyer3406@example.com,Pune,2024-05-10 09:50:42
3407,Aarav,Chopra,aarav.chopra3407@example.com,Chandigarh,2024-06-16 15:04:07
3408,Aditya,Reddy,aditya.reddy3408@example.com,Lucknow,2025-02-06 04:24:46
3409,Vikram,Gupta,vikram.gupta3409@example.com,Hyderabad,2024-09-17 07:42:53
3410,Divya,Verma,divya.verma3410@example.com,Lucknow,2024-05-28 17:06:44
3411,Sunita,Reddy,sunita.reddy3411@example.com,Bangalore,2025-02-19 07:59:21
3412,Amit,Bhat,amit.bhat3412@example.com,Jaipur,2024-08-05 12:53:47
3413,Deepa,Saxena,deepa.saxena3413@example.com,Delhi,2024-07-18 01:57:09
3414,Ananya,Iyer,ananya.iyer3414@example.com,Mumbai,2024-09-07 11:21:06
3415,Pooja,Singh,pooja.singh3415@example.com,Delhi,2025-05-01 18:50:28
3416,Neha,Pandey,neha.pandey3416@example.com,Delhi,2024-04-11 01:44:48
3417,Ananya,Sharma,ananya.sharma3417@example.com,Lucknow,2024-01-27 01:01:16
3418,Aditya,Rao,aditya.rao3418@example.com,Delhi,2024-07-08 11:16:25
3419,Suresh,Sharma,suresh.sharma3419@example.com,Jaipur,2024-02-13 00:23:52
3420,Aditya,Sharma,aditya.sharma3420@example.com,Hyderabad,2024-05-03 21:39:01
3421,Sanya,Bhat,sanya.bhat3421@example.com,Chennai,2024-01-07 00:04:15
3422,Kavita,Das,kavita.das3422@example.com,Delhi,2024-12-25 17:39:44
3423,Rohan,Nair,rohan.nair3423@example.com,Lucknow,2024-01-25 09:17:03
3424,Divya,Bose,divya.bose3424@example.com,Chandigarh,2024-04-21 03:20:08
3425,Kavita,Bose,kavita.bose3425@example.com,Kolkata,2025-05-05 16:46:31
3426,Manish,Rao,manish.rao3426@example.com,Chennai,2024-04-22 18:15:41
3427,Ananya,Singh,ananya.singh3427@example.com,Delhi,2024-04-10 10:19:12
3428,Suresh,Saxena,suresh.saxena3428@example.com,Hyderabad,2024-12-28 18:26:21
3429,Sanya,Saxena,sanya.saxena3429@example.com,Kolkata,2024-09-21 11:41:00
3430,Rohan,Gupta,rohan.gupta3430@example.com,Kolkata,2024-02-28 06:50:33
3431,Sanya,Saxena,sanya.saxena3431@example.com,Jaipur,2024-02-29 16:20:46
3432,Pooja,Pandey,pooja.pandey3432@example.com,Pune,2025-05-15 10:57:26
3433,Kavita,Gupta,kavita.gupta3433@example.com,Hyderabad,2025-01-24 05:37:51
3434,Suresh,Bhat,suresh.bhat3434@example.com,Chennai,2025-04-10 22:07:41
3435,Kavita,Kumar,kavita.kumar3435@example.com,Surat,2025-01-08 12:38:39
3436,Suresh,Mishra,suresh.mishra3436@example.com,Bangalore,2025-01-10 09:31:51
3437,Aarav,Sharma,aarav.sharma3437@example.com,Surat,2025-05-01 17:39:00
3438,Priya,Iyer,priya.iyer3438@example.com,Jaipur,2025-03-06 09:51:28
3439,Divya,Patel,divya.patel3439@example.com,Pune,2024-11-28 13:53:29
3440,Priya,Bose,priya.bose3440@example.com,Surat,2024-11-14 23:20:48
3441,Deepa,Singh,deepa.singh3441@example.com,Chennai,2024-06-04 09:13:57
3442,Rahul,Patel,rahul.patel3442@example.com,Ahmedabad,2025-02-21 21:17:42
3443,Divya,Patel,divya.patel3443@example.com,Surat,2024-02-06 19:52:52
3444,Priya,Joshi,priya.joshi3444@example.com,Kolkata,2024-07-27 08:39:26
3445,Aditya,Kumar,aditya.kumar3445@example.com,Lucknow,2024-06-19 05:49:57
3446,Manish,Gupta,manish.gupta3446@example.com,Chandigarh,2024-12-15 20:50:27
3447,Pooja,Patel,pooja.patel3447@example.com,Ahmedabad,2025-03-21 04:10:38
3448,Divya,Das,divya.das3448@example.com,Lucknow,2024-12-14 13:37:14
3449,Amit,Reddy,amit.reddy3449@example.com,Bangalore,2024-09-06 14:38:59
3450,Ananya,Gupta,ananya.gupta3450@example.com,Jaipur,2024-06-21 05:07:00
3451,Neha,Singh,neha.singh3451@example.com,Hyderabad,2024-07-04 19:23:18
3452,Kavita,Banerjee,kavita.banerjee3452@example.com,Delhi,2024-03-13 09:02:32
3453,Sanya,Banerjee,sanya.banerjee3453@example.com,Ahmedabad,2024-10-03 16:30:59
3454,Kavita,Banerjee,kavita.banerjee3454@example.com,Surat,2024-04-08 14:05:30
3455,Vikram,Mishra,vikram.mishra3455@example.com,Ahmedabad,2024-05-01 05:56:55
3456,Vikram,Sharma,vikram.sharma3456@example.com,Hyderabad,2024-09-05 05:29:18
3457,Sneha,Patel,sneha.patel3457@example.com,Pune,2024-11-04 06:08:26
3458,Vikram,Iyer,vikram.iyer3458@example.com,Ahmedabad,2024-10-06 04:27:15
3459,Sneha,Das,sneha.das3459@example.com,Delhi,2024-12-06 06:09:12
3460,Rohan,Banerjee,rohan.banerjee3460@example.com,Delhi,2024-10-13 18:46:26
3461,Vikram,Nair,vikram.nair3461@example.com,Ahmedabad,2024-10-06 04:39:08
3462,Sneha,Chopra,sneha.chopra3462@example.com,Jaipur,2024-08-10 09:13:01
3463,Pooja,Singh,pooja.singh3463@example.com,Jaipur,2024-02-17 10:13:08
3464,Rajesh,Mehta,rajesh.mehta3464@example.com,Chennai,2024-08-28 05:30:41
3465,Amit,Bhat,amit.bhat3465@example.com,Pune,2025-02-11 05:26:58
3466,Pooja,Verma,pooja.verma3466@example.com,Hyderabad,2025-01-24 04:20:57
3467,Divya,Patel,divya.patel3467@example.com,Chandigarh,2024-10-15 00:46:46
3468,Sunita,Iyer,sunita.iyer3468@example.com,Surat,2024-10-27 07:46:08
3469,Deepa,Joshi,deepa.joshi3469@example.com,Surat,2025-05-05 03:12:27
3470,Sneha,Bose,sneha.bose3470@example.com,Mumbai,2024-02-23 00:56:40
3471,Deepa,Gupta,deepa.gupta3471@example.com,Jaipur,2024-02-27 04:15:59
3472,Aditya,Bhat,aditya.bhat3472@example.com,Ahmedabad,2024-12-27 01:16:44
3473,Pooja,Verma,pooja.verma3473@example.com,Mumbai,2024-12-20 21:58:04
3474,Rajesh,Reddy,rajesh.reddy3474@example.com,Delhi,2024-01-17 11:45:21
3475,Sunita,Sharma,sunita.sharma3475@example.com,Surat,2024-05-14 19:23:13
3476,Rahul,Nair,rahul.nair3476@example.com,Delhi,2025-01-11 00:31:50
3477,Rahul,Nair,rahul.nair3477@example.com,Chandigarh,2025-01-08 00:27:37
3478,Rajesh,Banerjee,rajesh.banerjee3478@example.com,Delhi,2024-09-14 19:48:19
3479,Divya,Bhat,divya.bhat3479@example.com,Jaipur,2024-09-13 05:52:16
3480,Deepa,Pandey,deepa.pandey3480@example.com,Chennai,2025-01-30 13:49:03
3481,Karan,Verma,karan.verma3481@example.com,Delhi,2024-12-03 12:41:51
3482,Rahul,Patel,rahul.patel3482@example.com,Jaipur,2024-07-06 07:48:15
3483,Ananya,Iyer,ananya.iyer3483@example.com,Bangalore,2024-10-31 20:39:22
3484,Aditya,Mishra,aditya.mishra3484@example.com,Ahmedabad,2024-07-25 16:15:57
3485,Divya,Mehta,divya.mehta3485@example.com,Kolkata,2024-05-05 14:52:38
3486,Aarav,Joshi,aarav.joshi3486@example.com,Ahmedabad,2024-03-04 08:47:02
3487,Divya,Bose,divya.bose3487@example.com,Lucknow,2024-09-03 12:31:32
3488,Ananya,Saxena,ananya.saxena3488@example.com,Chandigarh,2024-04-05 08:27:08
3489,Rahul,Gupta,rahul.gupta3489@example.com,Jaipur,2025-05-10 20:35:53
3490,Vikram,Nair,vikram.nair3490@example.com,Bangalore,2024-01-27 20:20:22
3491,Deepa,Joshi,deepa.joshi3491@example.com,Jaipur,2024-01-04 13:08:44
3492,Aditya,Rao,aditya.rao3492@example.com,Chandigarh,2025-03-21 02:00:04
3493,Ananya,Mehta,ananya.mehta3493@example.com,Bangalore,2024-07-28 17:31:24
3494,Suresh,Gupta,suresh.gupta3494@example.com,Mumbai,2024-09-23 19:42:15
3495,Priya,Chopra,priya.chopra3495@example.com,Pune,2024-01-14 11:36:36
3496,Pooja,Sharma,pooja.sharma3496@example.com,Bangalore,2024-06-10 05:45:09
3497,Rajesh,Kumar,rajesh.kumar3497@example.com,Chandigarh,2024-07-06 00:41:23
3498,Pooja,Rao,pooja.rao3498@example.com,Pune,2024-02-19 05:21:47
3499,Priya,Gupta,priya.gupta3499@example.com,Chennai,2025-03-03 14:50:56
3500,Ananya,Gupta,ananya.gupta3500@example.com,Pune,2024-08-29 02:14:47
3501,Karan,Kumar,karan.kumar3501@example.com,Mumbai,2024-11-28 11:03:44
3502,Rajesh,Bhat,rajesh.bhat3502@example.com,Surat,2024-03-03 23:39:12
3503,Sanya,Das,sanya.das3503@example.com,Chandigarh,2024-02-18 11:41:46
3504,Manish,Pandey,manish.pandey3504@example.com,Pune,2025-03-19 06:23:50
3505,Rajesh,Pandey,rajesh.pandey3505@example.com,Bangalore,2024-05-16 01:24:03
3506,Aarav,Mehta,aarav.mehta3506@example.com,Hyderabad,2024-08-07 20:52:47
3507,Sneha,Reddy,sneha.reddy3507@example.com,Hyderabad,2025-02-03 14:39:27
3508,Divya,Das,divya.das3508@example.com,Ahmedabad,2025-02-03 23:15:14
3509,Neha,Banerjee,neha.banerjee3509@example.com,Bangalore,2024-12-13 02:10:53
3510,Kavita,Das,kavita.das3510@example.com,Hyderabad,2024-04-17 05:15:01
3511,Aarav,Sharma,aarav.sharma3511@example.com,Hyderabad,2024-08-31 16:04:49
3512,Suresh,Singh,suresh.singh3512@example.com,Hyderabad,2024-02-01 03:59:41
3513,Rahul,Gupta,rahul.gupta3513@example.com,Bangalore,2024-12-05 05:11:04
3514,Suresh,Gupta,suresh.gupta3514@example.com,Bangalore,2024-12-23 08:27:30
3515,Rohan,Iyer,rohan.iyer3515@example.com,Delhi,2024-10-07 11:55:42
3516,Karan,Pandey,karan.pandey3516@example.com,Chandigarh,2024-12-12 13:46:56
3517,Pooja,Mehta,pooja.mehta3517@example.com,Kolkata,2024-12-30 22:31:51
3518,Rajesh,Das,rajesh.das3518@example.com,Delhi,2024-04-21 07:10:21
3519,Amit,Gupta,amit.gupta3519@example.com,Kolkata,2025-05-08 05:01:52
3520,Sneha,Mishra,sneha.mishra3520@example.com,Kolkata,2024-02-19 02:32:44
3521,Deepa,Gupta,deepa.gupta3521@example.com,Bangalore,2024-10-30 08:42:49
3522,Rahul,Singh,rahul.singh3522@example.com,Hyderabad,2025-02-06 22:00:14
3523,Rohan,Bhat,rohan.bhat3523@example.com,Mumbai,2024-09-13 12:44:42
3524,Sneha,Iyer,sneha.iyer3524@example.com,Lucknow,2024-03-07 09:00:34
3525,Sneha,Bose,sneha.bose3525@example.com,Chennai,2025-04-09 00:55:19
3526,Amit,Sharma,amit.sharma3526@example.com,Jaipur,2024-09-02 17:41:12
3527,Pooja,Banerjee,pooja.banerjee3527@example.com,Chandigarh,2025-03-28 07:28:31
3528,Priya,Singh,priya.singh3528@example.com,Kolkata,2025-05-12 22:29:40
3529,Rahul,Patel,rahul.patel3529@example.com,Lucknow,2024-03-14 19:20:39
3530,Deepa,Gupta,deepa.gupta3530@example.com,Pune,2024-10-26 13:10:31
3531,Sneha,Bhat,sneha.bhat3531@example.com,Bangalore,2024-09-09 07:54:16
3532,Sneha,Bhat,sneha.bhat3532@example.com,Chennai,2025-02-16 03:09:22
3533,Sanya,Gupta,sanya.gupta3533@example.com,Chennai,2024-02-19 19:21:06
3534,Rohan,Banerjee,rohan.banerjee3534@example.com,Pune,2024-09-10 17:35:08
3535,Kavita,Iyer,kavita.iyer3535@example.com,Hyderabad,2025-05-12 00:13:58
3536,Deepa,Das,deepa.das3536@example.com,Chandigarh,2024-04-16 19:34:43
3537,Kavita,Saxena,kavita.saxena3537@example.com,Bangalore,2024-03-05 19:34:02
3538,Vikram,Singh,vikram.singh3538@example.com,Lucknow,2024-05-31 14:19:04
3539,Priya,Patel,priya.patel3539@example.com,Pune,2024-08-20 00:01:58
3540,Rahul,Gupta,rahul.gupta3540@example.com,Delhi,2024-12-27 04:00:25
3541,Sunita,Saxena,sunita.saxena3541@example.com,Delhi,2024-01-24 03:40:59
3542,Sneha,Mehta,sneha.mehta3542@example.com,Jaipur,2025-03-13 21:51:21
3543,Suresh,Joshi,suresh.joshi3543@example.com,Bangalore,2024-10-04 02:22:12
3544,Deepa,Bose,deepa.bose3544@example.com,Hyderabad,2024-12-25 18:37:57
3545,Ananya,Joshi,ananya.joshi3545@example.com,Chennai,2024-02-08 07:17:20
3546,Ananya,Das,ananya.das3546@example.com,Surat,2024-08-20 20:39:34
3547,Sanya,Chopra,sanya.chopra3547@example.com,Delhi,2024-10-30 04:39:48
3548,Rohan,Mehta,rohan.mehta3548@example.com,Surat,2024-04-24 09:38:37
3549,Rajesh,Chopra,rajesh.chopra3549@example.com,Surat,2024-10-15 17:44:28
3550,Priya,Bhat,priya.bhat3550@example.com,Mumbai,2024-04-22 11:19:51
3551,Karan,Banerjee,karan.banerjee3551@example.com,Jaipur,2025-05-07 10:07:02
3552,Ananya,Das,ananya.das3552@example.com,Ahmedabad,2024-04-02 10:34:13
3553,Amit,Sharma,amit.sharma3553@example.com,Jaipur,2024-09-02 13:37:16
3554,Aarav,Pandey,aarav.pandey3554@example.com,Kolkata,2024-04-12 19:37:56
3555,Manish,Das,manish.das3555@example.com,Surat,2025-04-18 13:51:22
3556,Aditya,Mehta,aditya.mehta3556@example.com,Kolkata,2025-03-22 13:05:58
3557,Manish,Nair,manish.nair3557@example.com,Chandigarh,2025-03-28 20:56:58
3558,Vikram,Reddy,vikram.reddy3558@example.com,Ahmedabad,2025-05-09 10:25:56
3559,Kavita,Gupta,kavita.gupta3559@example.com,Lucknow,2024-06-14 09:48:28
3560,Ananya,Rao,ananya.rao3560@example.com,Delhi,2025-03-06 16:14:06
3561,Rajesh,Iyer,rajesh.iyer3561@example.com,Ahmedabad,2024-02-22 23:45:33
3562,Vikram,Bhat,vikram.bhat3562@example.com,Lucknow,2025-03-02 02:54:14
3563,Aarav,Kumar,aarav.kumar3563@example.com,Hyderabad,2024-12-05 03:21:50
3564,Sunita,Kumar,sunita.kumar3564@example.com,Pune,2025-01-28 02:31:07
3565,Neha,Chopra,neha.chopra3565@example.com,Chandigarh,2024-02-06 01:49:24
3566,Rohan,Rao,rohan.rao3566@example.com,Chennai,2024-10-30 09:22:12
3567,Pooja,Mishra,pooja.mishra3567@example.com,Hyderabad,2024-12-20 03:12:37
3568,Karan,Saxena,karan.saxena3568@example.com,Jaipur,2025-01-03 14:34:15
3569,Neha,Nair,neha.nair3569@example.com,Hyderabad,2024-11-23 22:44:58
3570,Vikram,Mishra,vikram.mishra3570@example.com,Chandigarh,2025-04-21 16:49:18
3571,Rohan,Joshi,rohan.joshi3571@example.com,Surat,2024-02-08 04:17:50
3572,Aarav,Iyer,aarav.iyer3572@example.com,Delhi,2024-09-11 14:38:53
3573,Divya,Mishra,divya.mishra3573@example.com,Surat,2025-02-16 04:33:19
3574,Manish,Bose,manish.bose3574@example.com,Lucknow,2025-01-09 03:26:52
3575,Sunita,Sharma,sunita.sharma3575@example.com,Kolkata,2024-06-02 03:24:57
3576,Karan,Iyer,karan.iyer3576@example.com,Ahmedabad,2024-12-23 10:03:25
3577,Ananya,Gupta,ananya.gupta3577@example.com,Delhi,2024-01-17 23:18:53
3578,Aarav,Rao,aarav.rao3578@example.com,Surat,2024-06-24 15:51:18
3579,Deepa,Banerjee,deepa.banerjee3579@example.com,Chandigarh,2024-11-20 07:26:13
3580,Rohan,Sharma,rohan.sharma3580@example.com,Chandigarh,2025-04-12 02:58:48
3581,Manish,Iyer,manish.iyer3581@example.com,Hyderabad,2025-04-14 04:07:06
3582,Rajesh,Banerjee,rajesh.banerjee3582@example.com,Chennai,2025-03-08 15:09:25
3583,Rahul,Mishra,rahul.mishra3583@example.com,Pune,2024-05-07 18:18:32
3584,Aarav,Bhat,aarav.bhat3584@example.com,Mumbai,2024-03-23 00:45:58
3585,Sunita,Pandey,sunita.pandey3585@example.com,Chandigarh,2024-09-15 17:06:20
3586,Divya,Saxena,divya.saxena3586@example.com,Pune,2024-05-05 08:48:32
3587,Rajesh,Mehta,rajesh.mehta3587@example.com,Ahmedabad,2025-02-15 01:28:47
3588,Rohan,Das,rohan.das3588@example.com,Hyderabad,2024-01-25 14:12:05
3589,Sneha,Rao,sneha.rao3589@example.com,Bangalore,2024-09-30 02:41:17
3590,Rahul,Patel,rahul.patel3590@example.com,Chennai,2024-05-27 06:30:43
3591,Suresh,Gupta,suresh.gupta3591@example.com,Kolkata,2025-05-07 07:58:39
3592,Ananya,Bose,ananya.bose3592@example.com,Jaipur,2024-11-03 10:51:09
3593,Neha,Singh,neha.singh3593@example.com,Jaipur,2024-05-20 12:44:44
3594,Aditya,Reddy,aditya.reddy3594@example.com,Bangalore,2024-08-23 14:40:44
3595,Manish,Nair,manish.nair3595@example.com,Jaipur,2024-03-20 06:32:02
3596,Amit,Banerjee,amit.banerjee3596@example.com,Mumbai,2024-11-10 14:50:38
3597,Divya,Kumar,divya.kumar3597@example.com,Jaipur,2025-01-28 15:42:06
3598,Amit,Chopra,amit.chopra3598@example.com,Mumbai,2024-11-05 04:43:01
3599,Divya,Kumar,divya.kumar3599@example.com,Delhi,2025-02-06 14:07:30
3600,Sunita,Mishra,sunita.mishra3600@example.com,Lucknow,2024-06-12 02:09:02
3601,Aditya,Singh,aditya.singh3601@example.com,Chandigarh,2024-03-13 15:48:48
3602,Amit,Chopra,amit.chopra3602@example.com,Surat,2024-06-06 07:14:41
3603,Deepa,Sharma,deepa.sharma3603@example.com,Bangalore,2025-01-14 23:27:46
3604,Sanya,Nair,sanya.nair3604@example.com,Jaipur,2024-08-28 05:16:29
3605,Suresh,Banerjee,suresh.banerjee3605@example.com,Chennai,2024-04-30 05:41:34
3606,Ananya,Sharma,ananya.sharma3606@example.com,Bangalore,2024-02-03 14:11:09
3607,Rajesh,Pandey,rajesh.pandey3607@example.com,Ahmedabad,2024-12-01 23:29:57
3608,Aditya,Pandey,aditya.pandey3608@example.com,Chennai,2024-01-03 11:27:50
3609,Rajesh,Gupta,rajesh.gupta3609@example.com,Surat,2024-12-19 21:51:33
3610,Pooja,Das,pooja.das3610@example.com,Ahmedabad,2024-06-09 05:24:27
3611,Deepa,Rao,deepa.rao3611@example.com,Surat,2024-12-28 23:30:39
3612,Neha,Rao,neha.rao3612@example.com,Lucknow,2024-11-21 13:54:23
3613,Vikram,Iyer,vikram.iyer3613@example.com,Lucknow,2024-05-03 07:55:30
3614,Aditya,Kumar,aditya.kumar3614@example.com,Chennai,2024-07-08 03:56:46
3615,Sneha,Chopra,sneha.chopra3615@example.com,Pune,2025-01-24 17:50:03
3616,Neha,Sharma,neha.sharma3616@example.com,Chandigarh,2024-05-20 10:28:35
3617,Rahul,Joshi,rahul.joshi3617@example.com,Surat,2025-03-01 21:06:29
3618,Rahul,Pandey,rahul.pandey3618@example.com,Delhi,2024-07-24 11:53:45
3619,Aditya,Reddy,aditya.reddy3619@example.com,Bangalore,2025-02-02 23:47:07
3620,Priya,Bhat,priya.bhat3620@example.com,Mumbai,2024-09-04 06:28:32
3621,Ananya,Bhat,ananya.bhat3621@example.com,Lucknow,2024-01-05 17:49:19
3622,Aditya,Das,aditya.das3622@example.com,Delhi,2024-03-14 12:43:11
3623,Priya,Gupta,priya.gupta3623@example.com,Kolkata,2024-07-08 16:42:00
3624,Vikram,Nair,vikram.nair3624@example.com,Kolkata,2024-04-21 14:50:29
3625,Aditya,Sharma,aditya.sharma3625@example.com,Ahmedabad,2024-01-22 09:18:24
3626,Vikram,Chopra,vikram.chopra3626@example.com,Mumbai,2025-03-28 14:07:55
3627,Rajesh,Reddy,rajesh.reddy3627@example.com,Surat,2024-05-18 18:21:25
3628,Neha,Pandey,neha.pandey3628@example.com,Jaipur,2024-08-18 01:57:33
3629,Deepa,Iyer,deepa.iyer3629@example.com,Chandigarh,2024-07-07 11:57:05
3630,Amit,Reddy,amit.reddy3630@example.com,Bangalore,2024-03-20 17:48:49
3631,Deepa,Chopra,deepa.chopra3631@example.com,Bangalore,2024-05-13 00:06:25
3632,Deepa,Chopra,deepa.chopra3632@example.com,Lucknow,2024-12-17 03:10:48
3633,Rajesh,Banerjee,rajesh.banerjee3633@example.com,Jaipur,2024-02-22 16:05:33
3634,Neha,Chopra,neha.chopra3634@example.com,Chennai,2024-08-12 05:55:52
3635,Aditya,Nair,aditya.nair3635@example.com,Lucknow,2024-05-23 12:53:11
3636,Kavita,Joshi,kavita.joshi3636@example.com,Jaipur,2024-04-26 12:04:50
3637,Vikram,Iyer,vikram.iyer3637@example.com,Delhi,2025-01-05 11:23:25
3638,Aditya,Mishra,aditya.mishra3638@example.com,Chennai,2024-09-03 19:59:33
3639,Rajesh,Reddy,rajesh.reddy3639@example.com,Pune,2025-01-26 08:07:58
3640,Suresh,Saxena,suresh.saxena3640@example.com,Lucknow,2025-03-05 06:58:57
3641,Karan,Mishra,karan.mishra3641@example.com,Kolkata,2025-03-11 10:22:13
3642,Sneha,Kumar,sneha.kumar3642@example.com,Pune,2024-01-03 22:24:14
3643,Manish,Nair,manish.nair3643@example.com,Mumbai,2025-04-14 18:55:41
3644,Amit,Bhat,amit.bhat3644@example.com,Jaipur,2024-06-28 11:36:10
3645,Karan,Verma,karan.verma3645@example.com,Kolkata,2024-03-18 05:21:10
3646,Deepa,Iyer,deepa.iyer3646@example.com,Chennai,2024-05-19 10:23:31
3647,Amit,Bhat,amit.bhat3647@example.com,Surat,2025-04-12 14:36:13
3648,Amit,Reddy,amit.reddy3648@example.com,Chandigarh,2024-04-02 20:56:37
3649,Ananya,Das,ananya.das3649@example.com,Lucknow,2024-01-05 12:23:08
3650,Deepa,Sharma,deepa.sharma3650@example.com,Chandigarh,2024-01-16 00:19:43
3651,Sanya,Reddy,sanya.reddy3651@example.com,Lucknow,2024-05-01 02:59:57
3652,Ananya,Sharma,ananya.sharma3652@example.com,Bangalore,2024-07-24 14:17:21
3653,Sanya,Mishra,sanya.mishra3653@example.com,Chennai,2025-04-15 16:28:53
3654,Divya,Saxena,divya.saxena3654@example.com,Pune,2024-05-25 19:32:41
3655,Vikram,Mehta,vikram.mehta3655@example.com,Chandigarh,2024-02-14 20:23:55
3656,Aarav,Verma,aarav.verma3656@example.com,Delhi,2024-02-08 04:14:13
3657,Rajesh,Rao,rajesh.rao3657@example.com,Bangalore,2024-08-17 05:35:28
3658,Deepa,Nair,deepa.nair3658@example.com,Jaipur,2024-11-04 21:21:36
3659,Rajesh,Mishra,rajesh.mishra3659@example.com,Bangalore,2025-02-26 09:23:52
3660,Rahul,Mishra,rahul.mishra3660@example.com,Chennai,2024-01-04 14:05:24
3661,Aditya,Patel,aditya.patel3661@example.com,Chennai,2024-04-05 13:39:57
3662,Amit,Das,amit.das3662@example.com,Bangalore,2024-02-04 22:24:44
3663,Kavita,Singh,kavita.singh3663@example.com,Delhi,2025-02-21 21:48:59
3664,Aarav,Nair,aarav.nair3664@example.com,Kolkata,2024-07-04 20:48:00
3665,Ananya,Nair,ananya.nair3665@example.com,Hyderabad,2024-08-03 22:25:55
3666,Pooja,Rao,pooja.rao3666@example.com,Surat,2025-01-25 05:41:50
3667,Neha,Saxena,neha.saxena3667@example.com,Surat,2024-02-24 16:36:08
3668,Deepa,Iyer,deepa.iyer3668@example.com,Bangalore,2024-06-07 05:40:42
3669,Sanya,Iyer,sanya.iyer3669@example.com,Lucknow,2024-04-05 05:28:23
3670,Vikram,Pandey,vikram.pandey3670@example.com,Lucknow,2025-01-30 18:10:35
3671,Kavita,Mishra,kavita.mishra3671@example.com,Chandigarh,2024-10-26 07:37:35
3672,Rohan,Chopra,rohan.chopra3672@example.com,Mumbai,2024-05-31 04:52:53
3673,Sneha,Das,sneha.das3673@example.com,Chandigarh,2024-05-22 09:10:09
3674,Karan,Bose,karan.bose3674@example.com,Jaipur,2024-06-24 15:48:31
3675,Rajesh,Chopra,rajesh.chopra3675@example.com,Kolkata,2024-10-22 23:02:55
3676,Neha,Das,neha.das3676@example.com,Chandigarh,2024-10-17 14:23:23
3677,Rajesh,Chopra,rajesh.chopra3677@example.com,Ahmedabad,2024-11-23 22:31:01
3678,Manish,Mehta,manish.mehta3678@example.com,Chandigarh,2025-03-01 20:27:06
3679,Deepa,Patel,deepa.patel3679@example.com,Hyderabad,2024-12-11 02:41:02
3680,Manish,Pandey,manish.pandey3680@example.com,Lucknow,2024-09-06 23:13:06
3681,Karan,Saxena,karan.saxena3681@example.com,Mumbai,2024-07-10 19:01:24
3682,Aditya,Saxena,aditya.saxena3682@example.com,Jaipur,2024-01-10 10:27:20
3683,Suresh,Joshi,suresh.joshi3683@example.com,Ahmedabad,2024-06-19 21:17:46
3684,Rajesh,Singh,rajesh.singh3684@example.com,Delhi,2024-08-20 03:07:13
3685,Amit,Sharma,amit.sharma3685@example.com,Bangalore,2025-03-23 01:08:36
3686,Priya,Verma,priya.verma3686@example.com,Hyderabad,2024-03-18 10:51:12
3687,Pooja,Chopra,pooja.chopra3687@example.com,Ahmedabad,2024-02-20 14:18:17
3688,Aditya,Chopra,aditya.chopra3688@example.com,Delhi,2024-10-13 15:54:50
3689,Rohan,Bhat,rohan.bhat3689@example.com,Chandigarh,2024-01-22 15:53:31
3690,Sneha,Sharma,sneha.sharma3690@example.com,Kolkata,2025-01-13 16:19:33
3691,Sneha,Saxena,sneha.saxena3691@example.com,Chandigarh,2024-03-28 23:58:09
3692,Amit,Sharma,amit.sharma3692@example.com,Lucknow,2024-11-05 08:41:37
3693,Kavita,Nair,kavita.nair3693@example.com,Hyderabad,2025-03-18 04:38:54
3694,Rajesh,Verma,rajesh.verma3694@example.com,Delhi,2024-05-04 20:40:06
3695,Sunita,Mehta,sunita.mehta3695@example.com,Chennai,2025-03-08 08:10:07
3696,Rajesh,Bhat,rajesh.bhat3696@example.com,Bangalore,2024-11-16 10:27:45
3697,Rajesh,Nair,rajesh.nair3697@example.com,Bangalore,2025-04-20 20:01:35
3698,Neha,Sharma,neha.sharma3698@example.com,Hyderabad,2024-03-18 13:17:34
3699,Pooja,Pandey,pooja.pandey3699@example.com,Surat,2024-09-11 20:37:01
3700,Aarav,Das,aarav.das3700@example.com,Lucknow,2024-05-17 08:27:50
3701,Vikram,Patel,vikram.patel3701@example.com,Pune,2024-08-07 22:38:28
3702,Sneha,Kumar,sneha.kumar3702@example.com,Lucknow,2024-05-20 14:44:01
3703,Aditya,Sharma,aditya.sharma3703@example.com,Jaipur,2025-01-26 01:18:42
3704,Amit,Pandey,amit.pandey3704@example.com,Jaipur,2024-05-31 14:46:39
3705,Kavita,Saxena,kavita.saxena3705@example.com,Pune,2024-02-28 14:34:55
3706,Sunita,Pandey,sunita.pandey3706@example.com,Jaipur,2024-04-14 10:54:18
3707,Divya,Singh,divya.singh3707@example.com,Surat,2025-03-07 19:21:05
3708,Pooja,Joshi,pooja.joshi3708@example.com,Chandigarh,2024-11-13 08:29:00
3709,Aarav,Singh,aarav.singh3709@example.com,Bangalore,2024-09-02 05:30:42
3710,Divya,Sharma,divya.sharma3710@example.com,Lucknow,2024-08-07 03:31:10
3711,Divya,Sharma,divya.sharma3711@example.com,Hyderabad,2025-03-19 01:55:24
3712,Pooja,Rao,pooja.rao3712@example.com,Chennai,2024-02-25 15:51:39
3713,Karan,Bhat,karan.bhat3713@example.com,Lucknow,2024-09-29 19:30:48
3714,Priya,Reddy,priya.reddy3714@example.com,Ahmedabad,2024-10-24 06:22:21
3715,Karan,Singh,karan.singh3715@example.com,Chennai,2024-03-11 18:04:24
3716,Divya,Nair,divya.nair3716@example.com,Surat,2024-06-16 09:28:15
3717,Sanya,Sharma,sanya.sharma3717@example.com,Kolkata,2024-11-06 21:33:42
3718,Rohan,Joshi,rohan.joshi3718@example.com,Pune,2025-02-10 01:42:49
3719,Rahul,Mishra,rahul.mishra3719@example.com,Bangalore,2024-05-30 01:12:02
3720,Rohan,Saxena,rohan.saxena3720@example.com,Lucknow,2024-09-15 18:26:36
3721,Manish,Saxena,manish.saxena3721@example.com,Pune,2024-05-11 20:35:06
3722,Ananya,Mishra,ananya.mishra3722@example.com,Pune,2025-02-27 11:13:29
3723,Vikram,Iyer,vikram.iyer3723@example.com,Chandigarh,2024-03-13 04:34:59
3724,Sanya,Patel,sanya.patel3724@example.com,Jaipur,2025-04-27 16:11:07
3725,Sunita,Pandey,sunita.pandey3725@example.com,Ahmedabad,2024-11-23 22:59:22
3726,Amit,Chopra,amit.chopra3726@example.com,Ahmedabad,2024-10-03 10:35:58
3727,Rohan,Banerjee,rohan.banerjee3727@example.com,Chandigarh,2024-08-18 16:40:22
3728,Deepa,Mishra,deepa.mishra3728@example.com,Bangalore,2024-10-24 00:13:15
3729,Neha,Verma,neha.verma3729@example.com,Surat,2024-08-11 17:55:12
3730,Karan,Das,karan.das3730@example.com,Bangalore,2025-03-21 17:13:08
3731,Deepa,Bose,deepa.bose3731@example.com,Lucknow,2024-12-26 22:22:40
3732,Amit,Rao,amit.rao3732@example.com,Lucknow,2025-01-02 13:56:28
3733,Vikram,Kumar,vikram.kumar3733@example.com,Jaipur,2025-04-09 08:27:52
3734,Vikram,Verma,vikram.verma3734@example.com,Chennai,2024-11-18 11:57:49
3735,Sunita,Bhat,sunita.bhat3735@example.com,Delhi,2024-08-22 23:44:20
3736,Karan,Iyer,karan.iyer3736@example.com,Delhi,2024-03-11 09:22:46
3737,Sanya,Chopra,sanya.chopra3737@example.com,Surat,2024-10-08 01:55:42
3738,Suresh,Chopra,suresh.chopra3738@example.com,Bangalore,2024-11-24 14:17:19
3739,Rahul,Saxena,rahul.saxena3739@example.com,Ahmedabad,2024-01-10 16:21:40
3740,Sneha,Reddy,sneha.reddy3740@example.com,Jaipur,2024-11-26 23:59:12
3741,Rajesh,Kumar,rajesh.kumar3741@example.com,Pune,2024-11-28 08:43:19
3742,Neha,Mishra,neha.mishra3742@example.com,Mumbai,2025-05-03 04:44:40
3743,Kavita,Sharma,kavita.sharma3743@example.com,Pune,2025-01-18 07:08:48
3744,Neha,Verma,neha.verma3744@example.com,Mumbai,2024-05-24 04:11:50
3745,Pooja,Pandey,pooja.pandey3745@example.com,Jaipur,2024-05-24 00:57:19
3746,Priya,Bhat,priya.bhat3746@example.com,Lucknow,2024-08-01 07:55:57
3747,Deepa,Saxena,deepa.saxena3747@example.com,Chennai,2024-06-12 17:06:15
3748,Priya,Iyer,priya.iyer3748@example.com,Pune,2024-03-13 20:22:49
3749,Amit,Das,amit.das3749@example.com,Hyderabad,2024-08-10 05:05:43
3750,Sneha,Patel,sneha.patel3750@example.com,Mumbai,2024-12-08 16:26:42
3751,Rohan,Nair,rohan.nair3751@example.com,Mumbai,2024-03-01 03:07:44
3752,Sneha,Mishra,sneha.mishra3752@example.com,Pune,2024-03-05 14:53:51
3753,Rohan,Sharma,rohan.sharma3753@example.com,Chennai,2025-03-18 09:44:02
3754,Amit,Saxena,amit.saxena3754@example.com,Pune,2024-03-18 02:30:15
3755,Kavita,Das,kavita.das3755@example.com,Ahmedabad,2025-02-14 16:43:58
3756,Sneha,Singh,sneha.singh3756@example.com,Bangalore,2024-07-10 21:40:03
3757,Aditya,Bhat,aditya.bhat3757@example.com,Delhi,2025-01-20 09:02:44
3758,Aditya,Verma,aditya.verma3758@example.com,Ahmedabad,2025-03-02 04:27:15
3759,Vikram,Verma,vikram.verma3759@example.com,Delhi,2024-09-21 01:21:26
3760,Aarav,Singh,aarav.singh3760@example.com,Chandigarh,2024-10-15 04:55:53
3761,Sneha,Patel,sneha.patel3761@example.com,Bangalore,2025-01-05 13:15:49
3762,Neha,Gupta,neha.gupta3762@example.com,Kolkata,2024-10-15 22:55:30
3763,Ananya,Nair,ananya.nair3763@example.com,Delhi,2024-11-18 04:04:18
3764,Rohan,Joshi,rohan.joshi3764@example.com,Chandigarh,2024-11-14 08:20:42
3765,Kavita,Mishra,kavita.mishra3765@example.com,Surat,2025-03-13 16:29:34
3766,Rajesh,Sharma,rajesh.sharma3766@example.com,Chennai,2024-12-07 18:59:54
3767,Rahul,Mishra,rahul.mishra3767@example.com,Chandigarh,2024-09-20 10:48:51
3768,Priya,Nair,priya.nair3768@example.com,Chandigarh,2024-05-17 22:42:25
3769,Manish,Pandey,manish.pandey3769@example.com,Lucknow,2024-12-13 18:23:57
3770,Sunita,Iyer,sunita.iyer3770@example.com,Delhi,2025-03-14 03:49:43
3771,Sanya,Verma,sanya.verma3771@example.com,Hyderabad,2024-12-14 09:41:16
3772,Pooja,Chopra,pooja.chopra3772@example.com,Jaipur,2024-09-04 13:50:02
3773,Rajesh,Saxena,rajesh.saxena3773@example.com,Surat,2024-06-17 05:34:41
3774,Karan,Pandey,karan.pandey3774@example.com,Kolkata,2024-04-10 10:13:13
3775,Neha,Gupta,neha.gupta3775@example.com,Pune,2024-08-16 18:10:42
3776,Kavita,Patel,kavita.patel3776@example.com,Ahmedabad,2024-01-19 16:26:29
3777,Vikram,Bose,vikram.bose3777@example.com,Kolkata,2025-03-19 05:46:11
3778,Sanya,Rao,sanya.rao3778@example.com,Bangalore,2025-02-16 14:12:42
3779,Rohan,Mishra,rohan.mishra3779@example.com,Hyderabad,2024-11-20 17:55:19
3780,Aditya,Verma,aditya.verma3780@example.com,Kolkata,2024-05-13 11:16:30
3781,Pooja,Kumar,pooja.kumar3781@example.com,Mumbai,2024-02-26 09:48:18
3782,Suresh,Verma,suresh.verma3782@example.com,Kolkata,2024-12-26 13:16:35
3783,Karan,Mehta,karan.mehta3783@example.com,Lucknow,2024-12-26 12:31:13
3784,Sanya,Banerjee,sanya.banerjee3784@example.com,Jaipur,2024-11-23 20:06:29
3785,Sneha,Gupta,sneha.gupta3785@example.com,Delhi,2024-03-23 18:09:42
3786,Manish,Gupta,manish.gupta3786@example.com,Hyderabad,2025-03-15 10:36:22
3787,Karan,Gupta,karan.gupta3787@example.com,Chandigarh,2024-09-25 05:14:09
3788,Rajesh,Mishra,rajesh.mishra3788@example.com,Surat,2024-07-20 07:31:41
3789,Sanya,Verma,sanya.verma3789@example.com,Kolkata,2025-05-05 03:09:40
3790,Ananya,Rao,ananya.rao3790@example.com,Hyderabad,2024-07-24 06:23:03
3791,Amit,Sharma,amit.sharma3791@example.com,Jaipur,2024-09-28 22:29:08
3792,Divya,Chopra,divya.chopra3792@example.com,Lucknow,2025-03-05 01:02:41
3793,Aditya,Nair,aditya.nair3793@example.com,Ahmedabad,2024-08-19 04:18:56
3794,Rajesh,Iyer,rajesh.iyer3794@example.com,Ahmedabad,2024-01-17 03:22:36
3795,Rajesh,Bose,rajesh.bose3795@example.com,Bangalore,2024-07-05 23:09:00
3796,Divya,Rao,divya.rao3796@example.com,Surat,2025-04-11 11:34:54
3797,Rahul,Rao,rahul.rao3797@example.com,Bangalore,2024-11-30 16:45:25
3798,Deepa,Bose,deepa.bose3798@example.com,Jaipur,2025-02-07 20:11:36
3799,Kavita,Rao,kavita.rao3799@example.com,Pune,2024-08-29 09:14:43
3800,Ananya,Sharma,ananya.sharma3800@example.com,Kolkata,2024-01-06 08:28:10
3801,Kavita,Verma,kavita.verma3801@example.com,Delhi,2024-06-13 07:10:07
3802,Ananya,Rao,ananya.rao3802@example.com,Jaipur,2024-05-09 22:54:59
3803,Karan,Das,karan.das3803@example.com,Pune,2024-12-20 15:14:40
3804,Manish,Sharma,manish.sharma3804@example.com,Bangalore,2024-02-20 00:29:04
3805,Rohan,Gupta,rohan.gupta3805@example.com,Surat,2025-05-12 05:27:25
3806,Suresh,Mehta,suresh.mehta3806@example.com,Jaipur,2024-01-25 06:22:44
3807,Aarav,Mehta,aarav.mehta3807@example.com,Pune,2024-05-06 14:02:29
3808,Neha,Kumar,neha.kumar3808@example.com,Surat,2024-11-21 07:46:15
3809,Priya,Reddy,priya.reddy3809@example.com,Surat,2024-07-06 23:12:25
3810,Kavita,Joshi,kavita.joshi3810@example.com,Lucknow,2024-10-18 17:07:39
3811,Suresh,Verma,suresh.verma3811@example.com,Chennai,2024-01-04 04:13:54
3812,Vikram,Bhat,vikram.bhat3812@example.com,Jaipur,2024-08-30 20:00:08
3813,Ananya,Sharma,ananya.sharma3813@example.com,Ahmedabad,2024-02-25 10:23:03
3814,Sanya,Reddy,sanya.reddy3814@example.com,Mumbai,2025-03-31 14:15:40
3815,Rajesh,Pandey,rajesh.pandey3815@example.com,Bangalore,2024-05-27 19:31:57
3816,Suresh,Rao,suresh.rao3816@example.com,Lucknow,2024-10-05 06:36:57
3817,Priya,Banerjee,priya.banerjee3817@example.com,Lucknow,2024-10-19 02:24:55
3818,Sunita,Patel,sunita.patel3818@example.com,Surat,2024-04-29 22:11:23
3819,Ananya,Das,ananya.das3819@example.com,Ahmedabad,2024-02-02 13:59:05
3820,Sneha,Chopra,sneha.chopra3820@example.com,Jaipur,2024-01-08 22:28:23
3821,Ananya,Nair,ananya.nair3821@example.com,Bangalore,2025-03-25 13:47:57
3822,Divya,Reddy,divya.reddy3822@example.com,Bangalore,2024-07-14 23:04:39
3823,Rahul,Pandey,rahul.pandey3823@example.com,Kolkata,2024-02-09 05:18:53
3824,Pooja,Mehta,pooja.mehta3824@example.com,Hyderabad,2024-05-02 07:54:29
3825,Amit,Sharma,amit.sharma3825@example.com,Hyderabad,2024-03-15 12:39:04
3826,Kavita,Mehta,kavita.mehta3826@example.com,Lucknow,2025-01-07 06:01:19
3827,Rohan,Rao,rohan.rao3827@example.com,Mumbai,2024-08-30 00:02:07
3828,Rajesh,Sharma,rajesh.sharma3828@example.com,Chennai,2024-02-24 02:06:49
3829,Pooja,Rao,pooja.rao3829@example.com,Chennai,2024-07-04 22:00:18
3830,Deepa,Bose,deepa.bose3830@example.com,Ahmedabad,2024-12-31 18:16:37
3831,Divya,Chopra,divya.chopra3831@example.com,Mumbai,2024-09-14 06:49:09
3832,Deepa,Saxena,deepa.saxena3832@example.com,Hyderabad,2024-03-25 07:16:57
3833,Rajesh,Patel,rajesh.patel3833@example.com,Kolkata,2024-07-05 02:56:42
3834,Sanya,Patel,sanya.patel3834@example.com,Kolkata,2024-07-19 03:20:32
3835,Sneha,Saxena,sneha.saxena3835@example.com,Hyderabad,2025-02-20 14:06:21
3836,Aarav,Sharma,aarav.sharma3836@example.com,Ahmedabad,2025-04-08 07:06:46
3837,Neha,Saxena,neha.saxena3837@example.com,Surat,2024-11-01 17:54:37
3838,Aditya,Nair,aditya.nair3838@example.com,Bangalore,2024-05-11 09:40:29
3839,Deepa,Mishra,deepa.mishra3839@example.com,Ahmedabad,2024-12-15 05:50:38
3840,Ananya,Sharma,ananya.sharma3840@example.com,Chandigarh,2024-04-25 02:19:37
3841,Karan,Bose,karan.bose3841@example.com,Pune,2025-02-08 18:51:59
3842,Aarav,Kumar,aarav.kumar3842@example.com,Chandigarh,2025-02-09 09:50:50
3843,Neha,Mehta,neha.mehta3843@example.com,Ahmedabad,2025-05-06 06:16:06
3844,Rahul,Mishra,rahul.mishra3844@example.com,Kolkata,2024-07-26 01:36:47
3845,Amit,Gupta,amit.gupta3845@example.com,Chennai,2024-04-10 08:48:35
3846,Kavita,Nair,kavita.nair3846@example.com,Kolkata,2025-03-12 06:47:27
3847,Sanya,Gupta,sanya.gupta3847@example.com,Bangalore,2024-07-14 22:43:35
3848,Rohan,Bose,rohan.bose3848@example.com,Ahmedabad,2025-03-21 20:35:50
3849,Priya,Mehta,priya.mehta3849@example.com,Surat,2024-08-31 01:52:38
3850,Karan,Iyer,karan.iyer3850@example.com,Pune,2024-02-22 09:45:58
3851,Pooja,Iyer,pooja.iyer3851@example.com,Delhi,2025-05-13 07:24:53
3852,Neha,Gupta,neha.gupta3852@example.com,Delhi,2024-09-02 03:44:01
3853,Aditya,Gupta,aditya.gupta3853@example.com,Bangalore,2024-12-04 06:25:38
3854,Pooja,Singh,pooja.singh3854@example.com,Bangalore,2024-11-06 12:32:14
3855,Suresh,Chopra,suresh.chopra3855@example.com,Chandigarh,2024-06-20 20:14:54
3856,Rajesh,Saxena,rajesh.saxena3856@example.com,Surat,2024-04-13 16:27:23
3857,Aarav,Verma,aarav.verma3857@example.com,Bangalore,2025-04-05 03:58:52
3858,Rahul,Verma,rahul.verma3858@example.com,Hyderabad,2024-03-01 16:33:16
3859,Priya,Reddy,priya.reddy3859@example.com,Jaipur,2024-11-07 21:34:24
3860,Karan,Mehta,karan.mehta3860@example.com,Surat,2024-07-04 18:17:29
3861,Vikram,Patel,vikram.patel3861@example.com,Pune,2024-02-25 21:20:29
3862,Rajesh,Bhat,rajesh.bhat3862@example.com,Delhi,2024-11-19 03:03:27
3863,Karan,Bose,karan.bose3863@example.com,Kolkata,2024-05-12 10:51:59
3864,Sunita,Mishra,sunita.mishra3864@example.com,Pune,2025-04-07 03:12:32
3865,Rahul,Joshi,rahul.joshi3865@example.com,Pune,2025-04-10 21:39:36
3866,Ananya,Singh,ananya.singh3866@example.com,Surat,2025-01-04 04:18:35
3867,Pooja,Mehta,pooja.mehta3867@example.com,Delhi,2024-11-05 16:13:48
3868,Pooja,Pandey,pooja.pandey3868@example.com,Jaipur,2024-04-21 03:47:05
3869,Priya,Verma,priya.verma3869@example.com,Bangalore,2025-03-05 10:22:27
3870,Sanya,Mishra,sanya.mishra3870@example.com,Ahmedabad,2024-07-27 04:39:38
3871,Kavita,Iyer,kavita.iyer3871@example.com,Ahmedabad,2025-01-23 10:23:13
3872,Aarav,Joshi,aarav.joshi3872@example.com,Delhi,2024-05-23 18:01:43
3873,Sanya,Kumar,sanya.kumar3873@example.com,Chandigarh,2025-05-02 09:06:31
3874,Rohan,Joshi,rohan.joshi3874@example.com,Hyderabad,2024-02-20 12:26:36
3875,Neha,Gupta,neha.gupta3875@example.com,Delhi,2025-01-29 17:01:45
3876,Rahul,Rao,rahul.rao3876@example.com,Jaipur,2024-02-24 00:20:48
3877,Manish,Verma,manish.verma3877@example.com,Pune,2024-03-08 20:21:14
3878,Rahul,Nair,rahul.nair3878@example.com,Delhi,2025-03-02 02:05:47
3879,Amit,Pandey,amit.pandey3879@example.com,Jaipur,2024-06-14 08:43:37
3880,Divya,Joshi,divya.joshi3880@example.com,Chennai,2024-03-28 15:31:45
3881,Sneha,Reddy,sneha.reddy3881@example.com,Pune,2024-09-24 05:23:34
3882,Sanya,Mehta,sanya.mehta3882@example.com,Mumbai,2024-03-06 21:33:11
3883,Suresh,Verma,suresh.verma3883@example.com,Chandigarh,2025-01-27 04:36:33
3884,Sanya,Chopra,sanya.chopra3884@example.com,Jaipur,2024-04-02 13:01:06
3885,Aarav,Joshi,aarav.joshi3885@example.com,Lucknow,2025-03-28 01:05:47
3886,Sanya,Joshi,sanya.joshi3886@example.com,Surat,2024-04-27 05:14:06
3887,Kavita,Sharma,kavita.sharma3887@example.com,Ahmedabad,2024-01-07 02:58:14
3888,Sunita,Bhat,sunita.bhat3888@example.com,Jaipur,2024-02-13 19:16:51
3889,Kavita,Pandey,kavita.pandey3889@example.com,Bangalore,2025-03-05 18:10:18
3890,Neha,Bhat,neha.bhat3890@example.com,Pune,2024-04-23 12:23:11
3891,Rahul,Sharma,rahul.sharma3891@example.com,Delhi,2025-01-10 08:51:20
3892,Aditya,Gupta,aditya.gupta3892@example.com,Chennai,2024-03-17 10:55:14
3893,Sneha,Kumar,sneha.kumar3893@example.com,Chennai,2024-01-31 16:17:19
3894,Rahul,Pandey,rahul.pandey3894@example.com,Kolkata,2024-07-28 03:26:35
3895,Pooja,Saxena,pooja.saxena3895@example.com,Ahmedabad,2025-02-22 00:01:57
3896,Rahul,Bhat,rahul.bhat3896@example.com,Jaipur,2025-03-06 19:55:47
3897,Pooja,Rao,pooja.rao3897@example.com,Chandigarh,2024-04-15 20:15:09
3898,Kavita,Verma,kavita.verma3898@example.com,Kolkata,2024-06-24 22:52:00
3899,Sneha,Nair,sneha.nair3899@example.com,Lucknow,2024-03-06 15:54:58
3900,Divya,Nair,divya.nair3900@example.com,Delhi,2024-07-31 03:00:47
3901,Sunita,Mishra,sunita.mishra3901@example.com,Bangalore,2024-07-07 23:06:41
3902,Rohan,Bhat,rohan.bhat3902@example.com,Bangalore,2025-05-08 10:19:13
3903,Divya,Saxena,divya.saxena3903@example.com,Delhi,2025-04-16 15:24:02
3904,Sneha,Saxena,sneha.saxena3904@example.com,Kolkata,2024-08-06 16:16:22
3905,Divya,Mehta,divya.mehta3905@example.com,Surat,2024-09-01 16:30:49
3906,Amit,Mishra,amit.mishra3906@example.com,Chennai,2024-01-04 09:57:26
3907,Aditya,Iyer,aditya.iyer3907@example.com,Jaipur,2024-08-09 18:51:50
3908,Manish,Joshi,manish.joshi3908@example.com,Bangalore,2024-06-05 14:42:15
3909,Neha,Banerjee,neha.banerjee3909@example.com,Lucknow,2025-03-06 02:25:16
3910,Aditya,Banerjee,aditya.banerjee3910@example.com,Chandigarh,2024-07-04 20:40:24
3911,Rohan,Nair,rohan.nair3911@example.com,Lucknow,2024-08-14 19:00:15
3912,Manish,Reddy,manish.reddy3912@example.com,Mumbai,2024-12-23 06:02:26
3913,Vikram,Mehta,vikram.mehta3913@example.com,Hyderabad,2024-12-03 22:27:27
3914,Vikram,Das,vikram.das3914@example.com,Hyderabad,2025-05-01 06:59:30
3915,Divya,Reddy,divya.reddy3915@example.com,Bangalore,2024-05-27 00:10:16
3916,Sunita,Joshi,sunita.joshi3916@example.com,Lucknow,2025-02-26 19:03:32
3917,Sanya,Sharma,sanya.sharma3917@example.com,Mumbai,2025-01-23 17:54:49
3918,Pooja,Bhat,pooja.bhat3918@example.com,Ahmedabad,2024-10-06 09:12:39
3919,Aditya,Chopra,aditya.chopra3919@example.com,Hyderabad,2024-06-17 14:02:43
3920,Vikram,Saxena,vikram.saxena3920@example.com,Surat,2024-06-24 14:04:15
3921,Rajesh,Bhat,rajesh.bhat3921@example.com,Jaipur,2024-05-23 02:44:57
3922,Vikram,Iyer,vikram.iyer3922@example.com,Chandigarh,2024-02-19 02:41:07
3923,Deepa,Pandey,deepa.pandey3923@example.com,Kolkata,2024-08-19 04:08:20
3924,Karan,Verma,karan.verma3924@example.com,Pune,2024-05-24 01:53:41
3925,Amit,Nair,amit.nair3925@example.com,Jaipur,2024-08-05 19:15:50
3926,Karan,Mehta,karan.mehta3926@example.com,Mumbai,2025-03-05 20:53:43
3927,Sunita,Pandey,sunita.pandey3927@example.com,Mumbai,2024-09-20 01:25:25
3928,Aditya,Mishra,aditya.mishra3928@example.com,Kolkata,2024-10-19 14:27:00
3929,Neha,Rao,neha.rao3929@example.com,Pune,2024-02-09 18:32:22
3930,Kavita,Kumar,kavita.kumar3930@example.com,Pune,2025-03-23 13:41:49
3931,Vikram,Pandey,vikram.pandey3931@example.com,Bangalore,2024-01-30 08:01:31
3932,Manish,Pandey,manish.pandey3932@example.com,Lucknow,2024-02-16 02:56:40
3933,Sunita,Bhat,sunita.bhat3933@example.com,Mumbai,2024-04-02 08:54:54
3934,Rahul,Bhat,rahul.bhat3934@example.com,Ahmedabad,2024-03-12 11:03:47
3935,Aarav,Bhat,aarav.bhat3935@example.com,Jaipur,2024-09-07 08:16:06
3936,Rajesh,Patel,rajesh.patel3936@example.com,Mumbai,2024-05-10 10:43:32
3937,Deepa,Das,deepa.das3937@example.com,Surat,2024-04-24 00:01:26
3938,Deepa,Pandey,deepa.pandey3938@example.com,Hyderabad,2025-03-08 08:36:15
3939,Rahul,Joshi,rahul.joshi3939@example.com,Surat,2024-04-22 08:25:38
3940,Rajesh,Singh,rajesh.singh3940@example.com,Delhi,2024-05-26 18:48:41
3941,Aditya,Bhat,aditya.bhat3941@example.com,Chandigarh,2024-01-11 08:53:01
3942,Aarav,Saxena,aarav.saxena3942@example.com,Pune,2024-07-20 23:47:04
3943,Aarav,Patel,aarav.patel3943@example.com,Ahmedabad,2024-05-17 04:37:32
3944,Karan,Banerjee,karan.banerjee3944@example.com,Lucknow,2024-01-24 23:25:12
3945,Aarav,Pandey,aarav.pandey3945@example.com,Hyderabad,2024-11-18 22:40:44
3946,Ananya,Mishra,ananya.mishra3946@example.com,Jaipur,2024-09-07 18:27:00
3947,Sanya,Joshi,sanya.joshi3947@example.com,Jaipur,2024-08-16 23:19:46
3948,Rohan,Joshi,rohan.joshi3948@example.com,Lucknow,2024-07-16 17:30:29
3949,Sneha,Pandey,sneha.pandey3949@example.com,Chandigarh,2025-03-25 13:58:12
3950,Sanya,Mishra,sanya.mishra3950@example.com,Chennai,2024-02-07 22:13:33
3951,Rohan,Mishra,rohan.mishra3951@example.com,Ahmedabad,2024-06-12 02:54:34
3952,Kavita,Mishra,kavita.mishra3952@example.com,Jaipur,2024-02-29 14:35:14
3953,Kavita,Banerjee,kavita.banerjee3953@example.com,Jaipur,2024-03-13 19:09:27
3954,Deepa,Kumar,deepa.kumar3954@example.com,Jaipur,2024-08-01 15:35:01
3955,Amit,Saxena,amit.saxena3955@example.com,Jaipur,2024-02-22 05:15:22
3956,Amit,Kumar,amit.kumar3956@example.com,Hyderabad,2024-01-11 07:20:52
3957,Rajesh,Gupta,rajesh.gupta3957@example.com,Jaipur,2025-02-26 23:08:54
3958,Deepa,Gupta,deepa.gupta3958@example.com,Ahmedabad,2024-07-27 09:53:23
3959,Sanya,Joshi,sanya.joshi3959@example.com,Hyderabad,2024-11-24 06:17:11
3960,Sanya,Banerjee,sanya.banerjee3960@example.com,Chandigarh,2024-03-12 11:03:25
3961,Priya,Iyer,priya.iyer3961@example.com,Delhi,2024-01-22 13:29:13
3962,Amit,Bose,amit.bose3962@example.com,Delhi,2024-03-17 06:03:11
3963,Suresh,Mishra,suresh.mishra3963@example.com,Mumbai,2025-04-02 05:55:33
3964,Pooja,Verma,pooja.verma3964@example.com,Hyderabad,2025-01-19 17:59:08
3965,Vikram,Verma,vikram.verma3965@example.com,Kolkata,2024-08-05 16:15:47
3966,Vikram,Bhat,vikram.bhat3966@example.com,Pune,2024-07-02 05:34:30
3967,Sneha,Singh,sneha.singh3967@example.com,Kolkata,2024-05-12 08:24:35
3968,Deepa,Chopra,deepa.chopra3968@example.com,Jaipur,2024-01-01 07:18:53
3969,Priya,Bose,priya.bose3969@example.com,Hyderabad,2024-03-12 09:16:30
3970,Kavita,Reddy,kavita.reddy3970@example.com,Kolkata,2024-07-27 20:07:09
3971,Amit,Nair,amit.nair3971@example.com,Hyderabad,2024-06-07 17:26:14
3972,Pooja,Nair,pooja.nair3972@example.com,Lucknow,2024-04-19 16:42:34
3973,Aditya,Das,aditya.das3973@example.com,Delhi,2025-04-25 21:56:35
3974,Neha,Bose,neha.bose3974@example.com,Lucknow,2024-12-05 03:52:13
3975,Suresh,Sharma,suresh.sharma3975@example.com,Chennai,2025-05-01 02:33:36
3976,Pooja,Pandey,pooja.pandey3976@example.com,Ahmedabad,2025-01-30 16:50:31
3977,Manish,Iyer,manish.iyer3977@example.com,Jaipur,2024-04-01 07:17:45
3978,Neha,Iyer,neha.iyer3978@example.com,Hyderabad,2025-05-11 11:18:39
3979,Karan,Gupta,karan.gupta3979@example.com,Lucknow,2025-03-28 12:15:29
3980,Sanya,Gupta,sanya.gupta3980@example.com,Ahmedabad,2024-07-09 21:46:50
3981,Divya,Patel,divya.patel3981@example.com,Chennai,2025-01-30 19:43:54
3982,Rohan,Saxena,rohan.saxena3982@example.com,Hyderabad,2024-11-20 23:51:06
3983,Kavita,Saxena,kavita.saxena3983@example.com,Chennai,2025-03-08 22:18:29
3984,Pooja,Sharma,pooja.sharma3984@example.com,Delhi,2024-06-23 09:05:59
3985,Rahul,Singh,rahul.singh3985@example.com,Kolkata,2025-02-21 21:40:20
3986,Karan,Banerjee,karan.banerjee3986@example.com,Chandigarh,2024-09-02 04:47:53
3987,Sanya,Kumar,sanya.kumar3987@example.com,Delhi,2024-03-07 12:24:01
3988,Neha,Pandey,neha.pandey3988@example.com,Pune,2024-09-10 19:22:38
3989,Manish,Banerjee,manish.banerjee3989@example.com,Surat,2024-08-04 20:20:20
3990,Pooja,Iyer,pooja.iyer3990@example.com,Chennai,2025-03-27 14:13:01
3991,Amit,Pandey,amit.pandey3991@example.com,Jaipur,2024-02-02 21:26:33
3992,Neha,Verma,neha.verma3992@example.com,Lucknow,2024-02-01 14:24:03
3993,Rohan,Saxena,rohan.saxena3993@example.com,Chandigarh,2024-02-18 04:43:20
3994,Deepa,Sharma,deepa.sharma3994@example.com,Mumbai,2024-10-24 22:49:02
3995,Rohan,Nair,rohan.nair3995@example.com,Ahmedabad,2024-09-10 07:37:03
3996,Suresh,Pandey,suresh.pandey3996@example.com,Delhi,2024-09-11 23:17:47
3997,Pooja,Verma,pooja.verma3997@example.com,Chennai,2024-04-06 22:21:51
3998,Sneha,Singh,sneha.singh3998@example.com,Surat,2024-04-28 16:29:03
3999,Rahul,Saxena,rahul.saxena3999@example.com,Surat,2024-08-13 09:29:48
4000,Rohan,Banerjee,rohan.banerjee4000@example.com,Pune,2025-02-14 17:58:32
4001,Amit,Joshi,amit.joshi4001@example.com,Surat,2024-02-12 02:51:48
4002,Rahul,Iyer,rahul.iyer4002@example.com,Ahmedabad,2025-01-05 02:34:33
4003,Sneha,Mishra,sneha.mishra4003@example.com,Ahmedabad,2024-03-12 12:51:36
4004,Priya,Reddy,priya.reddy4004@example.com,Delhi,2025-01-28 19:10:57
4005,Karan,Sharma,karan.sharma4005@example.com,Bangalore,2024-03-06 10:40:03
4006,Vikram,Saxena,vikram.saxena4006@example.com,Mumbai,2024-04-04 15:03:30
4007,Sneha,Joshi,sneha.joshi4007@example.com,Kolkata,2024-10-14 01:18:29
4008,Ananya,Das,ananya.das4008@example.com,Kolkata,2024-12-06 14:56:30
4009,Priya,Saxena,priya.saxena4009@example.com,Kolkata,2025-03-02 10:32:53
4010,Ananya,Joshi,ananya.joshi4010@example.com,Chandigarh,2025-03-05 14:45:02
4011,Pooja,Banerjee,pooja.banerjee4011@example.com,Pune,2024-09-11 20:11:01
4012,Pooja,Mehta,pooja.mehta4012@example.com,Lucknow,2025-02-22 12:51:14
4013,Deepa,Joshi,deepa.joshi4013@example.com,Pune,2025-02-05 22:19:11
4014,Rajesh,Singh,rajesh.singh4014@example.com,Ahmedabad,2025-05-09 01:13:53
4015,Aditya,Mehta,aditya.mehta4015@example.com,Delhi,2025-03-27 01:25:53
4016,Pooja,Kumar,pooja.kumar4016@example.com,Mumbai,2024-05-12 09:44:44
4017,Rahul,Kumar,rahul.kumar4017@example.com,Jaipur,2025-04-25 20:13:10
4018,Priya,Sharma,priya.sharma4018@example.com,Lucknow,2024-07-15 22:43:58
4019,Neha,Banerjee,neha.banerjee4019@example.com,Kolkata,2024-05-10 12:35:46
4020,Rahul,Chopra,rahul.chopra4020@example.com,Chennai,2024-06-15 04:23:22
4021,Sunita,Joshi,sunita.joshi4021@example.com,Jaipur,2024-03-17 19:00:54
4022,Rahul,Banerjee,rahul.banerjee4022@example.com,Delhi,2024-09-17 13:25:53
4023,Karan,Reddy,karan.reddy4023@example.com,Hyderabad,2025-01-28 12:09:47
4024,Aarav,Singh,aarav.singh4024@example.com,Lucknow,2024-06-17 18:15:12
4025,Neha,Nair,neha.nair4025@example.com,Chandigarh,2024-08-01 04:42:43
4026,Rohan,Reddy,rohan.reddy4026@example.com,Pune,2024-09-07 09:40:08
4027,Divya,Sharma,divya.sharma4027@example.com,Chandigarh,2024-01-14 08:49:37
4028,Neha,Bose,neha.bose4028@example.com,Surat,2024-07-01 05:51:21
4029,Sanya,Joshi,sanya.joshi4029@example.com,Bangalore,2024-12-27 19:08:31
4030,Pooja,Joshi,pooja.joshi4030@example.com,Mumbai,2024-03-23 00:50:38
4031,Divya,Chopra,divya.chopra4031@example.com,Lucknow,2024-01-27 03:12:18
4032,Rahul,Chopra,rahul.chopra4032@example.com,Mumbai,2025-04-04 14:35:26
4033,Manish,Verma,manish.verma4033@example.com,Chennai,2024-12-21 04:20:21
4034,Divya,Saxena,divya.saxena4034@example.com,Jaipur,2024-12-06 19:18:26
4035,Sneha,Rao,sneha.rao4035@example.com,Hyderabad,2025-03-14 20:03:59
4036,Divya,Gupta,divya.gupta4036@example.com,Hyderabad,2024-09-29 13:58:37
4037,Deepa,Gupta,deepa.gupta4037@example.com,Lucknow,2024-02-22 09:25:13
4038,Ananya,Nair,ananya.nair4038@example.com,Surat,2025-03-03 01:29:58
4039,Aarav,Das,aarav.das4039@example.com,Bangalore,2024-02-16 06:39:44
4040,Rajesh,Saxena,rajesh.saxena4040@example.com,Chandigarh,2024-07-20 22:27:00
4041,Neha,Mishra,neha.mishra4041@example.com,Mumbai,2024-07-28 22:38:49
4042,Priya,Pandey,priya.pandey4042@example.com,Lucknow,2024-12-12 16:15:11
4043,Deepa,Reddy,deepa.reddy4043@example.com,Delhi,2025-03-10 15:18:27
4044,Divya,Verma,divya.verma4044@example.com,Kolkata,2024-06-16 23:28:18
4045,Amit,Kumar,amit.kumar4045@example.com,Hyderabad,2025-02-23 03:50:24
4046,Aditya,Verma,aditya.verma4046@example.com,Kolkata,2025-03-12 08:34:29
4047,Deepa,Singh,deepa.singh4047@example.com,Kolkata,2025-04-25 14:06:23
4048,Rahul,Mehta,rahul.mehta4048@example.com,Ahmedabad,2024-01-25 19:47:14
4049,Manish,Bose,manish.bose4049@example.com,Jaipur,2024-07-21 20:31:27
4050,Neha,Bhat,neha.bhat4050@example.com,Hyderabad,2024-12-29 02:08:33
4051,Rajesh,Das,rajesh.das4051@example.com,Chandigarh,2024-01-27 08:59:22
4052,Divya,Mishra,divya.mishra4052@example.com,Mumbai,2025-04-07 10:15:43
4053,Ananya,Patel,ananya.patel4053@example.com,Chennai,2024-02-27 05:09:05
4054,Sunita,Bose,sunita.bose4054@example.com,Mumbai,2024-12-16 08:17:55
4055,Sanya,Kumar,sanya.kumar4055@example.com,Kolkata,2024-11-03 04:58:33
4056,Deepa,Reddy,deepa.reddy4056@example.com,Surat,2024-09-29 04:21:43
4057,Neha,Singh,neha.singh4057@example.com,Lucknow,2024-03-05 00:57:12
4058,Karan,Joshi,karan.joshi4058@example.com,Chandigarh,2024-08-18 05:29:09
4059,Rajesh,Nair,rajesh.nair4059@example.com,Kolkata,2024-07-16 05:56:52
4060,Aarav,Chopra,aarav.chopra4060@example.com,Ahmedabad,2024-05-01 22:58:14
4061,Sneha,Nair,sneha.nair4061@example.com,Delhi,2024-02-14 10:58:39
4062,Suresh,Bose,suresh.bose4062@example.com,Ahmedabad,2024-04-23 03:22:01
4063,Suresh,Mishra,suresh.mishra4063@example.com,Kolkata,2024-11-05 03:43:59
4064,Divya,Reddy,divya.reddy4064@example.com,Hyderabad,2024-05-15 05:52:56
4065,Karan,Gupta,karan.gupta4065@example.com,Pune,2024-12-07 18:16:06
4066,Suresh,Verma,suresh.verma4066@example.com,Kolkata,2024-05-05 14:45:18
4067,Sneha,Sharma,sneha.sharma4067@example.com,Hyderabad,2024-05-12 11:02:54
4068,Rohan,Bhat,rohan.bhat4068@example.com,Surat,2025-03-26 06:12:51
4069,Manish,Reddy,manish.reddy4069@example.com,Bangalore,2024-12-12 16:47:38
4070,Suresh,Sharma,suresh.sharma4070@example.com,Bangalore,2024-10-28 20:46:44
4071,Kavita,Mishra,kavita.mishra4071@example.com,Delhi,2024-05-24 18:11:47
4072,Sneha,Kumar,sneha.kumar4072@example.com,Chandigarh,2024-09-27 15:15:20
4073,Sneha,Mishra,sneha.mishra4073@example.com,Jaipur,2024-11-13 06:49:17
4074,Vikram,Rao,vikram.rao4074@example.com,Jaipur,2024-11-01 20:21:19
4075,Priya,Mishra,priya.mishra4075@example.com,Delhi,2025-05-04 06:53:10
4076,Rajesh,Banerjee,rajesh.banerjee4076@example.com,Ahmedabad,2024-04-13 11:32:38
4077,Sanya,Das,sanya.das4077@example.com,Jaipur,2024-04-05 05:23:27
4078,Rajesh,Pandey,rajesh.pandey4078@example.com,Delhi,2025-03-27 07:52:31
4079,Rahul,Singh,rahul.singh4079@example.com,Hyderabad,2025-04-22 10:00:17
4080,Aditya,Bose,aditya.bose4080@example.com,Ahmedabad,2024-08-01 06:12:54
4081,Aarav,Das,aarav.das4081@example.com,Lucknow,2024-11-21 15:12:09
4082,Divya,Banerjee,divya.banerjee4082@example.com,Chandigarh,2024-03-30 14:09:44
4083,Kavita,Iyer,kavita.iyer4083@example.com,Hyderabad,2025-01-29 01:31:09
4084,Neha,Mishra,neha.mishra4084@example.com,Mumbai,2024-09-09 00:00:17
4085,Vikram,Kumar,vikram.kumar4085@example.com,Lucknow,2024-09-24 12:07:48
4086,Deepa,Gupta,deepa.gupta4086@example.com,Delhi,2025-03-15 04:31:08
4087,Aditya,Pandey,aditya.pandey4087@example.com,Pune,2024-11-28 18:41:14
4088,Sneha,Mishra,sneha.mishra4088@example.com,Mumbai,2024-11-24 20:30:51
4089,Sanya,Banerjee,sanya.banerjee4089@example.com,Chandigarh,2024-01-20 10:47:15
4090,Sneha,Rao,sneha.rao4090@example.com,Jaipur,2024-07-11 10:52:40
4091,Pooja,Kumar,pooja.kumar4091@example.com,Jaipur,2025-04-13 23:35:13
4092,Karan,Patel,karan.patel4092@example.com,Ahmedabad,2024-09-30 09:47:44
4093,Neha,Mishra,neha.mishra4093@example.com,Surat,2024-10-13 17:37:23
4094,Vikram,Rao,vikram.rao4094@example.com,Chandigarh,2024-01-06 05:08:22
4095,Priya,Kumar,priya.kumar4095@example.com,Lucknow,2024-09-17 00:19:17
4096,Sanya,Reddy,sanya.reddy4096@example.com,Surat,2024-12-31 09:24:31
4097,Rohan,Verma,rohan.verma4097@example.com,Lucknow,2024-02-08 01:25:15
4098,Kavita,Joshi,kavita.joshi4098@example.com,Mumbai,2024-12-20 11:18:58
4099,Pooja,Pandey,pooja.pandey4099@example.com,Hyderabad,2024-11-01 03:16:04
4100,Rahul,Chopra,rahul.chopra4100@example.com,Chandigarh,2024-05-07 00:53:46
4101,Kavita,Banerjee,kavita.banerjee4101@example.com,Mumbai,2024-12-27 19:55:12
4102,Amit,Gupta,amit.gupta4102@example.com,Chennai,2024-11-29 23:50:38
4103,Rajesh,Saxena,rajesh.saxena4103@example.com,Lucknow,2024-08-17 01:13:21
4104,Sneha,Sharma,sneha.sharma4104@example.com,Surat,2024-01-06 14:13:58
4105,Aditya,Sharma,aditya.sharma4105@example.com,Mumbai,2025-03-27 05:44:37
4106,Neha,Sharma,neha.sharma4106@example.com,Hyderabad,2024-01-01 23:14:53
4107,Rajesh,Reddy,rajesh.reddy4107@example.com,Pune,2024-12-30 12:13:26
4108,Suresh,Gupta,suresh.gupta4108@example.com,Mumbai,2024-03-13 00:33:05
4109,Karan,Rao,karan.rao4109@example.com,Hyderabad,2024-05-15 13:29:21
4110,Deepa,Reddy,deepa.reddy4110@example.com,Jaipur,2025-04-01 01:00:43
4111,Karan,Verma,karan.verma4111@example.com,Hyderabad,2024-10-02 20:58:33
4112,Vikram,Joshi,vikram.joshi4112@example.com,Lucknow,2024-04-01 03:55:23
4113,Rahul,Banerjee,rahul.banerjee4113@example.com,Chennai,2025-02-04 15:14:10
4114,Sunita,Singh,sunita.singh4114@example.com,Mumbai,2024-11-06 20:40:34
4115,Rahul,Patel,rahul.patel4115@example.com,Bangalore,2024-08-28 15:29:11
4116,Vikram,Verma,vikram.verma4116@example.com,Chennai,2024-02-22 14:31:15
4117,Sunita,Iyer,sunita.iyer4117@example.com,Surat,2024-02-04 12:41:48
4118,Sunita,Chopra,sunita.chopra4118@example.com,Chandigarh,2024-03-22 13:45:41
4119,Pooja,Rao,pooja.rao4119@example.com,Pune,2024-08-13 16:47:19
4120,Aarav,Sharma,aarav.sharma4120@example.com,Bangalore,2024-10-09 13:05:07
4121,Divya,Singh,divya.singh4121@example.com,Surat,2024-11-13 11:02:24
4122,Divya,Kumar,divya.kumar4122@example.com,Ahmedabad,2024-02-20 20:13:01
4123,Manish,Nair,manish.nair4123@example.com,Jaipur,2024-03-21 16:01:18
4124,Sanya,Kumar,sanya.kumar4124@example.com,Mumbai,2025-05-14 23:13:47
4125,Deepa,Banerjee,deepa.banerjee4125@example.com,Bangalore,2024-02-13 07:28:24
4126,Suresh,Saxena,suresh.saxena4126@example.com,Mumbai,2024-01-27 13:10:25
4127,Priya,Verma,priya.verma4127@example.com,Chennai,2024-12-22 07:11:45
4128,Vikram,Reddy,vikram.reddy4128@example.com,Ahmedabad,2025-03-29 09:07:49
4129,Aditya,Rao,aditya.rao4129@example.com,Chennai,2024-01-23 22:44:57
4130,Karan,Kumar,karan.kumar4130@example.com,Surat,2024-09-13 06:44:52
4131,Sneha,Gupta,sneha.gupta4131@example.com,Mumbai,2024-12-10 06:49:01
4132,Kavita,Mehta,kavita.mehta4132@example.com,Bangalore,2024-03-19 19:04:21
4133,Aditya,Saxena,aditya.saxena4133@example.com,Surat,2024-12-13 03:56:31
4134,Karan,Saxena,karan.saxena4134@example.com,Delhi,2024-10-19 14:52:39
4135,Aarav,Saxena,aarav.saxena4135@example.com,Surat,2024-12-21 20:54:48
4136,Divya,Verma,divya.verma4136@example.com,Kolkata,2024-09-16 05:22:42
4137,Rahul,Iyer,rahul.iyer4137@example.com,Pune,2024-04-28 09:11:29
4138,Aditya,Mehta,aditya.mehta4138@example.com,Kolkata,2024-03-21 14:53:57
4139,Vikram,Bose,vikram.bose4139@example.com,Pune,2024-10-28 16:53:26
4140,Vikram,Gupta,vikram.gupta4140@example.com,Kolkata,2024-03-19 03:15:14
4141,Pooja,Joshi,pooja.joshi4141@example.com,Mumbai,2024-05-09 03:49:28
4142,Karan,Singh,karan.singh4142@example.com,Kolkata,2024-07-27 13:09:38
4143,Vikram,Bose,vikram.bose4143@example.com,Chennai,2024-01-17 06:46:45
4144,Rohan,Reddy,rohan.reddy4144@example.com,Kolkata,2025-03-05 23:17:10
4145,Ananya,Iyer,ananya.iyer4145@example.com,Kolkata,2024-04-19 21:28:42
4146,Sanya,Mishra,sanya.mishra4146@example.com,Chennai,2024-06-18 02:59:11
4147,Divya,Das,divya.das4147@example.com,Chandigarh,2024-03-22 22:43:00
4148,Priya,Chopra,priya.chopra4148@example.com,Ahmedabad,2024-09-21 05:54:59
4149,Amit,Sharma,amit.sharma4149@example.com,Bangalore,2024-09-15 22:17:46
4150,Neha,Reddy,neha.reddy4150@example.com,Chennai,2024-10-07 01:38:00
4151,Sunita,Singh,sunita.singh4151@example.com,Pune,2024-12-01 01:09:06
4152,Amit,Banerjee,amit.banerjee4152@example.com,Ahmedabad,2025-02-18 19:59:34
4153,Divya,Bose,divya.bose4153@example.com,Lucknow,2025-04-27 04:52:22
4154,Manish,Rao,manish.rao4154@example.com,Ahmedabad,2024-01-26 15:44:31
4155,Rohan,Mishra,rohan.mishra4155@example.com,Pune,2025-01-13 12:30:14
4156,Sanya,Bose,sanya.bose4156@example.com,Chennai,2024-07-29 19:19:30
4157,Divya,Bhat,divya.bhat4157@example.com,Mumbai,2024-08-16 06:59:36
4158,Manish,Reddy,manish.reddy4158@example.com,Ahmedabad,2025-02-12 07:01:05
4159,Deepa,Bose,deepa.bose4159@example.com,Mumbai,2025-04-30 02:57:31
4160,Ananya,Iyer,ananya.iyer4160@example.com,Chandigarh,2024-04-05 06:47:55
4161,Sanya,Saxena,sanya.saxena4161@example.com,Kolkata,2025-03-05 15:58:08
4162,Vikram,Singh,vikram.singh4162@example.com,Kolkata,2024-04-04 01:13:11
4163,Ananya,Kumar,ananya.kumar4163@example.com,Mumbai,2024-09-10 19:59:58
4164,Rahul,Sharma,rahul.sharma4164@example.com,Surat,2024-11-25 19:57:48
4165,Sanya,Das,sanya.das4165@example.com,Bangalore,2024-11-02 05:08:03
4166,Deepa,Mehta,deepa.mehta4166@example.com,Surat,2025-01-03 18:08:14
4167,Sanya,Kumar,sanya.kumar4167@example.com,Bangalore,2024-03-05 00:14:05
4168,Rohan,Saxena,rohan.saxena4168@example.com,Ahmedabad,2024-09-02 01:37:48
4169,Rahul,Saxena,rahul.saxena4169@example.com,Pune,2024-09-25 05:25:12
4170,Manish,Das,manish.das4170@example.com,Surat,2024-02-24 07:01:00
4171,Aditya,Nair,aditya.nair4171@example.com,Hyderabad,2025-01-22 02:30:12
4172,Pooja,Sharma,pooja.sharma4172@example.com,Bangalore,2025-04-04 09:10:34
4173,Neha,Mishra,neha.mishra4173@example.com,Delhi,2024-12-19 02:11:28
4174,Sneha,Saxena,sneha.saxena4174@example.com,Chennai,2024-06-07 21:15:19
4175,Pooja,Nair,pooja.nair4175@example.com,Kolkata,2024-02-19 22:33:14
4176,Divya,Nair,divya.nair4176@example.com,Pune,2024-12-22 20:01:57
4177,Rahul,Sharma,rahul.sharma4177@example.com,Surat,2024-04-22 04:01:29
4178,Rohan,Verma,rohan.verma4178@example.com,Ahmedabad,2024-04-06 16:03:02
4179,Aarav,Iyer,aarav.iyer4179@example.com,Chandigarh,2025-03-14 15:48:13
4180,Vikram,Bose,vikram.bose4180@example.com,Chennai,2024-04-17 22:35:23
4181,Rahul,Pandey,rahul.pandey4181@example.com,Hyderabad,2024-06-17 14:56:33
4182,Deepa,Pandey,deepa.pandey4182@example.com,Kolkata,2024-03-10 00:34:30
4183,Deepa,Sharma,deepa.sharma4183@example.com,Lucknow,2025-03-22 01:44:28
4184,Manish,Mishra,manish.mishra4184@example.com,Pune,2025-04-02 14:03:05
4185,Neha,Singh,neha.singh4185@example.com,Chennai,2024-08-23 13:25:22
4186,Ananya,Banerjee,ananya.banerjee4186@example.com,Lucknow,2024-03-18 03:38:28
4187,Rohan,Iyer,rohan.iyer4187@example.com,Hyderabad,2024-11-22 23:59:45
4188,Aditya,Saxena,aditya.saxena4188@example.com,Mumbai,2024-09-01 11:44:04
4189,Suresh,Patel,suresh.patel4189@example.com,Chandigarh,2024-11-25 15:42:23
4190,Suresh,Pandey,suresh.pandey4190@example.com,Hyderabad,2024-09-24 18:03:47
4191,Rohan,Verma,rohan.verma4191@example.com,Lucknow,2025-04-01 07:00:29
4192,Kavita,Verma,kavita.verma4192@example.com,Bangalore,2024-09-02 11:19:39
4193,Vikram,Iyer,vikram.iyer4193@example.com,Bangalore,2024-03-12 04:53:50
4194,Karan,Joshi,karan.joshi4194@example.com,Lucknow,2024-01-10 11:29:23
4195,Vikram,Kumar,vikram.kumar4195@example.com,Surat,2024-01-16 05:00:57
4196,Vikram,Kumar,vikram.kumar4196@example.com,Lucknow,2024-04-19 17:02:02
4197,Suresh,Mehta,suresh.mehta4197@example.com,Delhi,2024-10-15 06:53:01
4198,Aditya,Sharma,aditya.sharma4198@example.com,Surat,2025-01-25 12:32:58
4199,Manish,Banerjee,manish.banerjee4199@example.com,Chandigarh,2024-12-22 03:53:44
4200,Ananya,Bose,ananya.bose4200@example.com,Chandigarh,2024-10-28 05:20:03
4201,Ananya,Chopra,ananya.chopra4201@example.com,Bangalore,2024-03-26 07:22:20
4202,Ananya,Kumar,ananya.kumar4202@example.com,Kolkata,2024-10-29 22:57:40
4203,Aarav,Singh,aarav.singh4203@example.com,Chennai,2024-03-03 01:24:45
4204,Aditya,Bose,aditya.bose4204@example.com,Delhi,2024-10-25 11:56:30
4205,Ananya,Bhat,ananya.bhat4205@example.com,Hyderabad,2024-02-19 11:36:37
4206,Karan,Verma,karan.verma4206@example.com,Pune,2024-06-29 19:14:06
4207,Pooja,Mehta,pooja.mehta4207@example.com,Lucknow,2025-03-14 01:35:25
4208,Divya,Singh,divya.singh4208@example.com,Chennai,2025-03-28 16:12:31
4209,Priya,Rao,priya.rao4209@example.com,Ahmedabad,2025-05-12 14:45:37
4210,Ananya,Sharma,ananya.sharma4210@example.com,Ahmedabad,2024-07-16 11:32:43
4211,Sanya,Bose,sanya.bose4211@example.com,Chandigarh,2025-03-25 06:33:53
4212,Divya,Joshi,divya.joshi4212@example.com,Jaipur,2024-08-05 09:14:42
4213,Kavita,Bose,kavita.bose4213@example.com,Kolkata,2024-06-15 16:57:51
4214,Rahul,Reddy,rahul.reddy4214@example.com,Bangalore,2025-01-11 20:30:58
4215,Sneha,Das,sneha.das4215@example.com,Pune,2024-10-04 11:26:34
4216,Manish,Iyer,manish.iyer4216@example.com,Bangalore,2025-02-25 09:56:11
4217,Karan,Pandey,karan.pandey4217@example.com,Kolkata,2024-11-17 10:20:27
4218,Karan,Mishra,karan.mishra4218@example.com,Lucknow,2024-03-24 10:09:32
4219,Vikram,Pandey,vikram.pandey4219@example.com,Chennai,2024-06-07 08:34:26
4220,Vikram,Singh,vikram.singh4220@example.com,Surat,2025-03-23 07:30:17
4221,Aarav,Bose,aarav.bose4221@example.com,Chennai,2024-04-20 17:36:14
4222,Sneha,Rao,sneha.rao4222@example.com,Bangalore,2024-01-24 23:54:10
4223,Sunita,Singh,sunita.singh4223@example.com,Jaipur,2024-12-18 22:48:02
4224,Suresh,Pandey,suresh.pandey4224@example.com,Delhi,2024-09-10 01:42:29
4225,Pooja,Banerjee,pooja.banerjee4225@example.com,Hyderabad,2024-03-20 12:19:15
4226,Karan,Kumar,karan.kumar4226@example.com,Hyderabad,2024-04-25 12:28:28
4227,Rajesh,Pandey,rajesh.pandey4227@example.com,Ahmedabad,2024-11-18 15:45:13
4228,Deepa,Nair,deepa.nair4228@example.com,Jaipur,2024-08-07 15:10:22
4229,Sunita,Banerjee,sunita.banerjee4229@example.com,Bangalore,2024-11-27 06:45:47
4230,Rajesh,Mishra,rajesh.mishra4230@example.com,Lucknow,2025-03-22 09:44:01
4231,Ananya,Iyer,ananya.iyer4231@example.com,Bangalore,2024-08-22 17:58:25
4232,Sanya,Kumar,sanya.kumar4232@example.com,Lucknow,2024-03-17 07:37:21
4233,Aditya,Rao,aditya.rao4233@example.com,Chandigarh,2024-01-18 08:04:15
4234,Pooja,Verma,pooja.verma4234@example.com,Mumbai,2024-01-15 23:02:40
4235,Sanya,Patel,sanya.patel4235@example.com,Pune,2024-03-23 15:35:54
4236,Pooja,Kumar,pooja.kumar4236@example.com,Pune,2025-03-20 18:37:13
4237,Pooja,Iyer,pooja.iyer4237@example.com,Kolkata,2024-04-15 18:37:05
4238,Sunita,Mishra,sunita.mishra4238@example.com,Chennai,2024-01-02 11:36:52
4239,Rajesh,Reddy,rajesh.reddy4239@example.com,Pune,2025-01-13 19:32:34
4240,Sunita,Mehta,sunita.mehta4240@example.com,Delhi,2024-11-02 12:03:32
4241,Rahul,Saxena,rahul.saxena4241@example.com,Lucknow,2024-02-24 14:53:30
4242,Rajesh,Banerjee,rajesh.banerjee4242@example.com,Ahmedabad,2024-11-05 18:00:46
4243,Divya,Chopra,divya.chopra4243@example.com,Surat,2024-09-06 08:14:35
4244,Vikram,Pandey,vikram.pandey4244@example.com,Bangalore,2024-08-19 23:29:54
4245,Sunita,Rao,sunita.rao4245@example.com,Bangalore,2024-08-27 12:23:31
4246,Amit,Bose,amit.bose4246@example.com,Bangalore,2025-02-09 18:51:00
4247,Divya,Rao,divya.rao4247@example.com,Chennai,2024-05-20 06:53:11
4248,Divya,Joshi,divya.joshi4248@example.com,Lucknow,2024-01-06 20:00:41
4249,Amit,Patel,amit.patel4249@example.com,Surat,2024-04-12 12:24:41
4250,Neha,Chopra,neha.chopra4250@example.com,Chandigarh,2024-02-21 15:24:38
4251,Amit,Patel,amit.patel4251@example.com,Pune,2024-08-16 17:58:52
4252,Ananya,Saxena,ananya.saxena4252@example.com,Bangalore,2025-02-13 19:52:14
4253,Rajesh,Kumar,rajesh.kumar4253@example.com,Jaipur,2025-01-05 15:31:26
4254,Amit,Pandey,amit.pandey4254@example.com,Mumbai,2025-01-18 10:39:36
4255,Sanya,Banerjee,sanya.banerjee4255@example.com,Chennai,2024-06-23 13:22:30
4256,Amit,Mishra,amit.mishra4256@example.com,Lucknow,2024-05-09 01:47:46
4257,Manish,Saxena,manish.saxena4257@example.com,Jaipur,2024-11-11 18:07:12
4258,Pooja,Mishra,pooja.mishra4258@example.com,Kolkata,2025-04-27 18:17:36
4259,Divya,Singh,divya.singh4259@example.com,Delhi,2024-01-03 04:50:39
4260,Suresh,Sharma,suresh.sharma4260@example.com,Chennai,2024-04-29 04:05:45
4261,Priya,Bhat,priya.bhat4261@example.com,Mumbai,2025-05-09 18:42:34
4262,Rohan,Kumar,rohan.kumar4262@example.com,Jaipur,2024-08-31 01:14:25
4263,Suresh,Das,suresh.das4263@example.com,Delhi,2025-05-04 13:43:08
4264,Priya,Chopra,priya.chopra4264@example.com,Mumbai,2025-04-17 12:54:40
4265,Priya,Nair,priya.nair4265@example.com,Mumbai,2024-10-18 10:39:47
4266,Karan,Sharma,karan.sharma4266@example.com,Delhi,2025-03-08 12:59:14
4267,Pooja,Patel,pooja.patel4267@example.com,Lucknow,2024-09-30 14:33:39
4268,Kavita,Sharma,kavita.sharma4268@example.com,Bangalore,2024-08-06 20:51:06
4269,Karan,Sharma,karan.sharma4269@example.com,Hyderabad,2024-08-06 07:44:28
4270,Deepa,Nair,deepa.nair4270@example.com,Surat,2025-02-22 15:12:07
4271,Karan,Banerjee,karan.banerjee4271@example.com,Lucknow,2024-02-05 08:56:13
4272,Ananya,Mishra,ananya.mishra4272@example.com,Pune,2024-11-18 13:06:21
4273,Suresh,Kumar,suresh.kumar4273@example.com,Pune,2024-03-25 07:32:01
4274,Priya,Joshi,priya.joshi4274@example.com,Delhi,2025-02-04 16:45:33
4275,Aarav,Kumar,aarav.kumar4275@example.com,Chennai,2024-08-17 23:24:09
4276,Rohan,Nair,rohan.nair4276@example.com,Lucknow,2025-05-14 18:45:55
4277,Pooja,Kumar,pooja.kumar4277@example.com,Kolkata,2025-04-10 08:23:29
4278,Rahul,Iyer,rahul.iyer4278@example.com,Ahmedabad,2024-11-25 07:10:34
4279,Rohan,Chopra,rohan.chopra4279@example.com,Surat,2025-03-18 20:16:47
4280,Deepa,Singh,deepa.singh4280@example.com,Mumbai,2024-06-20 04:46:24
4281,Vikram,Reddy,vikram.reddy4281@example.com,Kolkata,2024-06-27 06:06:25
4282,Manish,Iyer,manish.iyer4282@example.com,Ahmedabad,2024-05-13 05:09:31
4283,Rajesh,Joshi,rajesh.joshi4283@example.com,Pune,2024-01-05 15:52:55
4284,Sanya,Nair,sanya.nair4284@example.com,Ahmedabad,2024-09-04 21:59:00
4285,Manish,Nair,manish.nair4285@example.com,Surat,2024-02-02 20:48:33
4286,Deepa,Iyer,deepa.iyer4286@example.com,Pune,2024-11-26 07:41:26
4287,Deepa,Nair,deepa.nair4287@example.com,Jaipur,2025-04-01 10:08:49
4288,Suresh,Gupta,suresh.gupta4288@example.com,Ahmedabad,2024-05-24 09:41:24
4289,Neha,Gupta,neha.gupta4289@example.com,Chennai,2025-04-28 01:21:28
4290,Suresh,Gupta,suresh.gupta4290@example.com,Delhi,2025-05-13 21:26:36
4291,Ananya,Reddy,ananya.reddy4291@example.com,Jaipur,2025-03-29 20:27:25
4292,Sneha,Mishra,sneha.mishra4292@example.com,Ahmedabad,2024-11-16 18:30:32
4293,Manish,Patel,manish.patel4293@example.com,Kolkata,2025-04-06 04:53:40
4294,Divya,Singh,divya.singh4294@example.com,Pune,2024-11-27 07:48:56
4295,Sunita,Patel,sunita.patel4295@example.com,Mumbai,2024-08-04 16:18:28
4296,Ananya,Joshi,ananya.joshi4296@example.com,Delhi,2024-03-15 10:36:35
4297,Sunita,Joshi,sunita.joshi4297@example.com,Kolkata,2024-03-16 22:17:52
4298,Priya,Kumar,priya.kumar4298@example.com,Jaipur,2025-03-16 19:27:19
4299,Rajesh,Iyer,rajesh.iyer4299@example.com,Kolkata,2025-03-06 22:30:30
4300,Rajesh,Bhat,rajesh.bhat4300@example.com,Pune,2024-06-16 22:23:57
4301,Karan,Bose,karan.bose4301@example.com,Chennai,2024-12-05 15:50:42
4302,Sneha,Verma,sneha.verma4302@example.com,Pune,2024-10-22 22:58:57
4303,Rajesh,Pandey,rajesh.pandey4303@example.com,Lucknow,2024-02-13 01:19:14
4304,Kavita,Bose,kavita.bose4304@example.com,Chennai,2025-04-16 23:14:21
4305,Kavita,Mehta,kavita.mehta4305@example.com,Jaipur,2024-06-15 18:54:43
4306,Manish,Iyer,manish.iyer4306@example.com,Chandigarh,2024-10-07 23:52:31
4307,Deepa,Mishra,deepa.mishra4307@example.com,Delhi,2024-02-07 18:05:40
4308,Sanya,Rao,sanya.rao4308@example.com,Hyderabad,2024-07-09 09:55:28
4309,Suresh,Patel,suresh.patel4309@example.com,Delhi,2024-05-20 19:25:37
4310,Divya,Banerjee,divya.banerjee4310@example.com,Chennai,2024-10-11 07:22:12
4311,Pooja,Pandey,pooja.pandey4311@example.com,Mumbai,2024-06-17 00:36:52
4312,Amit,Bose,amit.bose4312@example.com,Hyderabad,2024-05-26 13:25:28
4313,Rajesh,Kumar,rajesh.kumar4313@example.com,Chennai,2025-04-05 19:11:25
4314,Amit,Saxena,amit.saxena4314@example.com,Chennai,2024-08-11 16:23:04
4315,Ananya,Verma,ananya.verma4315@example.com,Ahmedabad,2024-10-28 17:01:04
4316,Ananya,Chopra,ananya.chopra4316@example.com,Mumbai,2024-08-07 16:06:45
4317,Divya,Singh,divya.singh4317@example.com,Ahmedabad,2024-03-15 12:19:20
4318,Sunita,Mehta,sunita.mehta4318@example.com,Delhi,2024-11-08 18:22:40
4319,Kavita,Rao,kavita.rao4319@example.com,Delhi,2025-01-13 21:35:44
4320,Sanya,Mishra,sanya.mishra4320@example.com,Delhi,2024-04-02 07:10:37
4321,Aarav,Bhat,aarav.bhat4321@example.com,Pune,2024-04-20 09:18:11
4322,Vikram,Gupta,vikram.gupta4322@example.com,Mumbai,2025-02-03 21:57:07
4323,Deepa,Gupta,deepa.gupta4323@example.com,Kolkata,2024-04-04 02:56:02
4324,Divya,Nair,divya.nair4324@example.com,Chennai,2025-05-07 06:58:54
4325,Rahul,Reddy,rahul.reddy4325@example.com,Delhi,2024-10-29 09:32:27
4326,Deepa,Saxena,deepa.saxena4326@example.com,Chandigarh,2024-04-08 21:26:58
4327,Aditya,Singh,aditya.singh4327@example.com,Hyderabad,2024-10-08 14:56:07
4328,Kavita,Nair,kavita.nair4328@example.com,Chandigarh,2024-08-14 12:55:59
4329,Vikram,Iyer,vikram.iyer4329@example.com,Jaipur,2025-04-26 11:42:32
4330,Divya,Iyer,divya.iyer4330@example.com,Mumbai,2024-12-30 18:37:21
4331,Sneha,Chopra,sneha.chopra4331@example.com,Chennai,2024-08-25 16:59:59
4332,Aarav,Patel,aarav.patel4332@example.com,Ahmedabad,2024-07-25 06:38:48
4333,Neha,Chopra,neha.chopra4333@example.com,Chennai,2024-08-30 11:12:55
4334,Sanya,Sharma,sanya.sharma4334@example.com,Bangalore,2024-01-02 10:50:38
4335,Deepa,Mehta,deepa.mehta4335@example.com,Lucknow,2024-04-03 00:25:55
4336,Suresh,Patel,suresh.patel4336@example.com,Delhi,2024-12-23 22:48:50
4337,Neha,Verma,neha.verma4337@example.com,Delhi,2024-04-23 11:45:09
4338,Karan,Sharma,karan.sharma4338@example.com,Kolkata,2024-10-08 18:58:44
4339,Neha,Singh,neha.singh4339@example.com,Lucknow,2024-06-14 17:36:29
4340,Deepa,Mishra,deepa.mishra4340@example.com,Kolkata,2024-07-05 12:20:43
4341,Rajesh,Bose,rajesh.bose4341@example.com,Surat,2024-05-19 04:56:53
4342,Neha,Mehta,neha.mehta4342@example.com,Pune,2025-04-08 05:20:00
4343,Sanya,Mehta,sanya.mehta4343@example.com,Kolkata,2025-03-15 19:19:06
4344,Priya,Verma,priya.verma4344@example.com,Surat,2024-11-02 10:41:34
4345,Manish,Chopra,manish.chopra4345@example.com,Chennai,2024-04-13 04:47:54
4346,Deepa,Mishra,deepa.mishra4346@example.com,Ahmedabad,2024-07-22 04:54:24
4347,Manish,Rao,manish.rao4347@example.com,Mumbai,2024-10-19 02:27:51
4348,Pooja,Joshi,pooja.joshi4348@example.com,Lucknow,2024-02-12 15:00:55
4349,Rohan,Saxena,rohan.saxena4349@example.com,Lucknow,2024-06-23 19:02:56
4350,Divya,Bhat,divya.bhat4350@example.com,Mumbai,2024-06-16 05:26:21
4351,Aditya,Saxena,aditya.saxena4351@example.com,Lucknow,2024-10-17 14:22:38
4352,Aarav,Joshi,aarav.joshi4352@example.com,Mumbai,2025-04-05 20:34:13
4353,Sneha,Bhat,sneha.bhat4353@example.com,Ahmedabad,2024-01-07 22:46:30
4354,Priya,Gupta,priya.gupta4354@example.com,Delhi,2024-11-01 14:34:41
4355,Rajesh,Bose,rajesh.bose4355@example.com,Kolkata,2024-11-08 13:34:29
4356,Aditya,Bose,aditya.bose4356@example.com,Chandigarh,2025-01-11 08:04:24
4357,Rohan,Nair,rohan.nair4357@example.com,Pune,2024-10-22 08:24:41
4358,Rohan,Banerjee,rohan.banerjee4358@example.com,Chennai,2024-01-01 04:19:45
4359,Ananya,Saxena,ananya.saxena4359@example.com,Lucknow,2024-01-23 19:55:40
4360,Rahul,Gupta,rahul.gupta4360@example.com,Delhi,2025-03-15 00:52:16
4361,Amit,Saxena,amit.saxena4361@example.com,Delhi,2024-01-26 10:37:10
4362,Vikram,Banerjee,vikram.banerjee4362@example.com,Bangalore,2024-02-14 13:30:02
4363,Rajesh,Sharma,rajesh.sharma4363@example.com,Chandigarh,2024-06-29 19:03:05
4364,Rohan,Pandey,rohan.pandey4364@example.com,Chandigarh,2024-08-30 10:51:24
4365,Rahul,Mehta,rahul.mehta4365@example.com,Hyderabad,2024-10-23 18:34:07
4366,Sneha,Patel,sneha.patel4366@example.com,Delhi,2024-04-17 08:27:01
4367,Rahul,Bose,rahul.bose4367@example.com,Surat,2024-04-15 15:11:17
4368,Rahul,Iyer,rahul.iyer4368@example.com,Chennai,2024-01-23 13:56:45
4369,Rahul,Rao,rahul.rao4369@example.com,Chennai,2024-05-31 14:35:22
4370,Aditya,Iyer,aditya.iyer4370@example.com,Pune,2025-01-30 13:10:51
4371,Sneha,Mehta,sneha.mehta4371@example.com,Mumbai,2024-12-09 04:45:15
4372,Vikram,Gupta,vikram.gupta4372@example.com,Mumbai,2025-02-23 09:09:21
4373,Aditya,Iyer,aditya.iyer4373@example.com,Kolkata,2025-03-03 10:32:46
4374,Rahul,Bhat,rahul.bhat4374@example.com,Chennai,2024-10-14 21:33:32
4375,Kavita,Rao,kavita.rao4375@example.com,Surat,2024-11-11 22:38:09
4376,Ananya,Pandey,ananya.pandey4376@example.com,Kolkata,2025-04-05 22:54:00
4377,Rajesh,Iyer,rajesh.iyer4377@example.com,Lucknow,2024-02-10 19:18:59
4378,Vikram,Bhat,vikram.bhat4378@example.com,Lucknow,2025-03-03 09:26:18
4379,Rajesh,Chopra,rajesh.chopra4379@example.com,Mumbai,2024-06-08 00:42:39
4380,Karan,Joshi,karan.joshi4380@example.com,Bangalore,2024-09-20 16:56:45
4381,Priya,Singh,priya.singh4381@example.com,Bangalore,2024-05-12 21:10:00
4382,Rahul,Chopra,rahul.chopra4382@example.com,Hyderabad,2024-07-05 18:57:30
4383,Neha,Reddy,neha.reddy4383@example.com,Mumbai,2024-03-06 18:25:46
4384,Manish,Nair,manish.nair4384@example.com,Kolkata,2025-03-29 10:08:49
4385,Priya,Patel,priya.patel4385@example.com,Chandigarh,2024-03-15 22:10:35
4386,Rahul,Joshi,rahul.joshi4386@example.com,Hyderabad,2025-04-18 06:12:54
4387,Neha,Gupta,neha.gupta4387@example.com,Jaipur,2024-01-11 16:17:12
4388,Rohan,Singh,rohan.singh4388@example.com,Ahmedabad,2024-11-24 18:11:12
4389,Aarav,Patel,aarav.patel4389@example.com,Mumbai,2025-01-19 13:09:03
4390,Deepa,Chopra,deepa.chopra4390@example.com,Delhi,2024-04-07 06:58:19
4391,Rajesh,Chopra,rajesh.chopra4391@example.com,Bangalore,2025-04-10 17:50:56
4392,Divya,Singh,divya.singh4392@example.com,Ahmedabad,2024-07-05 01:56:20
4393,Sunita,Kumar,sunita.kumar4393@example.com,Ahmedabad,2024-04-26 09:02:00
4394,Priya,Joshi,priya.joshi4394@example.com,Chennai,2025-03-20 12:24:06
4395,Ananya,Sharma,ananya.sharma4395@example.com,Pune,2024-01-22 05:05:12
4396,Manish,Pandey,manish.pandey4396@example.com,Surat,2025-03-14 03:30:28
4397,Sunita,Mishra,sunita.mishra4397@example.com,Bangalore,2024-12-12 22:24:06
4398,Aarav,Bose,aarav.bose4398@example.com,Chennai,2025-04-05 15:37:56
4399,Priya,Sharma,priya.sharma4399@example.com,Hyderabad,2024-03-25 04:15:01
4400,Neha,Mehta,neha.mehta4400@example.com,Chandigarh,2024-05-09 21:57:12
4401,Rajesh,Bose,rajesh.bose4401@example.com,Kolkata,2025-04-19 19:03:27
4402,Suresh,Saxena,suresh.saxena4402@example.com,Lucknow,2024-09-09 16:30:37
4403,Deepa,Nair,deepa.nair4403@example.com,Lucknow,2024-05-25 03:12:23
4404,Rahul,Patel,rahul.patel4404@example.com,Hyderabad,2024-07-13 22:11:09
4405,Rohan,Iyer,rohan.iyer4405@example.com,Delhi,2025-01-04 01:19:44
4406,Vikram,Pandey,vikram.pandey4406@example.com,Jaipur,2024-09-24 09:11:11
4407,Priya,Banerjee,priya.banerjee4407@example.com,Chennai,2024-11-10 13:09:39
4408,Rahul,Joshi,rahul.joshi4408@example.com,Kolkata,2024-12-31 00:40:12
4409,Rohan,Mishra,rohan.mishra4409@example.com,Bangalore,2024-04-22 21:30:12
4410,Ananya,Mehta,ananya.mehta4410@example.com,Hyderabad,2024-05-20 13:26:36
4411,Aditya,Mishra,aditya.mishra4411@example.com,Pune,2024-12-14 00:21:03
4412,Divya,Saxena,divya.saxena4412@example.com,Chandigarh,2025-03-02 03:44:28
4413,Rohan,Verma,rohan.verma4413@example.com,Mumbai,2024-11-16 18:40:43
4414,Ananya,Kumar,ananya.kumar4414@example.com,Ahmedabad,2024-05-13 00:56:00
4415,Kavita,Joshi,kavita.joshi4415@example.com,Pune,2025-04-24 09:49:05
4416,Vikram,Mishra,vikram.mishra4416@example.com,Chennai,2025-04-05 12:56:13
4417,Sneha,Pandey,sneha.pandey4417@example.com,Chandigarh,2024-04-15 03:25:20
4418,Rahul,Das,rahul.das4418@example.com,Delhi,2024-11-05 09:36:45
4419,Amit,Sharma,amit.sharma4419@example.com,Lucknow,2024-06-26 11:26:20
4420,Rajesh,Joshi,rajesh.joshi4420@example.com,Delhi,2024-12-08 09:17:38
4421,Rajesh,Mishra,rajesh.mishra4421@example.com,Surat,2025-05-12 06:12:13
4422,Divya,Chopra,divya.chopra4422@example.com,Kolkata,2025-02-04 23:47:14
4423,Rajesh,Singh,rajesh.singh4423@example.com,Bangalore,2024-01-06 06:14:20
4424,Rahul,Singh,rahul.singh4424@example.com,Hyderabad,2024-11-23 19:10:42
4425,Divya,Verma,divya.verma4425@example.com,Lucknow,2024-01-05 11:49:24
4426,Rohan,Banerjee,rohan.banerjee4426@example.com,Chennai,2024-07-15 09:47:08
4427,Divya,Rao,divya.rao4427@example.com,Mumbai,2024-04-05 16:32:02
4428,Rajesh,Singh,rajesh.singh4428@example.com,Hyderabad,2025-01-16 02:31:34
4429,Sunita,Gupta,sunita.gupta4429@example.com,Kolkata,2024-04-10 05:17:34
4430,Neha,Kumar,neha.kumar4430@example.com,Chennai,2024-03-24 14:50:13
4431,Aarav,Singh,aarav.singh4431@example.com,Surat,2024-01-29 01:02:54
4432,Rajesh,Patel,rajesh.patel4432@example.com,Delhi,2024-07-25 04:06:44
4433,Karan,Gupta,karan.gupta4433@example.com,Chandigarh,2024-07-07 18:44:04
4434,Rohan,Nair,rohan.nair4434@example.com,Kolkata,2025-05-01 21:03:16
4435,Kavita,Mehta,kavita.mehta4435@example.com,Delhi,2024-03-22 08:36:47
4436,Rajesh,Chopra,rajesh.chopra4436@example.com,Kolkata,2024-09-23 07:20:43
4437,Pooja,Bhat,pooja.bhat4437@example.com,Jaipur,2025-01-19 13:40:19
4438,Vikram,Gupta,vikram.gupta4438@example.com,Mumbai,2024-07-16 06:48:52
4439,Rohan,Bhat,rohan.bhat4439@example.com,Lucknow,2025-03-30 10:53:11
4440,Vikram,Reddy,vikram.reddy4440@example.com,Pune,2024-01-24 06:59:32
4441,Sneha,Reddy,sneha.reddy4441@example.com,Kolkata,2025-02-26 10:08:58
4442,Sunita,Banerjee,sunita.banerjee4442@example.com,Hyderabad,2024-07-16 19:15:07
4443,Aditya,Verma,aditya.verma4443@example.com,Mumbai,2024-06-09 10:40:23
4444,Vikram,Reddy,vikram.reddy4444@example.com,Bangalore,2024-08-21 17:37:06
4445,Priya,Saxena,priya.saxena4445@example.com,Pune,2025-03-06 11:28:28
4446,Suresh,Banerjee,suresh.banerjee4446@example.com,Pune,2024-05-30 00:59:20
4447,Aarav,Banerjee,aarav.banerjee4447@example.com,Lucknow,2024-12-11 03:18:21
4448,Rohan,Kumar,rohan.kumar4448@example.com,Chennai,2024-07-14 04:50:53
4449,Aditya,Chopra,aditya.chopra4449@example.com,Bangalore,2024-04-14 00:06:47
4450,Suresh,Patel,suresh.patel4450@example.com,Kolkata,2024-02-28 01:31:51
4451,Rahul,Singh,rahul.singh4451@example.com,Delhi,2024-11-14 00:56:38
4452,Ananya,Chopra,ananya.chopra4452@example.com,Surat,2024-07-21 14:23:20
4453,Kavita,Nair,kavita.nair4453@example.com,Surat,2024-03-16 04:43:50
4454,Deepa,Bose,deepa.bose4454@example.com,Bangalore,2025-01-27 05:03:10
4455,Sneha,Singh,sneha.singh4455@example.com,Ahmedabad,2025-01-31 11:53:52
4456,Kavita,Bose,kavita.bose4456@example.com,Kolkata,2024-10-13 17:44:24
4457,Karan,Singh,karan.singh4457@example.com,Chennai,2024-04-06 10:23:36
4458,Sanya,Kumar,sanya.kumar4458@example.com,Jaipur,2024-08-24 17:40:13
4459,Suresh,Bose,suresh.bose4459@example.com,Delhi,2024-07-25 15:39:21
4460,Vikram,Kumar,vikram.kumar4460@example.com,Jaipur,2024-07-14 10:14:26
4461,Priya,Singh,priya.singh4461@example.com,Mumbai,2025-04-06 19:50:59
4462,Pooja,Gupta,pooja.gupta4462@example.com,Delhi,2024-07-27 17:01:52
4463,Deepa,Gupta,deepa.gupta4463@example.com,Chandigarh,2024-02-01 08:34:12
4464,Aarav,Rao,aarav.rao4464@example.com,Surat,2025-02-14 03:22:27
4465,Aditya,Das,aditya.das4465@example.com,Bangalore,2024-10-09 09:18:24
4466,Priya,Sharma,priya.sharma4466@example.com,Kolkata,2024-04-24 02:59:10
4467,Aarav,Mishra,aarav.mishra4467@example.com,Ahmedabad,2025-03-23 10:28:14
4468,Rohan,Patel,rohan.patel4468@example.com,Hyderabad,2024-08-19 07:07:13
4469,Manish,Bhat,manish.bhat4469@example.com,Pune,2024-10-14 08:31:39
4470,Divya,Mishra,divya.mishra4470@example.com,Mumbai,2025-03-12 06:01:42
4471,Aarav,Kumar,aarav.kumar4471@example.com,Delhi,2025-01-06 06:44:03
4472,Rahul,Reddy,rahul.reddy4472@example.com,Pune,2025-03-18 13:41:46
4473,Manish,Singh,manish.singh4473@example.com,Chandigarh,2024-05-29 17:50:22
4474,Rajesh,Mehta,rajesh.mehta4474@example.com,Delhi,2024-10-02 21:11:14
4475,Amit,Bhat,amit.bhat4475@example.com,Mumbai,2024-04-22 17:48:35
4476,Rajesh,Nair,rajesh.nair4476@example.com,Surat,2024-07-19 22:00:44
4477,Divya,Bhat,divya.bhat4477@example.com,Ahmedabad,2025-01-03 02:44:15
4478,Divya,Sharma,divya.sharma4478@example.com,Chennai,2024-04-07 03:25:05
4479,Divya,Das,divya.das4479@example.com,Ahmedabad,2024-10-13 18:15:52
4480,Pooja,Rao,pooja.rao4480@example.com,Hyderabad,2024-11-12 23:10:32
4481,Divya,Bose,divya.bose4481@example.com,Surat,2024-06-07 16:36:53
4482,Suresh,Das,suresh.das4482@example.com,Mumbai,2024-12-27 00:42:31
4483,Pooja,Chopra,pooja.chopra4483@example.com,Hyderabad,2024-12-31 19:55:54
4484,Aditya,Mishra,aditya.mishra4484@example.com,Hyderabad,2024-03-05 12:01:21
4485,Manish,Kumar,manish.kumar4485@example.com,Ahmedabad,2024-01-22 02:22:08
4486,Aditya,Mishra,aditya.mishra4486@example.com,Chennai,2024-07-16 12:58:33
4487,Sneha,Rao,sneha.rao4487@example.com,Chennai,2025-04-10 00:49:34
4488,Neha,Rao,neha.rao4488@example.com,Mumbai,2024-09-22 15:43:08
4489,Sanya,Pandey,sanya.pandey4489@example.com,Surat,2024-09-09 03:37:13
4490,Rahul,Joshi,rahul.joshi4490@example.com,Jaipur,2024-02-14 12:51:24
4491,Rajesh,Patel,rajesh.patel4491@example.com,Chennai,2025-03-17 07:36:29
4492,Divya,Kumar,divya.kumar4492@example.com,Jaipur,2024-08-17 00:24:08
4493,Neha,Reddy,neha.reddy4493@example.com,Bangalore,2025-02-17 23:46:48
4494,Karan,Verma,karan.verma4494@example.com,Delhi,2024-11-11 10:11:28
4495,Divya,Sharma,divya.sharma4495@example.com,Chennai,2024-04-09 09:50:03
4496,Rajesh,Mehta,rajesh.mehta4496@example.com,Surat,2024-05-18 19:19:08
4497,Aarav,Singh,aarav.singh4497@example.com,Bangalore,2025-03-26 15:00:06
4498,Deepa,Sharma,deepa.sharma4498@example.com,Kolkata,2025-03-26 11:25:01
4499,Pooja,Singh,pooja.singh4499@example.com,Chennai,2024-01-16 01:14:53
4500,Aarav,Pandey,aarav.pandey4500@example.com,Ahmedabad,2025-03-06 17:20:48
4501,Priya,Gupta,priya.gupta4501@example.com,Delhi,2024-05-09 15:47:07
4502,Manish,Chopra,manish.chopra4502@example.com,Kolkata,2025-02-10 10:51:27
4503,Sunita,Mishra,sunita.mishra4503@example.com,Mumbai,2025-05-07 20:11:14
4504,Rajesh,Rao,rajesh.rao4504@example.com,Ahmedabad,2024-12-23 01:07:19
4505,Rohan,Joshi,rohan.joshi4505@example.com,Jaipur,2025-03-17 15:59:06
4506,Rajesh,Verma,rajesh.verma4506@example.com,Hyderabad,2024-07-19 16:54:30
4507,Ananya,Pandey,ananya.pandey4507@example.com,Bangalore,2024-04-23 02:52:55
4508,Vikram,Mishra,vikram.mishra4508@example.com,Kolkata,2024-04-04 13:15:44
4509,Manish,Iyer,manish.iyer4509@example.com,Chennai,2024-03-24 17:42:57
4510,Vikram,Verma,vikram.verma4510@example.com,Hyderabad,2024-09-30 11:01:27
4511,Karan,Patel,karan.patel4511@example.com,Delhi,2025-02-11 21:30:33
4512,Aarav,Kumar,aarav.kumar4512@example.com,Ahmedabad,2024-09-19 22:34:03
4513,Divya,Sharma,divya.sharma4513@example.com,Jaipur,2024-05-16 18:47:31
4514,Rohan,Sharma,rohan.sharma4514@example.com,Surat,2024-02-21 07:42:06
4515,Amit,Saxena,amit.saxena4515@example.com,Lucknow,2025-05-14 02:47:19
4516,Rohan,Das,rohan.das4516@example.com,Jaipur,2024-10-10 15:45:24
4517,Ananya,Rao,ananya.rao4517@example.com,Delhi,2024-10-16 23:54:36
4518,Pooja,Mishra,pooja.mishra4518@example.com,Mumbai,2025-03-16 12:30:13
4519,Aditya,Verma,aditya.verma4519@example.com,Surat,2024-02-26 04:05:53
4520,Karan,Mishra,karan.mishra4520@example.com,Jaipur,2024-07-10 14:51:16
4521,Priya,Iyer,priya.iyer4521@example.com,Kolkata,2024-03-26 14:57:11
4522,Priya,Reddy,priya.reddy4522@example.com,Ahmedabad,2024-10-14 12:05:12
4523,Manish,Nair,manish.nair4523@example.com,Chennai,2025-01-12 08:49:03
4524,Ananya,Rao,ananya.rao4524@example.com,Surat,2024-05-28 05:52:05
4525,Sneha,Bose,sneha.bose4525@example.com,Chennai,2024-03-10 03:56:30
4526,Suresh,Mehta,suresh.mehta4526@example.com,Mumbai,2024-02-22 17:47:05
4527,Rohan,Joshi,rohan.joshi4527@example.com,Ahmedabad,2024-04-29 06:07:24
4528,Aditya,Banerjee,aditya.banerjee4528@example.com,Ahmedabad,2024-06-30 21:34:47
4529,Kavita,Pandey,kavita.pandey4529@example.com,Pune,2024-10-18 20:28:49
4530,Karan,Mishra,karan.mishra4530@example.com,Jaipur,2024-12-10 06:37:26
4531,Pooja,Banerjee,pooja.banerjee4531@example.com,Bangalore,2025-02-11 21:05:41
4532,Vikram,Nair,vikram.nair4532@example.com,Chennai,2024-06-01 17:39:52
4533,Pooja,Singh,pooja.singh4533@example.com,Kolkata,2025-04-28 05:38:37
4534,Kavita,Gupta,kavita.gupta4534@example.com,Bangalore,2024-02-23 20:20:49
4535,Aditya,Pandey,aditya.pandey4535@example.com,Pune,2024-09-08 07:45:38
4536,Sneha,Chopra,sneha.chopra4536@example.com,Bangalore,2025-02-09 22:18:47
4537,Manish,Iyer,manish.iyer4537@example.com,Chandigarh,2024-09-04 06:42:09
4538,Aditya,Sharma,aditya.sharma4538@example.com,Chandigarh,2024-03-13 14:08:08
4539,Sunita,Patel,sunita.patel4539@example.com,Kolkata,2025-02-13 22:11:36
4540,Manish,Rao,manish.rao4540@example.com,Delhi,2025-01-16 01:57:14
4541,Kavita,Das,kavita.das4541@example.com,Chennai,2024-08-27 14:11:58
4542,Rahul,Joshi,rahul.joshi4542@example.com,Jaipur,2024-06-20 06:56:08
4543,Amit,Rao,amit.rao4543@example.com,Delhi,2024-05-31 05:43:41
4544,Manish,Iyer,manish.iyer4544@example.com,Ahmedabad,2024-01-10 12:23:19
4545,Kavita,Rao,kavita.rao4545@example.com,Kolkata,2024-08-16 19:17:32
4546,Rahul,Sharma,rahul.sharma4546@example.com,Lucknow,2024-08-16 23:09:32
4547,Divya,Iyer,divya.iyer4547@example.com,Lucknow,2024-02-13 21:19:50
4548,Kavita,Kumar,kavita.kumar4548@example.com,Kolkata,2024-04-26 18:48:49
4549,Aditya,Banerjee,aditya.banerjee4549@example.com,Chennai,2024-07-18 18:46:21
4550,Rajesh,Singh,rajesh.singh4550@example.com,Jaipur,2024-09-30 13:36:23
4551,Sunita,Rao,sunita.rao4551@example.com,Bangalore,2024-05-20 02:21:23
4552,Sanya,Pandey,sanya.pandey4552@example.com,Chandigarh,2024-11-06 03:06:12
4553,Sunita,Bose,sunita.bose4553@example.com,Kolkata,2024-03-28 19:50:27
4554,Neha,Kumar,neha.kumar4554@example.com,Chennai,2024-02-15 11:00:42
4555,Vikram,Gupta,vikram.gupta4555@example.com,Chandigarh,2025-05-12 11:44:20
4556,Manish,Saxena,manish.saxena4556@example.com,Mumbai,2025-01-30 09:25:18
4557,Divya,Nair,divya.nair4557@example.com,Surat,2024-08-30 17:37:38
4558,Manish,Iyer,manish.iyer4558@example.com,Chandigarh,2024-11-07 02:25:34
4559,Vikram,Pandey,vikram.pandey4559@example.com,Mumbai,2025-02-20 18:42:18
4560,Vikram,Saxena,vikram.saxena4560@example.com,Mumbai,2024-04-07 21:26:02
4561,Manish,Pandey,manish.pandey4561@example.com,Hyderabad,2024-12-22 02:31:07
4562,Aditya,Mishra,aditya.mishra4562@example.com,Mumbai,2025-02-08 22:11:23
4563,Amit,Gupta,amit.gupta4563@example.com,Pune,2024-02-25 18:14:06
4564,Rahul,Reddy,rahul.reddy4564@example.com,Mumbai,2024-08-01 12:10:47
4565,Sunita,Reddy,sunita.reddy4565@example.com,Lucknow,2024-08-21 19:05:55
4566,Neha,Singh,neha.singh4566@example.com,Pune,2025-04-10 16:30:19
4567,Rahul,Das,rahul.das4567@example.com,Delhi,2024-12-16 08:49:16
4568,Aarav,Joshi,aarav.joshi4568@example.com,Chennai,2024-05-15 09:31:03
4569,Amit,Patel,amit.patel4569@example.com,Pune,2025-02-17 15:01:24
4570,Priya,Mishra,priya.mishra4570@example.com,Kolkata,2024-06-19 05:30:21
4571,Suresh,Bose,suresh.bose4571@example.com,Chennai,2024-12-29 06:11:26
4572,Sanya,Pandey,sanya.pandey4572@example.com,Lucknow,2024-11-03 02:57:32
4573,Suresh,Banerjee,suresh.banerjee4573@example.com,Hyderabad,2024-09-06 20:25:06
4574,Vikram,Sharma,vikram.sharma4574@example.com,Pune,2024-05-24 03:02:03
4575,Divya,Verma,divya.verma4575@example.com,Jaipur,2024-08-20 22:03:15
4576,Manish,Sharma,manish.sharma4576@example.com,Chandigarh,2024-12-20 12:15:03
4577,Aarav,Mehta,aarav.mehta4577@example.com,Surat,2025-03-31 18:08:08
4578,Karan,Verma,karan.verma4578@example.com,Pune,2024-11-08 04:03:33
4579,Aditya,Sharma,aditya.sharma4579@example.com,Ahmedabad,2025-01-21 12:12:09
4580,Sunita,Verma,sunita.verma4580@example.com,Chandigarh,2025-01-23 12:48:48
4581,Rohan,Kumar,rohan.kumar4581@example.com,Kolkata,2024-09-12 08:32:40
4582,Manish,Mehta,manish.mehta4582@example.com,Mumbai,2024-05-30 17:36:09
4583,Sanya,Reddy,sanya.reddy4583@example.com,Kolkata,2025-02-11 09:13:30
4584,Sanya,Singh,sanya.singh4584@example.com,Chennai,2024-10-08 22:51:53
4585,Kavita,Saxena,kavita.saxena4585@example.com,Chennai,2025-03-08 00:24:51
4586,Sunita,Iyer,sunita.iyer4586@example.com,Jaipur,2025-04-26 23:57:54
4587,Manish,Kumar,manish.kumar4587@example.com,Chandigarh,2024-12-21 20:53:42
4588,Deepa,Mehta,deepa.mehta4588@example.com,Chennai,2025-01-02 13:32:33
4589,Ananya,Mishra,ananya.mishra4589@example.com,Kolkata,2024-09-22 14:35:22
4590,Rohan,Das,rohan.das4590@example.com,Mumbai,2024-02-11 13:04:56
4591,Amit,Pandey,amit.pandey4591@example.com,Hyderabad,2024-08-11 18:06:25
4592,Aarav,Bose,aarav.bose4592@example.com,Ahmedabad,2024-12-25 12:24:10
4593,Aditya,Rao,aditya.rao4593@example.com,Mumbai,2025-01-26 20:31:14
4594,Suresh,Banerjee,suresh.banerjee4594@example.com,Jaipur,2024-09-09 05:19:37
4595,Aarav,Joshi,aarav.joshi4595@example.com,Kolkata,2024-06-25 10:56:44
4596,Rahul,Saxena,rahul.saxena4596@example.com,Chennai,2025-02-12 02:24:30
4597,Vikram,Singh,vikram.singh4597@example.com,Bangalore,2025-04-22 17:44:37
4598,Kavita,Bhat,kavita.bhat4598@example.com,Pune,2025-04-13 00:39:50
4599,Pooja,Kumar,pooja.kumar4599@example.com,Ahmedabad,2024-10-20 03:03:29
4600,Aarav,Iyer,aarav.iyer4600@example.com,Kolkata,2024-09-30 19:30:47
4601,Rajesh,Verma,rajesh.verma4601@example.com,Hyderabad,2024-10-10 01:07:35
4602,Rohan,Bhat,rohan.bhat4602@example.com,Pune,2025-03-11 02:31:53
4603,Vikram,Reddy,vikram.reddy4603@example.com,Bangalore,2024-08-14 12:53:26
4604,Sunita,Chopra,sunita.chopra4604@example.com,Pune,2024-01-28 18:41:37
4605,Karan,Patel,karan.patel4605@example.com,Mumbai,2025-04-14 05:38:03
4606,Rahul,Bose,rahul.bose4606@example.com,Surat,2024-04-06 12:59:56
4607,Vikram,Iyer,vikram.iyer4607@example.com,Bangalore,2024-07-14 08:12:03
4608,Divya,Sharma,divya.sharma4608@example.com,Mumbai,2025-05-09 18:40:03
4609,Neha,Rao,neha.rao4609@example.com,Pune,2024-12-04 06:13:08
4610,Kavita,Mehta,kavita.mehta4610@example.com,Jaipur,2025-03-29 03:26:58
4611,Pooja,Kumar,pooja.kumar4611@example.com,Chandigarh,2024-10-10 05:00:05
4612,Rohan,Iyer,rohan.iyer4612@example.com,Chennai,2024-07-30 17:40:16
4613,Vikram,Pandey,vikram.pandey4613@example.com,Hyderabad,2024-04-04 14:27:37
4614,Ananya,Patel,ananya.patel4614@example.com,Jaipur,2024-08-01 13:53:27
4615,Sunita,Patel,sunita.patel4615@example.com,Pune,2024-07-15 06:05:13
4616,Karan,Das,karan.das4616@example.com,Ahmedabad,2025-02-10 13:31:37
4617,Ananya,Joshi,ananya.joshi4617@example.com,Chennai,2025-02-04 10:52:57
4618,Rajesh,Mishra,rajesh.mishra4618@example.com,Pune,2025-02-06 12:08:58
4619,Manish,Gupta,manish.gupta4619@example.com,Surat,2024-09-26 12:19:47
4620,Manish,Reddy,manish.reddy4620@example.com,Kolkata,2024-11-11 09:28:11
4621,Divya,Joshi,divya.joshi4621@example.com,Ahmedabad,2024-12-05 00:34:22
4622,Manish,Rao,manish.rao4622@example.com,Lucknow,2024-07-04 08:31:08
4623,Divya,Saxena,divya.saxena4623@example.com,Ahmedabad,2024-03-13 18:16:17
4624,Ananya,Patel,ananya.patel4624@example.com,Pune,2024-07-02 05:46:32
4625,Priya,Saxena,priya.saxena4625@example.com,Jaipur,2024-09-17 03:03:00
4626,Suresh,Banerjee,suresh.banerjee4626@example.com,Jaipur,2024-12-06 13:45:32
4627,Manish,Mishra,manish.mishra4627@example.com,Kolkata,2024-05-13 03:18:25
4628,Neha,Das,neha.das4628@example.com,Hyderabad,2024-11-20 10:14:08
4629,Kavita,Mishra,kavita.mishra4629@example.com,Surat,2024-02-15 20:15:57
4630,Karan,Mishra,karan.mishra4630@example.com,Ahmedabad,2025-03-21 01:10:23
4631,Divya,Gupta,divya.gupta4631@example.com,Kolkata,2024-01-08 05:25:05
4632,Manish,Das,manish.das4632@example.com,Chandigarh,2024-02-17 11:19:48
4633,Sanya,Gupta,sanya.gupta4633@example.com,Delhi,2025-01-10 11:16:09
4634,Ananya,Iyer,ananya.iyer4634@example.com,Surat,2024-08-05 13:50:58
4635,Divya,Patel,divya.patel4635@example.com,Pune,2024-07-17 02:44:35
4636,Kavita,Verma,kavita.verma4636@example.com,Mumbai,2024-08-31 13:51:16
4637,Priya,Verma,priya.verma4637@example.com,Lucknow,2024-04-23 20:47:05
4638,Kavita,Verma,kavita.verma4638@example.com,Chandigarh,2025-02-06 17:51:28
4639,Amit,Verma,amit.verma4639@example.com,Jaipur,2025-03-30 17:17:21
4640,Aditya,Bhat,aditya.bhat4640@example.com,Hyderabad,2024-10-14 11:56:46
4641,Karan,Bose,karan.bose4641@example.com,Delhi,2024-04-10 21:40:16
4642,Amit,Mishra,amit.mishra4642@example.com,Ahmedabad,2024-08-29 19:13:49
4643,Neha,Das,neha.das4643@example.com,Mumbai,2025-03-29 14:59:21
4644,Deepa,Bhat,deepa.bhat4644@example.com,Hyderabad,2024-09-27 14:45:19
4645,Aarav,Mehta,aarav.mehta4645@example.com,Hyderabad,2024-01-07 18:54:02
4646,Rahul,Kumar,rahul.kumar4646@example.com,Chandigarh,2024-11-26 14:22:37
4647,Pooja,Iyer,pooja.iyer4647@example.com,Kolkata,2024-10-11 13:23:13
4648,Rahul,Bhat,rahul.bhat4648@example.com,Chennai,2024-01-13 15:17:07
4649,Karan,Iyer,karan.iyer4649@example.com,Chandigarh,2024-02-27 20:13:00
4650,Rahul,Rao,rahul.rao4650@example.com,Delhi,2024-09-14 02:44:50
4651,Karan,Reddy,karan.reddy4651@example.com,Lucknow,2025-05-09 19:17:01
4652,Aditya,Iyer,aditya.iyer4652@example.com,Chandigarh,2024-02-07 19:50:40
4653,Priya,Bose,priya.bose4653@example.com,Bangalore,2024-02-12 19:28:33
4654,Rajesh,Sharma,rajesh.sharma4654@example.com,Hyderabad,2024-10-17 17:22:39
4655,Divya,Joshi,divya.joshi4655@example.com,Kolkata,2025-01-05 02:46:23
4656,Aarav,Banerjee,aarav.banerjee4656@example.com,Jaipur,2025-05-14 13:16:42
4657,Rahul,Bose,rahul.bose4657@example.com,Delhi,2024-12-22 14:09:42
4658,Priya,Kumar,priya.kumar4658@example.com,Kolkata,2024-01-09 23:39:08
4659,Divya,Reddy,divya.reddy4659@example.com,Pune,2024-02-06 06:36:21
4660,Pooja,Chopra,pooja.chopra4660@example.com,Mumbai,2025-04-24 02:02:46
4661,Priya,Saxena,priya.saxena4661@example.com,Bangalore,2024-05-01 12:25:45
4662,Neha,Rao,neha.rao4662@example.com,Bangalore,2024-11-30 17:30:58
4663,Amit,Mishra,amit.mishra4663@example.com,Kolkata,2024-12-10 22:26:27
4664,Deepa,Banerjee,deepa.banerjee4664@example.com,Pune,2024-02-16 00:40:49
4665,Ananya,Bose,ananya.bose4665@example.com,Delhi,2024-02-02 03:22:13
4666,Rahul,Saxena,rahul.saxena4666@example.com,Pune,2024-03-17 22:12:02
4667,Aarav,Nair,aarav.nair4667@example.com,Surat,2025-02-24 08:29:03
4668,Neha,Saxena,neha.saxena4668@example.com,Mumbai,2025-05-01 07:31:27
4669,Deepa,Banerjee,deepa.banerjee4669@example.com,Kolkata,2024-11-25 14:01:46
4670,Deepa,Pandey,deepa.pandey4670@example.com,Pune,2024-03-04 22:35:28
4671,Divya,Singh,divya.singh4671@example.com,Mumbai,2025-05-11 14:36:46
4672,Ananya,Bhat,ananya.bhat4672@example.com,Kolkata,2024-01-17 14:32:59
4673,Rohan,Das,rohan.das4673@example.com,Chennai,2025-05-12 10:43:16
4674,Aarav,Chopra,aarav.chopra4674@example.com,Chennai,2024-10-15 07:32:21
4675,Manish,Das,manish.das4675@example.com,Mumbai,2024-02-02 10:03:52
4676,Suresh,Saxena,suresh.saxena4676@example.com,Chennai,2024-04-11 19:26:57
4677,Rajesh,Bhat,rajesh.bhat4677@example.com,Lucknow,2024-07-31 21:39:38
4678,Karan,Nair,karan.nair4678@example.com,Chennai,2024-11-23 06:15:23
4679,Aditya,Singh,aditya.singh4679@example.com,Bangalore,2024-02-04 21:04:07
4680,Sneha,Pandey,sneha.pandey4680@example.com,Surat,2024-10-30 07:04:06
4681,Karan,Verma,karan.verma4681@example.com,Ahmedabad,2024-05-14 03:44:07
4682,Divya,Bose,divya.bose4682@example.com,Lucknow,2024-09-29 23:41:00
4683,Rahul,Das,rahul.das4683@example.com,Chennai,2025-02-06 14:43:23
4684,Sneha,Bose,sneha.bose4684@example.com,Jaipur,2024-06-04 23:18:51
4685,Sneha,Pandey,sneha.pandey4685@example.com,Pune,2024-03-30 12:48:26
4686,Aarav,Bhat,aarav.bhat4686@example.com,Bangalore,2025-04-29 17:40:54
4687,Sunita,Patel,sunita.patel4687@example.com,Pune,2025-05-15 09:07:42
4688,Ananya,Patel,ananya.patel4688@example.com,Bangalore,2025-03-14 03:13:33
4689,Divya,Patel,divya.patel4689@example.com,Hyderabad,2024-06-15 18:05:32
4690,Rahul,Bose,rahul.bose4690@example.com,Pune,2025-05-03 13:38:59
4691,Aditya,Sharma,aditya.sharma4691@example.com,Hyderabad,2025-05-14 06:32:41
4692,Vikram,Iyer,vikram.iyer4692@example.com,Hyderabad,2024-08-19 08:35:01
4693,Karan,Joshi,karan.joshi4693@example.com,Ahmedabad,2024-05-01 15:06:14
4694,Kavita,Iyer,kavita.iyer4694@example.com,Chandigarh,2025-03-16 16:33:32
4695,Ananya,Chopra,ananya.chopra4695@example.com,Pune,2024-08-05 19:40:29
4696,Ananya,Bose,ananya.bose4696@example.com,Ahmedabad,2025-04-05 22:40:07
4697,Pooja,Chopra,pooja.chopra4697@example.com,Mumbai,2024-09-13 14:25:44
4698,Aditya,Gupta,aditya.gupta4698@example.com,Surat,2024-10-06 11:36:16
4699,Karan,Pandey,karan.pandey4699@example.com,Ahmedabad,2024-01-29 16:40:28
4700,Sneha,Rao,sneha.rao4700@example.com,Delhi,2024-08-10 11:10:59
4701,Vikram,Das,vikram.das4701@example.com,Ahmedabad,2024-07-16 04:14:06
4702,Kavita,Mishra,kavita.mishra4702@example.com,Chandigarh,2024-03-07 11:26:55
4703,Sanya,Rao,sanya.rao4703@example.com,Mumbai,2024-10-10 04:27:46
4704,Divya,Saxena,divya.saxena4704@example.com,Ahmedabad,2024-01-05 12:38:52
4705,Amit,Bhat,amit.bhat4705@example.com,Hyderabad,2024-01-21 06:15:26
4706,Deepa,Chopra,deepa.chopra4706@example.com,Delhi,2024-09-03 11:58:12
4707,Sunita,Das,sunita.das4707@example.com,Lucknow,2025-02-02 08:08:46
4708,Kavita,Verma,kavita.verma4708@example.com,Hyderabad,2024-11-05 23:07:04
4709,Priya,Mehta,priya.mehta4709@example.com,Mumbai,2024-07-18 23:55:15
4710,Divya,Patel,divya.patel4710@example.com,Ahmedabad,2024-08-07 22:45:32
4711,Karan,Chopra,karan.chopra4711@example.com,Ahmedabad,2024-06-05 17:05:35
4712,Amit,Mishra,amit.mishra4712@example.com,Mumbai,2024-04-30 14:39:32
4713,Aarav,Kumar,aarav.kumar4713@example.com,Ahmedabad,2024-12-28 08:27:39
4714,Sunita,Rao,sunita.rao4714@example.com,Pune,2024-07-23 02:08:21
4715,Karan,Singh,karan.singh4715@example.com,Chennai,2024-11-03 16:57:36
4716,Divya,Rao,divya.rao4716@example.com,Delhi,2024-03-23 16:42:57
4717,Deepa,Mishra,deepa.mishra4717@example.com,Chandigarh,2025-02-19 21:09:24
4718,Ananya,Verma,ananya.verma4718@example.com,Lucknow,2024-08-13 04:46:36
4719,Aditya,Sharma,aditya.sharma4719@example.com,Chennai,2024-04-18 05:10:17
4720,Suresh,Bose,suresh.bose4720@example.com,Chandigarh,2024-05-05 16:16:03
4721,Rohan,Banerjee,rohan.banerjee4721@example.com,Hyderabad,2024-05-03 22:07:23
4722,Vikram,Mehta,vikram.mehta4722@example.com,Kolkata,2025-04-23 15:27:12
4723,Rohan,Bose,rohan.bose4723@example.com,Chandigarh,2025-03-08 19:09:34
4724,Priya,Bhat,priya.bhat4724@example.com,Jaipur,2024-08-05 01:43:34
4725,Vikram,Iyer,vikram.iyer4725@example.com,Delhi,2024-05-06 05:14:41
4726,Sneha,Mehta,sneha.mehta4726@example.com,Lucknow,2024-11-24 19:22:10
4727,Manish,Verma,manish.verma4727@example.com,Pune,2024-01-31 01:44:54
4728,Sneha,Joshi,sneha.joshi4728@example.com,Lucknow,2024-05-11 17:45:12
4729,Divya,Joshi,divya.joshi4729@example.com,Kolkata,2024-06-10 04:32:13
4730,Priya,Mehta,priya.mehta4730@example.com,Ahmedabad,2024-08-29 21:12:42
4731,Aditya,Bose,aditya.bose4731@example.com,Bangalore,2024-12-18 14:17:56
4732,Aarav,Rao,aarav.rao4732@example.com,Ahmedabad,2025-05-10 04:29:05
4733,Sanya,Saxena,sanya.saxena4733@example.com,Kolkata,2025-03-25 01:22:27
4734,Pooja,Singh,pooja.singh4734@example.com,Delhi,2024-03-01 09:11:02
4735,Kavita,Verma,kavita.verma4735@example.com,Surat,2024-08-12 00:38:35
4736,Sanya,Joshi,sanya.joshi4736@example.com,Mumbai,2024-10-21 19:36:48
4737,Sneha,Kumar,sneha.kumar4737@example.com,Mumbai,2024-07-17 04:04:28
4738,Vikram,Reddy,vikram.reddy4738@example.com,Mumbai,2025-01-19 14:14:12
4739,Sneha,Chopra,sneha.chopra4739@example.com,Ahmedabad,2025-02-06 17:25:41
4740,Aarav,Pandey,aarav.pandey4740@example.com,Jaipur,2024-12-30 10:18:50
4741,Sanya,Rao,sanya.rao4741@example.com,Chennai,2024-06-03 08:42:05
4742,Rohan,Patel,rohan.patel4742@example.com,Bangalore,2024-09-25 13:29:06
4743,Divya,Nair,divya.nair4743@example.com,Hyderabad,2024-02-14 07:58:23
4744,Deepa,Bose,deepa.bose4744@example.com,Jaipur,2025-03-01 17:42:05
4745,Karan,Bose,karan.bose4745@example.com,Ahmedabad,2024-08-22 14:51:19
4746,Sneha,Gupta,sneha.gupta4746@example.com,Kolkata,2024-05-21 15:59:11
4747,Aditya,Iyer,aditya.iyer4747@example.com,Jaipur,2024-05-04 23:09:52
4748,Kavita,Mishra,kavita.mishra4748@example.com,Hyderabad,2024-10-20 14:58:48
4749,Priya,Bhat,priya.bhat4749@example.com,Surat,2024-02-09 01:43:27
4750,Rajesh,Gupta,rajesh.gupta4750@example.com,Kolkata,2025-03-05 01:36:00
4751,Rohan,Pandey,rohan.pandey4751@example.com,Surat,2024-04-11 04:23:21
4752,Deepa,Bhat,deepa.bhat4752@example.com,Kolkata,2024-12-28 20:54:54
4753,Pooja,Gupta,pooja.gupta4753@example.com,Ahmedabad,2024-04-17 13:24:18
4754,Rohan,Chopra,rohan.chopra4754@example.com,Mumbai,2024-12-10 05:08:08
4755,Deepa,Nair,deepa.nair4755@example.com,Kolkata,2025-03-26 17:31:36
4756,Suresh,Reddy,suresh.reddy4756@example.com,Kolkata,2024-08-27 20:53:03
4757,Sunita,Reddy,sunita.reddy4757@example.com,Bangalore,2024-12-12 05:23:43
4758,Neha,Banerjee,neha.banerjee4758@example.com,Kolkata,2024-05-13 20:22:10
4759,Sneha,Das,sneha.das4759@example.com,Lucknow,2024-08-05 23:52:32
4760,Amit,Gupta,amit.gupta4760@example.com,Delhi,2024-12-22 08:06:01
4761,Sunita,Nair,sunita.nair4761@example.com,Mumbai,2024-02-02 15:10:01
4762,Pooja,Banerjee,pooja.banerjee4762@example.com,Chandigarh,2024-08-11 10:45:08
4763,Aarav,Sharma,aarav.sharma4763@example.com,Mumbai,2024-05-07 10:58:43
4764,Amit,Banerjee,amit.banerjee4764@example.com,Chandigarh,2024-04-18 13:19:01
4765,Sneha,Joshi,sneha.joshi4765@example.com,Ahmedabad,2024-06-18 06:47:27
4766,Rajesh,Das,rajesh.das4766@example.com,Chennai,2024-03-16 06:33:50
4767,Ananya,Das,ananya.das4767@example.com,Hyderabad,2024-02-27 15:02:05
4768,Suresh,Reddy,suresh.reddy4768@example.com,Jaipur,2025-01-11 04:46:52
4769,Sanya,Verma,sanya.verma4769@example.com,Chandigarh,2024-08-23 22:05:12
4770,Aditya,Kumar,aditya.kumar4770@example.com,Jaipur,2025-02-21 19:33:01
4771,Aarav,Mehta,aarav.mehta4771@example.com,Chennai,2024-11-20 04:57:50
4772,Vikram,Saxena,vikram.saxena4772@example.com,Delhi,2025-01-25 16:25:05
4773,Ananya,Joshi,ananya.joshi4773@example.com,Hyderabad,2024-01-24 08:56:27
4774,Kavita,Pandey,kavita.pandey4774@example.com,Surat,2024-11-17 06:09:30
4775,Rohan,Mehta,rohan.mehta4775@example.com,Kolkata,2024-03-03 12:19:34
4776,Rahul,Chopra,rahul.chopra4776@example.com,Ahmedabad,2024-04-03 15:13:42
4777,Deepa,Reddy,deepa.reddy4777@example.com,Delhi,2024-03-23 15:09:53
4778,Rohan,Joshi,rohan.joshi4778@example.com,Bangalore,2024-02-29 05:30:37
4779,Aarav,Sharma,aarav.sharma4779@example.com,Surat,2024-05-11 04:03:38
4780,Rahul,Joshi,rahul.joshi4780@example.com,Bangalore,2025-05-02 21:16:36
4781,Sanya,Bose,sanya.bose4781@example.com,Bangalore,2025-04-10 10:03:21
4782,Neha,Singh,neha.singh4782@example.com,Lucknow,2024-08-03 06:15:28
4783,Amit,Bose,amit.bose4783@example.com,Lucknow,2024-01-26 02:54:44
4784,Pooja,Das,pooja.das4784@example.com,Delhi,2025-03-01 10:55:35
4785,Priya,Sharma,priya.sharma4785@example.com,Pune,2024-01-21 01:09:04
4786,Sanya,Singh,sanya.singh4786@example.com,Lucknow,2025-01-15 01:03:11
4787,Rajesh,Bhat,rajesh.bhat4787@example.com,Lucknow,2024-06-23 01:07:14
4788,Sneha,Bhat,sneha.bhat4788@example.com,Lucknow,2024-03-13 05:46:39
4789,Sanya,Kumar,sanya.kumar4789@example.com,Surat,2024-09-13 00:20:10
4790,Amit,Mishra,amit.mishra4790@example.com,Chandigarh,2024-02-01 21:46:19
4791,Divya,Joshi,divya.joshi4791@example.com,Chennai,2024-09-01 08:55:39
4792,Ananya,Joshi,ananya.joshi4792@example.com,Delhi,2024-01-22 23:31:24
4793,Aarav,Banerjee,aarav.banerjee4793@example.com,Delhi,2024-05-08 09:19:09
4794,Divya,Pandey,divya.pandey4794@example.com,Lucknow,2024-02-13 06:54:32
4795,Aarav,Pandey,aarav.pandey4795@example.com,Hyderabad,2024-09-19 04:17:11
4796,Suresh,Banerjee,suresh.banerjee4796@example.com,Pune,2024-01-08 14:10:24
4797,Rahul,Mishra,rahul.mishra4797@example.com,Chandigarh,2024-05-26 22:15:12
4798,Rahul,Rao,rahul.rao4798@example.com,Chandigarh,2025-03-14 08:28:37
4799,Vikram,Reddy,vikram.reddy4799@example.com,Jaipur,2024-09-30 02:13:50
4800,Rajesh,Nair,rajesh.nair4800@example.com,Chandigarh,2024-08-04 05:06:27
4801,Pooja,Nair,pooja.nair4801@example.com,Chandigarh,2024-02-29 00:09:38
4802,Neha,Iyer,neha.iyer4802@example.com,Delhi,2024-12-08 14:59:32
4803,Ananya,Saxena,ananya.saxena4803@example.com,Lucknow,2025-01-23 05:28:46
4804,Rajesh,Joshi,rajesh.joshi4804@example.com,Lucknow,2024-01-20 13:11:54
4805,Amit,Banerjee,amit.banerjee4805@example.com,Jaipur,2024-10-08 05:29:02
4806,Sanya,Chopra,sanya.chopra4806@example.com,Mumbai,2025-04-26 05:15:23
4807,Aditya,Bhat,aditya.bhat4807@example.com,Kolkata,2024-03-20 02:43:18
4808,Rajesh,Sharma,rajesh.sharma4808@example.com,Mumbai,2024-08-28 21:21:57
4809,Priya,Bose,priya.bose4809@example.com,Bangalore,2024-09-17 23:14:09
4810,Rohan,Nair,rohan.nair4810@example.com,Surat,2024-01-11 02:27:31
4811,Sunita,Bose,sunita.bose4811@example.com,Chandigarh,2024-02-06 03:40:46
4812,Amit,Kumar,amit.kumar4812@example.com,Chandigarh,2024-03-12 05:31:10
4813,Pooja,Iyer,pooja.iyer4813@example.com,Delhi,2024-02-29 01:04:47
4814,Deepa,Singh,deepa.singh4814@example.com,Lucknow,2025-05-05 10:54:39
4815,Sanya,Reddy,sanya.reddy4815@example.com,Lucknow,2024-11-10 20:52:02
4816,Rajesh,Pandey,rajesh.pandey4816@example.com,Delhi,2024-12-11 21:56:11
4817,Suresh,Banerjee,suresh.banerjee4817@example.com,Pune,2024-05-25 04:41:54
4818,Suresh,Das,suresh.das4818@example.com,Pune,2024-10-23 08:42:20
4819,Sunita,Mehta,sunita.mehta4819@example.com,Chennai,2025-01-16 01:43:25
4820,Suresh,Sharma,suresh.sharma4820@example.com,Delhi,2024-04-29 17:19:05
4821,Ananya,Joshi,ananya.joshi4821@example.com,Kolkata,2024-08-24 18:43:32
4822,Priya,Pandey,priya.pandey4822@example.com,Surat,2024-11-16 12:39:14
4823,Suresh,Saxena,suresh.saxena4823@example.com,Lucknow,2024-08-01 02:34:33
4824,Sneha,Bhat,sneha.bhat4824@example.com,Pune,2024-04-08 11:54:37
4825,Divya,Bhat,divya.bhat4825@example.com,Chennai,2024-03-08 01:28:32
4826,Ananya,Pandey,ananya.pandey4826@example.com,Surat,2025-03-12 20:25:42
4827,Divya,Singh,divya.singh4827@example.com,Ahmedabad,2024-03-24 03:25:23
4828,Sanya,Gupta,sanya.gupta4828@example.com,Bangalore,2025-05-03 15:41:55
4829,Rahul,Bhat,rahul.bhat4829@example.com,Delhi,2025-02-06 04:42:52
4830,Sunita,Verma,sunita.verma4830@example.com,Surat,2024-01-21 12:54:11
4831,Ananya,Pandey,ananya.pandey4831@example.com,Ahmedabad,2025-03-30 18:29:21
4832,Rohan,Patel,rohan.patel4832@example.com,Pune,2024-06-11 16:10:12
4833,Priya,Banerjee,priya.banerjee4833@example.com,Bangalore,2024-03-02 07:20:50
4834,Neha,Mishra,neha.mishra4834@example.com,Pune,2025-01-21 10:20:48
4835,Sunita,Chopra,sunita.chopra4835@example.com,Ahmedabad,2025-03-13 04:37:24
4836,Ananya,Iyer,ananya.iyer4836@example.com,Pune,2025-03-20 01:12:09
4837,Rohan,Rao,rohan.rao4837@example.com,Bangalore,2024-04-21 08:41:26
4838,Manish,Saxena,manish.saxena4838@example.com,Chandigarh,2024-11-19 02:43:58
4839,Sneha,Patel,sneha.patel4839@example.com,Bangalore,2024-07-09 17:56:52
4840,Deepa,Pandey,deepa.pandey4840@example.com,Kolkata,2024-02-02 02:12:58
4841,Sunita,Verma,sunita.verma4841@example.com,Chennai,2025-02-06 07:23:19
4842,Karan,Nair,karan.nair4842@example.com,Ahmedabad,2025-03-08 14:37:19
4843,Aditya,Nair,aditya.nair4843@example.com,Pune,2024-06-21 17:12:33
4844,Neha,Banerjee,neha.banerjee4844@example.com,Delhi,2024-06-10 09:21:28
4845,Suresh,Bose,suresh.bose4845@example.com,Jaipur,2024-03-25 06:26:24
4846,Pooja,Pandey,pooja.pandey4846@example.com,Chandigarh,2025-05-14 21:29:51
4847,Pooja,Saxena,pooja.saxena4847@example.com,Chennai,2025-04-19 13:36:42
4848,Karan,Patel,karan.patel4848@example.com,Chandigarh,2024-06-16 10:41:17
4849,Priya,Sharma,priya.sharma4849@example.com,Hyderabad,2024-05-24 04:24:25
4850,Suresh,Nair,suresh.nair4850@example.com,Pune,2025-02-05 01:13:33
4851,Karan,Kumar,karan.kumar4851@example.com,Kolkata,2024-10-31 13:00:32
4852,Rahul,Patel,rahul.patel4852@example.com,Ahmedabad,2025-02-04 22:19:57
4853,Priya,Joshi,priya.joshi4853@example.com,Mumbai,2024-06-05 03:51:02
4854,Kavita,Joshi,kavita.joshi4854@example.com,Chennai,2024-03-30 19:51:53
4855,Ananya,Singh,ananya.singh4855@example.com,Hyderabad,2024-09-18 10:41:34
4856,Priya,Saxena,priya.saxena4856@example.com,Hyderabad,2024-06-14 03:26:52
4857,Manish,Pandey,manish.pandey4857@example.com,Surat,2024-10-23 06:40:11
4858,Priya,Mehta,priya.mehta4858@example.com,Hyderabad,2024-05-26 21:59:49
4859,Kavita,Patel,kavita.patel4859@example.com,Hyderabad,2024-03-14 22:12:42
4860,Divya,Kumar,divya.kumar4860@example.com,Delhi,2024-11-18 10:16:11
4861,Neha,Saxena,neha.saxena4861@example.com,Delhi,2024-12-28 00:20:51
4862,Rohan,Mehta,rohan.mehta4862@example.com,Kolkata,2024-10-24 03:43:02
4863,Kavita,Chopra,kavita.chopra4863@example.com,Jaipur,2024-07-01 01:11:50
4864,Manish,Joshi,manish.joshi4864@example.com,Surat,2024-10-29 14:46:51
4865,Rajesh,Nair,rajesh.nair4865@example.com,Lucknow,2025-03-12 23:47:12
4866,Vikram,Banerjee,vikram.banerjee4866@example.com,Pune,2024-03-08 20:20:29
4867,Suresh,Mishra,suresh.mishra4867@example.com,Chennai,2024-09-04 04:21:20
4868,Suresh,Bose,suresh.bose4868@example.com,Pune,2025-05-08 11:59:25
4869,Pooja,Gupta,pooja.gupta4869@example.com,Lucknow,2024-11-27 11:37:23
4870,Rohan,Chopra,rohan.chopra4870@example.com,Bangalore,2025-04-30 22:25:57
4871,Kavita,Chopra,kavita.chopra4871@example.com,Jaipur,2024-06-22 16:25:57
4872,Divya,Gupta,divya.gupta4872@example.com,Chennai,2024-03-17 07:40:02
4873,Rohan,Nair,rohan.nair4873@example.com,Kolkata,2024-10-08 15:44:19
4874,Pooja,Gupta,pooja.gupta4874@example.com,Surat,2024-12-15 06:40:57
4875,Vikram,Saxena,vikram.saxena4875@example.com,Ahmedabad,2024-01-22 17:30:19
4876,Aarav,Das,aarav.das4876@example.com,Bangalore,2024-04-21 08:37:42
4877,Vikram,Bhat,vikram.bhat4877@example.com,Surat,2024-02-17 01:26:01
4878,Sunita,Kumar,sunita.kumar4878@example.com,Kolkata,2025-02-14 02:15:22
4879,Amit,Sharma,amit.sharma4879@example.com,Delhi,2024-05-18 14:58:16
4880,Rohan,Gupta,rohan.gupta4880@example.com,Pune,2025-02-04 03:08:46
4881,Vikram,Chopra,vikram.chopra4881@example.com,Surat,2024-06-27 20:21:52
4882,Divya,Banerjee,divya.banerjee4882@example.com,Chandigarh,2024-04-08 09:39:33
4883,Sneha,Kumar,sneha.kumar4883@example.com,Pune,2025-03-28 00:39:15
4884,Sunita,Nair,sunita.nair4884@example.com,Chennai,2024-04-09 07:48:11
4885,Divya,Joshi,divya.joshi4885@example.com,Lucknow,2024-06-23 19:20:26
4886,Karan,Mehta,karan.mehta4886@example.com,Chandigarh,2025-02-14 17:07:10
4887,Rahul,Saxena,rahul.saxena4887@example.com,Lucknow,2024-12-16 17:16:06
4888,Pooja,Mehta,pooja.mehta4888@example.com,Ahmedabad,2024-04-08 17:27:39
4889,Divya,Das,divya.das4889@example.com,Mumbai,2024-02-03 05:44:47
4890,Priya,Sharma,priya.sharma4890@example.com,Lucknow,2024-02-20 11:32:23
4891,Priya,Banerjee,priya.banerjee4891@example.com,Chandigarh,2024-09-08 15:12:20
4892,Aarav,Mehta,aarav.mehta4892@example.com,Ahmedabad,2024-05-25 13:51:27
4893,Deepa,Gupta,deepa.gupta4893@example.com,Mumbai,2024-05-14 11:32:49
4894,Rohan,Iyer,rohan.iyer4894@example.com,Mumbai,2024-10-18 05:23:03
4895,Vikram,Joshi,vikram.joshi4895@example.com,Bangalore,2025-05-14 09:10:24
4896,Deepa,Joshi,deepa.joshi4896@example.com,Kolkata,2025-05-14 06:01:41
4897,Rahul,Chopra,rahul.chopra4897@example.com,Chandigarh,2024-04-02 10:41:21
4898,Manish,Reddy,manish.reddy4898@example.com,Jaipur,2024-11-01 17:45:52
4899,Rohan,Chopra,rohan.chopra4899@example.com,Mumbai,2024-08-01 01:43:32
4900,Rajesh,Banerjee,rajesh.banerjee4900@example.com,Chandigarh,2024-01-12 12:55:04
4901,Sunita,Mishra,sunita.mishra4901@example.com,Ahmedabad,2024-12-15 16:49:33
4902,Rohan,Singh,rohan.singh4902@example.com,Chennai,2025-04-22 15:04:15
4903,Aarav,Bose,aarav.bose4903@example.com,Hyderabad,2024-09-07 07:47:28
4904,Rahul,Joshi,rahul.joshi4904@example.com,Chandigarh,2024-03-01 13:45:01
4905,Sanya,Bose,sanya.bose4905@example.com,Lucknow,2024-11-26 10:06:45
4906,Manish,Pandey,manish.pandey4906@example.com,Delhi,2024-11-02 19:39:01
4907,Aditya,Banerjee,aditya.banerjee4907@example.com,Chennai,2024-11-10 09:35:28
4908,Deepa,Bose,deepa.bose4908@example.com,Surat,2024-01-12 04:06:04
4909,Suresh,Iyer,suresh.iyer4909@example.com,Pune,2025-05-01 02:38:56
4910,Vikram,Pandey,vikram.pandey4910@example.com,Chandigarh,2024-10-05 11:40:15
4911,Rohan,Singh,rohan.singh4911@example.com,Surat,2024-11-27 06:34:08
4912,Deepa,Mehta,deepa.mehta4912@example.com,Jaipur,2025-01-09 01:55:23
4913,Kavita,Iyer,kavita.iyer4913@example.com,Chandigarh,2024-03-14 04:59:03
4914,Sneha,Mehta,sneha.mehta4914@example.com,Bangalore,2024-06-24 06:20:37
4915,Priya,Pandey,priya.pandey4915@example.com,Ahmedabad,2024-10-16 18:45:14
4916,Kavita,Singh,kavita.singh4916@example.com,Mumbai,2024-08-30 10:08:47
4917,Pooja,Nair,pooja.nair4917@example.com,Chandigarh,2024-01-29 02:53:35
4918,Rohan,Rao,rohan.rao4918@example.com,Jaipur,2024-01-07 10:38:45
4919,Sneha,Bhat,sneha.bhat4919@example.com,Lucknow,2024-03-05 17:48:26
4920,Manish,Verma,manish.verma4920@example.com,Kolkata,2024-09-06 23:08:17
4921,Sneha,Singh,sneha.singh4921@example.com,Chennai,2025-03-09 20:46:54
4922,Deepa,Gupta,deepa.gupta4922@example.com,Hyderabad,2025-05-01 00:03:04
4923,Rahul,Singh,rahul.singh4923@example.com,Delhi,2024-11-22 16:16:52
4924,Neha,Saxena,neha.saxena4924@example.com,Jaipur,2024-02-29 07:03:37
4925,Pooja,Gupta,pooja.gupta4925@example.com,Ahmedabad,2025-04-13 11:32:59
4926,Vikram,Gupta,vikram.gupta4926@example.com,Chandigarh,2024-02-22 11:05:29
4927,Sneha,Joshi,sneha.joshi4927@example.com,Pune,2024-02-01 20:01:43
4928,Manish,Bose,manish.bose4928@example.com,Ahmedabad,2024-09-30 15:55:33
4929,Ananya,Bose,ananya.bose4929@example.com,Jaipur,2024-04-16 20:10:04
4930,Suresh,Bose,suresh.bose4930@example.com,Mumbai,2024-02-20 16:38:49
4931,Suresh,Iyer,suresh.iyer4931@example.com,Surat,2024-06-19 18:57:31
4932,Amit,Rao,amit.rao4932@example.com,Bangalore,2024-04-13 20:23:32
4933,Suresh,Gupta,suresh.gupta4933@example.com,Hyderabad,2025-01-30 06:26:40
4934,Karan,Iyer,karan.iyer4934@example.com,Ahmedabad,2024-05-12 09:03:34
4935,Divya,Bhat,divya.bhat4935@example.com,Pune,2024-05-16 10:54:19
4936,Sunita,Joshi,sunita.joshi4936@example.com,Hyderabad,2024-04-28 21:19:15
4937,Divya,Chopra,divya.chopra4937@example.com,Bangalore,2024-11-01 10:30:37
4938,Rahul,Pandey,rahul.pandey4938@example.com,Pune,2025-01-04 16:43:10
4939,Rajesh,Joshi,rajesh.joshi4939@example.com,Hyderabad,2024-02-10 05:51:06
4940,Aditya,Banerjee,aditya.banerjee4940@example.com,Delhi,2024-08-05 05:44:06
4941,Amit,Nair,amit.nair4941@example.com,Kolkata,2024-12-21 03:23:27
4942,Suresh,Das,suresh.das4942@example.com,Ahmedabad,2025-03-02 17:09:24
4943,Aditya,Chopra,aditya.chopra4943@example.com,Hyderabad,2024-07-03 21:45:06
4944,Aditya,Verma,aditya.verma4944@example.com,Hyderabad,2024-10-11 00:40:13
4945,Deepa,Kumar,deepa.kumar4945@example.com,Jaipur,2024-11-21 19:14:13
4946,Kavita,Mishra,kavita.mishra4946@example.com,Pune,2024-11-20 16:57:30
4947,Rohan,Mehta,rohan.mehta4947@example.com,Chandigarh,2024-09-27 04:06:53
4948,Ananya,Reddy,ananya.reddy4948@example.com,Surat,2024-12-15 01:23:59
4949,Manish,Kumar,manish.kumar4949@example.com,Mumbai,2024-01-30 23:40:49
4950,Vikram,Patel,vikram.patel4950@example.com,Chandigarh,2024-01-23 20:39:19
4951,Rajesh,Kumar,rajesh.kumar4951@example.com,Jaipur,2025-03-13 02:57:18
4952,Deepa,Joshi,deepa.joshi4952@example.com,Chandigarh,2025-02-11 23:20:06
4953,Karan,Mishra,karan.mishra4953@example.com,Pune,2025-04-25 10:34:30
4954,Sneha,Mishra,sneha.mishra4954@example.com,Chennai,2024-12-22 08:33:50
4955,Neha,Reddy,neha.reddy4955@example.com,Kolkata,2025-01-21 20:14:51
4956,Rahul,Mishra,rahul.mishra4956@example.com,Hyderabad,2025-04-22 20:21:14
4957,Manish,Iyer,manish.iyer4957@example.com,Chandigarh,2024-06-22 19:19:33
4958,Vikram,Kumar,vikram.kumar4958@example.com,Chandigarh,2025-02-25 10:25:24
4959,Amit,Bhat,amit.bhat4959@example.com,Lucknow,2024-11-01 16:49:44
4960,Vikram,Mishra,vikram.mishra4960@example.com,Mumbai,2024-05-28 08:08:15
4961,Suresh,Banerjee,suresh.banerjee4961@example.com,Delhi,2024-09-10 10:29:16
4962,Ananya,Singh,ananya.singh4962@example.com,Chandigarh,2024-04-13 10:06:12
4963,Ananya,Pandey,ananya.pandey4963@example.com,Delhi,2024-08-07 15:23:20
4964,Aarav,Reddy,aarav.reddy4964@example.com,Chandigarh,2024-03-15 08:22:33
4965,Suresh,Pandey,suresh.pandey4965@example.com,Mumbai,2024-06-23 10:01:01
4966,Aditya,Saxena,aditya.saxena4966@example.com,Bangalore,2024-07-19 10:33:35
4967,Pooja,Mishra,pooja.mishra4967@example.com,Chandigarh,2024-05-31 06:59:55
4968,Rajesh,Saxena,rajesh.saxena4968@example.com,Ahmedabad,2024-03-08 09:20:59
4969,Rajesh,Verma,rajesh.verma4969@example.com,Bangalore,2024-05-21 15:47:12
4970,Divya,Nair,divya.nair4970@example.com,Jaipur,2024-07-04 05:40:19
4971,Rajesh,Mishra,rajesh.mishra4971@example.com,Lucknow,2025-01-14 17:05:09
4972,Sunita,Singh,sunita.singh4972@example.com,Chennai,2025-01-07 15:07:20
4973,Sanya,Reddy,sanya.reddy4973@example.com,Chennai,2024-07-25 06:46:48
4974,Kavita,Verma,kavita.verma4974@example.com,Chennai,2024-03-10 00:11:12
4975,Rohan,Mishra,rohan.mishra4975@example.com,Chennai,2025-02-28 22:48:02
4976,Sunita,Gupta,sunita.gupta4976@example.com,Bangalore,2025-01-04 14:11:13
4977,Kavita,Joshi,kavita.joshi4977@example.com,Lucknow,2024-08-23 19:25:58
4978,Neha,Chopra,neha.chopra4978@example.com,Chandigarh,2024-12-07 00:01:24
4979,Deepa,Chopra,deepa.chopra4979@example.com,Hyderabad,2024-01-03 01:49:17
4980,Priya,Nair,priya.nair4980@example.com,Surat,2024-08-28 03:31:35
4981,Ananya,Joshi,ananya.joshi4981@example.com,Pune,2024-10-25 17:34:51
4982,Vikram,Rao,vikram.rao4982@example.com,Bangalore,2025-04-11 20:42:09
4983,Divya,Nair,divya.nair4983@example.com,Pune,2025-01-05 19:56:29
4984,Vikram,Joshi,vikram.joshi4984@example.com,Mumbai,2024-02-04 00:43:56
4985,Kavita,Bose,kavita.bose4985@example.com,Chennai,2024-06-07 16:29:38
4986,Divya,Saxena,divya.saxena4986@example.com,Lucknow,2025-04-19 18:17:37
4987,Manish,Bhat,manish.bhat4987@example.com,Lucknow,2024-01-19 17:58:55
4988,Suresh,Joshi,suresh.joshi4988@example.com,Kolkata,2024-09-06 10:01:18
4989,Aarav,Chopra,aarav.chopra4989@example.com,Chandigarh,2024-10-04 10:17:25
4990,Kavita,Patel,kavita.patel4990@example.com,Mumbai,2024-08-21 14:03:03
4991,Karan,Pandey,karan.pandey4991@example.com,Bangalore,2025-04-22 10:05:45
4992,Priya,Saxena,priya.saxena4992@example.com,Hyderabad,2024-10-17 23:27:16
4993,Divya,Bose,divya.bose4993@example.com,Bangalore,2025-01-14 15:49:26
4994,Sunita,Sharma,sunita.sharma4994@example.com,Delhi,2025-04-16 10:46:37
4995,Divya,Chopra,divya.chopra4995@example.com,Jaipur,2025-04-21 16:37:19
4996,Kavita,Singh,kavita.singh4996@example.com,Pune,2024-08-02 18:14:09
4997,Manish,Kumar,manish.kumar4997@example.com,Chandigarh,2024-02-10 11:36:37
4998,Rohan,Joshi,rohan.joshi4998@example.com,Hyderabad,2024-01-11 09:08:48
4999,Sanya,Das,sanya.das4999@example.com,Chennai,2025-01-19 19:19:45
5000,Sanya,Gupta,sanya.gupta5000@example.com,Jaipur,2024-05-04 02:43:09
