order_id,customer_id,order_date,total_amount,status
1,1575,2025-08-05,37132.33,Shipped
2,671,2026-03-27,35349.64,Completed
3,277,2025-08-07,71640.35,Completed
4,676,2025-02-05,0.0,Completed
5,4132,2025-02-24,5087.5,Completed
6,4489,2026-01-13,67893.6,Shipped
7,4899,2025-06-26,17335.76,Cancelled
8,4302,2026-01-06,70560.7,Completed
9,1080,2025-06-25,3167.56,Completed
10,4003,2026-02-24,38984.93,Shipped
11,74,2025-07-17,0.0,Completed
12,3012,2026-01-19,644.96,Completed
13,2946,2025-01-05,53889.71,Completed
14,1496,2026-03-11,81671.17,Completed
15,1427,2025-05-17,0.0,Shipped
16,4875,2025-12-17,5463.67,Completed
17,4783,2025-05-10,0.0,Pending
18,1654,2025-08-04,22580.25,Cancelled
19,611,2025-12-24,17042.7,Completed
20,3104,2025-09-08,735.45,Shipped
21,2596,2026-02-15,69275.06,Shipped
22,1113,2025-04-24,17883.24,Completed
23,1156,2026-01-28,11581.94,Completed
24,1916,2025-06-27,11273.41,Cancelled
25,3531,2025-06-06,10729.86,Shipped
26,465,2025-12-16,17844.62,Completed
27,4555,2025-08-03,10224.97,Shipped
28,465,2025-09-14,0.0,Completed
29,3483,2025-09-28,12923.21,Completed
30,3486,2025-12-07,53497.37,Cancelled
31,914,2025-06-09,18165.3,Completed
32,3288,2025-01-15,100437.6,Shipped
33,335,2025-09-02,0.0,Completed
34,643,2025-11-10,48655.79,Pending
35,3194,2025-08-13,112133.25,Completed
36,4075,2025-06-06,40599.7,Completed
37,3468,2025-04-03,23950.13,Completed
38,3242,2026-03-15,89797.67,Completed
39,3475,2025-12-29,58389.47,Completed
40,1781,2025-05-04,47197.68,Shipped
41,813,2025-02-24,42063.68,Completed
42,4896,2025-11-06,97063.16,Shipped
43,4641,2026-01-04,35236.75,Completed
44,637,2025-12-05,77201.35,Cancelled
45,3994,2025-01-08,95131.86,Pending
46,1433,2025-12-02,1906.15,Pending
47,3373,2025-01-28,67305.77,Completed
48,4647,2025-11-01,17309.4,Completed
49,4295,2025-01-16,0.0,Shipped
50,63,2026-03-13,9465.0,Completed
51,4324,2025-07-03,34498.16,Shipped
52,1771,2026-03-14,39573.5,Shipped
53,2224,2025-06-18,7055.9,Shipped
54,2805,2025-12-30,16884.17,Completed
55,2951,2026-01-19,45237.22,Pending
56,1418,2025-02-22,43184.89,Cancelled
57,4534,2026-03-11,14368.63,Completed
58,3125,2025-02-09,24679.2,Cancelled
59,1210,2025-05-29,7336.09,Completed
60,103,2025-10-15,121279.28,Cancelled
61,1664,2026-01-08,19949.0,Completed
62,3219,2025-04-14,33045.4,Cancelled
63,1102,2025-12-09,58447.95,Completed
64,1074,2025-06-14,49164.64,Cancelled
65,4083,2026-02-07,42361.21,Shipped
66,1267,2025-08-14,111683.25,Shipped
67,4346,2025-10-10,38067.43,Completed
68,2297,2025-10-25,41715.95,Completed
69,4822,2025-08-17,53013.63,Cancelled
70,4386,2025-04-06,17343.8,Pending
71,1056,2025-09-16,9447.36,Completed
72,3901,2025-12-25,29360.46,Shipped
73,625,2025-05-25,32703.62,Shipped
74,1980,2025-05-04,0.0,Completed
75,861,2025-10-15,60449.97,Completed
76,4849,2025-02-03,4799.01,Completed
77,1641,2025-05-29,67988.67,Completed
78,1123,2025-08-18,58102.61,Completed
79,2063,2025-05-27,0.0,Completed
80,3170,2026-01-19,6157.74,Shipped
81,1813,2025-04-07,24681.25,Pending
82,1130,2025-02-20,90059.65,Completed
83,3387,2025-11-02,65084.35,Cancelled
84,2669,2025-06-06,57106.72,Shipped
85,3097,2025-07-12,44657.72,Shipped
86,4490,2025-07-28,27784.8,Completed
87,4960,2025-04-15,77995.15,Pending
88,4307,2026-01-06,47034.7,Cancelled
89,2648,2025-12-26,111987.61,Shipped
90,4231,2025-02-27,28982.55,Shipped
91,1988,2025-10-19,8827.18,Completed
92,2628,2025-03-17,9608.72,Pending
93,4673,2025-07-30,21836.36,Pending
94,3779,2025-03-18,30561.28,Completed
95,1027,2026-03-26,65225.55,Shipped
96,582,2025-05-24,15561.73,Cancelled
97,1538,2025-06-09,20276.25,Completed
98,2542,2025-06-25,125624.16,Shipped
99,1293,2025-10-11,46692.0,Pending
100,1130,2025-02-02,12305.32,Shipped
101,1525,2025-09-13,7095.06,Completed
102,2708,2025-05-11,5550.15,Shipped
103,1810,2025-09-10,61152.6,Pending
104,1684,2025-12-21,55426.92,Cancelled
105,191,2025-08-11,54220.08,Completed
106,4412,2025-12-23,1295.14,Completed
107,1818,2025-10-08,16800.66,Completed
108,4900,2025-08-07,42261.79,Shipped
109,2048,2026-03-10,26218.35,Completed
110,2388,2025-02-11,67890.88,Shipped
111,1080,2025-08-07,88599.62,Pending
112,4546,2025-11-27,26811.76,Shipped
113,2481,2025-08-29,13392.25,Shipped
114,3345,2025-05-17,109700.47,Cancelled
115,1542,2025-07-23,20578.4,Completed
116,4363,2025-10-09,17100.23,Completed
117,3016,2025-07-15,43311.33,Shipped
118,4068,2025-12-16,32348.56,Completed
119,3657,2025-03-17,59403.37,Completed
120,4205,2026-01-20,43270.34,Shipped
121,3591,2025-12-13,70874.01,Shipped
122,3450,2025-11-04,33612.85,Completed
123,1684,2026-03-10,18458.6,Completed
124,1369,2025-02-04,27577.52,Shipped
125,1748,2025-02-10,104600.88,Shipped
126,4951,2025-03-19,49502.9,Cancelled
127,2855,2025-09-18,112420.11,Completed
128,2442,2025-07-02,644.96,Pending
129,3214,2025-02-22,90493.28,Cancelled
130,4654,2025-01-09,93864.15,Shipped
131,2460,2025-04-17,60222.97,Completed
132,3758,2025-02-19,4507.23,Pending
133,2147,2025-02-12,9457.36,Cancelled
134,2138,2026-01-02,63846.42,Shipped
135,4309,2025-06-09,0.0,Shipped
136,3632,2025-03-27,0.0,Cancelled
137,1495,2026-01-14,32969.78,Completed
138,1281,2025-04-21,52501.02,Pending
139,3441,2026-03-16,26352.77,Completed
140,1850,2026-01-24,42545.04,Shipped
141,228,2025-08-13,36739.84,Completed
142,654,2025-05-12,4321.08,Completed
143,1233,2025-01-19,52031.14,Shipped
144,2455,2025-10-24,120012.33,Completed
145,3762,2025-09-18,3539.88,Completed
146,824,2025-01-20,10215.26,Completed
147,2690,2025-06-05,8962.34,Completed
148,2628,2025-04-23,0.0,Cancelled
149,4539,2025-06-05,38692.72,Cancelled
150,2587,2025-04-07,15699.4,Shipped
151,41,2025-03-23,35691.09,Cancelled
152,3972,2025-03-09,46887.4,Completed
153,275,2025-10-28,50358.73,Completed
154,2727,2025-02-13,2064.18,Cancelled
155,1551,2025-04-13,8962.34,Completed
156,4451,2025-05-05,17041.62,Shipped
157,4891,2025-09-01,75346.28,Completed
158,2060,2025-06-27,32929.63,Shipped
159,199,2025-08-30,95412.85,Pending
160,601,2025-08-14,836.26,Completed
161,2396,2026-01-05,46747.5,Cancelled
162,429,2025-02-22,50316.58,Completed
163,3807,2025-02-22,25354.44,Shipped
164,2263,2026-02-13,28363.55,Completed
165,4309,2025-09-24,10408.43,Shipped
166,2872,2025-01-23,75311.51,Pending
167,599,2025-07-16,29119.2,Cancelled
168,1177,2025-10-21,18421.28,Completed
169,3593,2025-01-11,34984.87,Cancelled
170,1768,2025-07-24,41941.16,Shipped
171,2258,2025-01-30,67959.86,Shipped
172,2970,2026-03-27,15407.85,Completed
173,4373,2025-04-30,101420.0,Shipped
174,2031,2026-02-06,100661.96,Shipped
175,4479,2025-06-28,64132.14,Completed
176,202,2025-04-26,38253.35,Shipped
177,1817,2025-09-18,70317.36,Completed
178,1863,2026-01-29,92835.01,Completed
179,1107,2025-06-26,107503.9,Shipped
180,2598,2026-02-16,10916.58,Completed
181,460,2025-03-19,1596.52,Shipped
182,2224,2025-05-20,47384.42,Shipped
183,1086,2025-10-05,76552.83,Cancelled
184,425,2025-01-24,14633.98,Cancelled
185,3626,2025-06-21,5690.41,Completed
186,4405,2025-05-31,35719.9,Cancelled
187,3084,2025-04-30,148918.91,Cancelled
188,1882,2026-02-07,94553.68,Shipped
189,3933,2025-11-05,8492.74,Shipped
190,2618,2025-02-15,63808.87,Completed
191,3870,2025-01-31,100023.5,Completed
192,3460,2025-04-05,7355.48,Cancelled
193,2052,2025-12-10,74621.4,Shipped
194,3438,2026-02-02,38865.37,Shipped
195,4748,2025-01-02,13792.05,Shipped
196,1051,2025-12-05,8594.64,Shipped
197,2666,2025-02-05,41141.05,Cancelled
198,2955,2025-01-17,0.0,Completed
199,4618,2026-02-27,16726.05,Completed
200,4542,2025-10-26,39169.0,Shipped
201,618,2025-04-19,105796.55,Completed
202,2722,2025-03-28,39529.15,Shipped
203,536,2025-12-27,25948.11,Shipped
204,3307,2025-03-23,6436.68,Completed
205,314,2025-01-25,6906.22,Pending
206,3686,2025-02-13,110234.91,Completed
207,2620,2026-01-28,43595.25,Completed
208,2016,2025-08-16,57312.85,Pending
209,2777,2025-04-08,0.0,Cancelled
210,4459,2026-02-23,34100.64,Pending
211,140,2026-03-25,56002.74,Shipped
212,3252,2025-06-28,16094.32,Completed
213,190,2025-11-01,67931.15,Shipped
214,1527,2025-10-07,24176.51,Cancelled
215,1674,2025-06-25,56489.01,Shipped
216,2383,2025-04-28,54013.9,Completed
217,2857,2025-06-25,656.78,Completed
218,2500,2025-01-14,9837.7,Completed
219,1693,2026-01-08,0.0,Shipped
220,2660,2026-02-18,115785.18,Cancelled
221,2041,2026-03-11,52917.29,Shipped
222,1732,2025-02-04,45474.32,Shipped
223,3807,2026-03-07,33380.43,Cancelled
224,1045,2025-04-08,37464.39,Completed
225,3604,2025-06-18,26576.23,Shipped
226,657,2026-03-26,31187.33,Completed
227,4678,2025-04-29,75556.17,Completed
228,969,2025-11-14,24534.93,Shipped
229,178,2025-01-15,41423.83,Shipped
230,3562,2025-09-30,90136.99,Completed
231,2152,2025-06-06,69806.25,Shipped
232,2280,2025-02-13,19276.74,Completed
233,2083,2025-09-16,55115.91,Completed
234,2470,2025-10-24,2562.2,Completed
235,3547,2025-08-11,23995.05,Shipped
236,96,2025-07-08,32289.21,Completed
237,2294,2025-10-30,69154.32,Completed
238,4238,2026-02-01,41447.21,Shipped
239,4928,2025-08-08,37367.45,Completed
240,2725,2026-02-05,98774.92,Completed
241,4092,2025-11-07,64926.74,Cancelled
242,3651,2025-07-17,38752.79,Shipped
243,818,2026-02-17,13691.3,Completed
244,1430,2025-03-12,39132.06,Completed
245,312,2025-11-21,23849.62,Cancelled
246,297,2025-05-21,40765.95,Completed
247,1237,2025-01-30,120357.16,Cancelled
248,1745,2025-02-24,33007.74,Cancelled
249,4368,2025-03-09,69328.36,Cancelled
250,1811,2025-12-22,33023.22,Completed
251,987,2025-11-13,30500.58,Pending
252,3505,2026-02-04,10782.4,Cancelled
253,3605,2025-07-05,18572.47,Shipped
254,4921,2025-10-09,0.0,Completed
255,2735,2025-08-15,16392.59,Shipped
256,3277,2025-10-21,36092.94,Completed
257,4935,2025-01-21,9452.92,Completed
258,1056,2025-05-25,6967.14,Completed
259,3785,2025-06-09,72599.43,Completed
260,3194,2025-10-27,0.0,Completed
261,3895,2025-11-17,43050.67,Shipped
262,4354,2026-03-02,83947.52,Cancelled
263,1781,2025-10-29,0.0,Shipped
264,1269,2025-08-18,5600.78,Cancelled
265,3519,2025-08-07,15242.9,Completed
266,3918,2025-07-28,38801.9,Shipped
267,4256,2026-02-07,60314.48,Cancelled
268,286,2025-02-25,126890.3,Shipped
269,3161,2025-07-17,56631.42,Shipped
270,2373,2025-05-03,32453.2,Pending
271,4673,2025-01-07,35304.15,Completed
272,4707,2025-09-19,15571.64,Pending
273,3016,2025-05-18,64466.7,Cancelled
274,4787,2025-11-17,9432.42,Shipped
275,2353,2026-01-09,21532.04,Completed
276,4899,2025-07-03,21584.4,Cancelled
277,1742,2025-06-24,71821.66,Shipped
278,308,2025-02-04,9143.7,Completed
279,935,2026-02-15,0.0,Shipped
280,991,2025-06-01,26243.73,Cancelled
281,3890,2025-07-12,37119.82,Cancelled
282,1153,2025-01-11,82318.16,Completed
283,503,2026-03-16,26182.54,Shipped
284,4535,2025-11-21,33409.64,Pending
285,507,2025-09-23,59107.06,Completed
286,1720,2026-01-19,118318.83,Cancelled
287,672,2025-07-14,27000.4,Completed
288,1619,2025-09-27,25519.19,Completed
289,1925,2026-02-14,62199.21,Completed
290,3545,2025-05-06,0.0,Completed
291,3239,2025-11-25,51981.16,Completed
292,4837,2025-07-26,14856.62,Pending
293,4934,2026-02-11,64982.19,Completed
294,4605,2026-01-12,77526.94,Shipped
295,4470,2026-01-10,37194.63,Completed
296,971,2025-10-09,16813.87,Cancelled
297,2650,2025-07-06,38307.82,Shipped
298,3511,2026-03-09,0.0,Pending
299,4358,2025-11-27,44372.15,Pending
300,2295,2026-03-11,57411.0,Completed
301,3515,2025-12-27,3115.92,Completed
302,3524,2025-03-16,39357.52,Completed
303,1840,2025-10-31,5142.32,Pending
304,3681,2026-03-17,9215.56,Shipped
305,1423,2025-01-22,0.0,Pending
306,4037,2025-06-15,10317.5,Cancelled
307,4692,2026-01-08,72247.73,Completed
308,4390,2025-02-13,43716.5,Shipped
309,1063,2025-01-26,50273.07,Completed
310,1882,2025-10-25,91944.35,Completed
311,3304,2025-10-12,13369.96,Completed
312,203,2025-06-30,47025.75,Completed
313,4047,2025-05-13,7135.75,Completed
314,4904,2026-03-05,38238.97,Completed
315,3863,2026-03-15,2904.45,Completed
316,617,2025-09-24,68471.82,Completed
317,2731,2025-08-24,5494.3,Cancelled
318,4843,2025-01-21,0.0,Shipped
319,3832,2025-01-25,32388.44,Shipped
320,1829,2025-02-11,15031.98,Completed
321,641,2025-10-19,18533.78,Cancelled
322,2209,2025-09-06,62391.31,Shipped
323,4202,2026-01-02,68738.65,Shipped
324,767,2025-01-21,64915.06,Pending
325,2999,2026-01-09,20188.4,Shipped
326,4976,2025-04-06,106888.72,Cancelled
327,4003,2025-05-24,49844.28,Pending
328,1158,2025-04-18,0.0,Shipped
329,668,2025-01-12,3750.12,Completed
330,387,2025-02-23,34725.21,Pending
331,782,2025-06-03,26893.07,Cancelled
332,1237,2025-06-17,69035.83,Shipped
333,4124,2025-06-12,5109.85,Pending
334,4555,2025-09-11,42804.3,Completed
335,4337,2025-04-29,30581.45,Shipped
336,1442,2025-10-05,7769.45,Shipped
337,2890,2025-10-15,12830.48,Shipped
338,2890,2025-11-10,31505.45,Shipped
339,4801,2025-07-29,18549.56,Shipped
340,2703,2026-03-25,13404.2,Shipped
341,1778,2026-01-11,14038.37,Completed
342,1958,2025-12-14,25371.21,Cancelled
343,4929,2025-11-07,60150.97,Completed
344,749,2025-07-24,1840.37,Pending
345,2611,2025-03-13,51695.47,Completed
346,3544,2025-12-19,19671.31,Completed
347,3470,2025-10-31,44456.88,Completed
348,4866,2025-05-24,47858.36,Completed
349,1364,2025-02-11,32475.25,Shipped
350,267,2025-06-16,30216.36,Shipped
351,4130,2025-07-03,52555.92,Cancelled
352,1220,2025-09-12,74357.5,Completed
353,3711,2025-08-08,38407.27,Pending
354,3226,2026-02-06,23813.25,Completed
355,364,2025-01-12,42766.62,Pending
356,3220,2025-03-19,968.02,Cancelled
357,1648,2025-12-08,28276.96,Completed
358,1564,2025-10-04,43373.85,Shipped
359,4966,2025-02-15,12237.6,Completed
360,3991,2025-10-24,0.0,Completed
361,923,2025-12-03,7162.28,Completed
362,2262,2025-12-03,0.0,Completed
363,102,2025-07-05,45493.14,Shipped
364,4087,2025-11-29,72495.97,Completed
365,303,2026-01-25,17869.7,Cancelled
366,1471,2025-05-19,12891.96,Shipped
367,814,2025-04-11,64401.45,Pending
368,876,2025-05-25,40275.65,Completed
369,1615,2025-03-15,70258.73,Completed
370,4668,2025-01-12,25055.75,Completed
371,2854,2025-05-01,17515.99,Pending
372,1462,2025-06-27,49953.88,Shipped
373,2723,2026-02-15,33729.47,Completed
374,2518,2026-01-09,87637.41,Cancelled
375,1522,2025-04-15,10790.1,Pending
376,565,2025-11-15,72958.74,Pending
377,934,2026-03-24,21250.34,Cancelled
378,2375,2025-04-10,322.48,Shipped
379,249,2025-06-16,20548.0,Completed
380,4273,2026-01-03,76281.55,Completed
381,928,2025-11-17,46998.8,Shipped
382,1991,2025-09-27,0.0,Completed
383,4327,2025-05-21,58854.84,Shipped
384,212,2025-07-16,42489.31,Shipped
385,3593,2025-08-24,62668.79,Completed
386,3115,2025-05-05,29679.12,Shipped
387,2676,2025-01-31,63039.52,Cancelled
388,2938,2025-12-14,39872.46,Shipped
389,3165,2026-02-25,49187.95,Shipped
390,1425,2025-03-14,13028.16,Pending
391,3688,2025-12-03,50005.83,Completed
392,2403,2025-01-02,0.0,Completed
393,4033,2025-10-09,45758.25,Completed
394,2719,2025-11-04,42542.08,Completed
395,1812,2025-06-26,49447.8,Completed
396,516,2025-11-07,24438.98,Shipped
397,1527,2025-11-08,26442.5,Shipped
398,2030,2025-05-20,0.0,Completed
399,3827,2025-05-22,36230.15,Shipped
400,1864,2025-12-29,100786.17,Cancelled
401,377,2026-03-10,15875.5,Completed
402,3346,2025-12-06,36600.44,Completed
403,1352,2026-03-20,0.0,Pending
404,169,2026-01-27,0.0,Shipped
405,4898,2025-02-18,20374.9,Completed
406,397,2025-09-03,9659.08,Completed
407,485,2025-03-11,73399.15,Completed
408,1545,2025-08-23,83535.49,Pending
409,344,2025-01-17,41113.78,Completed
410,2452,2025-10-24,8246.2,Completed
411,504,2025-06-11,30382.76,Completed
412,3057,2025-03-27,81388.69,Shipped
413,558,2026-01-24,19892.01,Shipped
414,4243,2025-05-28,30271.0,Pending
415,425,2025-07-03,5991.05,Cancelled
416,999,2025-01-26,80791.44,Pending
417,1605,2025-02-06,37837.46,Cancelled
418,3991,2026-03-05,50073.18,Shipped
419,673,2026-01-19,47029.92,Shipped
420,2825,2025-09-26,2114.76,Completed
421,4272,2025-12-24,20302.33,Pending
422,4219,2025-01-19,91632.93,Completed
423,1594,2026-03-19,14887.42,Completed
424,3760,2026-01-19,25221.3,Completed
425,4174,2025-07-28,35418.43,Shipped
426,4928,2026-03-18,73610.24,Shipped
427,711,2025-02-16,1838.87,Completed
428,332,2025-05-16,53436.83,Completed
429,1887,2026-01-08,3740.1,Cancelled
430,4213,2025-06-09,0.0,Completed
431,2987,2025-05-09,5876.24,Completed
432,3249,2025-07-04,11593.02,Completed
433,3657,2025-01-16,38746.12,Cancelled
434,1231,2025-10-25,28060.32,Completed
435,1572,2025-05-23,10846.97,Pending
436,2804,2025-08-27,147344.95,Shipped
437,2249,2026-03-16,9169.74,Completed
438,4467,2026-03-11,45211.95,Completed
439,1478,2025-03-19,43006.71,Completed
440,4781,2026-01-29,33382.33,Completed
441,3354,2026-01-12,9524.97,Completed
442,1284,2026-02-10,0.0,Shipped
443,1520,2025-09-28,86571.77,Pending
444,2467,2025-09-01,46833.69,Completed
445,2288,2025-11-11,27964.9,Completed
446,1359,2025-03-16,77678.45,Shipped
447,655,2026-01-10,33032.45,Pending
448,4920,2025-01-01,23522.07,Shipped
449,2304,2025-09-25,60794.21,Completed
450,2347,2025-07-19,34148.11,Cancelled
451,2020,2025-09-20,21830.51,Cancelled
452,4125,2025-04-13,54274.54,Cancelled
453,1242,2025-08-27,83111.19,Pending
454,1686,2025-07-05,63195.66,Completed
455,4017,2025-04-16,81432.65,Completed
456,2540,2025-09-22,46752.85,Pending
457,4689,2025-03-29,84595.15,Shipped
458,2614,2025-12-03,50928.38,Shipped
459,56,2025-02-04,52282.43,Completed
460,4862,2025-06-07,39338.4,Completed
461,1678,2025-06-18,1741.5,Pending
462,4343,2025-01-04,17739.64,Completed
463,3617,2025-09-05,24117.22,Completed
464,4619,2025-04-01,0.0,Completed
465,3021,2025-01-06,33218.59,Completed
466,1224,2025-06-15,1279.56,Completed
467,2579,2025-12-17,25692.79,Completed
468,3571,2025-07-11,63624.18,Completed
469,266,2025-11-18,26003.64,Pending
470,3179,2025-05-30,71495.2,Shipped
471,766,2025-04-18,3856.74,Shipped
472,610,2025-12-28,45565.85,Cancelled
473,3351,2025-04-07,59903.87,Completed
474,266,2025-10-26,54580.48,Shipped
475,370,2025-10-19,0.0,Completed
476,15,2025-11-09,53778.38,Completed
477,3134,2025-07-21,21442.23,Cancelled
478,4351,2025-01-23,14295.76,Completed
479,255,2026-02-02,17681.18,Shipped
480,2287,2025-07-04,40817.78,Completed
481,3948,2025-08-21,32336.58,Shipped
482,1733,2025-12-26,9710.88,Cancelled
483,132,2026-01-10,0.0,Completed
484,2926,2025-01-24,8065.26,Completed
485,3161,2026-02-18,0.0,Completed
486,692,2026-03-19,13298.1,Shipped
487,4851,2025-09-12,0.0,Completed
488,1484,2026-03-25,42859.35,Shipped
489,4453,2026-03-06,30032.14,Completed
490,4446,2025-11-04,15798.0,Completed
491,3601,2025-12-20,12830.48,Shipped
492,227,2025-04-26,0.0,Pending
493,1339,2025-03-24,56076.91,Shipped
494,2444,2025-06-21,14788.44,Completed
495,324,2025-05-12,6906.22,Completed
496,4983,2026-03-23,76833.17,Completed
497,604,2026-03-02,33112.2,Pending
498,190,2025-04-15,5142.32,Completed
499,271,2025-05-11,6884.43,Shipped
500,4812,2026-02-05,136744.22,Completed
501,4037,2025-11-04,0.0,Pending
502,3356,2025-03-09,39143.92,Completed
503,2153,2025-03-13,58065.84,Completed
504,2321,2025-09-28,38898.68,Cancelled
505,3543,2026-01-05,0.0,Shipped
506,3231,2025-08-29,46380.0,Completed
507,1272,2025-10-12,68683.33,Completed
508,2923,2026-02-25,19236.2,Completed
509,2904,2026-02-17,33339.15,Completed
510,2218,2026-01-18,22151.3,Shipped
511,4432,2025-04-14,0.0,Shipped
512,2821,2025-02-04,58341.58,Cancelled
513,4196,2025-05-09,6550.82,Pending
514,1818,2026-03-18,88200.38,Completed
515,3774,2026-02-08,18492.22,Completed
516,4829,2026-03-09,60075.61,Cancelled
517,4357,2025-07-21,33532.72,Cancelled
518,4078,2025-02-24,90484.47,Pending
519,1939,2026-02-16,51800.96,Completed
520,1269,2025-07-04,36087.89,Shipped
521,4812,2025-05-10,49158.87,Completed
522,1400,2025-11-04,67977.05,Shipped
523,1981,2025-01-15,9933.54,Completed
524,4948,2025-05-08,0.0,Completed
525,457,2025-06-25,25872.0,Shipped
526,1089,2025-01-25,10942.56,Cancelled
527,573,2025-12-11,85322.49,Completed
528,2334,2025-05-03,41595.03,Completed
529,2499,2025-05-21,45974.52,Shipped
530,3112,2025-03-12,52985.54,Shipped
531,330,2025-12-10,18022.28,Pending
532,3764,2025-01-15,63692.98,Cancelled
533,2740,2025-12-25,46367.72,Shipped
534,4433,2026-01-18,4556.48,Pending
535,3465,2026-01-11,27367.4,Shipped
536,2552,2025-03-25,48034.81,Completed
537,4073,2025-05-09,59389.48,Shipped
538,4203,2026-01-06,121702.13,Shipped
539,2043,2025-02-14,1098.86,Cancelled
540,2300,2025-05-16,30284.35,Completed
541,3910,2025-07-24,31211.29,Completed
542,5,2025-01-07,68213.6,Cancelled
543,537,2025-09-20,29518.14,Completed
544,3736,2025-03-09,31461.15,Cancelled
545,3884,2025-04-13,107252.12,Shipped
546,4464,2025-04-25,57762.55,Shipped
547,4153,2025-08-11,110593.76,Completed
548,1171,2025-08-04,7835.1,Completed
549,4028,2025-11-20,22655.19,Cancelled
550,1264,2025-02-10,15028.63,Pending
551,1630,2025-01-07,144906.68,Shipped
552,1424,2025-08-26,42891.22,Cancelled
553,2544,2025-05-13,1511.4,Completed
554,594,2026-03-21,42216.4,Shipped
555,188,2025-10-06,93797.33,Pending
556,3722,2025-12-02,114133.38,Shipped
557,2418,2025-07-11,39804.07,Completed
558,144,2025-01-24,35232.4,Shipped
559,4784,2025-09-10,27781.02,Completed
560,499,2025-06-28,29659.08,Shipped
561,646,2025-04-25,5763.51,Cancelled
562,2237,2025-12-26,58032.47,Pending
563,2510,2025-02-01,33993.14,Shipped
564,4095,2025-12-24,19727.62,Shipped
565,4505,2025-12-12,0.0,Completed
566,3118,2026-01-09,33825.88,Cancelled
567,4564,2025-02-27,12069.7,Shipped
568,352,2025-03-18,3492.99,Shipped
569,3571,2025-09-13,47932.98,Shipped
570,2015,2026-01-15,39676.44,Completed
571,3112,2025-12-21,6068.19,Pending
572,1444,2025-06-07,32016.25,Completed
573,4431,2025-04-04,58049.5,Pending
574,4371,2026-01-05,95201.47,Completed
575,578,2025-11-20,95590.88,Pending
576,2033,2025-12-08,0.0,Completed
577,4695,2025-04-07,67701.21,Shipped
578,4984,2025-12-21,24042.97,Shipped
579,3084,2025-05-12,71978.75,Pending
580,619,2026-02-19,0.0,Shipped
581,2814,2025-10-26,37511.43,Cancelled
582,1188,2025-03-17,25719.58,Completed
583,892,2025-03-01,107057.52,Shipped
584,3331,2025-11-22,44470.5,Cancelled
585,595,2025-12-05,0.0,Pending
586,1953,2025-06-03,25929.52,Pending
587,2345,2025-10-16,36922.84,Completed
588,4441,2025-10-25,5539.86,Shipped
589,999,2025-05-27,50005.2,Cancelled
590,4077,2025-08-31,77483.63,Shipped
591,423,2026-01-19,69683.22,Completed
592,671,2025-07-24,8634.83,Shipped
593,3065,2025-08-10,4829.76,Shipped
594,3758,2025-01-27,48793.29,Pending
595,4871,2025-07-20,57812.94,Cancelled
596,3702,2025-01-13,22668.05,Cancelled
597,3770,2025-10-15,26607.9,Cancelled
598,2939,2025-07-28,25083.91,Completed
599,381,2025-10-16,48044.4,Shipped
600,2992,2025-09-03,51253.41,Completed
601,2997,2025-09-12,16767.63,Pending
602,3988,2026-02-27,13294.13,Shipped
603,246,2025-04-30,75775.11,Completed
604,2120,2025-01-18,29572.68,Cancelled
605,2595,2025-11-08,39140.66,Shipped
606,2276,2025-10-27,14479.24,Pending
607,3069,2025-09-24,20802.46,Cancelled
608,506,2025-09-14,23719.42,Completed
609,1876,2025-07-17,45085.76,Completed
610,1843,2025-01-15,64078.4,Completed
611,1839,2025-04-04,85880.3,Shipped
612,2721,2025-01-09,18993.48,Completed
613,4676,2025-09-04,39876.62,Cancelled
614,4020,2025-03-29,32084.28,Completed
615,359,2025-07-12,26623.29,Completed
616,390,2025-02-09,54166.11,Shipped
617,2849,2025-01-15,39198.15,Cancelled
618,203,2025-09-24,31486.76,Pending
619,357,2025-04-05,35803.5,Completed
620,3061,2025-03-24,17375.98,Shipped
621,2317,2025-09-29,30077.61,Shipped
622,4312,2025-09-22,0.0,Shipped
623,4861,2025-02-10,31615.41,Completed
624,985,2026-01-24,2187.71,Completed
625,1460,2025-08-04,2654.91,Cancelled
626,1716,2025-04-22,10513.44,Shipped
627,2506,2025-01-01,19049.94,Completed
628,538,2025-02-23,21788.35,Pending
629,4181,2026-02-11,0.0,Pending
630,3872,2025-05-02,58331.97,Pending
631,2000,2025-04-04,25025.09,Shipped
632,146,2025-10-06,19713.36,Shipped
633,4287,2025-03-27,13192.15,Shipped
634,2787,2025-07-12,32905.6,Shipped
635,4844,2025-04-14,46665.69,Shipped
636,3730,2025-01-29,31484.95,Shipped
637,4324,2025-04-13,73647.6,Pending
638,1867,2025-01-24,42723.36,Pending
639,4993,2025-12-17,21165.1,Cancelled
640,4895,2025-03-29,92725.51,Completed
641,249,2025-10-18,8508.99,Completed
642,4783,2026-03-12,36894.41,Shipped
643,1536,2025-03-22,18487.0,Cancelled
644,932,2025-11-07,58478.14,Cancelled
645,4730,2025-06-03,64038.6,Completed
646,4392,2025-04-24,24799.34,Cancelled
647,4167,2025-01-09,21975.42,Completed
648,2357,2025-05-28,25670.58,Cancelled
649,1892,2026-03-05,905.56,Completed
650,156,2025-08-16,9260.34,Shipped
651,934,2025-07-12,70302.1,Completed
652,4801,2025-11-24,31622.43,Shipped
653,4092,2025-05-21,34047.66,Completed
654,4925,2025-01-07,1671.21,Shipped
655,1358,2025-12-25,21788.35,Shipped
656,1999,2025-10-17,55017.14,Cancelled
657,2161,2025-01-05,17204.85,Pending
658,984,2025-10-16,43330.93,Cancelled
659,3854,2025-09-17,30920.97,Cancelled
660,4636,2025-04-17,19736.82,Cancelled
661,2800,2025-05-29,0.0,Completed
662,1589,2025-03-21,0.0,Shipped
663,1168,2025-03-29,38674.33,Completed
664,1079,2025-08-14,51676.3,Shipped
665,3452,2025-10-18,16532.72,Pending
666,3801,2025-05-11,10807.22,Completed
667,2775,2025-06-06,0.0,Completed
668,383,2025-08-02,133141.59,Completed
669,2107,2025-02-09,111254.21,Shipped
670,119,2026-03-01,130795.67,Cancelled
671,4176,2025-06-21,53184.58,Pending
672,901,2025-01-10,111164.2,Shipped
673,4604,2025-10-11,46491.98,Completed
674,2924,2025-05-11,35706.0,Pending
675,2918,2026-02-11,40094.34,Shipped
676,489,2025-01-08,80255.75,Completed
677,1209,2025-09-22,0.0,Completed
678,915,2025-04-19,38935.06,Completed
679,1555,2025-10-09,59097.66,Shipped
680,3214,2025-12-29,0.0,Pending
681,485,2025-03-03,17269.66,Cancelled
682,3604,2025-11-27,76741.72,Completed
683,4748,2026-02-02,26363.01,Cancelled
684,2689,2025-05-23,245.15,Completed
685,1333,2025-02-15,61835.71,Completed
686,1573,2025-06-14,0.0,Pending
687,513,2026-03-20,8117.66,Pending
688,3581,2026-01-11,19491.3,Shipped
689,671,2025-03-28,34568.36,Shipped
690,1014,2025-12-20,16452.8,Completed
691,1281,2025-04-17,29572.68,Shipped
692,4381,2025-05-10,30284.35,Shipped
693,1243,2026-01-15,67890.86,Completed
694,1511,2025-07-01,88846.75,Completed
695,2504,2025-10-26,24097.62,Completed
696,815,2025-09-25,31826.64,Completed
697,405,2025-11-11,6163.5,Shipped
698,4333,2025-12-20,18273.86,Completed
699,1859,2025-04-07,18707.76,Shipped
700,804,2025-10-26,26890.28,Completed
701,1052,2025-07-05,55850.7,Completed
702,4046,2026-01-18,66822.62,Completed
703,1233,2025-10-29,4292.98,Cancelled
704,4785,2025-09-01,26218.21,Shipped
705,2859,2025-05-08,90369.24,Completed
706,2786,2026-03-02,28574.91,Shipped
707,1140,2025-07-25,19478.2,Completed
708,2047,2026-03-21,100349.83,Shipped
709,2096,2025-12-07,1769.94,Shipped
710,3045,2025-12-15,33070.39,Completed
711,2269,2026-02-28,6357.32,Cancelled
712,4800,2025-05-09,19990.9,Shipped
713,1742,2025-04-05,0.0,Completed
714,2880,2026-03-23,3193.04,Shipped
715,4566,2026-01-11,43970.76,Shipped
716,2265,2025-01-26,31916.48,Shipped
717,1786,2025-11-21,46877.01,Pending
718,1606,2025-03-19,5369.48,Completed
719,3169,2025-04-30,65121.53,Shipped
720,3549,2025-07-11,39546.0,Completed
721,449,2025-10-14,37233.08,Pending
722,3785,2025-02-07,36343.3,Pending
723,1701,2025-12-24,15808.8,Completed
724,3691,2025-11-26,9129.12,Shipped
725,358,2025-03-28,43302.54,Completed
726,1614,2025-07-31,44733.85,Shipped
727,1447,2025-10-05,42253.41,Completed
728,1328,2026-02-28,8286.1,Completed
729,4018,2025-05-30,16024.61,Completed
730,564,2026-03-15,56039.21,Shipped
731,4943,2025-08-22,17882.44,Shipped
732,2676,2025-01-24,101307.8,Completed
733,1280,2026-02-01,61920.55,Shipped
734,1075,2026-03-27,74785.17,Completed
735,1629,2025-07-06,20227.3,Cancelled
736,3085,2025-05-29,40926.15,Shipped
737,1414,2025-05-23,41665.47,Cancelled
738,4666,2025-05-04,9162.25,Cancelled
739,943,2025-01-05,10245.72,Completed
740,374,2025-03-31,20828.32,Shipped
741,1017,2026-02-11,2305.84,Shipped
742,2941,2026-02-03,0.0,Completed
743,1769,2026-01-15,50437.81,Shipped
744,299,2025-05-15,53052.33,Cancelled
745,743,2025-07-05,19267.23,Completed
746,4545,2025-03-01,11910.91,Completed
747,2711,2025-06-30,54633.22,Pending
748,4997,2025-06-09,28454.92,Shipped
749,2302,2025-04-03,80737.67,Shipped
750,3104,2025-10-14,48694.28,Cancelled
751,2722,2025-05-03,46840.46,Cancelled
752,4482,2025-02-06,32063.56,Cancelled
753,4414,2025-01-18,26528.64,Pending
754,3110,2026-01-14,23433.01,Cancelled
755,420,2025-05-01,21977.14,Completed
756,2236,2025-01-13,5013.84,Completed
757,4735,2025-02-01,48931.95,Cancelled
758,2057,2025-04-18,45699.65,Completed
759,1409,2025-01-23,17993.92,Shipped
760,709,2025-10-08,56333.53,Completed
761,60,2025-05-30,33601.32,Cancelled
762,1005,2025-02-27,38949.33,Completed
763,3450,2025-02-22,28926.31,Cancelled
764,3791,2025-11-09,29360.46,Completed
765,1160,2025-08-14,9618.1,Completed
766,3625,2025-03-27,28444.7,Completed
767,17,2025-11-30,100465.76,Shipped
768,978,2025-07-17,16312.95,Shipped
769,1072,2025-09-04,6747.56,Pending
770,1505,2025-05-18,30105.52,Completed
771,1304,2025-05-16,56876.33,Shipped
772,1424,2025-06-04,55196.04,Completed
773,2141,2025-08-06,58754.55,Shipped
774,2089,2025-01-02,933.74,Shipped
775,1230,2025-03-06,3081.57,Cancelled
776,3479,2025-05-14,0.0,Shipped
777,3551,2025-04-07,24334.55,Completed
778,2216,2025-08-30,26234.04,Cancelled
779,3938,2026-02-24,25081.22,Completed
780,309,2025-08-11,79574.75,Shipped
781,1794,2025-12-24,0.0,Completed
782,3439,2025-06-07,607.89,Completed
783,4666,2025-03-01,20963.23,Completed
784,802,2025-09-13,60395.19,Shipped
785,1769,2026-02-09,44499.95,Completed
786,4502,2026-03-11,30350.9,Completed
787,3676,2025-06-03,4430.26,Cancelled
788,260,2025-02-17,20008.21,Completed
789,2570,2025-11-27,29770.86,Completed
790,3415,2025-01-18,38518.56,Completed
791,4965,2025-03-04,40011.05,Cancelled
792,2112,2025-07-29,36854.53,Completed
793,4908,2025-11-15,11619.5,Completed
794,1348,2025-04-01,12386.18,Shipped
795,3683,2026-03-12,8185.75,Shipped
796,2849,2025-07-28,23407.89,Completed
797,3558,2025-06-18,8511.61,Shipped
798,1647,2025-08-18,90971.58,Cancelled
799,1026,2025-11-06,73375.46,Completed
800,1499,2025-05-02,50200.4,Completed
801,1765,2026-01-05,20153.48,Shipped
802,2848,2026-02-14,116839.92,Completed
803,2367,2026-01-10,101910.44,Pending
804,4035,2025-05-08,60148.75,Shipped
805,3811,2026-02-09,13450.86,Shipped
806,4911,2025-02-26,19434.63,Shipped
807,4388,2025-03-13,50940.7,Pending
808,1230,2025-02-28,90470.31,Pending
809,990,2025-10-17,39350.36,Shipped
810,3910,2025-02-13,11169.42,Shipped
811,3249,2026-02-12,81027.12,Completed
812,470,2026-01-19,13953.59,Cancelled
813,104,2025-04-09,33065.44,Shipped
814,1696,2025-03-10,45443.34,Pending
815,1215,2025-11-09,32941.92,Shipped
816,2644,2026-03-04,153331.66,Cancelled
817,4751,2025-01-02,152612.37,Shipped
818,3093,2025-01-19,41317.16,Completed
819,2806,2025-03-31,0.0,Completed
820,4354,2025-05-18,5285.57,Pending
821,1288,2026-02-08,26876.1,Completed
822,2547,2025-01-19,1672.52,Pending
823,974,2026-01-15,9030.31,Completed
824,4722,2025-07-28,43716.5,Cancelled
825,1246,2026-03-13,70593.08,Completed
826,519,2026-03-21,12140.36,Shipped
827,3697,2026-02-13,49962.92,Completed
828,3698,2025-05-12,6991.58,Shipped
829,1394,2025-05-10,33473.05,Shipped
830,124,2025-11-20,74886.51,Shipped
831,2121,2025-08-09,24427.37,Completed
832,1194,2025-10-21,54870.56,Cancelled
833,1903,2025-12-07,4918.85,Shipped
834,3831,2025-07-18,8392.11,Completed
835,4293,2026-02-05,95234.11,Cancelled
836,3636,2025-04-29,24227.48,Completed
837,3185,2025-07-09,37152.78,Completed
838,965,2025-07-07,14128.58,Shipped
839,1172,2025-12-19,65844.42,Pending
840,323,2025-03-05,41142.88,Cancelled
841,1418,2026-03-18,58703.28,Completed
842,4634,2025-08-17,34369.81,Completed
843,1554,2025-11-06,4809.77,Shipped
844,2440,2025-05-20,0.0,Completed
845,999,2025-07-05,1961.34,Shipped
846,594,2026-01-03,5555.13,Completed
847,2303,2025-02-26,7621.45,Completed
848,1089,2026-03-05,12786.4,Completed
849,3019,2025-10-31,0.0,Pending
850,2194,2025-11-14,0.0,Shipped
851,518,2025-05-28,26028.1,Completed
852,3072,2025-08-20,7141.62,Completed
853,2400,2025-02-08,33629.76,Pending
854,1726,2026-03-03,0.0,Completed
855,4435,2025-12-19,466.87,Shipped
856,4142,2026-01-05,154919.79,Completed
857,4902,2025-07-17,44708.1,Shipped
858,1640,2025-01-19,65056.29,Shipped
859,3781,2025-08-17,27388.66,Shipped
860,2568,2026-02-27,43580.72,Pending
861,3721,2025-06-09,51716.18,Completed
862,2100,2025-08-16,50968.05,Completed
863,4291,2025-09-01,8813.91,Completed
864,3535,2025-02-21,72293.65,Completed
865,1319,2025-10-13,85032.63,Cancelled
866,4017,2025-05-16,55880.55,Pending
867,480,2026-03-06,57476.71,Completed
868,1755,2026-02-10,26054.76,Completed
869,2893,2025-01-31,52041.04,Shipped
870,4678,2026-01-08,115471.19,Completed
871,291,2026-02-03,10264.3,Pending
872,2611,2025-12-11,35568.65,Pending
873,2948,2025-04-29,79527.79,Completed
874,879,2025-10-11,39529.15,Shipped
875,491,2025-08-01,21922.94,Completed
876,4770,2025-05-18,11082.98,Cancelled
877,3903,2026-03-26,43409.33,Shipped
878,2799,2025-11-05,38463.03,Completed
879,959,2026-02-26,59576.62,Completed
880,2441,2025-08-12,38902.83,Shipped
881,2653,2025-05-18,82469.24,Shipped
882,1259,2026-01-28,59736.7,Completed
883,4410,2025-04-05,0.0,Completed
884,3909,2025-06-11,980.6,Completed
885,3730,2026-02-21,5403.61,Shipped
886,3193,2025-06-16,53079.14,Pending
887,223,2025-03-20,6881.86,Shipped
888,1276,2026-01-25,7907.02,Pending
889,1878,2025-08-30,94764.92,Completed
890,3351,2026-03-10,80789.38,Shipped
891,1378,2025-05-27,43197.61,Pending
892,49,2025-03-15,0.0,Pending
893,126,2026-03-03,40511.89,Completed
894,3870,2026-01-15,86715.16,Shipped
895,3277,2025-01-12,3872.6,Completed
896,1898,2025-06-14,85833.93,Pending
897,4124,2025-06-28,56953.92,Pending
898,12,2025-07-12,40571.13,Completed
899,2945,2025-02-15,0.0,Pending
900,2387,2025-04-19,56072.31,Shipped
901,3154,2025-08-28,7717.31,Completed
902,938,2026-03-14,17555.18,Completed
903,3288,2025-01-20,0.0,Cancelled
904,3252,2025-02-05,23070.08,Shipped
905,642,2025-07-15,76518.01,Completed
906,3858,2025-04-04,4452.34,Completed
907,3841,2025-03-10,0.0,Shipped
908,1713,2025-10-28,81547.11,Completed
909,2827,2025-12-14,59203.45,Shipped
910,4497,2026-01-27,35966.18,Completed
911,3094,2025-08-20,26049.33,Shipped
912,4968,2025-06-07,1741.5,Cancelled
913,3150,2025-08-21,18642.28,Completed
914,960,2026-01-28,41650.66,Pending
915,1985,2025-10-29,41837.97,Pending
916,3826,2025-10-18,45429.84,Completed
917,3928,2025-01-31,29368.22,Cancelled
918,3394,2025-04-05,14095.58,Completed
919,2368,2026-01-16,40194.47,Completed
920,2209,2025-11-13,76689.96,Shipped
921,3814,2025-04-07,27559.51,Completed
922,2774,2025-01-31,61697.57,Cancelled
923,290,2025-04-29,83175.74,Cancelled
924,3594,2026-02-25,40799.78,Cancelled
925,216,2025-02-13,8457.02,Completed
926,2521,2025-10-28,77740.91,Completed
927,287,2025-04-03,54767.17,Completed
928,1305,2025-12-02,41766.46,Shipped
929,1114,2026-03-19,29774.65,Completed
930,2398,2025-03-19,30133.68,Cancelled
931,1213,2025-06-01,54083.0,Completed
932,1218,2025-05-29,73299.3,Completed
933,500,2025-12-17,60349.4,Pending
934,1948,2025-07-20,19853.92,Shipped
935,4411,2025-08-27,17300.48,Shipped
936,2842,2025-03-21,29403.5,Shipped
937,3562,2025-08-24,36580.28,Completed
938,3544,2025-03-22,0.0,Completed
939,2986,2025-08-03,52815.64,Completed
940,1179,2025-09-27,36874.02,Pending
941,1201,2025-10-14,9496.4,Shipped
942,4136,2025-09-15,46227.0,Completed
943,705,2025-07-30,16493.45,Completed
944,1997,2025-12-07,53066.64,Completed
945,4224,2026-01-18,30615.92,Completed
946,3887,2025-07-22,35631.28,Completed
947,4139,2025-09-25,110381.29,Shipped
948,4077,2025-02-20,166908.75,Completed
949,438,2025-03-02,106817.02,Pending
950,1323,2025-01-02,50996.82,Pending
951,130,2026-01-04,36001.03,Shipped
952,3622,2025-02-10,25369.41,Completed
953,4297,2025-11-24,14396.43,Shipped
954,339,2025-10-31,0.0,Cancelled
955,3666,2025-10-31,53753.9,Shipped
956,2461,2025-11-10,34291.86,Cancelled
957,4866,2026-03-06,27746.22,Pending
958,477,2025-05-22,71451.83,Shipped
959,2849,2026-01-05,39842.19,Pending
960,2148,2025-10-21,32269.58,Completed
961,3782,2025-03-20,112616.79,Completed
962,1438,2026-02-23,0.0,Completed
963,566,2025-09-20,8156.6,Shipped
964,4614,2026-02-02,56499.13,Completed
965,4784,2025-09-13,47864.5,Completed
966,3823,2025-02-27,25615.66,Cancelled
967,4847,2025-12-09,26721.05,Completed
968,4105,2025-12-18,10848.61,Completed
969,1426,2025-02-21,123164.95,Shipped
970,499,2025-08-28,96752.31,Shipped
971,812,2025-03-05,0.0,Completed
972,4664,2025-05-02,28579.0,Shipped
973,280,2025-11-22,109597.25,Completed
974,2756,2026-02-18,51105.6,Shipped
975,347,2025-02-25,19520.85,Cancelled
976,3958,2025-06-28,23737.26,Pending
977,4145,2025-06-24,78587.39,Completed
978,4545,2025-02-12,44431.37,Shipped
979,1755,2025-08-21,56148.89,Completed
980,2200,2025-01-07,0.0,Shipped
981,3535,2025-03-04,1901.7,Shipped
982,2481,2025-11-27,884.97,Completed
983,742,2026-03-27,21440.04,Pending
984,3175,2025-06-01,76592.28,Cancelled
985,4972,2025-01-28,0.0,Completed
986,921,2025-08-25,50912.3,Completed
987,3842,2026-01-25,22474.6,Cancelled
988,799,2025-02-26,0.0,Cancelled
989,442,2025-09-12,16532.72,Cancelled
990,2849,2025-03-05,23596.5,Completed
991,1453,2025-12-02,72155.1,Pending
992,2534,2025-12-04,5819.88,Pending
993,568,2025-04-12,47626.5,Pending
994,422,2025-10-07,19318.16,Completed
995,3630,2025-03-20,76017.35,Cancelled
996,1976,2025-08-20,36366.36,Pending
997,1471,2025-05-28,35653.38,Pending
998,1494,2025-08-30,11936.48,Completed
999,4873,2026-01-15,11386.02,Completed
1000,1909,2026-03-18,5718.45,Completed
1001,4794,2026-03-03,22289.25,Pending
1002,3946,2026-01-06,2000.99,Completed
1003,1331,2025-12-12,111997.29,Completed
1004,3490,2025-11-27,48685.65,Completed
1005,1193,2025-09-28,80153.45,Completed
1006,2588,2026-01-01,89527.56,Pending
1007,3664,2025-10-07,36797.43,Shipped
1008,1847,2025-04-06,38560.52,Cancelled
1009,2374,2025-01-14,25119.08,Cancelled
1010,2910,2025-12-09,9908.11,Completed
1011,3435,2026-02-03,16242.93,Shipped
1012,4461,2025-11-04,58077.88,Shipped
1013,381,2025-08-21,40850.78,Completed
1014,2888,2025-04-20,68273.94,Completed
1015,3144,2025-01-31,6670.83,Completed
1016,4340,2025-04-13,62978.64,Pending
1017,3795,2025-03-28,62547.79,Completed
1018,1593,2026-01-27,9048.3,Shipped
1019,241,2026-02-04,60489.46,Completed
1020,2101,2025-03-18,76618.8,Completed
1021,568,2025-07-02,13417.05,Shipped
1022,4736,2026-01-30,26142.85,Completed
1023,4339,2025-02-02,111694.16,Pending
1024,4667,2025-03-16,70547.77,Cancelled
1025,2840,2025-03-18,1837.72,Completed
1026,3905,2025-09-03,2282.52,Cancelled
1027,2254,2025-01-28,48968.63,Shipped
1028,2841,2025-03-12,38636.32,Completed
1029,2368,2025-12-18,66274.66,Pending
1030,3712,2025-11-28,10359.75,Shipped
1031,2870,2026-01-23,83215.81,Cancelled
1032,153,2025-07-20,71697.24,Completed
1033,3433,2025-01-29,67336.48,Completed
1034,2521,2025-07-25,89058.43,Shipped
1035,1226,2025-08-13,92203.2,Cancelled
1036,3988,2025-10-31,10012.7,Completed
1037,854,2025-06-27,33907.4,Completed
1038,4302,2025-01-22,74032.97,Completed
1039,2340,2026-03-16,7460.59,Completed
1040,2392,2025-11-16,14486.04,Shipped
1041,856,2026-01-12,29967.42,Completed
1042,1075,2025-01-22,64880.81,Completed
1043,3398,2025-12-29,31429.89,Completed
1044,1570,2025-03-16,3373.78,Completed
1045,772,2025-12-16,22280.6,Completed
1046,4366,2026-01-04,27336.72,Completed
1047,1956,2026-01-05,22287.17,Completed
1048,3878,2025-02-22,7977.9,Completed
1049,1046,2025-05-15,938.71,Shipped
1050,4577,2025-06-24,86172.7,Completed
1051,2350,2025-05-11,15118.44,Completed
1052,227,2026-02-09,67301.79,Completed
1053,1866,2025-09-19,7624.6,Pending
1054,356,2025-05-30,88946.1,Completed
1055,863,2025-05-09,26523.81,Shipped
1056,2862,2025-02-10,20097.0,Completed
1057,4692,2025-06-06,138645.13,Completed
1058,2789,2025-04-25,0.0,Completed
1059,3802,2025-07-23,77300.38,Completed
1060,1497,2025-04-25,15925.86,Shipped
1061,1100,2025-08-15,21128.97,Shipped
1062,1762,2025-09-11,0.0,Cancelled
1063,723,2026-01-19,24194.7,Shipped
1064,3159,2025-08-23,43077.18,Shipped
1065,3601,2025-11-20,11380.82,Cancelled
1066,1560,2025-11-20,51071.81,Pending
1067,1394,2026-03-17,37129.84,Pending
1068,3758,2025-11-22,41834.33,Completed
1069,915,2026-02-23,54584.15,Completed
1070,1588,2025-02-02,9478.85,Shipped
1071,4947,2025-05-30,34226.32,Shipped
1072,2721,2025-10-22,72229.63,Shipped
1073,471,2025-09-11,38956.4,Completed
1074,4824,2025-11-16,65251.54,Shipped
1075,3922,2025-10-08,39188.15,Pending
1076,62,2026-03-24,29701.74,Completed
1077,509,2025-03-29,68667.38,Shipped
1078,898,2025-01-22,2684.74,Shipped
1079,2793,2025-08-14,88755.32,Completed
1080,660,2025-10-20,39673.54,Pending
1081,4548,2025-04-06,44196.92,Shipped
1082,3617,2025-11-26,29851.11,Completed
1083,1739,2026-01-30,63715.25,Shipped
1084,3834,2025-08-07,35433.42,Pending
1085,4787,2025-07-30,20768.3,Completed
1086,4977,2025-04-18,32962.02,Shipped
1087,2548,2025-06-09,34017.35,Pending
1088,2619,2025-02-02,1716.73,Shipped
1089,1154,2025-08-22,14245.87,Pending
1090,1150,2025-06-20,43749.19,Cancelled
1091,4011,2025-02-28,25103.28,Shipped
1092,2686,2026-01-13,42001.65,Completed
1093,2644,2025-11-11,0.0,Cancelled
1094,393,2025-12-18,44324.61,Pending
1095,3101,2025-10-14,58050.85,Shipped
1096,4019,2025-02-23,0.0,Pending
1097,2902,2025-08-17,23060.06,Completed
1098,3619,2025-08-04,72770.16,Completed
1099,1469,2025-12-31,19236.2,Pending
1100,559,2026-02-10,39465.69,Pending
1101,1006,2025-06-18,42810.76,Shipped
1102,3984,2025-04-14,28151.2,Shipped
1103,1413,2025-12-21,41839.89,Shipped
1104,970,2026-02-28,86081.9,Shipped
1105,1017,2026-02-20,65816.75,Cancelled
1106,4344,2025-09-20,0.0,Shipped
1107,3809,2025-11-10,21690.18,Shipped
1108,990,2025-12-15,57074.05,Cancelled
1109,3673,2026-03-19,74566.91,Completed
1110,4011,2026-02-07,5763.51,Shipped
1111,3609,2025-04-17,1131.95,Pending
1112,4413,2025-01-07,86679.94,Shipped
1113,1509,2026-01-08,27624.88,Shipped
1114,2294,2025-03-31,74919.69,Shipped
1115,4096,2025-08-07,52120.45,Completed
1116,1478,2025-12-30,51250.03,Completed
1117,2257,2026-01-01,131946.31,Pending
1118,379,2026-01-23,7201.79,Completed
1119,2991,2025-09-07,39139.46,Completed
1120,3543,2025-10-05,105701.28,Completed
1121,817,2026-01-12,16110.26,Completed
1122,3691,2026-02-06,12085.84,Cancelled
1123,1241,2026-01-06,29381.2,Completed
1124,4649,2025-08-09,82870.01,Completed
1125,1963,2025-07-25,56277.53,Completed
1126,3587,2025-09-04,15686.31,Completed
1127,2589,2025-01-01,33258.47,Completed
1128,3562,2025-12-05,41444.98,Cancelled
1129,4477,2026-01-18,25526.97,Shipped
1130,304,2025-12-04,38358.67,Completed
1131,1077,2025-06-13,66522.8,Shipped
1132,2706,2025-03-12,63233.8,Completed
1133,2724,2025-04-18,63205.04,Pending
1134,2849,2026-03-06,62966.36,Cancelled
1135,4432,2025-04-20,20834.65,Completed
1136,4335,2026-03-05,45265.01,Completed
1137,3785,2025-09-09,76274.92,Shipped
1138,1384,2025-04-24,18022.28,Pending
1139,669,2025-12-07,56759.98,Shipped
1140,945,2025-02-24,62644.08,Cancelled
1141,414,2026-03-07,26506.5,Completed
1142,1591,2025-10-18,8818.48,Shipped
1143,4747,2026-01-30,38948.52,Shipped
1144,4927,2025-06-17,63961.98,Pending
1145,1010,2025-06-17,18079.02,Shipped
1146,3190,2025-08-07,20256.0,Shipped
1147,1503,2025-06-22,89894.0,Pending
1148,475,2025-08-22,83757.43,Completed
1149,1355,2025-07-15,7519.14,Shipped
1150,3392,2026-01-01,20813.24,Completed
1151,4495,2025-11-26,44843.96,Completed
1152,2623,2025-01-09,45898.79,Pending
1153,2764,2025-07-07,16533.84,Completed
1154,4296,2025-10-11,0.0,Completed
1155,1059,2026-02-17,14239.44,Completed
1156,371,2025-04-14,43233.0,Cancelled
1157,1925,2026-03-04,29473.47,Completed
1158,717,2025-06-14,0.0,Cancelled
1159,1881,2025-09-17,11298.03,Cancelled
1160,4839,2025-12-03,38921.1,Completed
1161,3885,2026-03-13,84331.96,Completed
1162,1580,2026-03-07,26245.08,Completed
1163,3956,2025-02-17,5696.8,Pending
1164,1264,2025-10-04,27624.88,Completed
1165,681,2025-12-15,35373.22,Shipped
1166,725,2025-09-20,66322.28,Completed
1167,59,2025-11-07,84298.1,Completed
1168,4672,2026-03-27,38956.4,Cancelled
1169,4884,2026-03-04,60533.17,Pending
1170,2689,2025-10-05,58441.65,Cancelled
1171,4982,2025-03-26,7205.8,Shipped
1172,2482,2025-05-12,46498.56,Shipped
1173,1431,2025-04-29,110093.28,Cancelled
1174,2723,2026-03-19,0.0,Shipped
1175,4105,2025-10-14,32928.2,Shipped
1176,3463,2025-04-29,11350.46,Pending
1177,1180,2025-08-17,48342.4,Shipped
1178,596,2025-02-14,35031.32,Completed
1179,157,2025-02-12,31264.49,Pending
1180,2303,2025-07-21,451.76,Completed
1181,1473,2025-06-04,1225.75,Pending
1182,4408,2025-04-21,43342.42,Completed
1183,4664,2025-02-16,0.0,Completed
1184,1398,2025-01-04,61789.71,Cancelled
1185,3589,2026-02-23,5078.08,Cancelled
1186,924,2026-01-17,31744.0,Cancelled
1187,974,2025-04-20,12282.52,Shipped
1188,2601,2026-01-23,31377.04,Completed
1189,2733,2025-07-08,0.0,Shipped
1190,781,2025-08-02,0.0,Shipped
1191,3258,2025-12-30,43165.8,Completed
1192,1157,2025-09-23,9413.22,Completed
1193,1795,2025-01-05,47138.7,Completed
1194,1230,2025-05-25,25236.26,Completed
1195,2507,2026-02-13,0.0,Cancelled
1196,2105,2025-11-11,21142.28,Shipped
1197,3812,2025-09-05,35182.88,Pending
1198,4130,2025-05-31,93279.69,Pending
1199,864,2025-09-29,57822.46,Completed
1200,1444,2025-10-15,621.76,Cancelled
1201,4071,2025-04-02,62743.32,Completed
1202,4247,2025-01-24,64708.87,Completed
1203,1641,2025-02-12,91410.62,Pending
1204,2815,2025-09-05,15791.44,Completed
1205,4995,2025-01-19,84992.79,Completed
1206,377,2026-03-02,9142.99,Completed
1207,1672,2025-08-17,23269.0,Shipped
1208,205,2025-11-19,30421.07,Shipped
1209,2408,2026-03-17,24321.4,Completed
1210,1728,2025-07-11,85762.35,Cancelled
1211,2195,2025-01-05,16094.32,Completed
1212,567,2025-06-08,56268.51,Completed
1213,2535,2025-05-24,7470.65,Shipped
1214,1394,2026-02-16,74841.29,Completed
1215,3204,2025-01-14,62594.02,Shipped
1216,1276,2025-01-12,29024.28,Completed
1217,4877,2025-07-27,38093.3,Completed
1218,896,2025-02-12,0.0,Pending
1219,2651,2025-02-15,66692.14,Cancelled
1220,3884,2026-01-18,36576.99,Completed
1221,4867,2025-06-25,70644.77,Completed
1222,647,2025-12-27,40613.73,Completed
1223,1852,2025-07-11,53640.06,Completed
1224,2547,2025-06-07,51527.28,Completed
1225,2313,2025-05-12,34335.84,Completed
1226,859,2026-03-10,14455.88,Shipped
1227,2929,2025-04-13,15958.24,Cancelled
1228,3817,2025-08-16,88267.06,Completed
1229,1418,2025-01-19,31239.97,Completed
1230,2933,2025-09-05,3942.99,Shipped
1231,4644,2025-07-08,43321.83,Cancelled
1232,3223,2025-03-24,107387.76,Pending
1233,1408,2025-09-25,5144.36,Completed
1234,2762,2025-11-18,46591.9,Pending
1235,95,2025-11-25,48223.57,Completed
1236,2279,2026-01-06,26379.94,Shipped
1237,306,2025-10-29,36008.53,Shipped
1238,1406,2025-09-28,109093.73,Shipped
1239,3877,2025-03-21,53682.5,Completed
1240,1529,2025-08-21,12993.48,Pending
1241,3513,2025-07-18,27851.82,Shipped
1242,2781,2025-03-08,0.0,Completed
1243,4757,2025-12-14,44167.01,Completed
1244,1499,2025-02-01,29883.42,Cancelled
1245,2370,2025-11-19,29599.24,Shipped
1246,1310,2025-01-31,57771.64,Completed
1247,2811,2025-09-12,62000.65,Shipped
1248,1635,2025-07-11,49553.64,Cancelled
1249,2514,2025-06-22,24690.5,Completed
1250,655,2025-09-22,143309.25,Pending
1251,1193,2026-02-08,8503.95,Cancelled
1252,2346,2025-12-29,2228.28,Completed
1253,1176,2025-02-16,61817.05,Completed
1254,2475,2026-03-06,96191.54,Completed
1255,488,2026-02-05,4162.66,Pending
1256,1964,2025-07-08,21089.72,Pending
1257,3364,2025-07-02,58457.67,Pending
1258,3777,2025-06-15,0.0,Shipped
1259,1284,2025-01-26,76666.43,Shipped
1260,2649,2026-02-24,62279.81,Completed
1261,3085,2025-02-05,14820.56,Completed
1262,4149,2025-12-20,26253.93,Shipped
1263,1868,2026-03-23,0.0,Pending
1264,2763,2025-11-05,67364.52,Cancelled
1265,3895,2025-12-12,65081.11,Completed
1266,3016,2025-06-18,15241.74,Cancelled
1267,3356,2025-12-01,83475.75,Completed
1268,4272,2025-05-19,61892.27,Completed
1269,4612,2025-02-01,16483.63,Shipped
1270,4825,2025-04-16,110350.6,Cancelled
1271,3349,2025-12-22,10916.63,Shipped
1272,2317,2025-12-24,69767.88,Completed
1273,1221,2025-07-13,94224.27,Pending
1274,3204,2025-02-08,13549.6,Cancelled
1275,3025,2025-02-01,56872.85,Shipped
1276,1466,2025-04-12,42797.06,Cancelled
1277,2714,2025-03-23,24934.94,Completed
1278,3172,2026-01-17,42216.75,Pending
1279,2129,2025-05-01,17686.11,Completed
1280,3810,2026-01-10,53851.09,Shipped
1281,2093,2026-01-15,0.0,Completed
1282,4938,2025-11-03,45978.52,Shipped
1283,1517,2025-06-08,32221.38,Pending
1284,2677,2025-06-01,22345.1,Completed
1285,3925,2025-06-03,51032.28,Completed
1286,3114,2025-06-09,72991.66,Shipped
1287,2250,2025-08-02,39685.36,Completed
1288,4344,2025-01-03,4482.39,Completed
1289,1347,2026-03-27,60485.93,Completed
1290,3560,2025-12-08,0.0,Completed
1291,3120,2026-03-11,18952.28,Completed
1292,2274,2025-10-07,21458.37,Shipped
1293,3668,2025-04-12,15162.31,Cancelled
1294,734,2025-05-24,7107.65,Completed
1295,2082,2025-01-04,41410.4,Shipped
1296,1052,2026-03-16,18457.98,Shipped
1297,1181,2025-07-01,26207.22,Shipped
1298,4018,2025-01-20,0.0,Shipped
1299,4733,2025-08-06,53537.39,Pending
1300,4683,2025-10-08,56222.13,Completed
1301,1344,2026-02-16,61794.13,Pending
1302,1043,2025-06-30,6519.7,Shipped
1303,4290,2026-01-04,25912.38,Pending
1304,2616,2025-01-31,65696.16,Completed
1305,3922,2025-05-18,22121.25,Completed
1306,2977,2025-01-24,10451.55,Completed
1307,2474,2025-06-16,43117.35,Pending
1308,1554,2025-05-30,32472.95,Cancelled
1309,2929,2025-03-27,36280.67,Cancelled
1310,2920,2025-10-28,32574.23,Cancelled
1311,87,2025-03-12,23011.96,Cancelled
1312,260,2025-07-21,49077.94,Completed
1313,2338,2026-01-25,26444.55,Completed
1314,4018,2025-08-22,1446.06,Cancelled
1315,3510,2025-01-06,20573.73,Pending
1316,362,2025-10-08,985.17,Pending
1317,3865,2025-01-24,55766.66,Completed
1318,4573,2025-07-06,24958.51,Completed
1319,555,2025-07-14,51697.32,Completed
1320,577,2025-10-26,8291.75,Completed
1321,680,2025-11-18,16829.76,Completed
1322,1496,2025-12-25,40122.78,Cancelled
1323,452,2025-10-27,80374.47,Shipped
1324,4932,2025-07-02,58475.44,Completed
1325,539,2026-03-27,34566.88,Cancelled
1326,3998,2025-07-25,49152.13,Shipped
1327,4520,2025-02-02,56307.61,Completed
1328,1395,2025-01-17,19703.52,Completed
1329,478,2025-12-28,790.66,Shipped
1330,252,2026-01-13,29512.1,Shipped
1331,325,2025-07-24,10320.9,Cancelled
1332,1474,2025-07-10,26944.07,Completed
1333,906,2026-01-16,39726.9,Shipped
1334,2366,2025-10-01,0.0,Cancelled
1335,1277,2025-11-07,4360.52,Cancelled
1336,4082,2025-01-10,63326.54,Shipped
1337,2124,2025-01-27,14170.14,Shipped
1338,1575,2025-01-22,12191.6,Shipped
1339,1861,2025-09-27,2356.04,Completed
1340,4564,2025-07-17,59187.21,Shipped
1341,3622,2025-09-13,114371.32,Shipped
1342,585,2025-05-01,0.0,Completed
1343,3661,2025-03-04,18718.27,Shipped
1344,1472,2026-03-03,45299.8,Pending
1345,3390,2025-10-25,29662.06,Completed
1346,4022,2026-02-20,46761.43,Shipped
1347,102,2025-01-06,0.0,Completed
1348,4210,2026-01-09,37443.58,Completed
1349,1772,2026-01-15,22057.3,Pending
1350,2031,2026-01-07,9713.24,Pending
1351,1336,2025-10-13,61964.96,Completed
1352,1325,2025-06-09,60690.35,Completed
1353,1309,2026-01-04,2816.13,Completed
1354,4800,2025-11-14,56450.74,Completed
1355,1011,2025-09-12,16601.06,Shipped
1356,4873,2026-02-02,49593.98,Cancelled
1357,4842,2025-01-30,0.0,Pending
1358,1270,2025-06-30,35118.73,Pending
1359,4796,2025-07-22,9210.64,Completed
1360,215,2025-09-13,47758.58,Completed
1361,1486,2025-11-28,0.0,Pending
1362,3353,2026-02-15,63917.15,Completed
1363,4605,2026-01-23,108014.81,Completed
1364,2148,2025-09-16,44058.3,Pending
1365,1765,2025-03-01,64099.67,Shipped
1366,4327,2026-01-26,3146.12,Completed
1367,3564,2025-12-09,37557.18,Completed
1368,4801,2025-10-26,34496.06,Cancelled
1369,1778,2025-10-29,37238.34,Shipped
1370,1084,2025-11-04,25715.77,Pending
1371,4042,2026-02-12,32894.7,Completed
1372,470,2025-07-22,25882.42,Shipped
1373,4996,2025-02-27,65251.47,Completed
1374,1135,2025-08-15,41177.84,Shipped
1375,3431,2025-07-19,13900.32,Completed
1376,1017,2025-06-02,26169.27,Cancelled
1377,106,2026-02-27,39676.44,Shipped
1378,2779,2025-09-27,10049.45,Completed
1379,1009,2025-05-24,95673.25,Completed
1380,2945,2025-02-28,44380.67,Cancelled
1381,4547,2026-02-20,0.0,Completed
1382,4686,2025-02-09,97366.1,Completed
1383,210,2025-01-07,28123.74,Completed
1384,3241,2025-02-19,55732.08,Completed
1385,3366,2025-04-04,65528.62,Completed
1386,2587,2025-07-14,32424.64,Cancelled
1387,4347,2025-04-16,65841.57,Completed
1388,1277,2025-11-28,84809.58,Shipped
1389,3223,2025-04-13,36103.71,Shipped
1390,4937,2025-06-27,72359.21,Completed
1391,1687,2026-02-20,76945.46,Cancelled
1392,2116,2025-05-15,36340.04,Completed
1393,4726,2025-06-02,40577.59,Completed
1394,4208,2025-11-08,83313.42,Shipped
1395,2279,2025-05-17,40769.8,Completed
1396,315,2026-03-25,16525.76,Completed
1397,3205,2025-10-21,76257.56,Cancelled
1398,160,2025-10-29,117335.64,Shipped
1399,2900,2025-10-03,96298.0,Pending
1400,383,2025-05-13,3680.74,Cancelled
1401,1061,2025-08-30,36182.55,Completed
1402,3586,2025-01-03,67783.03,Cancelled
1403,1902,2025-03-29,70128.37,Shipped
1404,3726,2025-01-15,4918.85,Completed
1405,2410,2025-07-17,25282.29,Completed
1406,1519,2025-07-22,46965.84,Completed
1407,941,2025-07-31,0.0,Shipped
1408,2152,2025-11-10,41084.39,Completed
1409,2119,2026-02-12,24152.9,Completed
1410,4929,2025-03-29,50956.24,Shipped
1411,2798,2025-03-10,10406.23,Completed
1412,1111,2025-05-19,138306.38,Completed
1413,869,2025-04-21,45258.8,Shipped
1414,1174,2025-06-14,30663.09,Completed
1415,2456,2025-10-28,40115.64,Pending
1416,2547,2025-08-08,52679.53,Shipped
1417,4884,2025-12-08,25437.5,Completed
1418,3564,2025-04-19,6239.58,Shipped
1419,3929,2025-05-20,46197.43,Pending
1420,3472,2025-04-17,10021.82,Cancelled
1421,170,2025-11-09,42619.28,Shipped
1422,1585,2025-03-19,0.0,Shipped
1423,1763,2025-04-15,22989.57,Shipped
1424,737,2026-02-09,48356.48,Completed
1425,860,2026-03-05,1445.42,Completed
1426,132,2025-05-03,23532.73,Pending
1427,3070,2025-11-24,0.0,Cancelled
1428,1363,2026-02-11,34572.35,Pending
1429,4819,2026-02-19,69089.64,Cancelled
1430,2413,2025-05-01,48149.1,Pending
1431,1407,2025-06-20,466.87,Cancelled
1432,1281,2025-08-17,16043.62,Completed
1433,3856,2025-01-05,97140.4,Completed
1434,1353,2026-03-26,44047.63,Pending
1435,1940,2025-06-29,45978.18,Pending
1436,3837,2025-05-04,12756.35,Shipped
1437,1231,2025-09-20,38925.95,Shipped
1438,2700,2025-05-30,69388.99,Cancelled
1439,1223,2026-03-02,71071.24,Cancelled
1440,3059,2025-03-16,0.0,Shipped
1441,3094,2025-04-14,56361.54,Shipped
1442,3929,2025-10-26,136672.97,Shipped
1443,1580,2025-07-17,44815.11,Cancelled
1444,4306,2026-02-28,6413.97,Shipped
1445,3287,2025-09-19,14298.14,Shipped
1446,1176,2026-01-18,16080.03,Shipped
1447,4377,2026-01-14,137428.89,Shipped
1448,4794,2025-02-03,43703.41,Completed
1449,1349,2026-03-07,19765.16,Completed
1450,4346,2025-12-31,29945.6,Shipped
1451,1683,2026-01-22,21749.96,Pending
1452,1120,2025-12-06,22617.47,Completed
1453,954,2025-11-08,10012.7,Completed
1454,2142,2025-07-28,36946.94,Shipped
1455,3369,2025-02-06,31154.39,Pending
1456,4084,2025-09-01,44958.64,Pending
1457,2018,2025-06-24,11289.15,Completed
1458,4047,2025-01-09,7840.69,Shipped
1459,1929,2025-06-03,0.0,Shipped
1460,4021,2025-06-23,42813.86,Completed
1461,658,2025-01-06,95809.56,Completed
1462,3309,2025-06-14,1424.2,Pending
1463,2581,2025-09-03,0.0,Completed
1464,4369,2025-11-02,16704.82,Completed
1465,611,2025-10-03,57870.27,Pending
1466,2496,2026-03-23,0.0,Completed
1467,3608,2025-03-28,43839.51,Shipped
1468,4253,2025-07-21,39904.53,Completed
1469,1403,2025-02-25,8813.91,Completed
1470,4216,2025-04-18,18379.58,Cancelled
1471,4886,2026-01-10,42282.35,Completed
1472,443,2025-08-06,48146.75,Pending
1473,3462,2025-11-22,13912.17,Cancelled
1474,2428,2025-09-12,56432.89,Shipped
1475,2625,2025-12-13,17722.73,Pending
1476,3343,2025-07-09,6037.2,Pending
1477,4983,2025-11-19,0.0,Cancelled
1478,3221,2025-09-06,110532.79,Cancelled
1479,1168,2025-11-10,9839.38,Pending
1480,1080,2025-01-08,91837.03,Completed
1481,2079,2026-01-28,90026.6,Cancelled
1482,3718,2025-01-11,124018.07,Completed
1483,1177,2025-09-10,52938.75,Completed
1484,3160,2025-11-12,73883.03,Shipped
1485,4906,2026-03-18,56179.63,Shipped
1486,864,2025-09-03,0.0,Shipped
1487,2950,2025-04-07,123304.81,Shipped
1488,3679,2025-03-20,21261.06,Completed
1489,2510,2025-08-26,82975.9,Cancelled
1490,3289,2025-05-06,99172.31,Completed
1491,892,2025-07-04,22151.3,Pending
1492,3713,2025-06-28,0.0,Shipped
1493,2585,2025-02-21,0.0,Completed
1494,4585,2025-02-03,6826.23,Completed
1495,4538,2025-12-11,41247.39,Cancelled
1496,4882,2025-05-31,8003.96,Shipped
1497,3875,2025-04-29,32665.74,Completed
1498,4112,2025-05-06,31903.34,Completed
1499,3465,2025-09-12,14321.4,Completed
1500,1054,2025-03-22,34715.39,Completed
1501,3439,2025-10-27,73234.38,Completed
1502,3289,2025-08-20,48278.61,Cancelled
1503,520,2026-03-17,37144.04,Cancelled
1504,884,2025-03-24,1141.26,Completed
1505,2923,2026-02-23,3524.6,Completed
1506,440,2025-04-30,124570.78,Pending
1507,4825,2026-01-09,25749.02,Pending
1508,3942,2026-03-25,96546.99,Cancelled
1509,3773,2025-06-28,23757.5,Pending
1510,4396,2026-02-17,0.0,Pending
1511,2529,2025-11-26,44653.99,Completed
1512,497,2025-10-19,69713.9,Cancelled
1513,2995,2025-05-16,74314.01,Pending
1514,3764,2025-06-14,0.0,Cancelled
1515,771,2025-07-02,43468.37,Completed
1516,2331,2026-01-22,33805.64,Completed
1517,2364,2025-04-16,18355.03,Pending
1518,3746,2025-12-23,88660.93,Completed
1519,1557,2025-04-04,48889.8,Cancelled
1520,4599,2025-08-10,15207.6,Completed
1521,1710,2025-07-21,8583.65,Completed
1522,3438,2025-04-13,25443.08,Shipped
1523,1929,2025-10-25,18952.28,Completed
1524,4509,2025-02-17,52019.73,Completed
1525,1211,2025-08-18,50411.43,Pending
1526,4999,2025-09-13,5771.99,Pending
1527,1215,2025-01-04,24172.78,Shipped
1528,2449,2026-01-12,22363.64,Cancelled
1529,4844,2025-11-10,20383.24,Shipped
1530,650,2026-02-16,49562.9,Pending
1531,4430,2025-01-12,57757.01,Pending
1532,1906,2026-03-11,91107.9,Completed
1533,300,2025-06-07,104929.22,Completed
1534,4620,2025-08-16,117785.78,Completed
1535,454,2025-01-22,39357.68,Pending
1536,596,2025-10-09,11984.22,Shipped
1537,2277,2025-03-22,31148.36,Completed
1538,4942,2025-06-17,26136.47,Cancelled
1539,540,2025-03-02,53396.58,Completed
1540,4743,2026-01-27,45511.05,Completed
1541,4018,2026-01-23,45045.64,Cancelled
1542,1291,2025-08-24,90141.48,Cancelled
1543,2991,2025-10-20,30480.43,Cancelled
1544,3205,2025-11-04,0.0,Shipped
1545,4360,2025-03-15,48853.5,Shipped
1546,4407,2025-02-16,14574.91,Completed
1547,4476,2025-10-03,8846.9,Completed
1548,154,2026-01-30,17847.76,Pending
1549,4341,2026-03-10,70325.03,Pending
1550,4196,2025-05-08,50100.94,Completed
1551,1868,2025-06-17,23597.78,Completed
1552,1503,2025-07-27,88196.35,Completed
1553,2409,2025-03-04,104253.61,Shipped
1554,3787,2025-10-15,6846.04,Shipped
1555,672,2025-08-20,49191.6,Shipped
1556,748,2026-02-23,47911.21,Pending
1557,188,2025-11-06,59498.27,Shipped
1558,2525,2025-03-14,79488.32,Completed
1559,3405,2026-03-10,81119.9,Completed
1560,1194,2026-01-23,12405.09,Pending
1561,2097,2025-03-14,39924.18,Shipped
1562,2733,2025-01-28,10661.63,Completed
1563,5,2025-01-13,0.0,Pending
1564,1482,2026-03-03,64469.63,Completed
1565,2730,2025-05-31,13980.22,Completed
1566,2773,2025-08-12,60585.46,Completed
1567,3456,2025-01-08,1612.4,Shipped
1568,4684,2025-09-06,18877.76,Completed
1569,2973,2025-03-05,2900.82,Completed
1570,2664,2025-01-31,0.0,Completed
1571,1314,2025-11-14,30142.36,Completed
1572,1222,2025-08-15,66944.19,Completed
1573,4506,2025-11-23,33050.21,Shipped
1574,2482,2026-03-15,46910.8,Shipped
1575,1042,2026-02-11,0.0,Completed
1576,1640,2025-06-10,108856.9,Shipped
1577,3744,2025-05-16,0.0,Cancelled
1578,3110,2025-08-30,0.0,Completed
1579,622,2026-03-10,50046.97,Completed
1580,2406,2025-04-15,33601.32,Shipped
1581,1207,2025-12-30,89052.17,Shipped
1582,4209,2025-05-19,3370.36,Shipped
1583,2709,2026-02-13,21741.09,Completed
1584,2952,2025-12-21,39688.75,Completed
1585,3595,2026-02-12,25868.8,Shipped
1586,2480,2025-08-05,39483.41,Shipped
1587,61,2025-11-09,188180.57,Shipped
1588,3583,2026-01-31,17837.94,Shipped
1589,2189,2025-08-11,9857.56,Cancelled
1590,2556,2026-01-31,0.0,Completed
1591,4337,2025-03-05,0.0,Completed
1592,4707,2025-01-25,10733.64,Completed
1593,1462,2025-06-29,35629.85,Shipped
1594,740,2025-01-17,16267.23,Cancelled
1595,4452,2026-01-12,23083.78,Shipped
1596,3339,2025-01-06,27446.79,Pending
1597,1100,2025-09-27,7992.56,Completed
1598,3935,2025-10-05,23076.16,Pending
1599,1361,2026-01-23,0.0,Completed
1600,1074,2025-06-02,3922.68,Completed
1601,2239,2025-01-20,0.0,Completed
1602,3200,2025-10-15,69835.38,Shipped
1603,3187,2025-10-29,93506.28,Shipped
1604,684,2025-07-02,0.0,Completed
1605,4785,2025-01-15,18826.44,Completed
1606,3566,2026-01-02,26099.2,Cancelled
1607,2034,2025-09-25,67865.7,Shipped
1608,4741,2025-04-06,60265.58,Cancelled
1609,1829,2025-01-09,81096.79,Completed
1610,41,2025-04-16,25331.22,Shipped
1611,4347,2025-02-21,0.0,Cancelled
1612,2335,2026-02-28,26524.9,Completed
1613,3675,2025-05-02,83707.88,Pending
1614,3943,2025-12-17,96638.97,Completed
1615,3938,2026-02-21,56209.52,Cancelled
1616,2488,2025-11-10,66487.06,Completed
1617,4533,2025-04-08,0.0,Shipped
1618,4166,2025-11-14,39975.48,Shipped
1619,456,2025-11-14,16444.67,Completed
1620,3254,2025-08-01,72820.0,Shipped
1621,1540,2025-05-07,43725.28,Shipped
1622,318,2026-02-04,75394.12,Shipped
1623,2021,2025-10-26,9478.85,Completed
1624,73,2025-08-29,23070.08,Pending
1625,2295,2025-08-10,110594.98,Cancelled
1626,637,2025-01-03,0.0,Pending
1627,3357,2025-11-16,72051.5,Shipped
1628,1342,2025-03-31,4292.98,Pending
1629,154,2025-05-16,51785.92,Completed
1630,739,2025-07-04,31941.25,Cancelled
1631,864,2025-11-30,62008.38,Completed
1632,4065,2025-07-15,30756.86,Pending
1633,2875,2026-01-31,81325.63,Cancelled
1634,1834,2025-07-23,148336.49,Completed
1635,4116,2025-06-26,58465.24,Shipped
1636,1388,2025-01-19,50381.59,Shipped
1637,3914,2025-08-28,66902.75,Completed
1638,1927,2025-08-09,30350.9,Pending
1639,3948,2025-12-25,11042.4,Completed
1640,4038,2025-10-05,7400.2,Shipped
1641,285,2026-01-09,0.0,Shipped
1642,2411,2025-06-22,111656.95,Shipped
1643,4811,2025-02-20,22591.65,Pending
1644,4360,2025-04-29,37947.39,Shipped
1645,1697,2026-02-13,126589.83,Completed
1646,2313,2025-05-12,38095.68,Shipped
1647,4519,2025-01-04,25993.5,Pending
1648,3764,2025-10-31,26797.68,Completed
1649,1624,2025-05-21,51981.11,Shipped
1650,2115,2025-03-10,11975.42,Pending
1651,3949,2026-01-15,30918.29,Cancelled
1652,3549,2025-12-19,28826.64,Pending
1653,3400,2025-11-25,0.0,Pending
1654,4259,2025-12-06,72811.08,Completed
1655,2837,2025-10-19,20292.04,Completed
1656,2340,2025-06-25,10317.07,Completed
1657,3583,2025-05-19,34531.1,Shipped
1658,1054,2025-09-27,70437.49,Cancelled
1659,3558,2025-03-01,32454.78,Shipped
1660,1656,2025-05-21,8041.88,Pending
1661,880,2026-01-25,11015.32,Shipped
1662,1948,2025-05-13,17348.01,Completed
1663,957,2025-07-29,23314.28,Shipped
1664,2202,2025-05-19,13545.69,Completed
1665,4335,2025-06-20,67266.8,Completed
1666,3032,2026-02-15,79278.16,Completed
1667,2571,2026-02-11,22030.17,Shipped
1668,1580,2025-01-04,0.0,Completed
1669,2322,2026-03-27,86272.61,Completed
1670,4810,2025-07-08,49889.81,Pending
1671,2027,2025-09-27,100670.76,Shipped
1672,4903,2025-08-14,55025.33,Shipped
1673,4181,2025-10-26,2133.74,Shipped
1674,3569,2025-12-16,38184.12,Cancelled
1675,3581,2025-03-28,56872.98,Completed
1676,116,2025-01-11,32492.72,Completed
1677,2932,2025-09-02,14321.4,Cancelled
1678,874,2025-05-31,4614.84,Completed
1679,3688,2025-12-15,124470.26,Completed
1680,404,2026-03-14,30681.83,Shipped
1681,1552,2026-02-26,25837.99,Shipped
1682,3523,2026-02-23,13008.97,Completed
1683,3223,2025-11-07,69660.79,Shipped
1684,38,2025-10-12,83487.02,Completed
1685,556,2025-08-05,3312.61,Pending
1686,4385,2025-08-02,0.0,Shipped
1687,3049,2025-01-26,0.0,Shipped
1688,1618,2025-10-23,9083.7,Pending
1689,3913,2025-01-24,53238.89,Shipped
1690,2914,2025-04-12,0.0,Completed
1691,64,2025-12-06,71351.85,Shipped
1692,762,2025-08-05,122134.36,Shipped
1693,4933,2025-07-15,27858.03,Completed
1694,4680,2025-08-18,37278.6,Shipped
1695,960,2025-08-11,6816.26,Pending
1696,4311,2025-04-28,41429.61,Shipped
1697,85,2025-03-20,26746.41,Completed
1698,952,2026-02-13,0.0,Shipped
1699,3750,2025-01-13,0.0,Completed
1700,2749,2025-03-18,0.0,Shipped
1701,2349,2026-02-21,49542.71,Completed
1702,730,2025-07-31,56504.85,Completed
1703,4473,2025-09-06,46230.55,Completed
1704,1827,2026-02-05,21687.29,Shipped
1705,1909,2025-02-03,63861.2,Shipped
1706,2863,2026-03-15,34973.2,Cancelled
1707,3392,2025-07-06,25009.38,Pending
1708,515,2026-02-04,22381.77,Shipped
1709,3277,2025-08-30,50906.57,Cancelled
1710,1990,2025-08-30,75562.13,Completed
1711,4214,2025-06-01,6604.75,Shipped
1712,916,2025-09-23,26743.54,Pending
1713,91,2025-06-29,33313.3,Pending
1714,2094,2025-02-11,56443.03,Completed
1715,1265,2025-05-04,0.0,Pending
1716,2723,2025-03-22,39366.46,Cancelled
1717,2857,2025-12-18,57506.66,Shipped
1718,4500,2025-05-23,34686.49,Completed
1719,3092,2025-03-17,33304.54,Cancelled
1720,4395,2025-12-25,20078.6,Cancelled
1721,4085,2025-12-21,49747.02,Shipped
1722,1954,2026-01-19,36480.48,Shipped
1723,3694,2025-01-24,14207.72,Shipped
1724,2384,2025-06-03,40924.32,Cancelled
1725,4595,2025-05-14,73501.68,Pending
1726,699,2025-05-27,14959.21,Pending
1727,3095,2025-08-20,0.0,Completed
1728,3645,2025-12-10,83600.75,Completed
1729,2928,2025-05-08,55830.18,Completed
1730,731,2025-10-04,60579.78,Completed
1731,4090,2025-10-08,0.0,Cancelled
1732,2394,2025-03-21,45400.15,Shipped
1733,188,2025-12-16,17854.05,Shipped
1734,2744,2025-12-15,9827.8,Completed
1735,2136,2025-07-05,36530.28,Shipped
1736,3592,2025-08-17,41402.5,Pending
1737,4751,2025-04-06,32593.87,Completed
1738,135,2025-05-31,59183.89,Shipped
1739,2808,2025-10-08,48380.68,Cancelled
1740,4605,2025-08-18,32660.57,Completed
1741,3300,2025-07-19,41996.86,Shipped
1742,669,2025-07-29,84725.44,Completed
1743,3189,2025-01-22,31340.33,Cancelled
1744,2811,2025-08-18,49754.37,Cancelled
1745,4479,2025-05-14,19667.75,Cancelled
1746,4301,2025-05-21,13828.94,Pending
1747,3804,2025-11-12,19318.16,Shipped
1748,117,2025-05-13,18705.38,Completed
1749,2449,2026-01-23,21672.16,Shipped
1750,816,2026-03-02,0.0,Completed
1751,1194,2025-01-18,8709.45,Completed
1752,2363,2025-07-15,26151.86,Pending
1753,4112,2025-02-03,0.0,Shipped
1754,4239,2025-07-22,52207.63,Shipped
1755,2298,2025-01-18,9696.21,Shipped
1756,2780,2025-05-19,39263.15,Shipped
1757,3371,2025-11-20,14158.32,Completed
1758,4827,2025-10-22,29171.76,Completed
1759,4003,2025-04-15,86994.05,Shipped
1760,3710,2026-03-20,26804.13,Pending
1761,73,2026-02-26,83691.33,Pending
1762,2060,2025-09-12,11761.4,Completed
1763,547,2025-10-01,32207.37,Cancelled
1764,3307,2025-05-23,49287.8,Shipped
1765,2006,2025-07-27,41451.07,Completed
1766,896,2025-12-06,15670.2,Pending
1767,2571,2025-09-16,0.0,Completed
1768,4022,2026-02-19,52144.17,Cancelled
1769,1654,2025-05-03,34448.39,Pending
1770,4922,2026-01-18,15038.28,Shipped
1771,2804,2025-11-14,22603.22,Shipped
1772,3072,2025-04-01,29236.82,Cancelled
1773,4392,2025-12-05,48432.67,Completed
1774,3015,2026-02-18,30939.45,Completed
1775,3999,2025-10-01,33395.0,Shipped
1776,1380,2025-05-08,7403.39,Cancelled
1777,3778,2025-05-20,25904.49,Cancelled
1778,2961,2025-04-28,22220.52,Shipped
1779,978,2025-05-13,60928.12,Completed
1780,3209,2025-06-02,19073.68,Completed
1781,1067,2025-05-16,35679.57,Cancelled
1782,4919,2025-04-16,61517.47,Completed
1783,2039,2025-04-18,18857.78,Pending
1784,1563,2025-06-10,69199.26,Shipped
1785,3384,2025-07-29,1445.42,Completed
1786,369,2025-05-21,70745.04,Pending
1787,710,2026-02-21,17173.27,Shipped
1788,4132,2025-06-24,41265.69,Pending
1789,1641,2025-01-21,85327.39,Completed
1790,3862,2025-12-13,14994.08,Cancelled
1791,3066,2025-05-05,36290.11,Cancelled
1792,1760,2025-01-09,0.0,Shipped
1793,1089,2026-02-02,54423.79,Completed
1794,4515,2026-02-28,0.0,Cancelled
1795,3193,2025-10-10,31358.36,Completed
1796,1640,2025-01-07,0.0,Completed
1797,391,2025-08-25,133746.8,Completed
1798,218,2025-01-09,16485.8,Cancelled
1799,3098,2025-02-05,14061.51,Completed
1800,2171,2025-04-22,73353.16,Shipped
1801,2204,2025-01-16,22454.81,Cancelled
1802,2258,2025-02-06,73508.62,Completed
1803,973,2025-03-05,3740.1,Completed
1804,2588,2025-04-03,48189.44,Pending
1805,2839,2025-06-24,24107.14,Pending
1806,3501,2026-03-17,121759.88,Shipped
1807,1030,2026-03-15,27974.94,Cancelled
1808,4088,2025-06-02,34251.33,Completed
1809,2000,2025-01-23,21042.39,Pending
1810,1070,2026-03-11,15432.39,Cancelled
1811,2929,2025-08-06,52028.33,Shipped
1812,1290,2025-04-13,10869.95,Completed
1813,4071,2025-05-18,76463.35,Completed
1814,1946,2026-03-26,72025.54,Shipped
1815,3414,2026-02-08,128504.76,Completed
1816,3158,2025-01-25,56124.88,Shipped
1817,4955,2025-10-12,31664.19,Completed
1818,4777,2025-04-01,2904.45,Completed
1819,3540,2025-12-19,25292.09,Shipped
1820,1519,2025-05-17,0.0,Cancelled
1821,631,2025-06-25,7146.91,Shipped
1822,2670,2025-10-19,70739.93,Completed
1823,3066,2025-10-24,17967.36,Completed
1824,3740,2026-03-05,22369.2,Completed
1825,3235,2025-06-05,0.0,Shipped
1826,1753,2025-07-17,19161.69,Pending
1827,2510,2025-12-29,47576.05,Shipped
1828,4774,2025-05-23,17625.3,Shipped
1829,1825,2025-03-29,44619.0,Completed
1830,3079,2025-01-30,30561.0,Cancelled
1831,2579,2025-04-12,0.0,Pending
1832,3388,2025-05-19,10841.91,Shipped
1833,414,2025-06-19,85620.2,Completed
1834,3901,2025-11-23,14219.46,Completed
1835,4566,2025-05-20,35496.76,Completed
1836,2548,2025-10-24,0.0,Cancelled
1837,4853,2025-01-13,42335.92,Cancelled
1838,421,2025-05-12,23697.0,Completed
1839,3858,2026-03-03,44932.54,Completed
1840,4379,2025-04-29,17561.14,Completed
1841,4396,2025-11-29,0.0,Completed
1842,867,2026-03-01,10721.82,Shipped
1843,1456,2025-02-01,1131.95,Cancelled
1844,3008,2025-01-03,80227.07,Shipped
1845,102,2025-05-20,48531.07,Shipped
1846,942,2026-01-21,12994.39,Cancelled
1847,2104,2025-10-15,57070.99,Pending
1848,817,2025-06-30,0.0,Completed
1849,2370,2025-04-30,4395.44,Shipped
1850,1965,2025-01-24,60208.81,Pending
1851,1026,2025-02-04,50311.67,Cancelled
1852,1079,2025-09-13,38354.04,Completed
1853,3569,2025-09-01,39929.01,Shipped
1854,1540,2025-07-07,40687.38,Completed
1855,1202,2025-09-21,31217.24,Completed
1856,1975,2025-01-10,75379.82,Pending
1857,873,2025-03-21,25689.64,Shipped
1858,4837,2025-06-02,44906.9,Completed
1859,3962,2025-05-19,14447.94,Cancelled
1860,2321,2025-04-19,35239.24,Completed
1861,2484,2025-02-05,75279.82,Shipped
1862,2714,2025-03-27,61842.57,Cancelled
1863,1794,2025-07-28,12995.65,Completed
1864,1784,2025-03-06,2322.38,Shipped
1865,213,2026-01-31,25865.64,Shipped
1866,3879,2025-09-29,22047.64,Shipped
1867,4955,2025-02-10,46872.9,Completed
1868,1282,2025-10-14,34052.82,Completed
1869,3508,2026-03-22,53031.24,Shipped
1870,1573,2025-05-27,36678.18,Shipped
1871,3631,2025-04-14,9150.54,Completed
1872,712,2025-12-14,31254.53,Cancelled
1873,1327,2026-01-19,13559.51,Shipped
1874,3439,2025-07-03,0.0,Completed
1875,4645,2025-12-05,37803.88,Pending
1876,3649,2026-02-07,0.0,Cancelled
1877,763,2025-12-07,59558.58,Completed
1878,4678,2026-02-08,14780.2,Completed
1879,3937,2025-03-13,55138.92,Pending
1880,3192,2025-11-19,17650.58,Shipped
1881,3910,2025-10-31,36910.08,Completed
1882,4408,2025-01-30,36433.8,Shipped
1883,2809,2025-11-29,26830.96,Completed
1884,2274,2025-03-04,81354.64,Completed
1885,3020,2025-06-23,6761.22,Cancelled
1886,410,2025-03-19,0.0,Cancelled
1887,4293,2025-10-14,53592.57,Cancelled
1888,3149,2025-10-20,13124.45,Completed
1889,2620,2025-04-23,48764.96,Completed
1890,1834,2025-12-23,23741.85,Shipped
1891,2482,2025-10-02,44134.8,Cancelled
1892,1901,2025-04-02,33582.96,Shipped
1893,4844,2025-11-28,9715.08,Completed
1894,911,2025-07-31,33575.12,Completed
1895,2969,2025-10-08,9392.7,Shipped
1896,4892,2025-02-07,69284.04,Completed
1897,136,2026-03-09,69331.94,Completed
1898,3413,2025-09-23,46006.94,Completed
1899,840,2025-12-18,17543.02,Completed
1900,1735,2025-03-05,36194.22,Completed
1901,4048,2026-03-26,41734.18,Completed
1902,2759,2025-04-15,10859.43,Shipped
1903,4641,2025-06-28,7643.58,Completed
1904,593,2026-03-26,30135.69,Shipped
1905,1884,2025-04-08,71687.12,Completed
1906,274,2025-05-12,69177.38,Cancelled
1907,81,2025-08-14,85043.57,Completed
1908,19,2025-05-27,33463.66,Cancelled
1909,4170,2025-12-22,0.0,Completed
1910,4422,2025-02-17,103102.14,Completed
1911,1037,2025-06-15,18069.85,Pending
1912,3867,2025-09-21,46061.4,Pending
1913,4239,2025-07-09,0.0,Completed
1914,2613,2025-12-26,127810.42,Shipped
1915,4116,2025-01-18,7793.96,Shipped
1916,600,2025-12-20,104074.11,Cancelled
1917,1892,2025-06-12,33520.2,Cancelled
1918,3133,2026-01-19,31394.46,Completed
1919,1346,2025-08-25,72198.9,Completed
1920,3184,2025-10-31,1446.06,Pending
1921,1336,2025-04-27,1107.04,Shipped
1922,463,2025-01-14,10985.55,Pending
1923,988,2025-12-30,0.0,Pending
1924,1457,2025-09-22,23007.6,Completed
1925,645,2025-04-09,25399.83,Completed
1926,3101,2025-07-02,36578.15,Shipped
1927,3555,2025-06-05,10561.26,Shipped
1928,4231,2025-11-08,12049.95,Cancelled
1929,958,2026-02-21,37570.54,Completed
1930,467,2025-12-19,64550.53,Shipped
1931,3802,2025-12-27,3345.21,Completed
1932,3183,2025-11-21,53350.93,Completed
1933,4535,2025-10-17,2571.16,Completed
1934,2268,2025-07-18,6342.59,Completed
1935,3540,2025-02-14,127868.17,Pending
1936,2714,2025-01-11,41132.0,Completed
1937,4928,2026-03-14,71431.47,Pending
1938,493,2025-08-31,40668.67,Cancelled
1939,3702,2025-09-05,9075.61,Shipped
1940,1531,2025-01-17,43194.95,Completed
1941,479,2025-01-02,53098.46,Shipped
1942,4523,2025-09-13,83999.75,Completed
1943,1566,2025-10-22,17237.4,Shipped
1944,638,2025-11-23,137075.35,Shipped
1945,81,2025-12-09,395.33,Completed
1946,3300,2025-07-14,0.0,Shipped
1947,4467,2026-03-17,11015.32,Cancelled
1948,208,2025-12-15,46187.71,Completed
1949,655,2025-10-18,52654.15,Pending
1950,1483,2025-01-17,14158.32,Cancelled
1951,1476,2025-04-23,53024.2,Completed
1952,4058,2025-07-25,0.0,Completed
1953,88,2025-11-26,71038.19,Cancelled
1954,3185,2025-11-19,39513.32,Shipped
1955,852,2026-01-15,33850.02,Shipped
1956,1550,2026-02-05,70245.69,Completed
1957,2428,2025-01-07,158282.64,Shipped
1958,2275,2025-03-02,20032.9,Completed
1959,1110,2025-08-24,1641.95,Cancelled
1960,607,2025-05-03,47882.73,Completed
1961,3457,2025-08-21,66528.22,Pending
1962,2465,2025-05-05,36862.24,Pending
1963,1818,2026-01-26,37067.56,Shipped
1964,1672,2025-08-17,98105.97,Pending
1965,3015,2025-04-22,0.0,Shipped
1966,1195,2025-09-18,65674.01,Completed
1967,554,2025-01-24,39333.57,Cancelled
1968,4294,2025-10-30,79400.26,Completed
1969,2827,2026-02-07,0.0,Shipped
1970,2693,2025-09-25,4035.25,Completed
1971,4090,2025-06-22,37009.7,Shipped
1972,4056,2025-06-08,14621.75,Completed
1973,1991,2025-09-02,12746.97,Completed
1974,1428,2025-04-03,19322.32,Shipped
1975,3773,2025-12-20,24659.22,Cancelled
1976,4329,2025-02-04,31669.33,Completed
1977,3654,2025-04-17,17126.6,Completed
1978,4428,2025-07-22,67621.72,Pending
1979,1194,2025-12-05,84152.21,Completed
1980,3014,2025-05-10,118014.27,Completed
1981,3788,2025-07-15,2904.06,Shipped
1982,4535,2025-08-13,63321.2,Completed
1983,3003,2025-05-06,84613.7,Pending
1984,1188,2026-01-31,83420.01,Completed
1985,3907,2025-07-08,17092.86,Shipped
1986,3992,2025-01-03,0.0,Pending
1987,4826,2025-01-04,10712.43,Completed
1988,4001,2025-10-02,1912.27,Completed
1989,4067,2026-03-09,14324.56,Shipped
1990,4538,2026-02-28,51262.16,Completed
1991,3109,2026-03-27,15139.5,Shipped
1992,3325,2026-01-11,16201.04,Completed
1993,2856,2025-03-02,49075.07,Cancelled
1994,4665,2026-01-15,60339.29,Completed
1995,3564,2025-06-24,44195.7,Completed
1996,4206,2025-09-02,41602.96,Shipped
1997,2658,2025-07-31,61906.03,Shipped
1998,4892,2025-08-14,54718.85,Completed
1999,1982,2025-12-09,40018.15,Shipped
2000,2109,2026-01-30,44034.99,Cancelled
2001,119,2025-08-30,6006.58,Pending
2002,1347,2025-02-25,67888.11,Cancelled
2003,3773,2025-06-15,12150.47,Shipped
2004,2945,2026-03-01,122043.68,Completed
2005,4548,2025-04-30,16285.2,Cancelled
2006,3431,2025-09-27,0.0,Completed
2007,2302,2025-11-28,20888.97,Shipped
2008,1006,2025-07-15,37221.06,Completed
2009,2701,2025-11-01,31623.32,Shipped
2010,4255,2025-01-26,56659.72,Completed
2011,2860,2025-03-17,2187.71,Shipped
2012,3108,2025-09-22,18148.14,Cancelled
2013,3968,2026-02-02,28342.85,Completed
2014,3687,2026-02-22,10035.63,Pending
2015,3128,2026-02-28,25955.49,Pending
2016,1303,2025-05-19,6949.38,Completed
2017,3156,2026-01-28,29536.16,Completed
2018,1957,2025-09-15,0.0,Pending
2019,2806,2025-04-25,72457.82,Completed
2020,3711,2025-11-27,40633.34,Cancelled
2021,864,2025-10-28,64428.51,Completed
2022,4753,2026-01-15,15359.0,Shipped
2023,4890,2025-06-30,18984.81,Completed
2024,3354,2025-03-01,24629.4,Shipped
2025,2317,2025-10-29,3573.94,Shipped
2026,4606,2026-03-17,30919.55,Shipped
2027,2195,2025-01-17,0.0,Cancelled
2028,1348,2025-05-05,64120.38,Completed
2029,1121,2025-08-25,23163.88,Completed
2030,3982,2025-01-20,0.0,Completed
2031,2125,2025-07-29,31582.88,Pending
2032,3717,2025-02-11,88145.92,Pending
2033,2585,2025-01-07,51900.48,Cancelled
2034,2940,2025-04-22,35695.66,Cancelled
2035,2983,2025-01-28,71500.74,Completed
2036,2679,2026-03-15,17369.17,Pending
2037,3145,2025-11-20,23956.48,Completed
2038,1012,2025-04-19,46695.85,Completed
2039,2218,2025-07-07,0.0,Completed
2040,2130,2025-02-10,33500.13,Cancelled
2041,4805,2025-03-22,16522.98,Cancelled
2042,1708,2025-01-11,55165.91,Completed
2043,3882,2025-03-15,38636.32,Shipped
2044,3125,2025-11-18,63547.92,Completed
2045,3675,2026-02-02,44618.64,Pending
2046,3539,2025-06-27,48912.55,Cancelled
2047,2286,2025-05-15,985.17,Completed
2048,4592,2025-03-16,19765.16,Completed
2049,1393,2025-09-19,21142.28,Shipped
2050,2408,2025-04-24,8906.46,Shipped
2051,1968,2025-06-08,46230.55,Completed
2052,1952,2025-02-15,18349.31,Completed
2053,796,2025-07-20,24354.73,Pending
2054,19,2025-09-21,0.0,Shipped
2055,1537,2025-10-18,20385.05,Shipped
2056,3304,2025-09-05,42775.63,Cancelled
2057,3320,2025-11-13,40242.38,Shipped
2058,4023,2025-03-28,102903.27,Shipped
2059,3765,2026-03-27,0.0,Completed
2060,938,2026-01-09,27113.32,Completed
2061,1982,2025-01-03,46013.83,Shipped
2062,2765,2025-10-14,44360.54,Shipped
2063,1734,2025-02-17,3433.46,Completed
2064,3987,2025-06-19,47817.4,Completed
2065,1894,2025-12-07,56022.2,Shipped
2066,1236,2025-05-26,32549.62,Pending
2067,3162,2025-06-15,37758.65,Completed
2068,1553,2025-09-03,3696.53,Completed
2069,1728,2025-10-17,103484.53,Completed
2070,2790,2026-02-16,0.0,Shipped
2071,3776,2025-07-01,4515.66,Pending
2072,1639,2025-04-20,37347.49,Cancelled
2073,602,2025-05-28,4809.77,Completed
2074,4016,2025-07-11,30340.95,Completed
2075,324,2025-07-30,26183.0,Shipped
2076,1773,2025-09-04,31931.35,Completed
2077,3065,2025-05-31,12920.45,Cancelled
2078,1411,2026-03-01,0.0,Completed
2079,1726,2025-12-29,71293.47,Completed
2080,1635,2025-10-12,27591.72,Completed
2081,4455,2025-07-14,41309.04,Completed
2082,713,2025-12-21,69080.24,Cancelled
2083,294,2026-02-21,58654.49,Completed
2084,1837,2025-07-14,53711.46,Completed
2085,2574,2025-05-30,9691.29,Completed
2086,2941,2026-01-28,12891.96,Pending
2087,1764,2025-06-08,34714.81,Shipped
2088,1115,2025-10-23,35514.04,Completed
2089,2193,2025-11-02,6628.88,Cancelled
2090,2299,2025-07-25,0.0,Pending
2091,536,2025-01-26,6090.24,Completed
2092,2157,2025-12-15,19130.86,Completed
2093,3526,2025-12-02,46742.21,Shipped
2094,3575,2025-09-22,89751.61,Shipped
2095,88,2025-06-18,16903.05,Completed
2096,3424,2025-08-24,48952.93,Shipped
2097,3948,2025-10-29,34677.71,Completed
2098,11,2025-11-25,2257.83,Pending
2099,379,2025-03-18,76868.85,Completed
2100,283,2025-01-28,44424.82,Shipped
2101,1804,2025-01-29,27033.74,Pending
2102,3806,2025-07-22,0.0,Completed
2103,1713,2026-03-05,10720.02,Shipped
2104,3388,2025-01-06,9643.24,Shipped
2105,4001,2025-10-14,0.0,Completed
2106,3181,2025-01-30,17575.34,Completed
2107,3035,2025-05-14,98643.8,Cancelled
2108,2204,2025-03-23,22729.66,Shipped
2109,1620,2025-05-06,56480.66,Completed
2110,3718,2026-02-18,67743.07,Completed
2111,3201,2025-12-03,79148.7,Shipped
2112,3742,2026-01-21,8291.75,Completed
2113,3729,2025-12-19,6601.39,Completed
2114,2334,2025-02-22,51913.09,Cancelled
2115,4392,2025-08-11,97938.75,Pending
2116,1614,2025-05-31,21703.17,Completed
2117,2611,2025-09-05,40751.29,Shipped
2118,594,2025-09-08,44416.17,Pending
2119,2827,2025-02-21,53964.75,Cancelled
2120,2438,2025-02-03,112893.74,Completed
2121,3231,2025-11-23,61032.56,Cancelled
2122,1043,2026-01-30,118702.2,Pending
2123,3633,2025-06-26,20390.25,Cancelled
2124,3375,2025-08-14,0.0,Shipped
2125,1323,2025-04-06,34570.22,Completed
2126,2377,2026-01-30,35790.33,Shipped
2127,2301,2025-06-18,59990.52,Completed
2128,3234,2025-08-06,41966.73,Completed
2129,3081,2025-12-07,22218.37,Completed
2130,86,2025-07-01,25031.75,Shipped
2131,2909,2025-03-01,27961.84,Cancelled
2132,341,2025-12-03,107641.13,Completed
2133,3405,2025-02-13,61746.55,Completed
2134,1166,2025-02-08,8688.76,Completed
2135,2622,2025-11-20,28688.97,Pending
2136,2228,2026-01-10,62735.19,Pending
2137,4651,2025-12-03,0.0,Completed
2138,3769,2025-07-28,34273.29,Completed
2139,297,2025-01-16,19851.8,Shipped
2140,934,2025-11-30,41749.02,Completed
2141,1271,2025-10-07,42001.65,Completed
2142,4648,2025-01-11,8511.61,Cancelled
2143,1785,2025-10-26,58978.28,Completed
2144,1728,2026-02-02,18945.29,Shipped
2145,4912,2025-09-02,8835.5,Cancelled
2146,2519,2025-04-10,0.0,Pending
2147,868,2025-03-06,31023.24,Completed
2148,1388,2026-01-20,35495.94,Shipped
2149,2651,2026-03-12,28972.08,Shipped
2150,3413,2026-01-12,64697.64,Completed
2151,873,2026-01-26,0.0,Cancelled
2152,1094,2025-11-10,49774.16,Shipped
2153,4313,2025-10-15,0.0,Shipped
2154,1772,2025-12-08,35568.65,Completed
2155,1525,2026-02-28,0.0,Completed
2156,4819,2025-09-06,3573.94,Pending
2157,4901,2026-03-17,117025.41,Completed
2158,4614,2026-01-07,0.0,Completed
2159,2456,2025-04-02,0.0,Completed
2160,2801,2025-04-03,19470.9,Completed
2161,2488,2025-05-07,0.0,Cancelled
2162,4731,2025-01-16,40146.68,Shipped
2163,3688,2025-11-23,64782.79,Cancelled
2164,3689,2025-11-05,0.0,Shipped
2165,3788,2025-07-27,70454.6,Pending
2166,3722,2025-12-14,27255.51,Cancelled
2167,1092,2025-04-26,42333.05,Completed
2168,3102,2025-02-18,56881.14,Pending
2169,1855,2025-04-29,0.0,Shipped
2170,4419,2025-04-24,97448.73,Completed
2171,4632,2025-09-19,27371.53,Shipped
2172,4537,2025-05-29,36779.47,Shipped
2173,2750,2025-12-16,38186.97,Completed
2174,76,2025-10-28,28554.07,Pending
2175,2728,2025-03-15,62732.57,Pending
2176,4473,2026-01-13,66792.11,Pending
2177,849,2026-03-18,0.0,Shipped
2178,3568,2026-02-08,26975.16,Completed
2179,3266,2025-02-05,4375.42,Completed
2180,1133,2025-03-07,74222.58,Shipped
2181,452,2025-02-08,46569.96,Completed
2182,3560,2025-12-02,202.63,Pending
2183,4931,2025-01-15,3729.7,Shipped
2184,3728,2025-07-14,81335.73,Shipped
2185,220,2025-08-19,16840.27,Shipped
2186,545,2025-12-10,30909.38,Completed
2187,5,2026-03-26,0.0,Shipped
2188,3667,2025-04-10,82059.7,Completed
2189,4766,2025-08-22,70215.22,Shipped
2190,3269,2025-04-10,48742.23,Shipped
2191,327,2026-03-05,69828.66,Cancelled
2192,4460,2025-05-08,65668.49,Shipped
2193,3580,2025-07-04,39606.22,Completed
2194,1178,2025-01-05,4035.25,Completed
2195,396,2025-09-07,91359.72,Completed
2196,818,2025-01-09,48910.8,Completed
2197,82,2026-03-17,0.0,Completed
2198,3135,2025-12-29,51820.65,Completed
2199,4093,2025-03-08,39903.1,Shipped
2200,4165,2025-12-20,18447.9,Pending
2201,4336,2025-10-24,51181.38,Shipped
2202,4988,2025-02-16,7047.79,Shipped
2203,4767,2025-12-24,3314.44,Completed
2204,3258,2025-06-06,49969.35,Completed
2205,3849,2026-02-16,0.0,Completed
2206,217,2025-04-17,1115.92,Completed
2207,13,2025-12-27,27503.73,Completed
2208,2767,2025-05-31,57638.0,Pending
2209,4165,2025-11-04,7769.45,Completed
2210,325,2025-10-19,29599.24,Completed
2211,2387,2025-02-07,78614.95,Shipped
2212,1439,2025-01-13,52814.23,Completed
2213,3552,2025-09-22,30376.17,Cancelled
2214,4220,2025-02-14,5369.48,Completed
2215,3564,2026-02-21,53280.33,Completed
2216,4716,2025-11-13,41342.69,Pending
2217,4449,2025-07-22,7036.36,Cancelled
2218,1425,2025-07-11,28082.87,Completed
2219,4509,2025-05-13,112669.29,Shipped
2220,1009,2025-07-12,27168.17,Completed
2221,4197,2025-07-13,0.0,Completed
2222,2436,2025-02-25,0.0,Shipped
2223,3004,2026-01-12,0.0,Completed
2224,1528,2025-01-01,7531.18,Shipped
2225,4423,2025-10-09,2628.66,Cancelled
2226,4123,2026-01-20,52344.86,Completed
2227,4792,2025-10-05,14055.4,Completed
2228,3672,2025-01-28,10752.04,Completed
2229,735,2025-07-24,29570.01,Shipped
2230,138,2025-02-26,35150.68,Completed
2231,4503,2025-04-28,6967.14,Cancelled
2232,1759,2025-08-01,32307.29,Cancelled
2233,1143,2026-03-24,7047.79,Cancelled
2234,1333,2026-02-09,104535.15,Shipped
2235,4149,2025-10-30,72480.11,Completed
2236,1355,2025-10-26,36893.55,Completed
2237,2472,2025-09-09,0.0,Shipped
2238,2935,2025-03-07,23504.96,Cancelled
2239,228,2025-10-18,56198.78,Shipped
2240,1500,2026-02-03,9786.82,Completed
2241,1446,2025-11-20,0.0,Shipped
2242,2087,2025-03-20,11639.76,Completed
2243,3790,2025-05-03,8922.31,Completed
2244,4158,2025-11-06,121661.04,Pending
2245,4392,2025-10-02,2848.21,Shipped
2246,2643,2025-07-20,23103.39,Completed
2247,418,2025-09-23,99356.96,Shipped
2248,3218,2025-10-01,39259.29,Completed
2249,704,2025-10-18,114666.67,Shipped
2250,1917,2026-03-21,25134.93,Shipped
2251,266,2025-04-21,37278.12,Completed
2252,2770,2025-04-19,107028.57,Shipped
2253,902,2026-03-26,125972.99,Shipped
2254,2471,2025-07-08,121393.93,Completed
2255,4046,2025-11-25,61380.3,Pending
2256,3315,2025-07-31,5937.64,Shipped
2257,2126,2025-09-19,25114.05,Pending
2258,4269,2025-03-24,44814.3,Shipped
2259,1446,2025-02-18,103990.74,Completed
2260,564,2026-03-27,10825.33,Completed
2261,2361,2025-09-08,26263.15,Cancelled
2262,54,2026-01-22,45992.94,Completed
2263,3993,2025-07-08,33528.99,Shipped
2264,162,2025-11-05,13911.19,Shipped
2265,1537,2025-07-19,27286.56,Shipped
2266,127,2025-09-05,76907.84,Completed
2267,2579,2025-11-26,29565.9,Completed
2268,4123,2025-02-04,68995.51,Completed
2269,1118,2025-09-08,38980.33,Completed
2270,2791,2025-08-20,18052.1,Shipped
2271,4509,2025-06-26,0.0,Completed
2272,3013,2025-11-03,33766.7,Completed
2273,2228,2025-03-25,5109.85,Completed
2274,1544,2025-02-19,79939.1,Shipped
2275,3266,2025-12-18,7557.0,Completed
2276,3853,2025-07-12,24624.45,Completed
2277,4632,2025-11-21,0.0,Cancelled
2278,1660,2025-12-20,33228.52,Pending
2279,4169,2026-01-16,56633.5,Shipped
2280,783,2025-06-20,115072.34,Cancelled
2281,4204,2025-04-03,4930.8,Pending
2282,272,2025-08-31,64809.91,Shipped
2283,3154,2025-09-11,0.0,Cancelled
2284,1874,2025-08-24,14344.29,Completed
2285,864,2025-03-27,21632.51,Completed
2286,1156,2025-04-26,71616.96,Completed
2287,168,2025-11-05,36004.68,Completed
2288,1343,2025-06-20,10175.0,Shipped
2289,3853,2025-04-11,63301.82,Cancelled
2290,3632,2026-02-07,141417.41,Pending
2291,2960,2025-05-26,36375.91,Shipped
2292,4872,2025-08-30,81663.52,Pending
2293,905,2026-03-01,7898.4,Shipped
2294,1449,2025-03-03,15632.05,Completed
2295,1324,2025-03-03,55265.84,Pending
2296,682,2025-05-07,96075.97,Shipped
2297,2358,2025-05-31,114266.16,Completed
2298,1523,2026-02-22,226.39,Cancelled
2299,4522,2025-07-28,17220.52,Shipped
2300,1015,2025-04-11,24165.39,Pending
2301,599,2025-10-22,18552.0,Pending
2302,2918,2025-04-17,35710.61,Pending
2303,1968,2025-01-23,111097.22,Completed
2304,3532,2025-01-29,35160.31,Cancelled
2305,1426,2025-07-01,0.0,Pending
2306,813,2025-09-03,103855.15,Cancelled
2307,1984,2026-01-27,36812.17,Completed
2308,2389,2025-01-01,30528.2,Pending
2309,3176,2025-06-28,30340.95,Pending
2310,4913,2025-09-25,26788.67,Completed
2311,3192,2026-02-14,0.0,Pending
2312,4895,2026-01-20,31005.11,Shipped
2313,1794,2025-12-05,67002.68,Completed
2314,2331,2025-07-14,3347.76,Cancelled
2315,4068,2025-04-29,7627.92,Completed
2316,2388,2025-07-23,112718.48,Pending
2317,3711,2025-11-20,42365.57,Completed
2318,2994,2025-07-07,11771.52,Completed
2319,2258,2025-05-13,9040.17,Completed
2320,3970,2025-02-03,37743.12,Shipped
2321,476,2025-08-11,34046.22,Cancelled
2322,3313,2025-05-23,60609.58,Shipped
2323,2815,2026-03-07,39057.44,Completed
2324,4371,2025-12-14,11924.95,Completed
2325,3340,2026-03-09,0.0,Shipped
2326,1146,2025-02-07,26055.78,Completed
2327,4861,2026-02-17,57007.35,Cancelled
2328,1315,2026-01-31,64264.29,Pending
2329,4658,2025-05-15,110555.38,Completed
2330,631,2025-12-31,87364.97,Shipped
2331,2366,2025-09-15,54052.43,Completed
2332,4813,2025-04-15,9079.9,Shipped
2333,2255,2025-01-09,13816.69,Pending
2334,2649,2025-09-01,64883.02,Shipped
2335,2250,2025-03-08,30880.09,Completed
2336,1894,2025-12-15,26528.64,Shipped
2337,4444,2025-07-15,2988.26,Pending
2338,46,2025-02-17,36236.15,Completed
2339,1181,2025-02-12,17764.49,Completed
2340,2797,2025-04-22,93261.88,Pending
2341,3518,2025-08-05,25547.26,Shipped
2342,4424,2025-03-07,14417.25,Completed
2343,4073,2025-03-06,27218.97,Pending
2344,2089,2026-03-11,49477.2,Completed
2345,4674,2025-10-12,54691.69,Pending
2346,1981,2025-04-29,11610.09,Shipped
2347,2321,2025-06-16,38377.4,Completed
2348,2702,2025-08-24,16234.86,Pending
2349,4909,2026-02-22,32699.72,Shipped
2350,3712,2025-02-08,48146.75,Shipped
2351,2768,2025-09-12,2786.49,Completed
2352,4484,2025-07-17,59452.91,Pending
2353,3772,2026-01-01,24655.09,Completed
2354,55,2025-01-03,8747.58,Shipped
2355,4772,2025-07-05,13101.64,Cancelled
2356,1447,2025-04-12,0.0,Completed
2357,2967,2025-10-21,23784.63,Shipped
2358,4171,2026-03-19,21143.44,Completed
2359,416,2025-03-22,0.0,Cancelled
2360,2821,2026-03-10,0.0,Cancelled
2361,773,2025-12-10,114714.54,Pending
2362,4038,2025-07-02,748.02,Completed
2363,1204,2025-08-19,24659.22,Completed
2364,3317,2025-02-13,22801.13,Pending
2365,1887,2025-10-09,24600.6,Shipped
2366,4235,2025-08-24,33169.58,Cancelled
2367,4159,2025-04-15,107040.32,Cancelled
2368,1139,2025-06-28,39478.6,Pending
2369,1807,2025-12-26,0.0,Shipped
2370,556,2025-01-28,25534.92,Shipped
2371,2366,2026-03-26,81140.92,Completed
2372,4891,2025-05-06,0.0,Completed
2373,3387,2025-03-11,7624.6,Completed
2374,2489,2025-05-11,52431.0,Completed
2375,3408,2025-04-22,75970.42,Completed
2376,2267,2025-04-13,43174.31,Shipped
2377,1094,2025-02-03,51940.38,Cancelled
2378,3999,2026-02-20,20529.52,Cancelled
2379,4411,2025-10-24,0.0,Pending
2380,2152,2025-11-21,6750.51,Completed
2381,2937,2025-01-05,99412.03,Shipped
2382,2863,2025-06-16,19446.98,Shipped
2383,4458,2025-09-15,22905.17,Shipped
2384,2914,2025-04-27,116027.37,Cancelled
2385,3875,2025-06-04,0.0,Pending
2386,1624,2026-02-18,20798.05,Completed
2387,4981,2025-09-07,74025.75,Pending
2388,3833,2025-04-18,0.0,Completed
2389,4710,2025-06-01,43829.6,Cancelled
2390,2104,2026-01-20,91781.21,Completed
2391,4473,2026-03-20,78011.17,Pending
2392,3261,2025-11-30,0.0,Shipped
2393,4195,2025-06-08,30154.41,Shipped
2394,3124,2025-12-19,796.13,Completed
2395,3153,2025-09-22,19575.56,Completed
2396,1002,2026-02-20,1496.04,Cancelled
2397,3911,2025-06-24,0.0,Cancelled
2398,3538,2025-01-31,22296.42,Pending
2399,1991,2026-01-27,34721.71,Shipped
2400,1250,2026-03-14,29370.68,Cancelled
2401,1625,2026-01-07,103375.29,Shipped
2402,3475,2025-10-05,0.0,Completed
2403,1693,2026-03-05,14407.8,Pending
2404,2164,2025-07-19,3812.3,Completed
2405,1706,2025-04-20,34912.62,Shipped
2406,1810,2025-03-09,60080.84,Pending
2407,3021,2025-09-27,9851.76,Completed
2408,3555,2025-12-19,0.0,Completed
2409,1480,2025-12-17,31766.98,Cancelled
2410,2090,2025-09-29,62358.46,Completed
2411,3286,2025-10-18,0.0,Shipped
2412,4778,2025-04-09,24031.21,Shipped
2413,4943,2025-01-15,1038.64,Completed
2414,2065,2025-01-25,45099.66,Cancelled
2415,921,2025-11-19,14682.65,Completed
2416,3072,2025-04-03,42886.74,Shipped
2417,1255,2025-10-12,76207.84,Shipped
2418,1097,2026-03-10,9933.54,Completed
2419,4770,2026-03-08,117128.31,Completed
2420,2128,2025-03-31,20307.87,Completed
2421,265,2025-02-20,73273.55,Pending
2422,290,2026-03-06,98426.67,Completed
2423,1759,2025-02-27,13668.36,Pending
2424,1046,2025-05-09,63749.62,Cancelled
2425,3075,2025-01-02,39825.45,Completed
2426,4067,2025-07-28,18778.17,Shipped
2427,917,2026-03-21,28249.22,Cancelled
2428,4208,2025-05-27,36057.14,Pending
2429,2011,2025-09-13,14672.93,Pending
2430,592,2025-05-31,8345.54,Shipped
2431,3002,2025-09-05,54071.84,Completed
2432,4074,2026-02-08,0.0,Completed
2433,4868,2025-06-02,97201.15,Completed
2434,735,2025-06-19,59425.82,Cancelled
2435,817,2025-06-21,79071.92,Completed
2436,2764,2026-01-08,18602.22,Shipped
2437,1620,2026-02-04,75425.35,Pending
2438,4955,2025-12-28,83059.75,Shipped
2439,1577,2025-01-08,72671.44,Completed
2440,2339,2025-04-10,72261.66,Cancelled
2441,2281,2025-05-26,34465.51,Completed
2442,2179,2025-10-10,25338.4,Completed
2443,1532,2025-12-07,64598.27,Completed
2444,974,2025-03-10,78417.63,Cancelled
2445,277,2025-01-14,76850.15,Pending
2446,3155,2025-10-08,69838.95,Completed
2447,1192,2025-01-18,0.0,Completed
2448,2286,2025-01-05,202.63,Completed
2449,2837,2026-02-23,25893.35,Completed
2450,309,2026-01-16,26374.04,Cancelled
2451,701,2025-01-14,55790.62,Shipped
2452,4563,2025-03-13,3482.19,Pending
2453,2479,2025-09-29,5224.5,Cancelled
2454,699,2025-11-16,69525.67,Completed
2455,4855,2026-02-15,46646.74,Completed
2456,1814,2025-10-19,55962.07,Cancelled
2457,546,2025-03-22,52992.12,Completed
2458,820,2025-01-04,16555.9,Shipped
2459,1285,2025-12-18,86678.73,Pending
2460,1647,2025-04-17,2168.13,Completed
2461,2400,2025-08-26,26086.49,Shipped
2462,2850,2025-07-07,25559.31,Shipped
2463,2129,2025-06-29,82820.17,Shipped
2464,136,2025-02-16,47545.24,Shipped
2465,2961,2025-06-08,75777.71,Shipped
2466,1768,2025-03-26,43046.32,Cancelled
2467,4782,2026-01-18,0.0,Shipped
2468,1517,2025-10-04,12596.48,Pending
2469,1142,2026-02-17,11392.84,Completed
2470,4343,2026-03-25,12097.71,Shipped
2471,2853,2025-11-21,13631.7,Completed
2472,2385,2025-10-20,63982.83,Shipped
2473,2236,2025-10-21,70022.36,Shipped
2474,773,2025-05-12,33513.0,Completed
2475,2518,2026-01-25,19830.39,Cancelled
2476,2057,2025-12-13,99685.68,Shipped
2477,1285,2025-04-18,44902.14,Completed
2478,2943,2025-10-17,31569.76,Shipped
2479,2139,2026-01-14,27639.56,Completed
2480,806,2025-10-18,101227.65,Completed
2481,4166,2025-02-01,49771.21,Shipped
2482,1335,2025-11-18,14768.86,Pending
2483,2992,2025-03-27,71227.65,Shipped
2484,4238,2025-11-10,1906.15,Completed
2485,3663,2026-01-02,19725.3,Cancelled
2486,4354,2025-02-11,48740.81,Completed
2487,2354,2025-09-18,44092.4,Completed
2488,4002,2025-01-22,45618.17,Completed
2489,3608,2026-02-12,5383.93,Completed
2490,4294,2026-03-15,58468.23,Shipped
2491,3635,2026-03-14,7597.12,Completed
2492,4740,2025-05-20,20117.9,Cancelled
2493,3415,2025-08-26,20084.7,Pending
2494,2670,2025-08-11,3634.59,Cancelled
2495,3587,2026-02-25,12819.18,Completed
2496,2813,2025-04-04,46651.21,Shipped
2497,272,2025-04-29,28977.24,Shipped
2498,1651,2025-07-22,1342.37,Completed
2499,2187,2026-03-04,6649.32,Pending
2500,2377,2026-02-22,121117.04,Completed
2501,1098,2025-08-07,42814.57,Shipped
2502,1717,2025-10-20,43298.99,Completed
2503,4707,2025-11-17,16563.05,Completed
2504,4886,2025-08-31,78816.93,Cancelled
2505,4471,2025-06-08,29873.63,Completed
2506,926,2025-01-25,19311.29,Shipped
2507,1086,2025-06-13,78084.32,Shipped
2508,1138,2025-01-14,3507.32,Pending
2509,3101,2025-01-16,113024.55,Cancelled
2510,1308,2025-04-11,23741.85,Completed
2511,1502,2025-05-31,25869.72,Completed
2512,3049,2025-04-01,24942.32,Completed
2513,2886,2025-07-04,0.0,Shipped
2514,2170,2025-12-13,48210.7,Completed
2515,732,2025-03-24,22499.27,Completed
2516,3080,2025-11-02,20441.34,Pending
2517,4628,2026-01-12,68289.21,Shipped
2518,2675,2025-07-23,28245.08,Completed
2519,803,2026-01-04,71751.64,Completed
2520,79,2025-01-18,63106.95,Completed
2521,4777,2025-11-14,23957.69,Cancelled
2522,4411,2025-12-03,27235.56,Shipped
2523,670,2025-04-10,35410.62,Completed
2524,638,2025-08-03,24403.59,Completed
2525,4521,2026-01-14,35441.93,Pending
2526,1202,2025-09-01,24296.88,Cancelled
2527,4260,2025-05-29,149484.84,Shipped
2528,2860,2025-12-30,29804.0,Shipped
2529,2506,2025-11-10,93898.09,Cancelled
2530,1166,2025-11-10,15814.04,Completed
2531,1589,2025-11-02,31792.16,Completed
2532,2571,2025-02-10,63946.49,Shipped
2533,1271,2026-03-22,20986.48,Completed
2534,806,2025-01-08,0.0,Shipped
2535,2718,2025-08-17,9623.28,Pending
2536,1436,2025-04-03,27374.1,Shipped
2537,3329,2025-10-08,6056.87,Completed
2538,949,2025-04-06,64688.93,Completed
2539,2400,2026-03-15,22787.07,Pending
2540,1100,2026-02-19,32977.48,Shipped
2541,3444,2026-01-24,14095.58,Shipped
2542,1957,2026-02-17,22210.17,Cancelled
2543,4077,2026-01-07,58357.05,Cancelled
2544,1731,2026-03-10,1289.92,Shipped
2545,2454,2025-09-17,47019.46,Completed
2546,2877,2026-01-13,30811.13,Cancelled
2547,4180,2025-11-12,64481.64,Completed
2548,3244,2025-08-02,4482.39,Shipped
2549,915,2025-12-10,61572.55,Cancelled
2550,3995,2025-02-23,0.0,Completed
2551,148,2025-09-08,16702.35,Shipped
2552,322,2025-08-19,13257.23,Completed
2553,3225,2025-11-03,46103.84,Shipped
2554,2327,2025-04-20,13754.61,Completed
2555,2856,2025-05-19,0.0,Shipped
2556,2900,2025-08-15,38895.1,Cancelled
2557,3480,2025-11-10,42673.77,Completed
2558,3387,2025-05-14,18916.49,Completed
2559,2784,2025-06-29,15658.68,Completed
2560,4895,2025-04-14,1283.2,Pending
2561,2105,2025-02-17,29137.4,Shipped
2562,2990,2025-11-16,59201.2,Shipped
2563,3298,2026-01-25,36264.76,Completed
2564,1419,2026-03-08,5868.25,Shipped
2565,4865,2025-01-07,18431.12,Completed
2566,3516,2025-09-13,21788.35,Shipped
2567,4533,2025-11-25,96276.21,Shipped
2568,186,2025-03-28,27858.22,Pending
2569,3872,2025-06-12,5976.52,Cancelled
2570,2969,2025-12-27,0.0,Completed
2571,579,2025-02-23,39613.86,Completed
2572,1471,2025-05-12,46152.05,Shipped
2573,1354,2025-07-14,58982.04,Cancelled
2574,4772,2025-06-30,43504.2,Shipped
2575,466,2026-03-26,11979.84,Completed
2576,4991,2025-01-19,0.0,Completed
2577,540,2025-12-11,81818.3,Cancelled
2578,4508,2025-09-26,38476.46,Completed
2579,4196,2026-01-30,23190.75,Completed
2580,1227,2025-03-01,8291.75,Shipped
2581,1669,2025-05-10,57181.21,Shipped
2582,4689,2025-08-24,97047.62,Completed
2583,3688,2025-01-12,34385.77,Pending
2584,1849,2025-04-19,20171.85,Shipped
2585,360,2025-12-04,25150.42,Shipped
2586,2386,2025-06-30,68288.67,Pending
2587,1849,2025-12-05,104244.25,Completed
2588,4332,2025-10-03,82778.38,Shipped
2589,3363,2026-03-15,39700.36,Cancelled
2590,1831,2026-02-15,0.0,Completed
2591,3999,2025-06-11,16912.94,Completed
2592,4018,2026-01-20,20608.21,Shipped
2593,3399,2026-01-09,40914.27,Shipped
2594,1632,2026-02-14,36658.72,Pending
2595,4903,2025-09-29,0.0,Shipped
2596,771,2025-04-23,18827.95,Cancelled
2597,2855,2025-09-04,7892.35,Completed
2598,4377,2025-04-11,0.0,Cancelled
2599,1807,2025-09-13,16330.48,Shipped
2600,2227,2025-09-14,22997.1,Cancelled
2601,77,2026-01-14,68600.47,Completed
2602,4429,2025-08-07,24034.23,Shipped
2603,3891,2025-05-11,42064.36,Completed
2604,829,2025-09-02,8578.78,Completed
2605,4934,2025-05-08,59830.07,Shipped
2606,3783,2025-09-26,39716.12,Completed
2607,2569,2025-09-27,55519.37,Cancelled
2608,2806,2025-05-18,104337.13,Pending
2609,252,2025-12-06,66457.46,Shipped
2610,478,2025-07-06,1672.52,Pending
2611,3945,2026-01-15,36052.54,Shipped
2612,2750,2025-01-16,86944.75,Pending
2613,2217,2026-01-25,0.0,Cancelled
2614,1410,2025-06-25,3296.58,Pending
2615,1403,2026-03-06,2983.76,Completed
2616,4922,2026-01-22,90034.45,Completed
2617,256,2026-02-02,5367.86,Pending
2618,4263,2025-07-19,26229.9,Completed
2619,3684,2025-07-19,5667.27,Completed
2620,1705,2025-04-05,0.0,Shipped
2621,3929,2025-04-18,0.0,Completed
2622,4478,2025-02-16,16360.3,Cancelled
2623,1655,2025-06-12,16029.68,Completed
2624,3961,2025-11-07,25793.33,Completed
2625,128,2025-08-14,118372.86,Completed
2626,2783,2025-02-06,57387.89,Shipped
2627,1011,2025-12-25,125319.5,Shipped
2628,2226,2025-02-08,65753.23,Completed
2629,4970,2025-07-24,0.0,Completed
2630,256,2025-06-19,11844.28,Cancelled
2631,1741,2025-09-25,0.0,Completed
2632,851,2025-06-22,0.0,Shipped
2633,3020,2025-05-26,35944.11,Shipped
2634,3767,2025-09-12,14172.32,Completed
2635,1,2025-09-24,29701.74,Completed
2636,3549,2025-01-10,39720.89,Completed
2637,3715,2026-02-27,9188.6,Pending
2638,621,2026-03-11,43591.32,Shipped
2639,4319,2025-09-08,26393.85,Completed
2640,2400,2026-01-25,17482.44,Completed
2641,4137,2025-10-04,36449.96,Shipped
2642,1855,2025-11-24,54380.38,Pending
2643,3738,2025-05-02,23159.36,Pending
2644,1326,2026-01-29,25076.8,Cancelled
2645,4794,2025-06-12,8733.19,Completed
2646,387,2025-03-08,9242.88,Shipped
2647,407,2025-01-28,11407.37,Completed
2648,4091,2025-08-21,11256.14,Cancelled
2649,3286,2026-02-24,16355.12,Completed
2650,413,2025-07-16,49665.53,Completed
2651,2232,2025-08-12,13993.87,Pending
2652,2836,2025-10-13,34703.76,Cancelled
2653,318,2025-05-23,18242.72,Pending
2654,3649,2025-05-11,3830.25,Shipped
2655,2113,2026-03-15,0.0,Shipped
2656,3432,2025-09-14,118577.65,Completed
2657,2520,2025-07-01,5033.02,Completed
2658,843,2026-01-23,60832.98,Cancelled
2659,3272,2025-07-10,26784.25,Pending
2660,1468,2025-05-20,19157.55,Cancelled
2661,2701,2025-08-25,22875.1,Shipped
2662,3637,2025-08-17,0.0,Completed
2663,73,2025-08-10,46250.76,Completed
2664,502,2026-02-11,47822.58,Completed
2665,2795,2025-05-16,42040.5,Completed
2666,229,2025-02-12,94632.85,Shipped
2667,4665,2026-03-21,59990.11,Shipped
2668,4577,2025-09-19,3738.32,Cancelled
2669,388,2025-04-19,35803.5,Cancelled
2670,1903,2025-02-03,76365.51,Cancelled
2671,553,2025-08-27,112531.69,Completed
2672,3859,2025-09-05,35764.23,Shipped
2673,454,2025-12-23,13945.22,Completed
2674,1624,2026-01-13,43044.66,Pending
2675,1265,2026-03-22,51766.28,Completed
2676,3449,2025-08-16,42910.27,Pending
2677,1871,2026-03-07,102998.22,Completed
2678,2208,2025-07-09,62050.45,Shipped
2679,1722,2025-01-12,0.0,Completed
2680,2485,2025-01-24,38336.32,Completed
2681,4387,2025-03-06,96544.33,Shipped
2682,3444,2025-07-04,18821.35,Completed
2683,561,2025-05-10,56678.97,Completed
2684,2523,2026-03-21,76856.72,Shipped
2685,4782,2026-03-02,16440.99,Shipped
2686,4978,2025-08-01,11752.65,Shipped
2687,1787,2025-05-30,15321.0,Shipped
2688,4602,2025-12-13,55612.91,Completed
2689,1122,2026-02-19,40017.24,Completed
2690,3896,2025-03-24,97131.15,Shipped
2691,1987,2025-04-09,9584.08,Completed
2692,3097,2025-12-14,6571.12,Completed
2693,3710,2025-09-28,41302.51,Completed
2694,1180,2025-02-04,97649.47,Shipped
2695,4984,2025-04-21,47871.78,Pending
2696,3357,2025-09-01,119441.94,Shipped
2697,4392,2025-12-30,14117.74,Completed
2698,2189,2025-11-13,81493.37,Cancelled
2699,2902,2025-01-08,23093.13,Completed
2700,1137,2025-09-05,36491.28,Completed
2701,337,2025-09-02,55327.27,Pending
2702,2964,2025-09-23,27296.96,Shipped
2703,3642,2025-02-11,45881.05,Completed
2704,1337,2025-03-23,29613.56,Shipped
2705,4982,2025-04-04,37634.83,Shipped
2706,1586,2025-07-05,8846.9,Cancelled
2707,2493,2026-02-07,9921.34,Shipped
2708,1082,2025-12-26,12534.6,Pending
2709,4770,2025-03-16,36966.46,Pending
2710,3499,2026-02-09,17481.34,Pending
2711,601,2025-10-03,43156.14,Completed
2712,839,2025-10-30,17246.94,Completed
2713,411,2025-09-19,115573.75,Completed
2714,3415,2025-08-30,22473.9,Cancelled
2715,1197,2025-03-13,59464.36,Shipped
2716,3453,2026-01-25,9044.46,Shipped
2717,4291,2026-03-17,40800.44,Shipped
2718,3932,2026-02-11,48707.96,Shipped
2719,3896,2025-03-18,28680.03,Cancelled
2720,109,2025-07-09,35157.19,Completed
2721,1539,2025-08-08,48290.22,Pending
2722,2401,2025-03-07,16391.01,Shipped
2723,1738,2025-01-02,15353.26,Completed
2724,4253,2025-09-06,36675.68,Completed
2725,4268,2026-02-06,34974.98,Pending
2726,2261,2025-08-08,44284.04,Completed
2727,39,2025-07-16,35342.0,Completed
2728,3498,2026-02-11,58581.09,Completed
2729,206,2026-01-10,5150.19,Completed
2730,4501,2025-10-27,45989.87,Completed
2731,4229,2025-12-12,8542.78,Shipped
2732,2204,2025-03-08,69937.46,Cancelled
2733,426,2025-04-22,3433.46,Completed
2734,815,2025-09-06,37041.36,Pending
2735,3773,2026-01-08,51602.11,Completed
2736,1965,2025-04-04,48647.82,Completed
2737,3878,2025-08-18,0.0,Cancelled
2738,2153,2026-01-15,26939.74,Completed
2739,3995,2025-10-05,81003.97,Shipped
2740,911,2025-06-03,39917.39,Completed
2741,2572,2025-04-23,33829.36,Shipped
2742,4253,2025-05-13,59264.96,Completed
2743,1319,2025-10-27,11835.06,Completed
2744,504,2025-01-07,7722.86,Shipped
2745,4186,2025-11-18,37826.07,Pending
2746,4075,2025-04-10,0.0,Completed
2747,3669,2025-07-23,70525.15,Shipped
2748,2797,2026-02-26,23826.01,Shipped
2749,2814,2025-10-28,96032.9,Completed
2750,4186,2025-09-21,46220.56,Shipped
2751,791,2025-02-13,39278.63,Completed
2752,4078,2025-06-01,89652.04,Completed
2753,1294,2025-06-07,53886.43,Cancelled
2754,1223,2026-03-01,9619.54,Completed
2755,1893,2025-02-19,27940.3,Completed
2756,555,2025-05-19,0.0,Shipped
2757,4026,2025-11-04,0.0,Completed
2758,3201,2025-03-02,13194.35,Completed
2759,2617,2025-06-03,56467.38,Completed
2760,3555,2025-05-03,55049.92,Completed
2761,2664,2025-02-10,9143.7,Completed
2762,4976,2025-03-10,51197.04,Shipped
2763,1479,2026-02-22,22761.64,Pending
2764,1212,2025-09-10,50706.18,Shipped
2765,4450,2026-01-21,2077.28,Shipped
2766,113,2025-02-27,34828.36,Pending
2767,3219,2025-05-10,81794.29,Completed
2768,4824,2026-01-20,0.0,Cancelled
2769,2997,2025-02-20,17133.2,Completed
2770,3306,2026-02-25,0.0,Completed
2771,284,2026-02-12,0.0,Completed
2772,2072,2025-02-20,17254.66,Shipped
2773,656,2025-07-20,43321.2,Cancelled
2774,3179,2025-10-17,52125.92,Cancelled
2775,4227,2025-02-14,0.0,Completed
2776,3775,2026-03-26,34827.15,Completed
2777,4770,2025-05-13,101080.07,Completed
2778,4899,2025-10-25,39011.94,Shipped
2779,3388,2026-02-13,11256.18,Completed
2780,2528,2025-08-19,1837.72,Shipped
2781,4658,2025-01-10,25037.56,Shipped
2782,1790,2025-04-22,36703.86,Shipped
2783,3347,2025-05-25,0.0,Completed
2784,2066,2025-03-21,0.0,Completed
2785,3332,2026-02-24,53271.65,Completed
2786,864,2025-04-30,99629.61,Pending
2787,921,2025-11-07,0.0,Cancelled
2788,1680,2025-05-30,110771.14,Shipped
2789,3180,2026-02-28,135510.44,Pending
2790,3283,2025-07-23,50799.94,Completed
2791,3774,2025-02-07,64954.44,Completed
2792,8,2025-10-08,93704.35,Cancelled
2793,4272,2025-05-19,24884.01,Cancelled
2794,2221,2026-02-06,16235.32,Completed
2795,2736,2025-10-03,33917.4,Shipped
2796,4442,2025-11-09,41473.36,Cancelled
2797,2990,2025-09-24,123894.43,Shipped
2798,4106,2025-08-14,55789.22,Completed
2799,1070,2025-07-09,66598.34,Completed
2800,2759,2025-08-21,59055.3,Shipped
2801,3991,2025-08-25,5173.76,Completed
2802,4382,2025-03-10,31323.74,Pending
2803,4428,2025-06-11,32468.0,Cancelled
2804,1142,2025-10-28,136070.92,Shipped
2805,3957,2026-01-28,86938.19,Completed
2806,524,2025-05-30,0.0,Completed
2807,2568,2025-02-18,0.0,Shipped
2808,4808,2025-05-07,13645.24,Completed
2809,4887,2025-02-27,38023.24,Completed
2810,1751,2025-09-04,95527.13,Completed
2811,4351,2025-11-24,50891.0,Cancelled
2812,2994,2026-03-04,23411.3,Pending
2813,4651,2025-08-08,19446.98,Completed
2814,3904,2025-07-13,33884.27,Pending
2815,224,2025-04-10,24747.75,Completed
2816,1797,2025-01-15,42267.6,Pending
2817,782,2025-02-03,33440.08,Completed
2818,1318,2025-10-25,52139.82,Cancelled
2819,4034,2025-11-06,43118.69,Completed
2820,3433,2025-02-01,0.0,Pending
2821,1728,2025-06-29,60289.0,Shipped
2822,4206,2025-01-12,7689.95,Pending
2823,4354,2025-11-14,8715.34,Completed
2824,2802,2025-12-14,29769.03,Completed
2825,2195,2025-09-05,2231.84,Completed
2826,4319,2025-08-19,23823.02,Shipped
2827,2329,2025-07-03,69355.2,Shipped
2828,3668,2026-03-13,60598.26,Pending
2829,1548,2025-10-23,11519.6,Completed
2830,4699,2025-07-19,11042.4,Pending
2831,1320,2026-03-21,19865.77,Completed
2832,727,2025-05-27,47797.23,Completed
2833,642,2025-12-08,13083.04,Pending
2834,1413,2025-06-06,51860.32,Completed
2835,4906,2025-12-28,20907.0,Completed
2836,802,2025-10-25,13369.77,Completed
2837,3580,2025-11-22,0.0,Completed
2838,4088,2025-02-04,10390.11,Pending
2839,3301,2025-08-21,44611.55,Cancelled
2840,1439,2026-02-20,102648.01,Shipped
2841,2366,2025-07-12,78642.21,Cancelled
2842,491,2026-03-11,34295.73,Pending
2843,2569,2025-07-14,103716.23,Shipped
2844,4666,2025-10-23,69376.69,Pending
2845,863,2026-01-22,39992.37,Completed
2846,398,2025-06-02,33504.05,Completed
2847,4948,2025-04-14,128308.04,Completed
2848,3216,2025-08-08,83474.44,Completed
2849,865,2025-05-05,61308.42,Cancelled
2850,4144,2025-05-05,33191.31,Shipped
2851,1310,2025-09-25,0.0,Completed
2852,1082,2026-01-10,35726.1,Completed
2853,1441,2025-04-15,33828.47,Completed
2854,2734,2026-02-19,79823.15,Cancelled
2855,2040,2025-06-09,14190.12,Completed
2856,4023,2025-12-09,38721.22,Pending
2857,1559,2026-03-06,0.0,Pending
2858,777,2025-11-01,47648.44,Shipped
2859,1971,2026-02-24,50211.96,Shipped
2860,2783,2025-02-21,34035.96,Pending
2861,3308,2025-09-17,58647.89,Pending
2862,240,2025-08-23,34934.2,Shipped
2863,2060,2025-02-06,19587.75,Completed
2864,970,2025-05-04,65944.43,Completed
2865,1147,2025-08-03,16110.26,Cancelled
2866,1679,2025-05-02,19117.73,Shipped
2867,1776,2025-07-03,0.0,Cancelled
2868,1842,2025-04-25,66407.02,Pending
2869,4056,2025-07-18,0.0,Cancelled
2870,14,2025-04-22,92710.13,Shipped
2871,4518,2025-08-12,28191.16,Completed
2872,3271,2026-02-13,16805.68,Pending
2873,1694,2026-03-01,34572.0,Shipped
2874,728,2025-04-22,0.0,Cancelled
2875,986,2025-09-09,14020.2,Pending
2876,4525,2025-08-11,21862.54,Pending
2877,4251,2025-06-27,12547.92,Shipped
2878,4685,2025-02-22,8283.02,Completed
2879,2933,2025-11-17,33242.41,Cancelled
2880,766,2025-07-24,60859.68,Cancelled
2881,1127,2025-01-09,0.0,Completed
2882,3543,2025-12-05,58759.42,Completed
2883,2423,2025-10-18,52192.46,Cancelled
2884,4322,2025-08-15,45071.07,Completed
2885,4145,2025-03-20,0.0,Shipped
2886,1417,2025-05-31,53403.47,Pending
2887,1175,2025-12-28,24031.21,Shipped
2888,4463,2025-01-08,18443.55,Cancelled
2889,2258,2025-04-20,3167.56,Completed
2890,3744,2025-02-19,61610.17,Shipped
2891,2467,2025-02-13,18336.56,Completed
2892,1826,2026-02-27,100741.08,Completed
2893,2974,2025-01-30,86104.98,Pending
2894,2981,2025-12-09,107427.78,Shipped
2895,3478,2026-02-09,49633.46,Pending
2896,4668,2025-07-09,8605.27,Completed
2897,3837,2025-03-29,4971.66,Shipped
2898,140,2025-03-19,66934.15,Completed
2899,1257,2026-01-03,50014.65,Shipped
2900,3318,2025-10-03,62519.0,Completed
2901,3470,2026-03-24,45177.0,Shipped
2902,1192,2025-08-17,53437.84,Cancelled
2903,2860,2025-09-24,11118.05,Pending
2904,4241,2025-10-18,65285.28,Completed
2905,3842,2026-01-22,9014.22,Completed
2906,3598,2025-03-23,7227.94,Completed
2907,2878,2025-12-25,9334.3,Pending
2908,4029,2025-03-25,14629.89,Pending
2909,3876,2025-11-26,0.0,Cancelled
2910,3018,2025-12-23,17459.64,Completed
2911,1071,2025-11-25,34444.04,Cancelled
2912,711,2025-12-15,44387.97,Completed
2913,2420,2025-06-05,53232.43,Completed
2914,2028,2025-10-29,27118.53,Completed
2915,4140,2025-10-24,89408.18,Completed
2916,3226,2025-11-03,0.0,Completed
2917,2760,2025-12-13,55607.41,Completed
2918,169,2025-09-20,32541.88,Shipped
2919,1520,2026-03-06,0.0,Completed
2920,536,2025-02-10,12778.54,Completed
2921,4128,2025-10-17,78095.66,Completed
2922,1273,2025-11-24,96916.05,Completed
2923,4579,2026-03-16,61471.04,Completed
2924,1822,2026-03-11,33459.36,Completed
2925,2664,2026-02-05,0.0,Completed
2926,3342,2025-12-27,53804.63,Shipped
2927,536,2025-02-27,21997.17,Pending
2928,145,2025-05-04,110155.55,Pending
2929,1236,2026-03-12,6670.83,Shipped
2930,521,2025-06-09,49358.7,Shipped
2931,2339,2025-08-09,48293.24,Cancelled
2932,1596,2025-12-24,50877.68,Completed
2933,3639,2025-03-22,0.0,Completed
2934,1763,2025-10-18,148363.37,Completed
2935,278,2025-08-15,6635.81,Shipped
2936,2488,2025-03-09,106160.77,Shipped
2937,3232,2025-01-01,25814.13,Pending
2938,4365,2026-01-09,34379.22,Shipped
2939,732,2025-04-25,44312.9,Completed
2940,4508,2026-02-03,36284.61,Pending
2941,4127,2025-02-13,39963.06,Shipped
2942,2695,2025-11-02,0.0,Shipped
2943,4910,2025-09-21,75558.12,Completed
2944,4532,2025-10-02,38081.15,Completed
2945,1230,2025-10-27,0.0,Completed
2946,4760,2025-05-13,75896.75,Completed
2947,4637,2025-04-26,22238.76,Cancelled
2948,1757,2025-12-21,8266.36,Completed
2949,3471,2025-11-17,20653.29,Completed
2950,1075,2025-01-31,19101.68,Completed
2951,4473,2025-06-20,10841.91,Completed
2952,405,2025-10-19,20087.65,Completed
2953,4168,2025-02-05,21378.79,Completed
2954,1829,2025-11-02,55464.75,Pending
2955,3450,2026-02-18,0.0,Shipped
2956,1512,2026-03-23,6056.87,Shipped
2957,4270,2026-02-23,24653.1,Cancelled
2958,3788,2026-02-14,33013.62,Pending
2959,1209,2025-12-21,38589.36,Completed
2960,3042,2025-02-07,70567.86,Completed
2961,310,2025-05-21,17905.7,Completed
2962,4238,2025-01-02,30419.03,Completed
2963,3719,2025-08-23,0.0,Completed
2964,4694,2025-10-30,24232.21,Completed
2965,3217,2026-03-21,22923.4,Completed
2966,1282,2025-03-21,30039.67,Completed
2967,295,2025-08-19,20594.73,Shipped
2968,4584,2025-01-06,118943.73,Shipped
2969,1968,2025-01-31,73994.21,Cancelled
2970,2079,2026-02-21,0.0,Shipped
2971,1215,2026-03-12,44984.8,Completed
2972,1109,2025-10-11,42556.64,Pending
2973,959,2025-08-25,0.0,Completed
2974,682,2025-12-17,16210.83,Cancelled
2975,2326,2025-02-19,29777.72,Pending
2976,2199,2026-03-03,0.0,Completed
2977,3763,2025-09-13,108320.16,Completed
2978,2412,2025-10-21,71029.28,Completed
2979,4861,2025-08-01,3677.74,Pending
2980,605,2025-07-11,44572.72,Cancelled
2981,624,2025-12-12,0.0,Pending
2982,3307,2025-01-10,37608.16,Pending
2983,113,2025-07-17,119413.78,Completed
2984,2087,2025-08-19,15239.5,Completed
2985,745,2025-04-19,9276.0,Cancelled
2986,2024,2025-02-08,1912.27,Shipped
2987,3419,2025-03-25,20931.15,Pending
2988,225,2025-12-14,21493.44,Shipped
2989,4905,2025-08-12,54005.06,Completed
2990,2995,2025-11-04,113004.61,Pending
2991,1531,2025-07-29,1066.87,Pending
2992,2233,2026-03-12,27714.34,Completed
2993,2558,2025-10-05,44720.88,Completed
2994,1494,2025-01-11,9686.6,Shipped
2995,3162,2026-01-20,174442.19,Shipped
2996,2113,2025-02-23,63551.49,Shipped
2997,251,2025-12-04,27873.11,Pending
2998,981,2025-08-18,45402.76,Completed
2999,2756,2025-04-19,44593.53,Cancelled
3000,668,2025-08-29,6806.11,Pending
3001,1115,2025-09-22,32930.37,Shipped
3002,1056,2025-10-12,56495.78,Cancelled
3003,2109,2025-02-24,1115.92,Shipped
3004,842,2025-02-10,48955.56,Pending
3005,214,2025-01-03,84070.81,Shipped
3006,306,2025-11-17,84433.62,Pending
3007,3009,2025-05-16,3156.94,Shipped
3008,3198,2026-01-29,5911.04,Completed
3009,3716,2025-09-18,40573.43,Cancelled
3010,3776,2025-09-14,85814.04,Shipped
3011,3019,2025-10-02,42903.03,Pending
3012,17,2026-03-21,46582.75,Shipped
3013,4081,2025-03-29,3953.51,Shipped
3014,4578,2025-05-18,10639.25,Shipped
3015,2814,2025-08-08,88196.54,Completed
3016,1167,2025-05-10,43827.68,Shipped
3017,167,2025-06-09,0.0,Shipped
3018,4065,2025-04-27,76802.97,Cancelled
3019,916,2025-01-18,20184.59,Shipped
3020,2065,2026-03-02,8638.99,Shipped
3021,3842,2026-02-26,26800.05,Cancelled
3022,3550,2025-01-16,59619.86,Completed
3023,360,2025-08-22,21895.78,Shipped
3024,3659,2025-09-01,64139.58,Cancelled
3025,4508,2025-08-21,55059.33,Completed
3026,698,2025-03-05,17907.3,Completed
3027,1812,2025-01-20,40946.88,Completed
3028,4489,2025-05-29,20821.09,Pending
3029,2872,2025-01-18,41146.65,Shipped
3030,1895,2025-03-26,63782.74,Shipped
3031,2613,2025-06-20,69231.25,Completed
3032,1007,2025-04-17,51461.76,Completed
3033,1922,2025-03-16,60798.04,Completed
3034,1844,2025-01-31,17464.95,Shipped
3035,3863,2025-03-13,8705.43,Completed
3036,4308,2025-08-29,34609.32,Pending
3037,1626,2025-05-04,6967.14,Completed
3038,3330,2025-11-28,20260.6,Cancelled
3039,1521,2025-05-04,34361.44,Completed
3040,410,2025-12-08,69734.11,Cancelled
3041,3922,2025-04-07,8743.3,Completed
3042,4229,2025-07-23,16540.12,Completed
3043,2207,2025-02-21,26674.29,Completed
3044,1341,2025-01-21,27828.0,Completed
3045,3476,2025-02-21,33373.65,Completed
3046,3834,2026-02-20,81690.01,Pending
3047,1019,2026-01-14,9438.88,Pending
3048,2931,2025-12-22,74810.08,Shipped
3049,3518,2025-02-01,9215.56,Pending
3050,4978,2026-01-09,45031.43,Completed
3051,1733,2025-05-14,12884.3,Completed
3052,3595,2025-01-21,5790.97,Pending
3053,1373,2025-11-02,39987.67,Completed
3054,3442,2025-04-19,0.0,Completed
3055,2259,2026-02-18,27556.27,Completed
3056,4175,2025-07-29,46640.53,Pending
3057,3975,2025-03-25,42145.54,Pending
3058,1010,2025-07-01,110376.92,Completed
3059,772,2025-10-08,41812.03,Completed
3060,4564,2025-08-27,35329.69,Shipped
3061,3687,2025-05-30,35036.1,Shipped
3062,563,2025-02-09,0.0,Pending
3063,2104,2025-06-27,0.0,Shipped
3064,1100,2025-10-21,13250.44,Completed
3065,2076,2025-02-12,13315.12,Cancelled
3066,2093,2025-11-27,6928.36,Pending
3067,3116,2025-07-13,59882.92,Completed
3068,669,2025-02-10,42622.21,Shipped
3069,2854,2025-10-17,72997.91,Pending
3070,1350,2025-05-18,21078.36,Shipped
3071,540,2026-02-07,0.0,Shipped
3072,3101,2025-04-08,9340.96,Completed
3073,3402,2025-05-27,47692.41,Cancelled
3074,4604,2025-11-09,22369.2,Completed
3075,2209,2025-01-16,29572.68,Pending
3076,871,2025-07-07,22117.25,Cancelled
3077,3428,2025-09-22,81838.17,Cancelled
3078,3609,2025-03-04,26429.43,Shipped
3079,3957,2025-07-20,70398.83,Pending
3080,3400,2026-03-13,55749.54,Completed
3081,2237,2025-03-19,12070.74,Shipped
3082,1781,2025-04-23,2410.1,Completed
3083,227,2026-01-10,75154.22,Completed
3084,4529,2025-08-23,19322.32,Shipped
3085,300,2025-07-17,34482.96,Cancelled
3086,4514,2025-05-22,57389.42,Shipped
3087,2133,2025-09-17,1243.52,Shipped
3088,4342,2026-03-27,0.0,Completed
3089,177,2025-05-29,69911.84,Shipped
3090,2909,2026-01-11,28814.52,Completed
3091,3218,2025-07-01,56039.77,Shipped
3092,3643,2025-06-20,59931.57,Pending
3093,4830,2025-12-15,28355.84,Shipped
3094,7,2025-10-28,10731.35,Completed
3095,2124,2025-01-05,46096.02,Shipped
3096,1019,2025-07-18,64995.98,Completed
3097,771,2025-05-18,14455.88,Completed
3098,3084,2025-10-17,0.0,Shipped
3099,208,2026-03-03,10126.6,Pending
3100,2626,2026-01-04,0.0,Pending
3101,4780,2025-11-29,36565.98,Completed
3102,68,2026-01-07,68535.5,Completed
3103,2275,2025-11-02,14148.63,Completed
3104,475,2025-09-21,41522.18,Shipped
3105,675,2026-03-15,19364.27,Cancelled
3106,1312,2025-03-19,0.0,Completed
3107,497,2025-04-05,46077.8,Shipped
3108,3866,2025-03-14,49607.85,Completed
3109,1992,2025-01-20,106403.84,Completed
3110,2069,2026-03-13,8795.72,Completed
3111,4396,2026-03-05,40655.03,Shipped
3112,311,2025-07-26,45881.05,Shipped
3113,2012,2025-05-26,46461.96,Shipped
3114,4631,2025-02-13,41101.32,Shipped
3115,4791,2025-08-08,42820.57,Pending
3116,3940,2025-11-26,0.0,Completed
3117,143,2025-08-23,22803.4,Completed
3118,711,2025-03-20,17539.98,Completed
3119,790,2025-10-28,60308.0,Completed
3120,3238,2025-11-20,43124.18,Completed
3121,1408,2026-02-10,51486.36,Completed
3122,4544,2026-02-08,0.0,Completed
3123,3276,2026-02-11,2606.69,Cancelled
3124,526,2025-01-20,45899.53,Pending
3125,542,2025-06-06,36911.87,Completed
3126,4156,2025-12-28,76458.71,Completed
3127,3597,2025-02-26,29391.53,Completed
3128,4544,2025-08-20,0.0,Completed
3129,2097,2025-09-11,4387.71,Pending
3130,1001,2025-12-22,10479.32,Shipped
3131,4708,2026-03-09,141064.75,Shipped
3132,1032,2025-09-21,22317.94,Shipped
3133,4477,2026-03-04,52474.17,Completed
3134,4296,2025-12-18,48635.59,Pending
3135,3501,2025-06-25,23983.44,Shipped
3136,2765,2025-12-23,14884.44,Cancelled
3137,3386,2025-04-21,0.0,Completed
3138,3627,2025-05-02,36698.88,Completed
3139,4654,2025-10-14,47742.91,Cancelled
3140,3685,2025-05-22,54453.74,Cancelled
3141,4387,2026-03-19,0.0,Completed
3142,2868,2025-09-16,104468.73,Shipped
3143,4938,2025-09-02,58542.55,Completed
3144,2894,2026-02-13,15191.38,Cancelled
3145,400,2025-04-10,33832.71,Shipped
3146,3934,2025-12-04,52782.72,Completed
3147,840,2025-04-04,46997.79,Pending
3148,1070,2026-01-19,57062.14,Completed
3149,3033,2025-12-11,31331.24,Shipped
3150,2596,2026-01-31,38432.28,Pending
3151,1431,2026-03-11,31167.87,Cancelled
3152,3511,2025-02-11,103844.75,Completed
3153,4559,2025-03-12,41391.38,Shipped
3154,1498,2025-11-14,21185.1,Shipped
3155,1719,2025-10-22,62583.45,Completed
3156,662,2025-11-06,9374.34,Cancelled
3157,1815,2026-02-28,1254.39,Completed
3158,2419,2025-02-22,59938.88,Shipped
3159,671,2025-12-26,0.0,Shipped
3160,565,2025-02-28,9608.88,Completed
3161,1531,2026-02-04,1942.71,Cancelled
3162,2034,2025-05-10,0.0,Cancelled
3163,168,2025-06-05,39360.86,Pending
3164,980,2025-03-10,18457.04,Completed
3165,740,2025-11-16,55862.9,Shipped
3166,3377,2026-01-01,62585.32,Pending
3167,3979,2026-02-11,45705.53,Shipped
3168,1087,2025-10-08,40566.48,Completed
3169,2845,2025-06-03,44611.55,Completed
3170,2023,2025-08-16,31372.19,Completed
3171,4299,2025-11-02,44994.46,Shipped
3172,4272,2025-06-10,55941.71,Shipped
3173,1157,2025-01-26,56650.34,Completed
3174,4828,2025-04-22,33035.67,Completed
3175,3790,2025-06-09,10605.0,Pending
3176,2693,2025-07-17,28982.55,Pending
3177,4799,2025-07-11,76507.39,Shipped
3178,1698,2026-03-24,3186.27,Completed
3179,315,2025-02-18,32827.65,Pending
3180,2016,2025-03-08,13892.4,Cancelled
3181,1986,2025-06-15,8291.88,Shipped
3182,1570,2026-02-20,55359.24,Completed
3183,2473,2025-02-27,0.0,Completed
3184,1853,2025-04-26,38148.85,Completed
3185,2284,2025-09-14,67634.1,Completed
3186,900,2025-09-21,38821.9,Completed
3187,2087,2025-10-07,13932.45,Shipped
3188,3644,2025-03-31,6965.43,Completed
3189,876,2025-06-26,13101.64,Shipped
3190,1631,2026-01-02,11377.33,Completed
3191,1953,2025-10-21,47408.34,Shipped
3192,1019,2025-05-11,48255.7,Shipped
3193,4773,2025-12-05,0.0,Pending
3194,378,2025-11-02,29555.2,Completed
3195,742,2025-05-26,18487.51,Cancelled
3196,2640,2025-04-08,21244.95,Completed
3197,3735,2026-01-05,46951.1,Pending
3198,2446,2025-02-23,30988.04,Completed
3199,4248,2025-07-11,39126.92,Completed
3200,1552,2025-09-29,82205.61,Cancelled
3201,3588,2025-05-28,0.0,Cancelled
3202,3727,2025-04-26,0.0,Pending
3203,2306,2025-12-30,21317.91,Pending
3204,2332,2025-12-10,36371.51,Completed
3205,1247,2025-03-28,77272.99,Pending
3206,56,2025-04-07,13457.02,Completed
3207,4263,2025-10-12,109094.09,Shipped
3208,1378,2025-10-13,127012.83,Shipped
3209,2934,2026-02-08,13380.84,Completed
3210,653,2026-03-14,40275.65,Completed
3211,4561,2025-03-27,30203.3,Completed
3212,3154,2025-06-22,43568.64,Completed
3213,4772,2026-02-08,72295.66,Completed
3214,4874,2026-02-07,22028.01,Completed
3215,2564,2025-04-20,0.0,Cancelled
3216,1885,2025-07-21,4918.85,Pending
3217,935,2026-03-03,82227.26,Completed
3218,4086,2025-01-21,23937.36,Cancelled
3219,3739,2026-02-03,2562.2,Completed
3220,3508,2025-10-09,16374.0,Completed
3221,3039,2026-03-06,124220.2,Cancelled
3222,2623,2025-12-03,155498.47,Cancelled
3223,1992,2026-02-21,9011.14,Completed
3224,1811,2025-05-16,39357.52,Completed
3225,3274,2025-12-16,14295.76,Shipped
3226,1773,2026-03-10,72053.14,Completed
3227,2562,2025-07-16,13682.04,Completed
3228,651,2025-11-22,32227.29,Completed
3229,3253,2025-09-12,61305.07,Shipped
3230,4813,2026-01-01,18490.86,Completed
3231,203,2026-03-16,14555.05,Shipped
3232,2208,2025-03-17,0.0,Shipped
3233,38,2025-03-27,95050.52,Shipped
3234,1062,2025-08-08,47638.98,Shipped
3235,3074,2025-11-18,36131.2,Completed
3236,1736,2025-06-14,0.0,Cancelled
3237,3473,2025-08-25,16440.99,Completed
3238,4209,2025-04-22,24916.35,Shipped
3239,1825,2026-03-18,8624.0,Shipped
3240,2877,2026-02-17,0.0,Shipped
3241,1194,2025-01-14,80542.74,Pending
3242,2710,2025-10-21,16559.92,Pending
3243,4710,2026-01-24,84589.24,Completed
3244,700,2025-10-06,75038.06,Pending
3245,925,2025-06-07,22884.5,Cancelled
3246,4492,2025-10-06,58120.92,Completed
3247,632,2025-08-03,14158.32,Shipped
3248,2790,2025-11-18,42282.35,Cancelled
3249,4564,2025-12-18,5819.88,Completed
3250,245,2025-11-13,43917.15,Completed
3251,483,2025-08-18,48127.64,Completed
3252,249,2025-08-22,14062.76,Pending
3253,2654,2025-04-27,5314.37,Pending
3254,2901,2025-03-24,34181.0,Completed
3255,3169,2025-07-11,12630.42,Completed
3256,2154,2026-03-21,102403.31,Shipped
3257,2366,2025-05-24,106237.44,Pending
3258,2121,2025-07-26,51895.98,Shipped
3259,3021,2025-06-12,54471.19,Completed
3260,1617,2025-09-07,810.52,Pending
3261,3921,2025-02-11,34954.45,Completed
3262,2847,2025-12-14,57037.45,Completed
3263,3050,2025-08-22,10710.47,Shipped
3264,2194,2026-02-04,39416.54,Cancelled
3265,4017,2025-01-03,38052.44,Shipped
3266,3662,2025-12-10,17721.04,Completed
3267,3915,2026-02-02,34491.3,Pending
3268,1330,2025-10-27,9323.17,Cancelled
3269,3520,2025-01-15,73113.23,Pending
3270,3697,2026-01-22,60356.6,Shipped
3271,3347,2025-07-09,10731.35,Shipped
3272,3259,2025-10-25,16029.68,Pending
3273,4255,2025-03-05,0.0,Completed
3274,2699,2025-02-02,32262.06,Completed
3275,1516,2025-11-29,91036.11,Completed
3276,4096,2025-05-09,87381.11,Pending
3277,2515,2025-07-16,79198.9,Cancelled
3278,1718,2025-01-23,0.0,Completed
3279,612,2025-04-11,78133.6,Pending
3280,2342,2025-08-06,45300.01,Completed
3281,1902,2025-07-07,0.0,Completed
3282,2771,2025-10-05,22022.24,Cancelled
3283,2812,2026-03-22,14554.14,Completed
3284,2996,2025-08-06,51783.68,Completed
3285,833,2025-10-17,78404.28,Completed
3286,3846,2025-01-01,11741.64,Completed
3287,294,2025-07-08,49573.97,Completed
3288,1897,2025-07-04,8906.46,Shipped
3289,1532,2025-04-28,34547.85,Completed
3290,1788,2025-09-22,20289.22,Pending
3291,4550,2025-10-25,39959.16,Completed
3292,4438,2025-07-05,13961.4,Completed
3293,4429,2025-05-28,0.0,Cancelled
3294,2626,2025-01-04,68524.91,Completed
3295,3538,2026-01-15,45170.28,Pending
3296,3251,2025-05-09,32695.81,Cancelled
3297,4032,2025-08-28,0.0,Completed
3298,1506,2025-07-09,17797.4,Pending
3299,788,2025-01-10,12696.95,Completed
3300,3046,2025-11-13,17107.76,Completed
3301,1434,2026-03-02,69665.3,Shipped
3302,3457,2026-01-31,0.0,Completed
3303,1327,2025-10-30,22596.45,Cancelled
3304,3385,2025-12-07,0.0,Pending
3305,1445,2026-02-14,28751.78,Completed
3306,145,2025-07-10,32570.09,Cancelled
3307,4607,2025-12-22,78353.27,Completed
3308,3769,2025-08-11,5466.59,Shipped
3309,2836,2026-03-03,67979.52,Completed
3310,3214,2025-04-21,6471.28,Cancelled
3311,4139,2025-04-22,36302.44,Pending
3312,3777,2025-02-15,90538.89,Completed
3313,1195,2025-08-24,33601.54,Cancelled
3314,1463,2026-02-06,34874.62,Cancelled
3315,1708,2025-06-01,110234.91,Cancelled
3316,4541,2025-07-18,58313.32,Pending
3317,3926,2026-02-05,63999.13,Shipped
3318,2403,2026-01-31,19627.74,Shipped
3319,3844,2025-12-10,29889.07,Completed
3320,1870,2025-09-07,0.0,Cancelled
3321,1137,2025-12-04,25834.68,Completed
3322,1752,2026-01-09,0.0,Cancelled
3323,1967,2025-02-28,0.0,Shipped
3324,345,2026-02-17,32206.6,Shipped
3325,560,2025-07-05,88423.86,Shipped
3326,2282,2025-02-20,9851.76,Cancelled
3327,3223,2026-01-01,38269.35,Pending
3328,3307,2025-01-17,24944.61,Cancelled
3329,2252,2025-02-04,6395.7,Completed
3330,1991,2025-02-20,10126.6,Shipped
3331,3351,2025-12-08,40234.11,Shipped
3332,1560,2025-04-09,122074.01,Cancelled
3333,343,2025-07-26,27853.4,Pending
3334,173,2026-02-03,7246.03,Pending
3335,4897,2025-07-03,81567.34,Shipped
3336,2676,2025-07-30,19366.25,Completed
3337,4743,2025-03-15,46156.44,Completed
3338,616,2025-07-20,722.71,Cancelled
3339,1031,2025-12-11,18413.24,Completed
3340,1842,2025-10-18,24103.48,Cancelled
3341,3316,2025-11-08,19285.01,Shipped
3342,632,2025-01-04,61670.23,Shipped
3343,4034,2025-04-14,70425.1,Cancelled
3344,2246,2025-04-13,41131.22,Pending
3345,2982,2025-02-27,92695.82,Cancelled
3346,3757,2025-12-25,4534.2,Pending
3347,928,2025-02-16,61511.76,Shipped
3348,1039,2026-02-08,13039.4,Shipped
3349,391,2025-03-27,21218.94,Cancelled
3350,4281,2025-12-02,0.0,Shipped
3351,2977,2025-08-18,4979.12,Completed
3352,1875,2025-10-06,13658.59,Pending
3353,663,2025-02-05,21668.31,Completed
3354,4828,2026-01-06,0.0,Pending
3355,3985,2026-02-07,11937.24,Shipped
3356,922,2025-01-23,65584.01,Completed
3357,4610,2025-07-18,3468.36,Cancelled
3358,4770,2025-09-03,145061.65,Shipped
3359,4515,2026-02-17,24551.55,Completed
3360,811,2025-05-31,80623.61,Shipped
3361,3530,2025-09-03,34335.84,Shipped
3362,1930,2025-04-08,36584.27,Shipped
3363,1574,2026-02-12,58776.8,Cancelled
3364,3564,2025-08-17,0.0,Cancelled
3365,886,2025-11-12,29096.35,Completed
3366,986,2025-08-23,1383.8,Completed
3367,4834,2026-02-22,66299.88,Shipped
3368,3516,2025-07-09,33179.05,Completed
3369,4260,2025-02-13,56140.06,Cancelled
3370,2906,2025-09-05,62538.11,Shipped
3371,1539,2025-11-14,13431.5,Pending
3372,2066,2025-10-25,24336.17,Cancelled
3373,4514,2025-03-30,13712.56,Completed
3374,2574,2025-12-16,33344.2,Pending
3375,4205,2026-02-07,83404.29,Pending
3376,4940,2025-06-15,0.0,Completed
3377,1803,2025-11-12,14124.68,Pending
3378,1459,2025-03-05,35942.94,Cancelled
3379,4448,2026-01-27,36166.62,Shipped
3380,4578,2025-12-13,5381.43,Cancelled
3381,1379,2025-10-02,5977.44,Shipped
3382,3940,2026-01-05,34794.88,Shipped
3383,2325,2026-01-24,5482.96,Pending
3384,1431,2026-02-02,53954.82,Pending
3385,1773,2025-05-17,53735.1,Pending
3386,4880,2025-07-09,2984.31,Completed
3387,4141,2026-01-01,20835.68,Cancelled
3388,1352,2025-05-29,12419.92,Shipped
3389,1941,2025-11-05,66531.42,Cancelled
3390,372,2025-08-28,0.0,Shipped
3391,4447,2025-10-28,12290.51,Completed
3392,180,2025-01-04,34993.44,Shipped
3393,2080,2025-03-01,2388.39,Cancelled
3394,2050,2025-04-19,4387.71,Shipped
3395,293,2025-08-09,3513.74,Shipped
3396,2531,2025-09-15,11624.2,Shipped
3397,978,2025-03-17,0.0,Completed
3398,4059,2026-03-07,39495.61,Completed
3399,432,2025-03-30,8365.28,Completed
3400,4265,2025-01-23,2628.66,Completed
3401,1688,2025-09-20,48796.67,Completed
3402,725,2026-01-13,4297.32,Pending
3403,3336,2026-01-16,10485.61,Shipped
3404,2484,2025-05-19,7470.65,Completed
3405,4222,2025-08-25,43559.39,Completed
3406,1988,2025-11-26,49084.55,Cancelled
3407,2873,2025-07-12,108614.95,Completed
3408,4837,2025-02-19,43093.5,Completed
3409,4935,2025-01-05,28982.55,Cancelled
3410,4298,2025-07-09,22655.29,Cancelled
3411,806,2025-05-23,67749.79,Pending
3412,3995,2025-04-04,46668.46,Shipped
3413,2378,2025-06-24,50164.7,Shipped
3414,3094,2025-06-13,23533.05,Pending
3415,1708,2025-05-25,63787.91,Cancelled
3416,505,2026-03-26,39244.46,Completed
3417,4966,2025-10-14,3933.55,Completed
3418,3043,2025-07-27,14486.04,Pending
3419,3678,2025-08-16,0.0,Shipped
3420,252,2025-05-28,74409.84,Completed
3421,1108,2025-01-29,69251.28,Completed
3422,3863,2025-07-25,34034.88,Completed
3423,3006,2025-02-08,76519.84,Shipped
3424,3372,2025-05-08,19664.99,Shipped
3425,572,2025-11-04,48335.77,Shipped
3426,740,2026-01-06,81229.7,Pending
3427,4432,2025-05-15,40940.57,Shipped
3428,4894,2026-03-06,12403.05,Completed
3429,2765,2025-01-06,35047.28,Completed
3430,2933,2025-01-07,63088.49,Cancelled
3431,4430,2025-04-05,67632.74,Cancelled
3432,2483,2026-02-23,44902.48,Completed
3433,4361,2025-07-02,18022.28,Shipped
3434,1773,2025-12-18,1445.42,Cancelled
3435,1091,2025-01-09,45451.89,Completed
3436,2404,2025-08-12,41358.88,Shipped
3437,3193,2025-01-01,63957.91,Completed
3438,2470,2025-10-27,0.0,Completed
3439,1237,2025-03-20,56142.79,Pending
3440,3599,2025-07-01,48299.05,Pending
3441,1204,2026-03-22,9478.85,Completed
3442,4564,2025-10-06,17514.96,Completed
3443,459,2025-10-07,44495.56,Completed
3444,4325,2025-04-04,14491.74,Shipped
3445,4535,2026-01-01,56755.56,Completed
3446,2871,2025-02-17,0.0,Completed
3447,814,2025-10-03,51498.6,Shipped
3448,4329,2025-12-31,23340.5,Cancelled
3449,902,2025-08-14,3767.16,Shipped
3450,4350,2025-03-29,18348.87,Completed
3451,206,2025-12-28,16054.3,Cancelled
3452,1969,2025-07-07,7431.17,Completed
3453,291,2025-08-03,44489.93,Completed
3454,2515,2026-03-09,20930.28,Completed
3455,1605,2025-01-30,24925.6,Completed
3456,2988,2025-08-29,6075.96,Cancelled
3457,1823,2025-10-21,10550.21,Cancelled
3458,3589,2026-01-08,59999.47,Completed
3459,329,2026-02-06,0.0,Shipped
3460,2833,2025-03-28,10146.66,Pending
3461,1125,2025-06-10,41313.04,Completed
3462,1843,2026-02-11,105553.32,Shipped
3463,1781,2026-02-19,25232.16,Shipped
3464,3237,2026-01-29,11361.27,Shipped
3465,2304,2025-08-09,5718.45,Shipped
3466,4648,2025-08-30,37291.54,Shipped
3467,2669,2025-08-19,36438.01,Cancelled
3468,2593,2025-10-10,67654.0,Completed
3469,1950,2025-04-22,27699.42,Cancelled
3470,2278,2025-08-28,28752.24,Completed
3471,2209,2025-09-28,48642.68,Completed
3472,3077,2026-01-22,15056.91,Completed
3473,623,2025-02-20,46412.76,Shipped
3474,1332,2026-01-12,91688.67,Shipped
3475,930,2025-03-20,15524.9,Completed
3476,4107,2025-03-23,36825.6,Shipped
3477,2292,2025-08-05,36271.48,Completed
3478,2882,2026-03-04,29452.11,Completed
3479,3134,2025-07-27,52507.53,Pending
3480,1169,2025-09-18,17022.32,Shipped
3481,4,2026-01-10,17548.16,Completed
3482,710,2025-04-21,9075.61,Cancelled
3483,499,2025-10-10,12433.01,Completed
3484,1490,2025-08-06,2163.12,Shipped
3485,936,2026-03-21,56412.62,Completed
3486,4386,2025-07-30,103756.94,Cancelled
3487,2530,2025-09-07,38673.92,Completed
3488,436,2025-06-15,38564.48,Shipped
3489,4767,2025-04-22,31759.92,Shipped
3490,1373,2025-07-25,7520.76,Shipped
3491,3273,2025-08-15,64158.94,Cancelled
3492,320,2025-02-17,23710.16,Shipped
3493,3019,2025-11-01,8624.0,Completed
3494,1211,2026-01-15,87443.37,Cancelled
3495,555,2025-04-12,46284.73,Completed
3496,2051,2025-04-13,17248.0,Shipped
3497,2033,2025-07-28,0.0,Completed
3498,4890,2025-02-04,7162.92,Completed
3499,4300,2026-02-21,29918.0,Pending
3500,4517,2025-01-27,13777.4,Shipped
3501,449,2026-03-20,48499.74,Completed
3502,4034,2025-01-18,56712.71,Pending
3503,4350,2025-03-11,61971.25,Shipped
3504,225,2025-03-05,0.0,Shipped
3505,3180,2025-11-18,33324.48,Shipped
3506,1232,2026-02-05,28169.23,Pending
3507,4780,2025-10-12,22741.56,Shipped
3508,305,2026-02-13,1424.2,Completed
3509,2562,2026-03-25,19815.58,Cancelled
3510,92,2025-12-22,44991.03,Completed
3511,738,2025-05-20,8910.25,Cancelled
3512,711,2025-02-08,4050.64,Shipped
3513,2649,2026-03-20,17167.92,Shipped
3514,3005,2025-04-02,68733.53,Shipped
3515,1834,2025-10-09,0.0,Completed
3516,4656,2025-06-14,58553.3,Shipped
3517,1930,2025-05-15,8460.59,Shipped
3518,609,2025-10-23,1211.53,Cancelled
3519,1202,2025-06-02,51375.08,Shipped
3520,2405,2026-03-13,18572.02,Completed
3521,4769,2025-12-11,43944.59,Shipped
3522,708,2025-11-11,15865.76,Completed
3523,1669,2026-02-13,0.0,Shipped
3524,2961,2025-03-28,0.0,Completed
3525,3269,2025-01-29,65073.72,Cancelled
3526,145,2025-02-04,32588.49,Shipped
3527,44,2025-09-04,13768.96,Shipped
3528,1575,2025-06-25,34840.86,Completed
3529,2929,2025-12-13,70049.08,Shipped
3530,4217,2025-12-03,121741.56,Pending
3531,359,2025-09-04,1837.72,Shipped
3532,1010,2026-02-06,26344.83,Cancelled
3533,4850,2025-06-10,27137.48,Cancelled
3534,1598,2025-05-24,54341.4,Cancelled
3535,4812,2025-05-08,4706.61,Completed
3536,31,2025-10-02,61260.18,Pending
3537,956,2026-01-21,15139.5,Cancelled
3538,691,2026-01-28,69431.34,Shipped
3539,1308,2025-04-11,51727.53,Cancelled
3540,4978,2025-09-19,0.0,Shipped
3541,4702,2025-02-07,46219.65,Completed
3542,1847,2025-07-26,54565.22,Shipped
3543,3646,2026-02-27,72481.14,Shipped
3544,2842,2026-01-05,13157.88,Pending
3545,4815,2025-02-22,9048.3,Completed
3546,2602,2026-03-24,39504.91,Completed
3547,2820,2025-02-24,8942.14,Shipped
3548,3721,2026-01-12,85979.31,Shipped
3549,2777,2025-03-14,60655.81,Completed
3550,1605,2025-09-07,67093.94,Shipped
3551,1065,2025-09-06,22230.22,Completed
3552,1536,2025-04-11,63397.49,Completed
3553,4420,2025-10-31,49146.06,Completed
3554,3206,2025-11-18,35788.62,Pending
3555,508,2025-04-22,39379.84,Completed
3556,4367,2026-03-14,18788.2,Completed
3557,459,2025-08-28,0.0,Shipped
3558,4414,2025-06-25,52068.73,Shipped
3559,960,2025-03-20,14030.1,Shipped
3560,1913,2025-01-29,54929.73,Pending
3561,1093,2026-01-06,87882.66,Pending
3562,4337,2025-07-05,0.0,Cancelled
3563,4206,2025-07-27,8618.7,Shipped
3564,2560,2025-05-04,6822.62,Completed
3565,4284,2025-01-05,27411.02,Shipped
3566,422,2025-07-11,50923.44,Completed
3567,3712,2025-02-27,11565.34,Shipped
3568,2121,2025-12-17,49026.12,Shipped
3569,4759,2025-06-02,84185.47,Shipped
3570,4193,2026-02-08,88281.19,Completed
3571,3218,2026-02-25,9091.44,Completed
3572,4954,2025-11-06,23016.82,Pending
3573,2883,2025-02-06,16953.03,Completed
3574,4211,2025-11-09,0.0,Shipped
3575,1373,2025-03-03,15958.24,Shipped
3576,4500,2025-01-09,75068.62,Completed
3577,3177,2025-11-24,81348.27,Completed
3578,4449,2025-04-13,80074.89,Completed
3579,1155,2025-12-21,31969.32,Completed
3580,2699,2025-12-30,23386.64,Cancelled
3581,730,2026-03-18,45159.03,Pending
3582,4255,2025-06-13,41107.96,Completed
3583,4559,2025-08-05,0.0,Completed
3584,2771,2025-08-14,22150.38,Shipped
3585,151,2026-01-13,20360.11,Completed
3586,751,2025-09-20,23945.69,Completed
3587,826,2025-09-17,55804.58,Completed
3588,2445,2025-10-09,43147.99,Pending
3589,3986,2025-01-08,39381.79,Cancelled
3590,1876,2025-10-31,60723.36,Cancelled
3591,1244,2025-12-09,0.0,Completed
3592,3582,2026-02-07,1848.43,Shipped
3593,1483,2025-10-01,41771.07,Completed
3594,3017,2025-09-26,0.0,Completed
3595,4400,2026-01-01,21787.37,Pending
3596,4223,2025-11-26,0.0,Completed
3597,2336,2025-12-24,97682.12,Completed
3598,52,2026-01-11,7252.02,Pending
3599,1929,2025-05-19,22770.74,Completed
3600,2366,2025-12-12,110204.65,Pending
3601,855,2026-01-09,2628.66,Shipped
3602,3254,2025-07-30,15133.7,Completed
3603,542,2026-03-23,91640.8,Completed
3604,577,2025-11-10,0.0,Completed
3605,3947,2025-01-25,28223.6,Cancelled
3606,2788,2025-05-24,0.0,Pending
3607,1522,2025-01-10,45850.72,Shipped
3608,162,2026-01-24,44127.77,Completed
3609,66,2025-07-23,41267.6,Cancelled
3610,650,2025-09-29,18877.76,Completed
3611,4352,2025-07-09,56377.07,Cancelled
3612,578,2025-11-29,42744.48,Completed
3613,1582,2026-03-16,20458.89,Shipped
3614,3906,2025-04-04,44717.53,Shipped
3615,3275,2025-01-16,28892.97,Completed
3616,2493,2025-11-03,28374.45,Cancelled
3617,577,2025-07-26,0.0,Pending
3618,4214,2025-06-02,6912.11,Cancelled
3619,663,2025-11-17,0.0,Completed
3620,131,2025-08-29,61494.8,Pending
3621,381,2025-05-13,24512.01,Completed
3622,1946,2025-04-06,40409.64,Shipped
3623,1519,2025-02-17,37638.49,Pending
3624,4776,2025-07-24,37851.95,Completed
3625,4678,2026-01-11,18765.39,Shipped
3626,2554,2026-01-29,3101.13,Completed
3627,875,2025-04-14,48720.05,Completed
3628,3571,2026-03-15,0.0,Shipped
3629,1156,2025-09-18,92503.83,Shipped
3630,2864,2025-05-14,33766.7,Cancelled
3631,1132,2025-04-18,33766.7,Completed
3632,1744,2025-08-30,12669.42,Completed
3633,89,2025-12-10,22193.25,Cancelled
3634,3312,2025-05-02,27783.94,Shipped
3635,4289,2025-02-26,28478.3,Completed
3636,4030,2025-07-22,2719.34,Completed
3637,1790,2025-10-08,1936.04,Shipped
3638,2087,2025-06-08,32493.03,Pending
3639,2899,2025-11-25,0.0,Completed
3640,4434,2026-02-17,93219.67,Completed
3641,1237,2025-09-15,46872.9,Cancelled
3642,2843,2025-04-10,14799.62,Pending
3643,2720,2026-01-16,26229.9,Completed
3644,798,2025-02-10,39170.84,Shipped
3645,4415,2025-10-19,3798.56,Shipped
3646,3452,2025-05-16,8284.57,Pending
3647,1751,2025-05-17,18929.11,Shipped
3648,2173,2025-03-25,29324.86,Completed
3649,3903,2025-01-30,53166.93,Completed
3650,3405,2025-06-01,57430.04,Shipped
3651,2004,2025-03-15,39235.93,Completed
3652,3686,2025-03-04,27414.73,Shipped
3653,881,2025-01-28,50634.76,Shipped
3654,1374,2026-01-17,30175.39,Shipped
3655,4765,2025-07-01,73986.11,Completed
3656,3210,2025-09-21,44856.77,Pending
3657,27,2025-12-30,61786.72,Completed
3658,4617,2025-04-16,45337.94,Completed
3659,754,2025-10-24,150465.72,Completed
3660,4363,2025-04-22,32346.66,Completed
3661,3366,2025-07-23,16440.99,Completed
3662,3696,2025-07-14,21212.56,Cancelled
3663,3066,2025-07-21,63641.22,Completed
3664,3853,2025-03-16,52418.94,Shipped
3665,4669,2025-10-11,72847.17,Completed
3666,1386,2026-02-16,54209.52,Pending
3667,742,2025-01-30,2984.31,Completed
3668,2488,2025-07-02,42286.26,Pending
3669,214,2026-01-03,0.0,Pending
3670,4932,2025-12-12,86092.76,Pending
3671,41,2025-07-07,38113.81,Shipped
3672,2573,2025-10-04,14505.85,Completed
3673,3342,2025-09-01,6388.25,Shipped
3674,516,2025-11-27,7551.73,Completed
3675,4225,2026-03-27,37041.36,Shipped
3676,1420,2025-11-25,19363.08,Pending
3677,4870,2025-06-07,48091.6,Cancelled
3678,3140,2026-01-25,30773.24,Completed
3679,1200,2025-04-08,47992.94,Cancelled
3680,3076,2025-01-08,30666.07,Pending
3681,2567,2025-12-10,34801.02,Pending
3682,4330,2025-10-27,67619.95,Shipped
3683,4034,2025-07-05,0.0,Shipped
3684,1166,2025-03-31,64974.4,Shipped
3685,682,2025-07-16,36302.44,Completed
3686,3259,2025-06-09,43377.38,Completed
3687,1434,2026-01-13,1254.39,Pending
3688,3958,2025-04-30,85982.42,Pending
3689,3253,2025-11-26,19276.74,Cancelled
3690,4739,2025-10-25,11692.74,Completed
3691,3774,2026-01-10,105760.02,Pending
3692,4966,2025-01-29,0.0,Shipped
3693,950,2025-11-23,32800.8,Completed
3694,1254,2025-02-21,91371.76,Shipped
3695,1597,2026-03-23,40275.65,Pending
3696,3543,2025-05-28,0.0,Shipped
3697,235,2026-02-17,8813.91,Cancelled
3698,2144,2025-06-03,61323.64,Cancelled
3699,4806,2025-12-04,45106.92,Completed
3700,268,2025-03-11,56873.55,Completed
3701,1312,2025-08-11,66473.19,Completed
3702,2522,2025-04-07,46562.55,Shipped
3703,933,2025-12-30,15766.8,Completed
3704,880,2025-06-14,47921.32,Completed
3705,4647,2025-02-11,101439.4,Completed
3706,818,2025-11-07,28402.7,Completed
3707,1001,2025-11-02,50535.53,Cancelled
3708,4232,2025-09-25,55024.1,Cancelled
3709,2425,2025-02-08,42777.51,Completed
3710,3591,2025-09-22,0.0,Cancelled
3711,1380,2025-10-18,7519.14,Completed
3712,336,2025-08-27,0.0,Completed
3713,1300,2025-08-04,49407.0,Shipped
3714,3592,2025-09-17,45287.76,Completed
3715,1292,2026-03-24,3850.01,Shipped
3716,1464,2025-05-30,21338.21,Completed
3717,2050,2025-06-07,34923.26,Completed
3718,4100,2025-06-19,9194.35,Completed
3719,1315,2025-10-18,80617.45,Completed
3720,2074,2025-11-06,117623.63,Shipped
3721,59,2025-08-21,47362.64,Cancelled
3722,2646,2026-01-16,43125.0,Pending
3723,2672,2025-03-12,7899.0,Completed
3724,4598,2025-10-12,65474.58,Shipped
3725,1205,2025-12-02,0.0,Cancelled
3726,770,2025-07-18,23695.2,Completed
3727,3558,2025-08-06,53352.22,Cancelled
3728,2643,2026-03-01,34497.07,Pending
3729,2825,2025-06-23,104775.68,Pending
3730,3986,2025-12-09,6439.47,Cancelled
3731,4877,2026-02-03,22640.75,Shipped
3732,2215,2025-07-06,44880.83,Completed
3733,1348,2025-11-18,16200.84,Shipped
3734,2756,2025-03-31,4177.98,Completed
3735,1466,2025-08-20,30932.4,Shipped
3736,1024,2026-02-07,65334.67,Completed
3737,4622,2025-03-27,96903.27,Shipped
3738,4177,2025-01-01,42015.36,Cancelled
3739,3510,2025-03-30,59250.91,Shipped
3740,4538,2026-03-02,0.0,Completed
3741,3663,2025-08-03,14324.56,Cancelled
3742,89,2025-01-07,24759.09,Cancelled
3743,169,2025-11-12,22547.97,Pending
3744,1581,2025-12-21,44655.16,Completed
3745,1342,2025-01-02,11011.66,Cancelled
3746,4038,2026-03-07,12021.04,Completed
3747,2002,2025-06-16,5327.54,Completed
3748,3505,2025-02-16,8874.43,Completed
3749,3775,2025-04-01,14844.1,Pending
3750,1410,2025-12-01,22480.54,Completed
3751,1495,2025-09-30,17324.86,Cancelled
3752,2224,2025-12-03,4023.58,Shipped
3753,1984,2025-10-20,12207.04,Completed
3754,2356,2025-12-27,76960.12,Completed
3755,3382,2025-10-20,0.0,Completed
3756,3924,2025-03-10,1114.14,Shipped
3757,4107,2025-09-08,65295.73,Completed
3758,3735,2025-06-19,10158.28,Completed
3759,3403,2025-09-06,0.0,Shipped
3760,652,2025-09-01,24487.65,Pending
3761,2182,2026-01-22,3126.41,Completed
3762,1247,2025-07-27,0.0,Cancelled
3763,140,2025-04-20,19954.13,Shipped
3764,4288,2026-02-02,12341.97,Completed
3765,4126,2025-03-06,30035.2,Completed
3766,167,2025-02-05,50633.98,Pending
3767,1994,2025-04-26,37423.32,Shipped
3768,3385,2025-02-23,40610.22,Shipped
3769,4222,2026-02-06,0.0,Shipped
3770,2033,2025-03-08,3570.81,Completed
3771,2493,2026-03-20,140398.83,Shipped
3772,4009,2025-03-07,12010.31,Cancelled
3773,260,2025-08-14,28982.55,Pending
3774,2705,2025-07-18,11171.52,Shipped
3775,69,2025-07-08,39955.23,Cancelled
3776,4276,2025-04-27,0.0,Completed
3777,2338,2025-11-08,0.0,Shipped
3778,4674,2025-09-23,24299.89,Pending
3779,360,2025-07-12,106827.96,Completed
3780,2821,2025-04-26,29884.39,Cancelled
3781,3155,2025-12-25,35636.97,Completed
3782,2014,2025-07-08,13284.25,Cancelled
3783,2964,2025-12-08,41828.63,Completed
3784,2042,2025-10-21,96613.07,Completed
3785,1640,2025-10-11,12584.48,Completed
3786,3909,2026-01-09,63384.03,Completed
3787,4111,2025-09-11,0.0,Cancelled
3788,1707,2025-02-26,45744.65,Shipped
3789,4498,2025-02-15,70497.91,Completed
3790,3242,2025-05-11,9079.9,Shipped
3791,3150,2025-09-16,81119.01,Shipped
3792,1761,2026-01-25,13535.21,Completed
3793,533,2025-10-30,9053.98,Completed
3794,3024,2025-12-27,27834.9,Completed
3795,72,2025-03-16,17496.37,Completed
3796,4716,2025-04-27,17372.91,Completed
3797,2852,2026-02-24,0.0,Completed
3798,4397,2025-07-06,0.0,Pending
3799,2285,2025-07-20,23592.98,Completed
3800,3804,2025-07-01,55157.7,Shipped
3801,4731,2025-08-09,43035.03,Completed
3802,2108,2025-10-05,37128.74,Shipped
3803,3528,2025-10-09,43741.8,Completed
3804,1360,2025-02-10,1850.05,Cancelled
3805,4950,2025-01-24,26268.26,Completed
3806,1180,2025-08-11,22479.25,Shipped
3807,2520,2025-04-18,42205.8,Completed
3808,999,2025-10-22,3259.85,Completed
3809,4315,2025-04-02,15858.69,Completed
3810,4584,2025-02-28,30258.24,Shipped
3811,4055,2025-11-02,26989.92,Completed
3812,273,2025-11-29,59635.32,Cancelled
3813,3053,2025-01-09,28454.92,Completed
3814,2729,2025-03-07,39987.12,Completed
3815,2978,2026-03-17,52566.64,Pending
3816,4291,2025-08-26,36885.2,Completed
3817,3353,2025-01-22,16150.19,Cancelled
3818,3153,2025-02-20,84407.42,Completed
3819,2857,2025-06-15,17277.7,Completed
3820,3208,2025-04-15,29271.51,Shipped
3821,4158,2025-02-06,31018.54,Completed
3822,3952,2025-08-01,18618.02,Shipped
3823,908,2025-04-04,126852.53,Pending
3824,4233,2025-06-15,19292.27,Shipped
3825,619,2026-03-01,41334.6,Shipped
3826,1063,2025-09-30,11145.96,Shipped
3827,4642,2025-11-11,83589.46,Shipped
3828,997,2025-06-02,16080.01,Shipped
3829,212,2025-11-27,0.0,Completed
3830,2373,2025-11-08,43175.84,Completed
3831,2516,2025-10-19,1494.13,Shipped
3832,4158,2025-03-26,71440.06,Cancelled
3833,1304,2025-10-09,0.0,Cancelled
3834,2332,2025-10-07,0.0,Cancelled
3835,3287,2025-12-02,32682.34,Shipped
3836,4819,2026-03-09,47178.63,Completed
3837,2544,2025-03-25,0.0,Shipped
3838,1529,2026-01-24,4560.68,Shipped
3839,439,2025-01-28,35138.29,Cancelled
3840,752,2025-02-16,32454.45,Completed
3841,1809,2025-10-16,76561.66,Pending
3842,3609,2025-04-22,36278.2,Pending
3843,2738,2025-03-12,22159.55,Shipped
3844,3460,2025-08-02,10394.94,Shipped
3845,3656,2025-02-11,31226.4,Shipped
3846,1392,2025-06-11,81783.0,Completed
3847,4033,2025-01-08,47380.7,Shipped
3848,4893,2025-10-26,39325.15,Completed
3849,4503,2025-06-14,17699.66,Completed
3850,2066,2026-02-21,38472.64,Completed
3851,327,2025-10-05,10860.95,Shipped
3852,2479,2025-06-04,24250.06,Shipped
3853,922,2025-02-14,36090.97,Completed
3854,947,2025-09-25,19675.4,Pending
3855,1152,2025-10-29,23070.08,Shipped
3856,4778,2025-12-07,51573.01,Shipped
3857,2271,2025-08-28,28886.0,Shipped
3858,3128,2025-01-01,39496.47,Cancelled
3859,4404,2025-10-11,0.0,Completed
3860,399,2025-10-23,19409.38,Completed
3861,2114,2026-02-06,0.0,Completed
3862,4500,2025-07-03,33893.75,Shipped
3863,1786,2025-04-25,51608.28,Completed
3864,3382,2025-07-06,31374.26,Shipped
3865,2846,2026-03-07,15032.25,Completed
3866,4487,2025-10-22,68945.23,Pending
3867,2196,2025-11-27,50836.71,Completed
3868,2450,2025-03-15,12993.59,Cancelled
3869,4600,2025-07-29,80007.32,Cancelled
3870,1097,2025-10-08,12068.4,Cancelled
3871,2055,2025-07-30,0.0,Shipped
3872,1324,2025-04-05,143976.76,Shipped
3873,4331,2025-02-18,61649.68,Completed
3874,30,2026-01-25,13542.31,Completed
3875,2532,2026-02-27,38804.46,Completed
3876,1483,2026-01-14,136683.69,Pending
3877,588,2025-06-25,62719.84,Completed
3878,1644,2025-07-20,63825.15,Completed
3879,3654,2026-01-04,0.0,Shipped
3880,264,2025-05-03,49033.29,Cancelled
3881,3883,2025-06-19,49631.0,Pending
3882,4302,2025-08-23,19591.84,Cancelled
3883,1801,2025-01-20,79826.38,Completed
3884,2998,2025-04-03,14789.6,Cancelled
3885,32,2025-01-14,91288.92,Completed
3886,1044,2025-06-09,14426.62,Pending
3887,4782,2025-06-09,102039.59,Cancelled
3888,2252,2026-01-08,69033.95,Shipped
3889,38,2025-06-02,13856.72,Pending
3890,4936,2025-08-05,71927.76,Completed
3891,1061,2025-09-17,66346.62,Completed
3892,4951,2025-09-28,24463.36,Pending
3893,2098,2025-08-15,21393.46,Cancelled
3894,1745,2025-05-13,30552.95,Completed
3895,1009,2025-10-23,43490.1,Completed
3896,4299,2025-02-15,59700.64,Shipped
3897,4752,2025-06-29,56705.48,Completed
3898,780,2025-07-25,12419.92,Shipped
3899,655,2026-03-24,0.0,Shipped
3900,568,2025-03-31,0.0,Shipped
3901,2450,2025-08-16,27198.49,Cancelled
3902,1198,2026-02-02,67281.57,Completed
3903,3794,2025-09-02,0.0,Completed
3904,2015,2025-11-16,27165.54,Completed
3905,3397,2026-01-19,3518.6,Completed
3906,1245,2025-04-02,25548.92,Completed
3907,3152,2025-07-23,8022.44,Completed
3908,274,2025-08-25,77501.26,Completed
3909,2985,2025-10-24,24540.27,Shipped
3910,500,2025-09-20,22974.61,Completed
3911,4149,2025-01-09,53415.58,Completed
3912,922,2025-12-07,32395.4,Pending
3913,1384,2026-01-17,8962.34,Completed
3914,3292,2025-01-27,107065.2,Completed
3915,4038,2025-08-09,35395.82,Cancelled
3916,259,2026-01-30,903.52,Pending
3917,1470,2025-09-21,89799.49,Shipped
3918,699,2025-04-27,39530.32,Completed
3919,943,2026-03-09,37695.0,Completed
3920,350,2025-01-23,0.0,Shipped
3921,2153,2026-01-02,85295.64,Cancelled
3922,1788,2025-05-20,45944.46,Completed
3923,1908,2025-03-19,60117.02,Pending
3924,4283,2025-12-08,31457.0,Shipped
3925,70,2025-05-30,42123.98,Cancelled
3926,1703,2025-01-18,24728.7,Pending
3927,1084,2025-05-26,15600.04,Completed
3928,308,2025-08-27,11860.53,Pending
3929,4228,2025-10-10,0.0,Shipped
3930,1195,2025-04-24,12111.6,Cancelled
3931,1751,2025-08-30,51697.94,Completed
3932,4229,2025-04-07,5407.8,Pending
3933,1559,2025-02-02,11978.53,Completed
3934,3789,2025-02-19,79842.94,Cancelled
3935,2604,2025-12-02,3518.08,Completed
3936,3418,2025-08-28,11553.6,Completed
3937,3429,2026-01-08,45197.55,Completed
3938,2204,2026-03-07,7595.69,Completed
3939,2014,2025-01-20,47541.35,Pending
3940,416,2025-12-05,72995.4,Completed
3941,4075,2025-05-26,29232.03,Pending
3942,116,2025-12-07,73803.75,Completed
3943,3190,2026-01-11,49217.94,Completed
3944,3889,2026-01-10,17871.48,Cancelled
3945,4968,2025-10-06,0.0,Cancelled
3946,774,2025-09-26,121635.22,Completed
3947,3871,2026-02-06,3257.04,Completed
3948,2071,2025-02-10,72886.06,Shipped
3949,3067,2025-10-06,0.0,Completed
3950,2528,2025-06-28,46650.96,Shipped
3951,2034,2025-04-28,13991.95,Cancelled
3952,4662,2025-08-12,48127.31,Shipped
3953,91,2025-10-16,77129.5,Pending
3954,2410,2025-07-04,65147.7,Cancelled
3955,3104,2025-02-22,65015.66,Completed
3956,2142,2025-02-27,9752.76,Shipped
3957,945,2026-03-07,35792.12,Completed
3958,725,2025-03-18,0.0,Cancelled
3959,4274,2025-10-05,63312.24,Completed
3960,102,2025-02-17,58532.99,Pending
3961,589,2025-06-29,74406.43,Completed
3962,1865,2025-08-10,25692.18,Shipped
3963,2140,2026-02-14,5637.4,Completed
3964,4186,2026-03-14,35191.8,Pending
3965,617,2025-09-08,45574.45,Shipped
3966,476,2026-01-23,15601.17,Pending
3967,1520,2025-09-10,30063.96,Completed
3968,2532,2025-04-29,27784.8,Completed
3969,728,2025-09-06,18484.71,Cancelled
3970,1307,2025-12-28,39887.96,Shipped
3971,730,2025-02-05,0.0,Cancelled
3972,4632,2025-07-29,15713.53,Pending
3973,3145,2025-02-13,72914.0,Completed
3974,3664,2025-11-13,1413.78,Completed
3975,1971,2026-01-22,48109.76,Completed
3976,259,2026-02-03,25099.89,Pending
3977,516,2025-05-30,32172.63,Shipped
3978,4139,2025-05-24,81181.26,Completed
3979,2786,2025-02-25,20310.55,Completed
3980,2095,2025-09-30,2678.09,Completed
3981,4095,2025-09-30,53107.38,Completed
3982,518,2025-04-01,980.67,Completed
3983,2201,2026-02-03,0.0,Shipped
3984,2859,2025-01-18,24658.01,Shipped
3985,1352,2026-03-07,27026.58,Completed
3986,2132,2025-12-18,29217.3,Completed
3987,4262,2025-01-20,67256.46,Pending
3988,4206,2025-07-26,26619.92,Completed
3989,4415,2025-01-09,81762.47,Cancelled
3990,2506,2025-04-04,57526.01,Cancelled
3991,4889,2026-03-01,0.0,Shipped
3992,4147,2026-01-22,2942.01,Completed
3993,1586,2025-01-12,58089.88,Completed
3994,1296,2026-01-28,54992.27,Cancelled
3995,533,2025-11-04,67982.01,Shipped
3996,1566,2025-06-21,42357.54,Cancelled
3997,1103,2025-08-27,20545.59,Shipped
3998,3654,2025-04-10,4856.43,Completed
3999,4332,2026-03-06,28467.54,Completed
4000,3062,2025-11-16,4620.54,Completed
4001,740,2025-07-22,29301.36,Completed
4002,3291,2025-03-27,6628.88,Completed
4003,4540,2025-06-23,45288.56,Cancelled
4004,2682,2025-08-10,71215.77,Pending
4005,2906,2025-04-09,75950.29,Shipped
4006,3086,2025-05-21,15403.9,Completed
4007,2424,2025-03-26,38910.75,Shipped
4008,4988,2025-03-03,0.0,Completed
4009,4629,2025-07-26,49378.63,Completed
4010,4873,2025-04-24,0.0,Shipped
4011,2564,2025-01-25,54330.54,Shipped
4012,2819,2025-11-05,61802.2,Completed
4013,3691,2025-08-25,54514.2,Shipped
4014,1661,2025-10-13,0.0,Completed
4015,1528,2026-01-14,0.0,Completed
4016,3548,2025-01-05,0.0,Completed
4017,1748,2025-12-03,45176.75,Shipped
4018,2011,2025-07-01,52323.19,Pending
4019,1385,2025-06-28,7481.12,Cancelled
4020,3847,2025-06-28,26367.03,Completed
4021,2886,2025-03-24,29512.77,Shipped
4022,4004,2025-07-31,28374.56,Completed
4023,4292,2025-11-29,18285.98,Shipped
4024,2785,2025-07-28,65525.15,Completed
4025,753,2025-03-24,13645.24,Shipped
4026,2094,2026-03-04,48833.44,Shipped
4027,2386,2025-09-20,15695.36,Completed
4028,3399,2025-03-20,71757.29,Completed
4029,3320,2025-01-06,33865.54,Shipped
4030,883,2025-09-17,0.0,Completed
4031,3905,2025-08-26,46092.82,Cancelled
4032,2059,2025-06-12,7262.89,Completed
4033,571,2025-01-29,19872.31,Pending
4034,1337,2026-03-16,25689.64,Shipped
4035,3484,2025-11-01,38512.5,Pending
4036,4574,2025-10-30,74309.97,Shipped
4037,4718,2026-03-04,84165.73,Completed
4038,3825,2026-02-09,31965.26,Shipped
4039,56,2025-07-27,79988.67,Cancelled
4040,4433,2025-09-16,20673.64,Pending
4041,976,2025-05-11,83849.47,Completed
4042,2316,2025-09-01,9148.93,Shipped
4043,607,2025-12-04,9113.74,Shipped
4044,2477,2025-04-23,62929.95,Completed
4045,4030,2026-01-26,26429.6,Shipped
4046,1866,2026-01-25,48205.52,Completed
4047,2381,2026-02-23,2562.2,Shipped
4048,1715,2025-06-20,35635.56,Shipped
4049,3564,2025-04-27,15480.12,Shipped
4050,1614,2025-01-24,6371.71,Shipped
4051,4545,2025-02-05,31582.88,Completed
4052,9,2025-10-14,11145.96,Completed
4053,4381,2025-11-16,67722.46,Completed
4054,2681,2025-11-30,55131.57,Completed
4055,1093,2025-07-08,73161.95,Completed
4056,1301,2025-07-19,7557.0,Completed
4057,3527,2025-09-04,905.56,Completed
4058,253,2025-09-04,0.0,Completed
4059,2752,2025-02-07,64612.96,Shipped
4060,4864,2025-10-25,42041.75,Pending
4061,4395,2025-04-15,0.0,Completed
4062,769,2026-02-25,15168.78,Completed
4063,3518,2025-02-07,7453.16,Shipped
4064,2730,2025-05-02,50203.84,Pending
4065,1676,2025-01-11,21410.48,Pending
4066,72,2025-12-02,0.0,Shipped
4067,1099,2025-05-14,55430.61,Completed
4068,3481,2026-02-21,19732.97,Completed
4069,3602,2026-03-14,14190.12,Completed
4070,508,2025-10-21,30425.83,Completed
4071,4707,2025-08-29,31489.83,Completed
4072,3777,2026-01-20,39394.36,Pending
4073,1450,2025-12-09,35475.3,Completed
4074,1858,2025-12-25,31788.25,Cancelled
4075,2814,2025-08-11,62185.05,Pending
4076,4195,2025-02-07,43953.08,Completed
4077,4160,2025-01-26,30350.9,Cancelled
4078,601,2025-06-06,27199.64,Shipped
4079,1547,2025-09-04,0.0,Completed
4080,3016,2025-07-27,9432.42,Shipped
4081,3889,2025-08-09,74579.61,Completed
4082,4659,2026-01-05,12947.84,Completed
4083,1373,2025-03-17,29437.73,Cancelled
4084,578,2025-07-07,74641.41,Completed
4085,4530,2025-06-11,67811.6,Shipped
4086,3609,2025-03-04,4292.98,Shipped
4087,4050,2025-06-08,28826.16,Completed
4088,2657,2025-05-11,45007.44,Shipped
4089,2483,2025-06-26,61436.39,Pending
4090,975,2025-11-12,5006.35,Shipped
4091,1289,2025-03-19,68360.78,Cancelled
4092,680,2026-02-15,102707.1,Completed
4093,4975,2025-10-06,7598.31,Pending
4094,3891,2025-09-25,25719.92,Shipped
4095,4895,2025-07-01,56743.51,Completed
4096,4191,2025-09-19,25399.83,Shipped
4097,3934,2025-11-13,28677.82,Completed
4098,949,2026-02-24,10424.48,Completed
4099,4958,2025-04-08,1066.87,Pending
4100,2928,2025-06-21,38906.99,Shipped
4101,4303,2025-10-25,20030.03,Shipped
4102,3285,2025-04-01,3654.9,Cancelled
4103,4964,2025-06-05,60862.9,Cancelled
4104,4782,2025-11-13,45371.48,Completed
4105,4425,2025-10-03,35244.75,Completed
4106,3895,2025-02-18,65234.87,Completed
4107,349,2025-08-17,52683.93,Completed
4108,2518,2026-02-15,88526.75,Shipped
4109,1829,2025-09-17,0.0,Cancelled
4110,4400,2025-07-27,64684.5,Pending
4111,893,2026-03-08,0.0,Cancelled
4112,1838,2025-06-23,13448.34,Cancelled
4113,668,2025-04-17,27745.28,Completed
4114,1497,2025-02-25,45487.54,Shipped
4115,4184,2026-01-10,28428.42,Completed
4116,1212,2025-01-28,25355.9,Shipped
4117,2597,2025-12-21,15365.78,Completed
4118,1316,2025-03-20,96020.98,Shipped
4119,3347,2025-10-29,54106.38,Completed
4120,1451,2025-01-15,4248.99,Completed
4121,4292,2025-03-15,0.0,Pending
4122,1502,2026-01-28,45511.98,Pending
4123,2216,2025-01-23,40266.79,Shipped
4124,3360,2025-10-04,23023.14,Completed
4125,2381,2026-02-28,7705.83,Shipped
4126,4196,2025-04-08,92774.24,Completed
4127,1907,2025-04-06,3729.7,Completed
4128,2850,2025-04-15,0.0,Cancelled
4129,3988,2025-12-02,67653.69,Completed
4130,483,2025-04-10,0.0,Cancelled
4131,2019,2026-02-11,10793.05,Pending
4132,4827,2025-07-27,91964.94,Completed
4133,2830,2025-10-13,125293.82,Shipped
4134,2279,2025-07-01,73817.25,Cancelled
4135,1108,2025-04-14,56712.58,Shipped
4136,3603,2025-01-02,9601.35,Cancelled
4137,594,2026-02-25,49625.26,Cancelled
4138,1876,2025-03-18,72392.6,Shipped
4139,1949,2025-05-08,49421.82,Completed
4140,679,2025-06-06,39138.88,Shipped
4141,4483,2025-11-25,45362.11,Cancelled
4142,287,2026-03-13,72955.91,Completed
4143,2201,2025-07-13,4515.66,Shipped
4144,4115,2025-01-22,47258.69,Cancelled
4145,2953,2025-06-03,20764.72,Completed
4146,2301,2025-03-08,61040.65,Completed
4147,2885,2025-08-19,63533.85,Pending
4148,1530,2025-12-28,3534.06,Completed
4149,2916,2025-07-08,47573.28,Completed
4150,1577,2026-02-01,19493.14,Cancelled
4151,948,2025-11-05,52885.49,Completed
4152,2333,2026-02-09,40826.2,Shipped
4153,1170,2025-08-20,58184.92,Completed
4154,4174,2025-09-06,36466.36,Shipped
4155,1169,2026-03-20,66937.75,Completed
4156,1057,2025-07-11,21701.34,Shipped
4157,469,2025-09-14,5383.93,Cancelled
4158,4636,2025-12-24,39430.24,Shipped
4159,130,2025-02-19,64142.21,Shipped
4160,3394,2025-08-23,22342.5,Completed
4161,4395,2026-01-01,42570.84,Cancelled
4162,832,2025-11-12,21186.7,Completed
4163,3450,2025-03-18,43257.45,Completed
4164,3033,2025-10-29,50758.91,Completed
4165,820,2025-02-19,114342.92,Pending
4166,1652,2025-06-01,38847.25,Shipped
4167,4676,2025-10-28,56213.32,Shipped
4168,920,2025-05-10,29719.0,Completed
4169,2602,2025-08-15,32127.86,Completed
4170,3354,2026-02-02,88402.21,Completed
4171,1638,2025-03-17,34555.96,Pending
4172,478,2025-05-30,18413.71,Pending
4173,3476,2025-09-19,49751.85,Cancelled
4174,424,2025-10-18,59812.27,Cancelled
4175,1197,2025-02-06,7258.78,Shipped
4176,3668,2026-01-19,95858.13,Shipped
4177,1058,2025-09-04,38435.52,Shipped
4178,2614,2025-09-30,56517.93,Cancelled
4179,3504,2025-09-03,966.94,Shipped
4180,3664,2025-03-10,58956.15,Pending
4181,3781,2025-02-17,25552.87,Cancelled
4182,3465,2025-04-20,0.0,Completed
4183,2605,2025-08-29,19488.02,Cancelled
4184,1985,2025-05-13,0.0,Shipped
4185,567,2026-03-18,0.0,Cancelled
4186,3846,2025-10-29,79787.87,Cancelled
4187,3471,2025-09-01,23203.57,Completed
4188,4574,2025-03-16,6055.1,Pending
4189,318,2025-05-20,10756.72,Completed
4190,1208,2025-08-16,32542.05,Cancelled
4191,3632,2025-03-03,19842.68,Shipped
4192,2000,2025-03-10,31551.68,Shipped
4193,3411,2025-08-08,11611.9,Completed
4194,2341,2025-11-23,24764.65,Shipped
4195,3596,2025-05-19,51761.45,Cancelled
4196,190,2026-02-19,67240.71,Completed
4197,1251,2025-07-23,32008.84,Completed
4198,3829,2025-09-29,1494.13,Completed
4199,4470,2025-07-28,73706.61,Completed
4200,3296,2025-12-27,58141.62,Completed
4201,4351,2025-01-06,28532.68,Completed
4202,4333,2025-03-26,69702.88,Completed
4203,138,2025-10-03,22134.98,Completed
4204,1309,2025-07-11,57452.91,Shipped
4205,1309,2025-02-02,83407.05,Completed
4206,2856,2025-05-01,0.0,Cancelled
4207,2610,2026-03-26,27395.77,Completed
4208,4790,2025-11-08,57665.03,Completed
4209,2702,2025-03-30,42832.25,Shipped
4210,1849,2026-03-06,8816.85,Cancelled
4211,4546,2025-10-22,5345.84,Pending
4212,1471,2025-04-18,56279.31,Completed
4213,1193,2025-07-28,49741.76,Completed
4214,3879,2025-06-29,54503.81,Completed
4215,4857,2025-03-06,17973.56,Pending
4216,1125,2026-02-16,3423.78,Completed
4217,1573,2025-01-20,29677.22,Completed
4218,4949,2025-08-23,2925.14,Pending
4219,97,2025-05-07,8101.28,Pending
4220,4910,2026-01-21,42239.79,Pending
4221,1467,2025-03-29,17024.93,Pending
4222,4213,2025-07-11,0.0,Pending
4223,845,2025-06-22,0.0,Shipped
4224,4815,2026-01-31,36257.39,Pending
4225,332,2025-04-30,18126.8,Completed
4226,2784,2025-06-18,85948.08,Completed
4227,4909,2025-06-14,8893.18,Shipped
4228,4053,2025-04-09,102570.73,Pending
4229,1243,2025-03-30,23296.23,Cancelled
4230,1239,2025-03-07,90931.77,Shipped
4231,2262,2025-05-22,121006.34,Pending
4232,3981,2026-02-06,94201.0,Pending
4233,3159,2026-01-13,49403.29,Pending
4234,650,2025-08-10,43472.41,Completed
4235,4499,2025-07-29,76692.43,Shipped
4236,1037,2025-07-20,0.0,Completed
4237,4784,2025-09-05,105127.19,Cancelled
4238,3295,2025-01-23,48011.55,Shipped
4239,2700,2025-12-29,8348.83,Pending
4240,713,2025-12-11,44358.62,Completed
4241,2932,2025-03-14,0.0,Completed
4242,3123,2025-06-12,22227.93,Shipped
4243,3932,2025-07-31,40376.96,Cancelled
4244,2489,2025-03-01,5257.32,Shipped
4245,2093,2025-08-17,0.0,Shipped
4246,498,2025-05-28,57784.05,Pending
4247,3619,2025-08-24,29032.54,Completed
4248,4694,2025-07-23,0.0,Completed
4249,513,2025-01-27,42702.19,Completed
4250,2802,2025-03-15,101279.05,Completed
4251,2288,2025-04-21,0.0,Completed
4252,2614,2026-01-10,52859.46,Cancelled
4253,3016,2025-05-22,0.0,Shipped
4254,3840,2025-11-13,69840.56,Completed
4255,1638,2025-09-09,0.0,Cancelled
4256,1749,2026-03-20,76718.28,Shipped
4257,4295,2025-12-11,72108.8,Completed
4258,4692,2025-08-16,103614.73,Completed
4259,4581,2025-09-26,8025.65,Cancelled
4260,2597,2025-03-11,161340.63,Completed
4261,2179,2025-03-01,884.97,Completed
4262,3907,2025-02-04,37892.22,Shipped
4263,1427,2025-01-19,8256.72,Cancelled
4264,2165,2025-05-05,21753.51,Pending
4265,3423,2025-12-01,42552.27,Cancelled
4266,4567,2025-06-08,5000.16,Completed
4267,4279,2025-09-13,57418.45,Completed
4268,88,2025-10-07,34145.03,Shipped
4269,740,2025-02-27,43007.7,Pending
4270,3724,2026-01-31,46420.49,Cancelled
4271,1622,2025-05-17,28073.04,Shipped
4272,615,2026-03-18,14199.76,Shipped
4273,2282,2025-08-02,26891.8,Pending
4274,728,2026-01-13,49865.46,Completed
4275,4680,2026-02-06,2562.2,Shipped
4276,3340,2025-12-30,0.0,Completed
4277,2849,2025-07-11,9203.04,Completed
4278,4376,2025-06-17,11353.59,Completed
4279,4418,2025-09-19,32708.17,Cancelled
4280,156,2025-08-01,39602.32,Shipped
4281,2739,2025-11-30,13250.44,Completed
4282,1486,2025-10-14,8180.09,Completed
4283,3182,2025-05-29,76638.93,Shipped
4284,2161,2025-09-26,20267.83,Cancelled
4285,2127,2025-11-23,49388.95,Pending
4286,633,2025-11-07,22630.29,Pending
4287,526,2025-04-25,31593.6,Shipped
4288,986,2026-01-11,0.0,Shipped
4289,1280,2025-06-05,24957.21,Cancelled
4290,3617,2025-11-05,31512.53,Cancelled
4291,3735,2025-08-14,0.0,Cancelled
4292,1957,2025-09-03,47770.62,Completed
4293,3421,2025-09-06,12110.2,Completed
4294,4204,2025-10-16,56142.64,Completed
4295,4362,2025-01-10,28292.57,Shipped
4296,1589,2025-05-20,29370.68,Pending
4297,3924,2025-01-14,5000.16,Completed
4298,3018,2026-02-06,86801.41,Completed
4299,4277,2025-09-22,18841.12,Cancelled
4300,4645,2025-05-06,42571.24,Completed
4301,4831,2026-02-23,28003.48,Completed
4302,1627,2025-01-24,34300.66,Pending
4303,2643,2026-03-15,19866.64,Completed
4304,4311,2025-07-02,0.0,Completed
4305,4311,2025-07-15,70024.15,Completed
4306,3266,2025-05-26,7549.07,Shipped
4307,4557,2025-03-02,52654.6,Shipped
4308,3981,2025-11-24,38336.32,Pending
4309,4901,2025-04-22,32652.67,Shipped
4310,4207,2025-02-20,64226.84,Cancelled
4311,329,2025-08-05,0.0,Shipped
4312,3746,2025-07-12,39051.53,Completed
4313,4699,2025-07-30,13855.08,Completed
4314,4188,2025-09-16,28206.12,Pending
4315,3764,2025-10-01,16193.85,Completed
4316,2666,2025-01-27,732.43,Pending
4317,2149,2025-07-27,58842.95,Completed
4318,3182,2025-04-02,26145.16,Completed
4319,1195,2025-04-09,72296.39,Shipped
4320,730,2025-02-07,75246.58,Completed
4321,1837,2026-02-04,47674.91,Cancelled
4322,2111,2025-11-22,1936.04,Completed
4323,330,2025-03-12,19239.08,Completed
4324,3077,2026-03-12,29670.17,Completed
4325,3173,2025-04-30,1641.95,Completed
4326,3859,2025-02-06,46974.57,Cancelled
4327,3381,2025-11-28,34840.04,Completed
4328,262,2025-07-19,29981.61,Shipped
4329,1584,2025-09-25,0.0,Cancelled
4330,3074,2025-02-26,46395.66,Cancelled
4331,1987,2025-08-19,23269.0,Shipped
4332,1804,2025-06-18,104194.56,Completed
4333,2569,2025-11-26,0.0,Completed
4334,267,2025-05-09,26429.43,Completed
4335,4818,2025-06-21,60386.33,Completed
4336,3957,2025-11-02,933.74,Cancelled
4337,4435,2025-04-03,89406.58,Shipped
4338,2943,2025-04-27,36142.02,Completed
4339,4813,2025-06-20,63542.11,Completed
4340,4904,2025-03-26,38632.9,Completed
4341,2149,2025-05-02,30966.78,Shipped
4342,3739,2026-02-21,50659.57,Completed
4343,2915,2025-03-06,10954.01,Cancelled
4344,3307,2025-11-09,71164.74,Shipped
4345,1200,2025-08-26,45072.69,Shipped
4346,4755,2025-04-05,56234.06,Shipped
4347,3015,2025-01-15,95851.29,Cancelled
4348,1766,2026-02-12,64091.95,Cancelled
4349,2452,2025-01-16,29773.05,Completed
4350,4728,2026-02-14,28642.8,Cancelled
4351,2282,2025-04-22,19617.34,Completed
4352,2338,2025-07-31,52924.58,Cancelled
4353,4718,2025-12-19,96539.94,Completed
4354,496,2025-11-09,41476.67,Pending
4355,3871,2025-02-25,32334.87,Cancelled
4356,3743,2026-02-21,44588.75,Cancelled
4357,3071,2025-11-04,15616.68,Shipped
4358,4687,2025-02-11,53948.26,Pending
4359,1551,2026-02-22,35232.4,Pending
4360,4067,2025-08-04,29565.9,Shipped
4361,1348,2025-07-10,80076.53,Shipped
4362,2535,2025-05-02,9250.25,Completed
4363,1253,2025-02-12,38778.28,Completed
4364,2268,2025-07-31,31210.52,Shipped
4365,2224,2025-03-03,31191.17,Shipped
4366,1626,2025-08-25,24160.23,Completed
4367,3088,2025-01-29,92689.76,Cancelled
4368,1325,2025-08-30,38285.08,Completed
4369,4099,2025-08-18,32925.56,Shipped
4370,495,2025-06-14,10087.99,Completed
4371,4994,2026-01-19,42333.05,Completed
4372,3807,2025-06-21,78632.61,Pending
4373,317,2026-03-12,59031.2,Pending
4374,800,2025-07-10,0.0,Pending
4375,103,2025-08-09,44214.4,Completed
4376,4717,2025-11-29,20221.45,Completed
4377,1895,2026-02-26,0.0,Cancelled
4378,4751,2025-02-26,51122.6,Shipped
4379,4851,2025-07-30,28497.24,Shipped
4380,1146,2026-02-26,50829.77,Completed
4381,2760,2025-04-28,15262.5,Completed
4382,1591,2026-03-07,9565.21,Completed
4383,4031,2025-05-05,58065.89,Completed
4384,4260,2025-05-22,13482.98,Completed
4385,1430,2025-02-18,44074.7,Completed
4386,888,2025-12-01,0.0,Shipped
4387,2461,2026-03-02,2244.06,Pending
4388,3367,2025-10-31,41974.35,Shipped
4389,515,2025-06-26,15337.46,Shipped
4390,2018,2025-09-06,57866.01,Completed
4391,4752,2025-03-24,83619.28,Completed
4392,4640,2026-01-10,0.0,Completed
4393,2712,2025-11-12,25389.6,Pending
4394,4287,2025-12-04,50388.49,Cancelled
4395,3057,2025-07-28,0.0,Cancelled
4396,438,2025-06-18,44964.91,Shipped
4397,1551,2025-06-06,67931.07,Completed
4398,703,2026-03-21,16996.4,Completed
4399,2911,2025-12-07,21964.84,Cancelled
4400,1934,2025-11-25,9091.44,Cancelled
4401,2121,2026-02-18,8667.88,Pending
4402,3514,2025-01-04,76373.97,Completed
4403,3368,2025-12-09,81318.26,Pending
4404,946,2025-01-23,0.0,Shipped
4405,4360,2026-01-21,29825.18,Pending
4406,3982,2025-04-12,0.0,Shipped
4407,1800,2026-03-20,55382.35,Shipped
4408,1072,2025-08-23,37401.08,Shipped
4409,721,2025-02-09,26617.39,Completed
4410,1835,2026-02-24,112353.81,Completed
4411,4765,2025-09-30,35501.52,Completed
4412,3452,2025-01-23,36141.4,Completed
4413,3395,2025-11-09,0.0,Cancelled
4414,3040,2025-03-27,62400.66,Shipped
4415,2897,2025-02-28,49063.22,Completed
4416,2612,2025-06-19,14835.34,Pending
4417,4486,2025-10-05,28411.93,Completed
4418,998,2025-04-07,2388.39,Completed
4419,566,2025-01-24,115015.94,Shipped
4420,4600,2026-02-03,16055.28,Completed
4421,2983,2025-12-30,94894.16,Shipped
4422,4837,2026-02-15,0.0,Cancelled
4423,4555,2025-01-10,1893.42,Completed
4424,2410,2025-08-04,0.0,Pending
4425,2887,2025-09-05,37110.51,Pending
4426,235,2025-05-19,9973.05,Pending
4427,1589,2025-11-06,25534.83,Completed
4428,4821,2025-10-20,187531.39,Cancelled
4429,841,2026-01-13,34449.68,Completed
4430,98,2025-03-31,19007.6,Completed
4431,3384,2025-06-28,47791.4,Cancelled
4432,590,2025-05-10,80503.38,Pending
4433,208,2026-02-23,45195.51,Shipped
4434,2694,2025-05-02,74151.92,Completed
4435,2959,2025-01-07,7879.97,Completed
4436,4859,2025-02-19,0.0,Completed
4437,1077,2025-10-30,37245.58,Cancelled
4438,4774,2025-12-11,0.0,Cancelled
4439,2191,2025-09-08,51631.38,Completed
4440,2901,2026-03-01,23522.07,Pending
4441,4388,2025-12-04,0.0,Completed
4442,287,2025-02-17,26200.11,Shipped
4443,3100,2025-11-30,26755.66,Cancelled
4444,4040,2026-02-06,58423.6,Shipped
4445,3852,2025-07-08,27893.69,Completed
4446,3155,2026-03-11,16563.6,Completed
4447,1130,2025-10-01,0.0,Pending
4448,449,2025-11-01,40663.5,Completed
4449,541,2025-06-13,50708.36,Shipped
4450,4636,2025-08-03,42204.38,Completed
4451,4683,2025-11-15,22264.89,Pending
4452,500,2025-02-16,94303.39,Completed
4453,1546,2025-04-02,7037.2,Completed
4454,2938,2025-02-27,102887.19,Completed
4455,4190,2025-10-28,47811.59,Shipped
4456,574,2025-02-09,6624.24,Completed
4457,3789,2025-02-19,19280.7,Cancelled
4458,1007,2025-11-21,52893.92,Completed
4459,1369,2025-05-07,84804.1,Completed
4460,4535,2026-02-11,67670.67,Completed
4461,4034,2025-03-06,55635.43,Completed
4462,86,2025-04-04,42047.88,Shipped
4463,231,2025-04-23,10282.36,Completed
4464,467,2026-02-18,63003.87,Completed
4465,4051,2025-07-06,17348.01,Completed
4466,4008,2025-08-18,8270.06,Completed
4467,2196,2025-03-20,67896.78,Completed
4468,4869,2025-07-02,29053.82,Completed
4469,948,2025-09-09,34706.45,Cancelled
4470,310,2026-02-28,45461.42,Cancelled
4471,2287,2026-01-05,4052.95,Completed
4472,833,2025-06-06,28795.01,Completed
4473,4641,2025-03-02,27493.2,Shipped
4474,3524,2025-03-18,62202.23,Shipped
4475,1226,2025-02-15,0.0,Pending
4476,506,2025-11-09,0.0,Pending
4477,956,2025-11-11,59484.85,Shipped
4478,3128,2025-08-07,42544.95,Cancelled
4479,3080,2025-06-16,26457.86,Shipped
4480,2871,2025-07-10,1948.49,Completed
4481,4748,2025-03-21,5913.18,Shipped
4482,3517,2025-01-02,37820.89,Completed
4483,2941,2025-12-11,73086.87,Cancelled
4484,2290,2026-03-24,0.0,Pending
4485,1556,2025-11-14,51712.68,Completed
4486,2049,2026-03-08,75381.95,Shipped
4487,3364,2025-07-22,151230.38,Completed
4488,2253,2025-08-25,3373.78,Completed
4489,1201,2026-03-15,20899.42,Cancelled
4490,3834,2025-04-24,0.0,Cancelled
4491,3489,2025-05-14,29357.22,Shipped
4492,4355,2025-03-07,33705.96,Completed
4493,72,2025-03-15,32885.79,Shipped
4494,1023,2025-07-26,21503.02,Cancelled
4495,3961,2025-02-24,85592.86,Shipped
4496,4853,2025-03-05,8127.0,Shipped
4497,595,2025-11-25,82634.79,Completed
4498,3653,2025-06-08,27183.13,Cancelled
4499,151,2025-05-29,38453.55,Cancelled
4500,1113,2025-03-26,0.0,Pending
4501,1158,2025-04-20,13046.71,Completed
4502,3548,2025-04-12,9075.61,Cancelled
4503,1541,2025-03-24,20629.84,Shipped
4504,689,2026-02-14,34081.3,Completed
4505,4678,2025-05-21,51237.8,Completed
4506,1184,2025-12-21,905.56,Cancelled
4507,3508,2025-08-14,21240.08,Completed
4508,189,2025-07-01,24509.24,Pending
4509,2258,2025-08-26,48145.68,Completed
4510,3228,2025-04-24,0.0,Shipped
4511,4593,2025-10-11,26623.29,Completed
4512,450,2025-08-05,76862.51,Shipped
4513,379,2026-02-19,12405.09,Cancelled
4514,4386,2025-11-08,69427.84,Shipped
4515,3208,2025-12-30,124317.44,Pending
4516,3642,2025-12-11,30319.75,Completed
4517,3491,2025-05-06,68746.39,Pending
4518,3696,2025-02-11,0.0,Cancelled
4519,3671,2025-07-07,35738.08,Completed
4520,2162,2025-03-01,19246.11,Cancelled
4521,3926,2026-01-10,137423.15,Shipped
4522,4319,2025-03-13,42473.7,Completed
4523,4490,2025-08-06,74106.64,Completed
4524,4858,2026-01-30,103669.35,Completed
4525,1777,2025-05-03,6547.76,Completed
4526,1565,2025-12-09,60068.99,Pending
4527,4071,2025-06-22,54495.02,Shipped
4528,2305,2025-08-31,0.0,Shipped
4529,1065,2026-02-20,0.0,Cancelled
4530,1623,2025-09-29,0.0,Completed
4531,4720,2025-02-21,99578.08,Completed
4532,372,2025-12-04,19637.25,Shipped
4533,3516,2025-12-21,10239.3,Pending
4534,2508,2026-03-01,6315.21,Completed
4535,2102,2025-11-27,46230.96,Pending
4536,887,2025-12-31,36716.43,Pending
4537,611,2025-05-01,34301.94,Cancelled
4538,4855,2026-03-09,20810.8,Pending
4539,2658,2026-02-07,31249.25,Completed
4540,4722,2025-03-25,36336.89,Cancelled
4541,4764,2025-10-17,106111.76,Shipped
4542,3048,2026-03-03,37993.83,Shipped
4543,527,2025-11-11,4716.21,Shipped
4544,1567,2025-01-05,27584.72,Completed
4545,662,2025-08-25,60194.98,Pending
4546,1851,2025-01-01,17038.05,Completed
4547,3291,2025-11-22,51730.56,Completed
4548,4629,2025-06-07,108867.48,Cancelled
4549,1957,2025-03-28,29357.22,Completed
4550,4421,2025-04-26,30830.86,Shipped
4551,4933,2025-06-20,42450.55,Pending
4552,971,2025-09-29,0.0,Completed
4553,4049,2025-03-09,0.0,Completed
4554,2810,2025-01-29,89362.74,Completed
4555,2515,2025-09-06,36147.8,Pending
4556,2814,2026-01-28,48934.1,Completed
4557,2475,2026-02-04,81418.43,Pending
4558,967,2025-01-24,70679.98,Shipped
4559,3565,2025-04-21,6511.91,Shipped
4560,1004,2025-08-31,17671.57,Completed
4561,3961,2025-08-27,27770.5,Completed
4562,2828,2025-04-25,27290.48,Cancelled
4563,4207,2025-05-21,75161.34,Shipped
4564,1943,2025-04-20,9933.54,Pending
4565,1647,2025-02-13,23451.64,Completed
4566,3101,2025-02-24,39038.86,Shipped
4567,4966,2025-06-28,59597.33,Cancelled
4568,444,2026-01-28,51318.98,Shipped
4569,2955,2025-10-15,32096.5,Completed
4570,3673,2025-06-23,7601.2,Completed
4571,3590,2025-05-04,42492.75,Shipped
4572,4612,2025-04-13,62091.04,Shipped
4573,3964,2025-06-12,63958.97,Completed
4574,4163,2025-02-20,8715.34,Completed
4575,440,2025-02-08,47434.36,Completed
4576,4864,2026-03-24,39670.0,Completed
4577,3987,2026-02-11,19318.16,Pending
4578,4214,2025-02-08,9155.24,Completed
4579,2759,2025-03-05,30023.36,Completed
4580,4675,2025-07-26,64642.03,Shipped
4581,1493,2025-05-12,98634.74,Shipped
4582,1193,2025-05-31,13419.65,Completed
4583,3494,2026-03-15,34204.51,Completed
4584,4006,2025-04-10,6937.52,Completed
4585,4422,2025-02-11,8623.47,Pending
4586,273,2026-03-08,55785.0,Shipped
4587,4284,2026-01-14,35355.25,Completed
4588,3753,2026-02-19,31439.33,Cancelled
4589,3450,2025-10-26,45510.21,Cancelled
4590,3831,2025-04-13,43929.59,Completed
4591,2337,2025-07-01,62816.13,Completed
4592,922,2025-10-30,75413.89,Shipped
4593,2329,2025-10-17,53410.82,Completed
4594,2075,2025-08-27,69531.83,Shipped
4595,4053,2025-08-30,23054.04,Completed
4596,2766,2025-02-13,45201.05,Cancelled
4597,4669,2026-01-14,0.0,Pending
4598,1963,2025-05-28,67063.46,Pending
4599,995,2025-03-19,24298.56,Completed
4600,4164,2026-02-01,35738.08,Cancelled
4601,4891,2025-01-09,46940.38,Completed
4602,135,2025-07-17,5976.52,Cancelled
4603,2145,2025-02-03,25474.75,Completed
4604,4627,2025-12-15,74091.81,Pending
4605,1183,2026-01-31,40372.3,Completed
4606,2385,2025-05-12,72311.52,Shipped
4607,1566,2025-03-06,0.0,Completed
4608,3692,2025-08-05,62067.49,Completed
4609,217,2025-02-17,78426.12,Completed
4610,1183,2026-01-22,26688.88,Pending
4611,1957,2025-11-13,76186.21,Cancelled
4612,1896,2025-03-15,11786.66,Shipped
4613,320,2025-10-30,9442.33,Completed
4614,4679,2025-05-21,76101.23,Shipped
4615,3164,2025-04-02,20613.74,Completed
4616,771,2026-02-26,64030.94,Completed
4617,4742,2025-01-14,10901.3,Completed
4618,2992,2025-12-16,8956.16,Cancelled
4619,2314,2025-11-25,5463.67,Pending
4620,3470,2025-10-30,8910.25,Pending
4621,1920,2025-01-09,17936.31,Shipped
4622,2055,2025-07-10,17619.62,Shipped
4623,879,2025-03-24,54242.2,Shipped
4624,2156,2025-11-02,34827.15,Completed
4625,1776,2025-08-19,104573.72,Cancelled
4626,3663,2025-06-08,34895.0,Completed
4627,4721,2025-05-30,140088.56,Cancelled
4628,4526,2025-07-27,37488.61,Completed
4629,2906,2025-04-23,21848.21,Completed
4630,14,2025-06-17,44421.66,Pending
4631,3818,2025-09-08,66604.2,Shipped
4632,4729,2025-09-04,62469.84,Cancelled
4633,1084,2025-10-22,23445.23,Shipped
4634,260,2025-10-29,0.0,Pending
4635,4941,2025-01-20,8809.81,Shipped
4636,3324,2026-01-12,24315.08,Completed
4637,4431,2025-05-04,33794.82,Completed
4638,2706,2025-02-14,80433.9,Pending
4639,4189,2025-01-22,37435.94,Completed
4640,3987,2025-11-09,6540.78,Cancelled
4641,3399,2025-03-18,15103.46,Completed
4642,1038,2026-02-16,36332.93,Completed
4643,2029,2025-08-02,15679.18,Completed
4644,3666,2025-11-27,55882.88,Shipped
4645,4434,2025-03-15,2231.84,Completed
4646,2687,2025-09-25,124341.14,Completed
4647,1579,2026-03-21,123241.39,Completed
4648,4211,2025-06-12,29527.72,Pending
4649,2085,2025-10-17,6475.83,Completed
4650,3900,2026-03-09,33263.1,Completed
4651,923,2025-01-05,65067.82,Shipped
4652,1054,2025-01-04,0.0,Completed
4653,2313,2026-03-21,0.0,Cancelled
4654,2775,2025-12-24,99855.42,Pending
4655,4794,2025-08-06,11751.38,Completed
4656,448,2025-04-05,83342.07,Shipped
4657,2915,2025-04-27,0.0,Completed
4658,1311,2026-01-23,65471.16,Completed
4659,1007,2025-06-05,23824.8,Cancelled
4660,192,2025-10-23,12129.66,Completed
4661,4683,2025-03-26,0.0,Pending
4662,2158,2025-08-30,35980.8,Completed
4663,2412,2026-03-22,22781.4,Shipped
4664,3337,2025-11-01,9530.75,Shipped
4665,3050,2025-11-01,22590.0,Completed
4666,4580,2026-03-25,71049.74,Completed
4667,1214,2025-02-22,0.0,Completed
4668,4796,2026-01-01,44593.04,Pending
4669,124,2026-02-26,34744.45,Shipped
4670,959,2026-01-11,108335.83,Pending
4671,4266,2026-02-27,0.0,Cancelled
4672,3782,2025-12-19,0.0,Completed
4673,2425,2025-09-29,0.0,Completed
4674,3832,2025-05-10,31882.21,Completed
4675,3948,2025-01-02,17386.41,Shipped
4676,4851,2025-05-08,48315.38,Cancelled
4677,1998,2025-06-01,0.0,Cancelled
4678,627,2025-07-19,53202.36,Completed
4679,1233,2025-03-01,7659.22,Cancelled
4680,305,2025-07-30,129310.75,Completed
4681,54,2026-01-04,0.0,Cancelled
4682,1270,2025-01-26,0.0,Pending
4683,2298,2025-11-19,4981.82,Shipped
4684,2199,2025-01-08,9357.68,Completed
4685,1792,2025-02-26,0.0,Shipped
4686,4793,2025-08-06,93794.21,Completed
4687,4629,2025-01-31,0.0,Shipped
4688,4184,2025-09-20,6963.3,Shipped
4689,4477,2025-10-01,35431.53,Pending
4690,2879,2026-01-26,0.0,Pending
4691,4983,2025-10-27,88354.27,Completed
4692,2739,2025-06-19,94401.88,Shipped
4693,2189,2025-05-12,45418.23,Completed
4694,1076,2025-03-10,26044.72,Pending
4695,1387,2025-03-14,7817.96,Shipped
4696,535,2025-10-24,0.0,Shipped
4697,2634,2025-01-12,30977.17,Pending
4698,1421,2025-11-20,52138.88,Completed
4699,2412,2025-05-28,25270.5,Shipped
4700,4932,2025-03-22,83751.61,Shipped
4701,2159,2025-09-30,66239.5,Shipped
4702,4419,2026-02-12,66691.25,Shipped
4703,3903,2025-06-07,24680.54,Pending
4704,4475,2025-11-16,17210.8,Pending
4705,436,2025-06-18,34922.02,Completed
4706,4521,2025-01-07,0.0,Shipped
4707,636,2025-02-23,95782.52,Shipped
4708,4757,2026-02-07,14332.17,Completed
4709,4109,2026-01-29,11094.5,Completed
4710,212,2025-08-29,29092.28,Shipped
4711,4022,2025-03-19,47371.55,Completed
4712,935,2025-06-03,48671.16,Shipped
4713,3798,2025-10-04,7839.59,Shipped
4714,2600,2025-12-16,57125.45,Cancelled
4715,2637,2025-02-06,68699.65,Shipped
4716,3649,2025-08-17,22289.25,Completed
4717,95,2026-03-04,85500.11,Pending
4718,4745,2025-08-17,0.0,Shipped
4719,187,2025-07-28,7562.29,Shipped
4720,3256,2026-03-10,86613.31,Completed
4721,1772,2026-01-04,84231.06,Completed
4722,4963,2025-01-22,23301.28,Shipped
4723,1363,2025-03-22,19108.95,Cancelled
4724,4547,2025-03-14,16648.09,Completed
4725,3998,2025-03-27,89487.73,Pending
4726,645,2025-11-05,0.0,Pending
4727,2423,2025-03-13,17983.37,Pending
4728,1049,2026-01-13,66790.63,Shipped
4729,4718,2026-01-22,55627.38,Cancelled
4730,3663,2025-10-11,86937.49,Completed
4731,287,2025-08-12,17584.06,Pending
4732,3140,2025-03-30,43647.76,Shipped
4733,4602,2025-10-30,22961.7,Shipped
4734,340,2026-01-19,0.0,Cancelled
4735,2812,2025-06-03,52966.92,Completed
4736,4733,2025-08-15,0.0,Shipped
4737,3502,2025-01-11,0.0,Pending
4738,424,2025-11-01,64061.92,Cancelled
4739,4105,2025-11-03,31178.93,Completed
4740,1347,2025-05-17,13652.46,Shipped
4741,1525,2025-08-12,19736.82,Completed
4742,2735,2026-01-11,98814.51,Cancelled
4743,2352,2025-10-07,0.0,Cancelled
4744,4120,2025-05-09,68158.71,Shipped
4745,1906,2025-06-06,109872.62,Completed
4746,1501,2025-01-24,20115.6,Cancelled
4747,4231,2025-03-03,38512.5,Completed
4748,4145,2025-03-27,155896.79,Shipped
4749,1192,2025-09-21,52809.73,Completed
4750,4888,2026-03-25,9687.36,Pending
4751,640,2025-04-28,0.0,Completed
4752,4537,2025-06-14,0.0,Shipped
4753,4460,2025-02-11,32198.85,Completed
4754,3146,2025-11-30,23435.13,Shipped
4755,2604,2026-03-19,51727.69,Cancelled
4756,2940,2025-02-24,105521.33,Completed
4757,1549,2025-01-22,17335.76,Pending
4758,4070,2025-12-08,33115.76,Completed
4759,166,2025-07-30,23289.28,Cancelled
4760,2313,2025-06-26,26047.2,Shipped
4761,3950,2025-04-18,0.0,Cancelled
4762,935,2025-02-19,56042.33,Shipped
4763,2671,2025-02-16,28591.03,Pending
4764,4186,2025-03-14,27527.44,Shipped
4765,1309,2025-04-04,101678.48,Completed
4766,1011,2025-11-03,108139.36,Completed
4767,2439,2025-02-24,45696.48,Pending
4768,3218,2026-01-13,6521.97,Shipped
4769,4686,2025-07-05,110972.99,Shipped
4770,1405,2025-05-05,42649.21,Pending
4771,3193,2025-01-15,103287.94,Shipped
4772,1982,2025-12-09,10146.66,Shipped
4773,4130,2025-06-15,28185.92,Completed
4774,2362,2025-06-30,58659.14,Shipped
4775,1105,2026-02-10,3675.25,Shipped
4776,3439,2025-12-12,47791.21,Shipped
4777,236,2025-10-03,46110.29,Completed
4778,888,2026-02-19,13212.98,Pending
4779,4465,2025-08-02,27195.84,Shipped
4780,3533,2025-07-31,14772.87,Completed
4781,1211,2025-11-20,13930.86,Pending
4782,4361,2026-01-11,61551.6,Pending
4783,3146,2025-04-07,11079.72,Shipped
4784,4000,2025-01-21,8244.24,Completed
4785,4868,2025-07-29,0.0,Completed
4786,2301,2025-09-23,34019.41,Cancelled
4787,1924,2025-05-16,88175.84,Shipped
4788,4960,2025-07-01,11365.7,Cancelled
4789,363,2026-02-18,73897.56,Completed
4790,4624,2026-02-12,6906.22,Pending
4791,1363,2025-10-18,13674.52,Shipped
4792,1468,2025-09-02,0.0,Pending
4793,1580,2025-06-25,67154.05,Shipped
4794,404,2025-06-18,0.0,Shipped
4795,438,2025-11-08,6942.27,Completed
4796,2526,2025-10-04,2890.84,Cancelled
4797,2572,2025-02-22,53178.8,Shipped
4798,4515,2025-09-25,50480.94,Completed
4799,4435,2025-04-10,98806.33,Cancelled
4800,1509,2025-11-30,33221.73,Completed
4801,4709,2025-09-29,0.0,Completed
4802,4455,2025-03-07,28436.55,Completed
4803,941,2025-10-23,0.0,Shipped
4804,3007,2025-05-17,24612.95,Shipped
4805,1612,2026-03-14,4473.77,Completed
4806,4462,2025-03-15,50806.51,Shipped
4807,1073,2025-03-18,8071.71,Pending
4808,2025,2026-03-03,8695.96,Shipped
4809,1113,2025-07-10,24800.76,Pending
4810,2837,2025-10-16,29952.87,Completed
4811,2,2025-12-18,40204.72,Shipped
4812,4071,2025-09-03,27355.9,Completed
4813,469,2025-04-29,49927.96,Completed
4814,2100,2025-12-18,27858.03,Completed
4815,3651,2025-09-30,33770.4,Completed
4816,205,2025-08-13,44708.1,Completed
4817,1525,2026-01-18,38893.96,Completed
4818,3374,2025-05-08,57439.6,Completed
4819,22,2025-11-28,11670.87,Shipped
4820,3916,2025-02-16,55656.4,Shipped
4821,2440,2026-02-24,37538.02,Completed
4822,2922,2025-05-14,21858.7,Completed
4823,3275,2025-06-24,57847.16,Pending
4824,2843,2025-09-16,24205.48,Shipped
4825,2702,2025-09-04,57658.42,Pending
4826,4165,2025-12-09,67085.1,Completed
4827,2741,2025-11-24,8618.7,Completed
4828,265,2025-04-27,17053.66,Shipped
4829,4924,2025-02-08,0.0,Pending
4830,620,2026-02-14,72983.9,Cancelled
4831,2840,2025-02-15,103426.28,Cancelled
4832,1923,2025-01-25,0.0,Completed
4833,2423,2025-04-07,0.0,Shipped
4834,3016,2025-05-18,18826.44,Completed
4835,3768,2025-06-11,16704.82,Shipped
4836,1271,2025-07-09,18932.28,Pending
4837,1176,2025-10-25,57804.25,Shipped
4838,4936,2025-12-19,50633.06,Pending
4839,1072,2026-03-12,80191.96,Pending
4840,2129,2025-03-04,93182.55,Shipped
4841,3263,2025-12-18,18636.77,Completed
4842,4021,2025-11-05,80189.34,Completed
4843,4872,2026-01-05,9007.25,Completed
4844,4437,2025-07-06,48699.81,Completed
4845,24,2025-02-07,100600.59,Cancelled
4846,3363,2025-12-02,39695.87,Shipped
4847,2942,2025-03-09,73343.86,Shipped
4848,4762,2025-08-01,33629.55,Shipped
4849,3103,2025-06-10,34439.33,Cancelled
4850,4119,2025-04-27,0.0,Completed
4851,432,2026-01-31,18762.44,Completed
4852,3014,2025-04-03,63366.61,Shipped
4853,3678,2025-08-08,45075.12,Completed
4854,483,2026-01-05,35262.75,Pending
4855,3504,2026-02-24,14127.61,Shipped
4856,1327,2025-10-04,33248.23,Cancelled
4857,3094,2025-04-21,9057.78,Cancelled
4858,1778,2025-05-24,2025.32,Completed
4859,4803,2025-05-04,29064.5,Completed
4860,1142,2025-12-10,30485.8,Shipped
4861,941,2025-11-09,6451.79,Shipped
4862,1520,2025-08-10,22196.84,Shipped
4863,970,2025-04-24,4424.85,Completed
4864,3936,2025-01-19,27208.83,Completed
4865,2692,2025-01-24,25644.1,Completed
4866,2417,2025-03-01,72283.9,Completed
4867,1060,2025-05-30,75331.15,Shipped
4868,4950,2025-10-17,78464.35,Cancelled
4869,302,2026-03-13,28770.64,Pending
4870,1735,2025-05-11,24955.74,Completed
4871,1086,2026-02-03,121327.75,Completed
4872,3656,2025-12-31,68195.11,Pending
4873,2921,2025-09-19,37593.41,Completed
4874,1570,2025-11-17,40356.48,Cancelled
4875,1881,2025-03-14,49867.7,Completed
4876,2778,2025-07-20,98366.35,Completed
4877,178,2025-11-05,78158.56,Completed
4878,1200,2025-12-22,7047.79,Completed
4879,691,2026-03-19,34984.01,Shipped
4880,4895,2025-01-05,25114.05,Completed
4881,3137,2025-02-20,76644.49,Shipped
4882,1641,2026-03-13,9925.9,Pending
4883,918,2025-06-30,5696.8,Completed
4884,1619,2025-04-26,10246.35,Pending
4885,3589,2025-03-27,79547.38,Cancelled
4886,4069,2025-02-22,68443.47,Cancelled
4887,2342,2025-09-10,5378.36,Pending
4888,1115,2026-03-02,88207.95,Shipped
4889,2411,2025-03-04,21799.66,Completed
4890,2996,2025-06-23,37413.93,Shipped
4891,4615,2026-01-21,88922.63,Pending
4892,1391,2025-03-01,68151.15,Pending
4893,528,2025-09-18,104965.95,Pending
4894,134,2025-05-20,5010.75,Completed
4895,4046,2025-08-21,0.0,Completed
4896,3192,2026-01-20,27807.23,Shipped
4897,2932,2025-04-14,38371.19,Shipped
4898,3727,2025-06-27,7470.65,Pending
4899,3917,2025-06-28,44723.86,Completed
4900,1705,2025-10-24,0.0,Completed
4901,3320,2025-06-07,82453.99,Completed
4902,1222,2026-02-28,95647.26,Cancelled
4903,4430,2025-12-02,37116.23,Completed
4904,1151,2025-04-01,20144.24,Shipped
4905,1124,2025-06-17,5521.11,Pending
4906,1700,2026-02-14,1759.04,Cancelled
4907,2997,2025-07-10,39120.42,Shipped
4908,595,2025-01-17,46713.23,Shipped
4909,3995,2025-03-01,28223.6,Pending
4910,310,2026-02-27,0.0,Cancelled
4911,2274,2025-07-28,7649.08,Completed
4912,1328,2025-04-05,30746.32,Completed
4913,2619,2025-08-08,29385.6,Cancelled
4914,3218,2025-09-23,6068.19,Completed
4915,2199,2026-01-17,1409.84,Completed
4916,1239,2025-12-15,68494.76,Cancelled
4917,3118,2025-06-30,108226.59,Completed
4918,269,2025-05-09,37505.8,Shipped
4919,264,2025-10-05,32158.12,Completed
4920,4712,2025-01-31,9561.35,Completed
4921,4713,2025-10-11,79769.85,Shipped
4922,4403,2026-03-10,15601.39,Cancelled
4923,3832,2026-03-06,57377.36,Pending
4924,4513,2025-09-18,26429.43,Pending
4925,208,2025-04-18,68335.47,Completed
4926,3858,2025-12-15,10757.37,Completed
4927,3579,2025-04-08,23942.85,Completed
4928,4723,2025-07-25,16029.68,Completed
4929,3440,2025-10-13,3897.58,Completed
4930,1634,2025-09-02,31340.02,Completed
4931,2641,2025-04-11,91590.09,Cancelled
4932,2302,2025-06-22,14964.7,Completed
4933,1794,2025-01-25,51669.51,Completed
4934,2057,2025-08-04,9496.4,Pending
4935,3679,2025-04-19,28582.25,Completed
4936,873,2025-07-10,0.0,Pending
4937,1347,2025-05-22,4560.68,Completed
4938,2391,2025-01-18,136193.36,Shipped
4939,2105,2025-11-16,18642.28,Cancelled
4940,2286,2026-01-19,8223.64,Shipped
4941,4785,2025-10-20,36529.05,Completed
4942,1195,2025-03-23,40796.87,Pending
4943,3322,2025-09-02,68409.76,Completed
4944,150,2025-12-07,48344.97,Shipped
4945,2897,2025-08-19,14095.58,Pending
4946,1730,2025-03-07,0.0,Shipped
4947,502,2025-02-10,0.0,Pending
4948,1770,2025-03-13,46177.86,Shipped
4949,3133,2025-06-29,1476.72,Completed
4950,1622,2025-05-10,1283.2,Shipped
4951,4142,2025-08-26,86816.22,Pending
4952,1415,2026-02-12,74995.6,Cancelled
4953,4276,2025-04-23,11062.63,Completed
4954,4052,2025-10-02,19236.2,Cancelled
4955,4150,2025-07-03,49730.47,Completed
4956,2021,2025-04-29,6536.29,Shipped
4957,4902,2026-01-20,56551.09,Completed
4958,1346,2025-07-06,0.0,Shipped
4959,388,2025-03-13,45536.3,Cancelled
4960,1860,2025-09-29,136635.52,Completed
4961,4107,2025-05-02,7898.4,Pending
4962,4721,2025-02-05,56490.01,Completed
4963,2111,2025-05-03,68800.66,Completed
4964,2160,2025-08-23,78634.18,Completed
4965,3517,2025-10-17,42488.46,Completed
4966,2627,2026-03-23,44133.31,Pending
4967,3379,2025-01-21,0.0,Cancelled
4968,1912,2025-03-11,28782.02,Cancelled
4969,2904,2025-03-30,0.0,Pending
4970,2354,2026-01-11,11630.86,Cancelled
4971,2863,2025-09-13,810.52,Shipped
4972,1714,2025-07-29,182073.17,Completed
4973,646,2025-02-05,45426.27,Completed
4974,2846,2025-02-20,47946.72,Shipped
4975,3904,2025-08-06,29551.37,Cancelled
4976,3022,2026-03-15,42632.6,Pending
4977,2698,2025-06-14,89899.7,Completed
4978,1159,2026-03-22,8403.91,Completed
4979,4371,2025-06-29,46611.51,Completed
4980,570,2025-01-16,49313.25,Completed
4981,1956,2025-12-24,14455.23,Completed
4982,1672,2025-04-23,110261.43,Shipped
4983,3082,2025-08-04,5327.54,Cancelled
4984,139,2025-09-13,19717.18,Shipped
4985,3507,2026-02-25,53650.32,Shipped
4986,2581,2025-10-23,0.0,Pending
4987,415,2026-03-05,1658.35,Shipped
4988,4659,2025-08-24,48319.93,Pending
4989,266,2025-11-27,12104.45,Completed
4990,254,2026-02-03,72290.74,Completed
4991,2658,2025-09-29,14879.36,Completed
4992,3510,2025-06-20,22359.47,Completed
4993,459,2025-06-23,11866.84,Completed
4994,58,2025-12-15,0.0,Completed
4995,3307,2026-01-04,9413.22,Completed
4996,2234,2025-05-19,27631.92,Completed
4997,2561,2025-12-14,23657.24,Completed
4998,1824,2025-05-06,43156.9,Shipped
4999,394,2025-03-07,3989.22,Completed
5000,903,2026-03-09,32016.56,Shipped
5001,4559,2025-09-18,0.0,Completed
5002,444,2025-02-21,27457.67,Shipped
5003,172,2025-08-03,42742.91,Shipped
5004,3589,2025-09-29,0.0,Completed
5005,4776,2025-05-03,13812.44,Cancelled
5006,4368,2025-08-12,0.0,Shipped
5007,93,2025-04-19,145064.32,Cancelled
5008,172,2025-11-04,43335.32,Cancelled
5009,4581,2025-05-08,15734.2,Completed
5010,3804,2025-12-23,65441.33,Pending
5011,2654,2025-09-27,10589.81,Pending
5012,2949,2025-05-26,1729.38,Completed
5013,3939,2025-10-26,43659.93,Shipped
5014,273,2025-10-10,7934.0,Cancelled
5015,100,2026-01-01,24838.05,Completed
5016,3659,2025-02-07,90792.59,Cancelled
5017,2128,2025-12-23,16064.32,Completed
5018,4473,2026-03-16,4830.58,Shipped
5019,2302,2026-03-17,15538.9,Pending
5020,3272,2025-11-13,51965.35,Pending
5021,437,2025-07-03,27959.98,Completed
5022,4039,2025-03-13,76943.81,Completed
5023,2348,2025-07-31,29211.39,Shipped
5024,693,2025-08-23,14182.56,Completed
5025,2549,2025-09-09,967.44,Cancelled
5026,2391,2025-04-24,67683.68,Completed
5027,1470,2026-02-16,11314.72,Cancelled
5028,4814,2025-08-31,0.0,Completed
5029,3063,2025-04-26,30297.16,Pending
5030,3949,2025-11-19,8513.72,Completed
5031,4183,2025-05-23,22328.5,Completed
5032,3317,2026-02-21,31936.15,Cancelled
5033,1568,2025-12-14,13114.63,Shipped
5034,4645,2025-11-07,28125.84,Cancelled
5035,2760,2025-11-16,115100.98,Completed
5036,90,2025-07-31,95885.97,Shipped
5037,3830,2026-03-17,0.0,Completed
5038,41,2025-10-19,52827.81,Pending
5039,3288,2025-12-03,30354.66,Completed
5040,3692,2025-12-23,29613.56,Pending
5041,4722,2025-09-23,38125.22,Shipped
5042,3484,2025-10-21,17787.81,Completed
5043,1776,2025-05-03,9482.15,Pending
5044,1322,2025-03-19,16722.16,Completed
5045,2678,2025-12-17,59336.68,Cancelled
5046,183,2025-05-08,0.0,Pending
5047,1012,2025-09-22,27866.57,Cancelled
5048,4792,2025-08-21,14988.23,Shipped
5049,706,2025-12-19,24738.6,Completed
5050,2886,2025-03-09,55381.57,Shipped
5051,128,2025-10-02,46330.77,Pending
5052,4233,2026-01-12,63109.91,Shipped
5053,3942,2025-02-27,27921.53,Shipped
5054,3814,2025-09-17,0.0,Cancelled
5055,1121,2025-09-18,50291.92,Pending
5056,3123,2025-06-10,10860.95,Completed
5057,3340,2025-10-29,9715.08,Pending
5058,2680,2025-09-11,34731.94,Cancelled
5059,2728,2025-09-30,9194.35,Pending
5060,1374,2025-04-11,26629.68,Shipped
5061,1969,2025-04-21,22956.08,Completed
5062,759,2025-09-16,790.66,Completed
5063,2151,2025-04-02,100262.85,Shipped
5064,444,2025-11-09,85065.95,Pending
5065,3370,2025-03-17,6878.65,Shipped
5066,4190,2026-03-11,0.0,Shipped
5067,662,2025-02-07,59405.78,Pending
5068,4903,2026-02-27,3104.98,Completed
5069,4434,2025-10-04,53045.25,Cancelled
5070,4207,2025-01-16,20854.18,Completed
5071,2888,2025-08-04,1759.04,Completed
5072,4074,2025-02-06,9242.15,Cancelled
5073,1148,2025-05-14,3387.4,Completed
5074,2933,2025-04-20,8070.5,Completed
5075,1335,2025-02-28,23141.88,Shipped
5076,16,2025-09-13,43421.0,Completed
5077,2082,2025-02-20,41797.2,Completed
5078,1013,2025-08-10,60676.67,Completed
5079,2290,2025-07-10,10583.45,Completed
5080,3176,2025-06-01,32486.64,Completed
5081,2324,2026-02-13,124244.3,Shipped
5082,1813,2025-11-06,95580.94,Completed
5083,1956,2025-06-16,5845.47,Completed
5084,259,2025-12-28,92672.47,Shipped
5085,970,2026-03-07,44998.17,Pending
5086,4781,2025-12-24,35735.67,Shipped
5087,2700,2025-10-12,59611.65,Completed
5088,2454,2025-04-09,62599.54,Completed
5089,239,2025-03-28,9608.72,Completed
5090,4601,2026-02-01,76765.55,Completed
5091,4582,2026-02-22,158476.57,Completed
5092,4494,2025-08-20,37722.63,Shipped
5093,470,2025-03-30,3261.51,Pending
5094,3341,2026-03-06,42229.42,Completed
5095,4961,2025-12-21,83894.84,Completed
5096,2428,2025-07-15,19048.23,Cancelled
5097,1890,2026-02-06,18849.86,Shipped
5098,787,2026-02-21,51801.97,Completed
5099,4373,2025-04-07,26111.36,Pending
5100,4957,2025-05-10,57068.93,Completed
5101,4003,2025-01-09,0.0,Completed
5102,2160,2025-08-05,54349.31,Completed
5103,4128,2026-03-22,117463.92,Shipped
5104,2285,2025-07-10,9460.69,Shipped
5105,4513,2025-06-13,77875.11,Pending
5106,1714,2025-09-01,27829.32,Completed
5107,1431,2026-01-11,34496.0,Shipped
5108,4595,2025-03-26,6758.75,Completed
5109,1280,2025-06-28,20637.15,Pending
5110,437,2026-01-20,9618.1,Pending
5111,3151,2025-07-21,72539.12,Completed
5112,729,2025-06-01,15550.43,Shipped
5113,3607,2025-04-16,28402.7,Completed
5114,2093,2025-10-25,93727.3,Shipped
5115,3504,2025-02-07,11948.97,Shipped
5116,4255,2025-07-13,35248.27,Completed
5117,4592,2025-10-26,69559.9,Cancelled
5118,827,2025-12-29,99837.27,Completed
5119,2432,2025-02-26,8750.84,Cancelled
5120,932,2025-08-12,72810.71,Shipped
5121,2607,2025-04-06,16000.0,Completed
5122,685,2025-08-26,28025.65,Shipped
5123,849,2025-08-29,90577.19,Shipped
5124,3583,2025-06-29,0.0,Cancelled
5125,983,2025-02-12,109311.93,Shipped
5126,2905,2025-06-24,45794.18,Cancelled
5127,1472,2025-02-05,54909.44,Shipped
5128,4504,2025-01-19,43498.21,Cancelled
5129,3174,2025-11-28,0.0,Completed
5130,2009,2025-03-14,0.0,Completed
5131,2876,2025-02-20,19488.02,Pending
5132,3554,2025-01-10,15605.26,Cancelled
5133,3213,2025-02-02,37417.19,Pending
5134,1308,2025-11-11,14395.44,Cancelled
5135,479,2026-03-27,66976.15,Completed
5136,3390,2025-11-02,16167.23,Completed
5137,2415,2026-03-10,51708.51,Shipped
5138,3058,2025-11-02,55122.8,Completed
5139,3832,2025-03-16,26872.33,Shipped
5140,2594,2025-06-17,22787.07,Pending
5141,1588,2026-03-19,5838.32,Completed
5142,1473,2025-04-23,37787.32,Completed
5143,4568,2025-07-26,21611.1,Completed
5144,1822,2025-10-02,3182.79,Shipped
5145,4842,2025-07-17,76177.38,Completed
5146,2058,2026-01-23,38888.26,Cancelled
5147,3141,2026-03-19,79869.4,Cancelled
5148,3453,2025-09-17,58825.26,Pending
5149,3085,2025-01-26,25366.65,Completed
5150,4194,2026-03-27,12949.41,Shipped
5151,1240,2025-04-01,82351.36,Completed
5152,3182,2025-01-12,0.0,Completed
5153,3231,2025-05-17,1893.42,Cancelled
5154,1028,2025-08-01,75669.52,Completed
5155,3776,2025-11-23,29277.06,Pending
5156,3648,2025-11-17,0.0,Shipped
5157,4017,2025-01-04,0.0,Pending
5158,1120,2025-07-13,15480.12,Completed
5159,3265,2025-06-17,20051.84,Completed
5160,1559,2026-03-08,76735.3,Completed
5161,3026,2025-06-10,37681.12,Completed
5162,3571,2026-01-22,56227.66,Cancelled
5163,165,2025-11-14,17146.2,Shipped
5164,2382,2025-12-18,36910.68,Pending
5165,3104,2025-12-05,86861.69,Cancelled
5166,630,2025-11-23,18079.02,Shipped
5167,4749,2025-01-03,43749.65,Completed
5168,1914,2025-04-13,98269.55,Pending
5169,4851,2025-10-07,61603.55,Pending
5170,3517,2025-03-22,31606.66,Completed
5171,3924,2025-09-02,9266.89,Cancelled
5172,662,2025-01-24,36289.56,Completed
5173,3171,2025-02-25,31781.81,Shipped
5174,2015,2025-12-23,17435.64,Shipped
5175,4330,2025-09-16,31439.49,Completed
5176,257,2025-01-22,15632.52,Cancelled
5177,4095,2026-01-04,53918.51,Shipped
5178,4318,2025-07-24,0.0,Shipped
5179,3480,2025-01-16,0.0,Cancelled
5180,797,2025-04-01,4482.39,Cancelled
5181,2831,2025-07-30,59477.74,Shipped
5182,1646,2025-04-11,30566.91,Shipped
5183,4304,2025-05-21,32981.34,Completed
5184,266,2026-02-10,33736.24,Completed
5185,4449,2025-11-14,6063.95,Completed
5186,345,2025-07-30,38762.45,Shipped
5187,4666,2025-08-05,46930.96,Completed
5188,2566,2025-11-30,71495.63,Shipped
5189,2205,2026-01-29,18070.7,Completed
5190,3298,2025-08-03,0.0,Completed
5191,3855,2025-02-07,42852.88,Shipped
5192,1117,2025-01-31,0.0,Shipped
5193,1497,2025-05-09,2394.78,Completed
5194,87,2025-09-16,44083.47,Cancelled
5195,266,2025-01-04,43600.0,Shipped
5196,1877,2025-03-24,0.0,Completed
5197,4697,2025-06-30,0.0,Completed
5198,2449,2025-09-30,25268.22,Pending
5199,3455,2026-02-08,47332.32,Completed
5200,404,2025-07-30,29981.61,Cancelled
5201,3916,2025-04-29,45872.4,Shipped
5202,759,2025-06-04,20690.55,Cancelled
5203,1963,2025-02-05,54924.36,Completed
5204,3704,2026-02-07,18159.92,Shipped
5205,4739,2026-01-16,17980.2,Pending
5206,4711,2025-03-30,9496.4,Completed
5207,3346,2025-05-23,49609.31,Pending
5208,2019,2025-03-07,31085.34,Completed
5209,1251,2025-10-16,4962.95,Completed
5210,4959,2026-02-09,83191.26,Shipped
5211,2279,2025-03-20,36328.11,Shipped
5212,2727,2025-04-29,8315.56,Completed
5213,4769,2025-01-01,30036.37,Shipped
5214,3012,2025-04-06,45572.26,Completed
5215,3936,2025-08-04,38542.9,Completed
5216,2142,2026-03-07,161460.97,Completed
5217,3939,2025-06-20,34453.94,Pending
5218,1690,2025-09-13,120503.8,Completed
5219,1097,2025-01-15,3872.08,Completed
5220,589,2025-07-21,45688.45,Completed
5221,2278,2025-10-28,32660.96,Completed
5222,671,2026-01-24,47168.47,Shipped
5223,1494,2025-12-08,37493.15,Completed
5224,2293,2025-04-26,0.0,Pending
5225,4134,2025-06-28,16355.12,Shipped
5226,1740,2025-09-07,19430.16,Completed
5227,4694,2026-02-24,52633.81,Completed
5228,2524,2026-01-04,78547.95,Cancelled
5229,1444,2025-01-20,0.0,Completed
5230,2944,2025-12-02,0.0,Completed
5231,3107,2025-09-09,980.6,Shipped
5232,2915,2025-01-19,6315.21,Completed
5233,2878,2025-03-14,47923.0,Shipped
5234,3678,2025-11-02,32192.83,Shipped
5235,2526,2025-01-23,16725.6,Completed
5236,4648,2025-09-07,34650.89,Shipped
5237,1862,2025-04-04,48584.58,Shipped
5238,4504,2025-01-14,17146.2,Completed
5239,3118,2025-03-18,25031.75,Pending
5240,2374,2025-02-24,6565.53,Shipped
5241,2898,2025-04-30,59976.12,Completed
5242,2833,2025-05-22,107707.25,Completed
5243,3086,2026-01-25,22068.15,Pending
5244,1829,2025-11-18,92521.24,Completed
5245,3382,2025-01-12,52994.29,Shipped
5246,2770,2026-02-24,47014.98,Completed
5247,4885,2025-06-04,54381.6,Completed
5248,1373,2025-06-24,0.0,Completed
5249,1819,2025-05-20,91185.54,Completed
5250,3864,2025-05-20,1801.45,Completed
5251,4123,2025-07-06,15544.38,Shipped
5252,3147,2025-09-25,23075.61,Completed
5253,1072,2025-05-02,24514.28,Cancelled
5254,993,2025-10-13,77221.07,Completed
5255,4632,2026-01-14,51693.23,Shipped
5256,4946,2025-12-05,62313.68,Shipped
5257,20,2026-02-03,0.0,Pending
5258,4107,2025-06-02,38188.01,Completed
5259,2624,2025-07-16,18572.02,Completed
5260,3777,2025-03-06,2208.08,Completed
5261,3619,2025-04-07,0.0,Pending
5262,3998,2025-01-01,1850.05,Completed
5263,1003,2025-09-27,26737.17,Shipped
5264,3127,2025-06-28,26733.49,Shipped
5265,1212,2025-08-08,2363.26,Shipped
5266,971,2025-02-21,53722.79,Completed
5267,4496,2025-04-17,27128.48,Completed
5268,426,2025-03-16,75249.19,Completed
5269,2998,2025-02-02,142945.62,Completed
5270,1689,2025-02-28,29374.26,Completed
5271,4168,2025-05-04,45375.79,Completed
5272,2581,2026-01-03,27711.59,Completed
5273,1359,2025-11-27,33866.44,Shipped
5274,3576,2025-12-11,0.0,Shipped
5275,1503,2025-10-27,20708.02,Completed
5276,1074,2026-02-16,23054.04,Shipped
5277,2426,2025-06-08,20913.2,Completed
5278,128,2026-03-26,68366.25,Completed
5279,4702,2025-04-19,148225.99,Completed
5280,2815,2025-12-07,85465.91,Completed
5281,4328,2026-03-01,16396.51,Completed
5282,1266,2025-06-18,54901.45,Completed
5283,4699,2025-11-29,45280.41,Pending
5284,131,2025-04-20,7601.2,Completed
5285,1811,2025-12-14,0.0,Completed
5286,1522,2025-12-03,31468.04,Completed
5287,856,2025-08-09,16189.87,Cancelled
5288,1807,2026-01-10,66884.46,Shipped
5289,1517,2025-06-13,21482.1,Cancelled
5290,3708,2026-02-15,60320.44,Shipped
5291,2622,2025-12-04,13582.39,Pending
5292,113,2025-10-03,64999.51,Pending
5293,474,2025-10-26,36450.09,Pending
5294,3119,2025-12-20,4397.6,Shipped
5295,2378,2025-12-24,26003.64,Cancelled
5296,3236,2025-09-07,40681.3,Cancelled
5297,2302,2026-01-02,7123.77,Shipped
5298,534,2025-03-21,65755.96,Completed
5299,894,2025-03-30,11095.05,Completed
5300,4312,2025-09-27,8365.28,Cancelled
5301,4216,2026-03-24,32894.7,Pending
5302,1348,2026-01-31,21668.12,Completed
5303,3721,2025-11-18,47394.25,Completed
5304,4653,2025-12-09,38117.16,Completed
5305,1847,2025-12-01,91045.35,Shipped
5306,4372,2026-01-11,0.0,Completed
5307,480,2025-11-30,72674.68,Completed
5308,3500,2025-06-22,9478.54,Shipped
5309,3503,2026-03-24,12326.28,Completed
5310,882,2026-02-05,964.04,Pending
5311,1537,2025-12-24,48935.43,Completed
5312,764,2025-12-04,66116.3,Completed
5313,607,2025-12-24,64713.71,Completed
5314,498,2025-01-25,9716.48,Pending
5315,991,2025-06-18,72071.96,Completed
5316,1309,2025-06-07,6679.0,Completed
5317,2672,2025-01-15,796.52,Completed
5318,2850,2026-03-09,2000.99,Completed
5319,3517,2025-08-06,133100.49,Shipped
5320,549,2025-07-20,1641.95,Completed
5321,1451,2025-10-19,15256.38,Completed
5322,4098,2025-12-03,69006.04,Cancelled
5323,372,2025-04-01,50088.53,Cancelled
5324,2866,2025-09-06,47339.26,Completed
5325,1047,2025-10-25,52109.57,Shipped
5326,2597,2026-03-10,6911.76,Cancelled
5327,1188,2026-01-31,22231.76,Pending
5328,2377,2025-09-22,52961.64,Completed
5329,258,2025-08-09,68204.75,Pending
5330,841,2025-05-05,8695.96,Completed
5331,4964,2025-12-04,3443.37,Pending
5332,2604,2025-12-12,37027.35,Shipped
5333,1333,2026-02-26,20485.33,Completed
5334,1562,2025-04-15,72585.1,Shipped
5335,469,2025-07-31,39502.64,Shipped
5336,3840,2025-07-06,18217.4,Cancelled
5337,3165,2025-05-08,54640.41,Shipped
5338,1932,2025-09-10,33114.11,Completed
5339,3826,2025-11-29,36579.19,Shipped
5340,1564,2025-03-05,27090.2,Cancelled
5341,4666,2025-01-27,2228.28,Completed
5342,82,2025-11-10,39356.71,Shipped
5343,3641,2025-11-01,23643.23,Pending
5344,4250,2025-06-15,46234.95,Completed
5345,4282,2025-11-28,15032.25,Cancelled
5346,2938,2025-02-28,40661.24,Completed
5347,3503,2026-02-22,46259.06,Completed
5348,2626,2026-03-27,0.0,Cancelled
5349,2934,2025-03-13,27318.35,Completed
5350,1967,2026-03-23,51523.65,Cancelled
5351,541,2025-06-18,14943.89,Pending
5352,589,2025-02-23,79599.04,Completed
5353,2270,2026-01-31,14611.62,Completed
5354,3653,2026-03-25,42922.92,Shipped
5355,519,2025-12-11,0.0,Completed
5356,2735,2025-11-05,93075.29,Completed
5357,593,2025-07-27,107300.63,Cancelled
5358,3746,2025-04-29,141096.57,Cancelled
5359,978,2026-03-18,50469.53,Pending
5360,2078,2025-10-08,2208.08,Completed
5361,2935,2025-03-02,65005.21,Shipped
5362,3188,2025-04-15,19814.25,Cancelled
5363,886,2025-03-01,47709.02,Shipped
5364,3537,2025-08-30,23979.91,Completed
5365,3831,2025-04-15,19033.46,Completed
5366,4086,2025-11-11,80973.86,Cancelled
5367,4141,2025-02-04,76907.63,Pending
5368,690,2025-06-19,22722.16,Shipped
5369,938,2025-08-14,77467.85,Shipped
5370,1761,2025-04-11,27913.0,Completed
5371,4530,2025-09-14,103198.5,Shipped
5372,2985,2025-05-17,58411.64,Completed
5373,1323,2025-04-29,0.0,Shipped
5374,1514,2025-11-23,48252.93,Shipped
5375,681,2025-02-05,60183.65,Cancelled
5376,3882,2026-01-06,0.0,Completed
5377,4011,2026-01-11,15791.44,Shipped
5378,4548,2025-09-20,97661.3,Shipped
5379,3567,2026-02-21,34731.0,Completed
5380,1304,2025-05-25,3738.32,Completed
5381,2764,2025-02-06,103127.25,Cancelled
5382,45,2026-03-10,80233.22,Completed
5383,1965,2026-03-04,27652.27,Completed
5384,4992,2025-05-26,31082.04,Pending
5385,1495,2025-05-09,83273.83,Cancelled
5386,1905,2025-08-14,19801.16,Completed
5387,3341,2025-05-04,7847.68,Completed
5388,3582,2026-03-15,22907.56,Completed
5389,2153,2025-03-19,26803.24,Cancelled
5390,2965,2025-11-03,176693.32,Completed
5391,2370,2026-02-11,0.0,Shipped
5392,4150,2025-10-06,61414.94,Pending
5393,737,2025-01-12,41020.18,Cancelled
5394,48,2025-04-10,69329.71,Completed
5395,1557,2025-01-14,17384.6,Shipped
5396,972,2025-10-13,40113.0,Shipped
5397,2888,2025-01-16,22241.87,Cancelled
5398,786,2025-07-28,33373.02,Pending
5399,3235,2026-02-28,22131.7,Completed
5400,4129,2025-06-23,34204.17,Shipped
5401,2621,2025-08-04,7027.9,Completed
5402,2667,2026-01-17,0.0,Cancelled
5403,1246,2026-02-03,49386.26,Pending
5404,139,2025-06-24,15238.28,Shipped
5405,462,2025-05-20,51376.64,Completed
5406,4627,2025-04-03,84196.06,Shipped
5407,3981,2025-02-22,0.0,Pending
5408,2387,2025-06-28,30710.91,Cancelled
5409,721,2025-12-03,19989.97,Pending
5410,4795,2025-09-14,0.0,Completed
5411,460,2025-11-21,29098.43,Completed
5412,17,2025-10-06,125864.8,Completed
5413,2228,2025-09-13,37328.27,Completed
5414,4213,2025-08-04,47607.7,Completed
5415,3179,2025-08-10,42558.6,Completed
5416,437,2026-03-13,27260.14,Shipped
5417,2986,2025-07-18,33952.34,Cancelled
5418,1886,2025-11-23,59284.96,Completed
5419,2179,2025-08-16,6967.62,Completed
5420,976,2025-11-20,57769.6,Completed
5421,578,2026-03-24,33546.66,Completed
5422,3187,2025-11-16,1211.53,Pending
5423,1221,2025-02-21,29839.49,Completed
5424,480,2025-05-21,63529.79,Pending
5425,3895,2025-07-15,73511.77,Pending
5426,4322,2025-05-10,69752.69,Completed
5427,1916,2025-08-25,65158.12,Completed
5428,799,2025-05-18,71006.83,Shipped
5429,1568,2025-03-27,15984.83,Shipped
5430,2300,2025-07-21,37640.27,Shipped
5431,2438,2025-11-02,3270.31,Completed
5432,1415,2026-01-04,94127.44,Completed
5433,2445,2025-12-26,37476.06,Completed
5434,4250,2025-05-19,102480.52,Pending
5435,1386,2025-03-01,61833.47,Completed
5436,3131,2026-01-08,46292.77,Completed
5437,4130,2026-02-08,51874.39,Pending
5438,1628,2025-05-07,41848.82,Pending
5439,1122,2026-03-15,49459.17,Shipped
5440,3992,2025-04-29,0.0,Shipped
5441,4514,2026-01-22,49792.49,Completed
5442,1173,2025-06-24,40990.32,Cancelled
5443,4980,2025-07-10,0.0,Completed
5444,2776,2025-05-04,995.65,Completed
5445,2780,2025-07-16,15191.38,Cancelled
5446,1569,2025-09-01,2719.34,Cancelled
5447,2691,2025-03-23,57543.0,Shipped
5448,514,2025-01-09,0.0,Completed
5449,180,2026-02-09,28183.04,Cancelled
5450,4390,2025-01-05,60441.43,Shipped
5451,1502,2026-01-29,42416.26,Completed
5452,87,2025-10-11,8968.08,Shipped
5453,1255,2025-01-13,7031.38,Shipped
5454,1971,2025-11-29,50010.53,Pending
5455,1264,2025-01-21,92619.94,Cancelled
5456,1726,2025-03-14,19471.92,Completed
5457,3828,2025-09-09,0.0,Completed
5458,1440,2025-06-10,40243.55,Pending
5459,1463,2025-02-14,18278.92,Shipped
5460,3886,2025-08-18,4447.22,Completed
5461,4237,2025-02-18,32801.46,Shipped
5462,79,2025-12-24,19204.29,Completed
5463,4873,2025-06-04,3237.85,Shipped
5464,2747,2025-08-24,0.0,Shipped
5465,1646,2025-03-16,83196.16,Completed
5466,878,2025-03-05,34227.56,Cancelled
5467,1871,2025-10-28,9215.68,Pending
5468,2587,2026-03-12,50842.28,Completed
5469,2674,2026-01-15,47435.41,Shipped
5470,4804,2025-10-04,53352.12,Completed
5471,518,2025-02-09,2683.41,Completed
5472,39,2025-05-28,36123.38,Cancelled
5473,983,2025-09-12,836.26,Pending
5474,3803,2025-05-02,0.0,Pending
5475,2352,2026-02-24,96436.29,Cancelled
5476,3113,2026-01-16,17054.56,Cancelled
5477,3779,2025-11-14,60617.37,Cancelled
5478,3846,2025-02-04,0.0,Pending
5479,193,2025-11-28,21820.23,Cancelled
5480,2373,2025-04-12,0.0,Shipped
5481,123,2025-12-12,47221.18,Cancelled
5482,3850,2025-06-08,33052.56,Shipped
5483,333,2025-09-01,33796.2,Shipped
5484,1154,2026-02-25,7769.45,Completed
5485,1608,2025-07-01,97192.39,Completed
5486,4595,2025-12-11,26410.73,Completed
5487,669,2025-11-04,24728.7,Cancelled
5488,4844,2025-08-31,81957.22,Cancelled
5489,775,2025-12-17,40108.64,Shipped
5490,4943,2025-06-02,0.0,Cancelled
5491,1450,2025-11-12,57872.16,Completed
5492,3177,2025-11-14,27677.4,Completed
5493,1151,2025-10-11,17993.92,Shipped
5494,2303,2026-02-22,15326.38,Pending
5495,2530,2025-03-25,6743.1,Pending
5496,1827,2025-09-25,49004.91,Shipped
5497,1149,2026-02-04,94947.72,Pending
5498,1005,2026-03-18,19959.06,Completed
5499,1682,2025-12-21,9784.53,Completed
5500,4779,2025-01-15,0.0,Completed
5501,728,2025-09-06,11218.26,Completed
5502,3106,2025-08-25,0.0,Completed
5503,1297,2025-11-10,9438.38,Completed
5504,140,2025-07-31,0.0,Shipped
5505,851,2025-01-06,23302.85,Completed
5506,2660,2025-04-24,34083.42,Shipped
5507,1482,2025-08-02,51765.7,Completed
5508,769,2026-02-04,27641.33,Cancelled
5509,4708,2025-08-29,30482.0,Completed
5510,1491,2025-10-07,94585.7,Completed
5511,1268,2026-02-10,25164.04,Completed
5512,1842,2026-02-14,39743.58,Shipped
5513,216,2025-03-05,32220.52,Completed
5514,2705,2025-03-08,26540.98,Pending
5515,1366,2025-11-08,0.0,Completed
5516,2812,2025-04-29,93577.52,Completed
5517,988,2025-06-02,96408.42,Cancelled
5518,2080,2026-01-04,116612.58,Completed
5519,3712,2025-05-10,47531.19,Completed
5520,973,2025-06-13,0.0,Shipped
5521,580,2026-03-01,25629.02,Shipped
5522,907,2026-02-17,80005.5,Shipped
5523,909,2026-02-22,69255.6,Shipped
5524,136,2025-07-20,45691.1,Pending
5525,2603,2025-01-07,27207.97,Completed
5526,197,2026-02-04,42331.33,Shipped
5527,1561,2025-03-12,36047.79,Completed
5528,1222,2026-03-27,65279.01,Shipped
5529,2640,2025-06-28,72817.13,Cancelled
5530,2370,2025-11-20,59395.87,Shipped
5531,3066,2025-03-23,39254.44,Cancelled
5532,3845,2025-04-22,171939.18,Completed
5533,1558,2025-01-10,0.0,Completed
5534,3212,2025-11-16,41614.73,Shipped
5535,122,2026-03-15,59813.99,Completed
5536,2737,2025-01-25,18143.89,Completed
5537,3811,2025-10-19,23314.28,Shipped
5538,930,2026-02-11,29948.68,Cancelled
5539,2948,2026-01-04,59763.47,Shipped
5540,4849,2025-02-04,14673.49,Shipped
5541,4389,2025-02-22,92929.13,Completed
5542,4051,2025-06-21,94236.7,Completed
5543,4112,2025-07-08,54628.1,Shipped
5544,4865,2025-05-17,29400.94,Shipped
5545,4825,2025-06-01,70125.37,Cancelled
5546,300,2025-07-04,6967.14,Completed
5547,195,2025-06-03,24500.86,Shipped
5548,4206,2025-05-21,48000.68,Completed
5549,2872,2025-03-07,114632.64,Cancelled
5550,3115,2025-06-20,9984.43,Cancelled
5551,3396,2025-06-09,27674.88,Completed
5552,2948,2025-01-26,0.0,Completed
5553,3997,2025-06-10,44766.81,Completed
5554,510,2026-02-12,79124.68,Shipped
5555,2213,2025-05-19,13858.21,Pending
5556,753,2026-03-04,98056.38,Completed
5557,972,2025-01-23,34672.78,Shipped
5558,2637,2025-01-23,37915.4,Completed
5559,4955,2025-09-11,20439.93,Pending
5560,976,2025-04-06,49034.7,Completed
5561,2379,2026-03-08,33429.49,Shipped
5562,1054,2025-08-26,74039.3,Completed
5563,3803,2025-10-04,38121.07,Pending
5564,33,2025-07-30,63077.24,Pending
5565,3371,2025-08-12,0.0,Completed
5566,1702,2025-02-13,39716.12,Pending
5567,2129,2025-08-25,36619.92,Completed
5568,2604,2026-02-23,34191.93,Cancelled
5569,136,2025-03-12,64170.29,Completed
5570,751,2026-01-29,26573.5,Pending
5571,3769,2025-10-17,23784.46,Cancelled
5572,731,2025-10-04,26735.4,Shipped
5573,4180,2025-09-16,41202.09,Completed
5574,4762,2026-03-02,33397.4,Completed
5575,62,2025-02-14,6060.96,Completed
5576,107,2025-12-10,52166.42,Shipped
5577,2460,2025-09-04,19652.46,Completed
5578,459,2025-04-01,8860.52,Pending
5579,1052,2026-03-06,0.0,Completed
5580,4412,2025-02-18,14789.6,Shipped
5581,3911,2025-01-01,94802.36,Pending
5582,3596,2025-12-07,0.0,Pending
5583,220,2026-01-23,16479.65,Completed
5584,3797,2025-03-25,52540.5,Shipped
5585,4854,2025-11-20,36747.47,Completed
5586,309,2025-09-07,21974.68,Completed
5587,4171,2025-09-14,24825.61,Completed
5588,2569,2026-03-27,40228.04,Shipped
5589,1904,2025-05-22,0.0,Cancelled
5590,101,2025-11-04,47173.25,Completed
5591,4766,2026-03-20,2158.61,Cancelled
5592,4864,2025-09-05,31203.0,Pending
5593,3887,2025-08-22,11338.11,Completed
5594,2460,2025-04-20,67146.2,Pending
5595,3298,2025-02-22,120988.05,Completed
5596,4160,2025-03-15,99778.58,Pending
5597,4548,2025-06-16,7660.5,Pending
5598,727,2025-06-28,13186.26,Completed
5599,323,2025-03-13,51297.93,Completed
5600,3863,2025-12-16,49620.5,Shipped
5601,39,2026-02-26,53661.03,Cancelled
5602,3138,2025-04-18,70775.95,Completed
5603,1930,2025-05-29,0.0,Pending
5604,3196,2025-08-09,32049.65,Cancelled
5605,455,2025-01-31,22381.77,Cancelled
5606,2236,2025-08-30,8818.48,Cancelled
5607,525,2025-06-26,7522.1,Cancelled
5608,2929,2025-05-25,41704.23,Completed
5609,4330,2025-08-22,28876.36,Completed
5610,3887,2025-07-03,44085.44,Completed
5611,793,2025-09-26,41960.81,Cancelled
5612,700,2026-01-07,65262.82,Pending
5613,4430,2026-01-22,36290.15,Cancelled
5614,4359,2025-11-17,17364.91,Pending
5615,14,2025-04-26,0.0,Completed
5616,3736,2025-03-22,45755.19,Cancelled
5617,1938,2025-09-15,0.0,Completed
5618,1255,2026-01-24,9046.58,Cancelled
5619,3740,2025-04-03,26803.56,Pending
5620,1335,2025-11-04,40143.82,Completed
5621,2763,2025-12-14,36947.98,Shipped
5622,3442,2026-03-22,12447.56,Shipped
5623,3506,2026-01-13,47830.34,Cancelled
5624,2137,2026-01-22,35099.33,Completed
5625,2862,2025-06-30,0.0,Shipped
5626,4757,2025-09-16,0.0,Pending
5627,959,2025-03-21,79762.57,Completed
5628,8,2026-01-30,0.0,Shipped
5629,2667,2025-06-16,56219.14,Completed
5630,2623,2025-10-22,0.0,Shipped
5631,2104,2025-05-30,4978.39,Completed
5632,1178,2025-08-01,0.0,Completed
5633,4309,2025-07-09,62625.44,Pending
5634,1118,2026-03-19,6985.98,Cancelled
5635,3853,2025-07-18,18460.76,Completed
5636,833,2025-11-21,3947.58,Completed
5637,3631,2025-05-10,106206.92,Completed
5638,4237,2025-01-13,18148.87,Completed
5639,1367,2025-01-21,0.0,Completed
5640,3560,2025-04-16,6490.64,Pending
5641,3188,2025-11-01,43888.21,Completed
5642,1478,2026-01-19,19071.96,Completed
5643,769,2025-09-24,31044.9,Pending
5644,2880,2025-03-03,47097.53,Shipped
5645,2677,2026-01-22,38863.98,Completed
5646,4725,2025-12-16,96059.49,Completed
5647,4885,2025-10-08,21356.11,Completed
5648,3175,2025-12-13,11985.93,Completed
5649,384,2025-04-28,8721.04,Completed
5650,50,2026-01-02,5819.88,Pending
5651,1501,2025-08-08,119521.17,Shipped
5652,2369,2025-11-24,75284.85,Shipped
5653,4821,2025-05-16,0.0,Shipped
5654,333,2026-01-20,54075.01,Completed
5655,4156,2026-02-06,20218.53,Cancelled
5656,4944,2025-11-20,21422.35,Completed
5657,2480,2025-12-15,77327.92,Shipped
5658,1304,2026-02-04,37172.95,Shipped
5659,661,2025-12-22,55664.45,Pending
5660,4240,2025-11-07,6085.62,Completed
5661,1465,2025-08-27,42092.97,Cancelled
5662,3326,2025-07-03,0.0,Shipped
5663,2721,2026-02-25,58153.49,Completed
5664,819,2026-01-08,27802.03,Pending
5665,891,2025-04-05,39486.77,Cancelled
5666,2928,2026-01-15,0.0,Shipped
5667,537,2025-04-12,22079.86,Pending
5668,3420,2025-02-24,42117.74,Shipped
5669,2731,2025-12-31,12454.99,Cancelled
5670,3392,2025-05-23,0.0,Completed
5671,4626,2026-01-11,134972.02,Pending
5672,3951,2026-03-05,56154.72,Pending
5673,868,2026-03-17,6670.83,Completed
5674,1615,2025-01-19,75821.06,Shipped
5675,377,2026-02-19,20168.87,Completed
5676,4590,2026-02-20,74644.81,Completed
5677,1554,2025-06-10,39675.49,Shipped
5678,1946,2025-04-19,12873.36,Pending
5679,42,2025-06-16,81633.61,Completed
5680,75,2025-11-23,88695.78,Pending
5681,123,2026-01-24,36149.88,Completed
5682,2852,2025-03-27,18957.7,Cancelled
5683,2186,2026-02-04,44293.16,Shipped
5684,3186,2026-02-09,52013.69,Shipped
5685,693,2025-05-24,41204.28,Completed
5686,2361,2025-10-17,9862.65,Completed
5687,3849,2025-06-04,0.0,Shipped
5688,3925,2025-10-27,53778.5,Completed
5689,4561,2025-02-05,11258.56,Completed
5690,4197,2025-10-06,31362.76,Completed
5691,1744,2025-09-28,28279.16,Pending
5692,695,2025-11-15,44177.29,Completed
5693,743,2025-03-27,49539.16,Completed
5694,2734,2025-11-08,7676.84,Completed
5695,4676,2025-12-14,44256.8,Shipped
5696,1026,2026-01-12,31043.48,Completed
5697,2039,2025-09-26,60934.93,Completed
5698,1215,2025-03-26,41822.96,Completed
5699,47,2026-03-18,7597.12,Cancelled
5700,3567,2025-11-21,28812.44,Shipped
5701,4847,2025-12-20,44988.71,Shipped
5702,2199,2025-01-14,43146.6,Cancelled
5703,484,2026-01-08,55242.87,Cancelled
5704,1059,2025-01-13,44262.0,Pending
5705,790,2026-02-22,9324.98,Cancelled
5706,2833,2025-08-24,85469.96,Completed
5707,3822,2025-03-01,21435.15,Shipped
5708,3705,2025-07-14,3022.8,Shipped
5709,4943,2025-06-07,23888.08,Completed
5710,4830,2025-04-12,86568.64,Cancelled
5711,4902,2026-02-18,60410.62,Shipped
5712,899,2026-01-23,23295.36,Shipped
5713,1963,2026-01-27,12894.32,Shipped
5714,1247,2025-02-03,43128.15,Cancelled
5715,4715,2025-06-10,29860.74,Completed
5716,3650,2025-05-18,29132.62,Pending
5717,3432,2025-06-11,47464.24,Shipped
5718,3926,2025-09-26,41750.51,Shipped
5719,636,2025-08-19,74032.42,Completed
5720,2914,2025-03-04,83709.21,Shipped
5721,1831,2025-06-04,3830.25,Completed
5722,230,2025-07-01,101388.94,Shipped
5723,2903,2025-11-29,15925.61,Shipped
5724,1552,2025-12-06,20935.51,Pending
5725,560,2025-11-05,17958.84,Cancelled
5726,262,2025-02-26,29809.76,Completed
5727,696,2025-02-02,17171.65,Completed
5728,1268,2026-03-19,10836.08,Completed
5729,4539,2025-10-23,27591.72,Completed
5730,2434,2025-10-02,8219.74,Pending
5731,954,2026-03-11,85906.19,Shipped
5732,4026,2026-02-01,0.0,Shipped
5733,1343,2025-09-08,656.78,Shipped
5734,4252,2025-09-12,23279.52,Completed
5735,4516,2026-02-03,8014.84,Shipped
5736,3162,2025-01-03,5067.19,Shipped
5737,2037,2025-01-02,6868.69,Cancelled
5738,1554,2026-03-26,14086.34,Pending
5739,1987,2025-08-11,79060.05,Completed
5740,209,2026-03-21,36425.7,Completed
5741,3378,2025-05-25,64848.5,Shipped
5742,1779,2026-03-17,110577.21,Cancelled
5743,538,2025-05-28,41557.18,Completed
5744,3181,2026-02-15,9402.04,Completed
5745,4650,2026-01-16,8971.29,Completed
5746,4408,2025-05-20,42316.46,Completed
5747,2735,2025-02-09,40857.37,Shipped
5748,3302,2025-03-21,65704.6,Shipped
5749,1314,2025-08-02,5782.67,Cancelled
5750,3620,2025-01-24,29963.03,Pending
5751,2750,2026-01-26,78434.38,Pending
5752,2650,2025-10-27,6521.97,Cancelled
5753,943,2025-04-07,49852.89,Shipped
5754,4753,2025-01-15,46382.92,Cancelled
5755,4215,2025-04-12,15811.66,Completed
5756,773,2026-02-13,0.0,Completed
5757,1668,2025-10-08,19322.32,Shipped
5758,289,2025-04-21,27268.72,Completed
5759,1291,2026-01-14,8846.9,Shipped
5760,3931,2025-02-07,50303.35,Pending
5761,4420,2025-12-09,55979.63,Shipped
5762,1539,2025-05-04,93018.65,Completed
5763,2965,2025-02-06,0.0,Shipped
5764,662,2025-02-07,69307.26,Pending
5765,1036,2026-01-03,107775.62,Cancelled
5766,3794,2025-06-09,76399.14,Shipped
5767,245,2025-03-17,58096.45,Completed
5768,621,2026-03-16,109361.17,Completed
5769,3685,2025-07-04,28807.16,Pending
5770,4580,2025-08-15,3104.98,Completed
5771,1302,2025-07-02,60688.25,Completed
5772,4947,2025-05-23,65400.4,Completed
5773,128,2026-03-01,5838.32,Completed
5774,4616,2025-11-01,76214.07,Shipped
5775,1827,2026-02-14,29360.46,Completed
5776,4023,2026-01-03,2719.34,Shipped
5777,1952,2026-01-21,122981.88,Completed
5778,25,2026-02-23,19288.6,Completed
5779,3234,2025-06-21,22514.02,Completed
5780,4648,2025-09-10,17956.59,Completed
5781,3177,2025-07-18,45176.75,Shipped
5782,453,2026-03-02,0.0,Completed
5783,4761,2025-08-09,33514.75,Completed
5784,4923,2025-07-24,82745.02,Completed
5785,2915,2025-07-10,0.0,Completed
5786,2468,2025-05-20,24370.67,Shipped
5787,228,2025-09-19,18201.47,Pending
5788,1056,2025-07-31,0.0,Completed
5789,4623,2025-01-07,50370.55,Cancelled
5790,2636,2025-04-27,94332.11,Pending
5791,4653,2025-07-01,44280.14,Shipped
5792,3048,2025-01-05,36303.17,Shipped
5793,2228,2025-10-20,36216.99,Shipped
5794,4627,2025-11-20,54458.04,Completed
5795,2263,2025-12-20,16189.08,Shipped
5796,2058,2025-12-11,60129.12,Completed
5797,4198,2025-07-07,46190.2,Completed
5798,2156,2025-06-25,28882.69,Completed
5799,4052,2025-06-07,35690.06,Completed
5800,848,2025-10-24,64972.99,Completed
5801,2029,2025-05-29,3186.27,Completed
5802,1177,2025-11-07,67331.5,Shipped
5803,2258,2025-02-03,2414.88,Completed
5804,4353,2025-10-15,43044.75,Completed
5805,2741,2025-01-10,73661.31,Shipped
5806,611,2025-12-25,110116.39,Shipped
5807,311,2025-02-18,99862.93,Shipped
5808,1597,2025-03-12,50252.49,Shipped
5809,3232,2026-01-28,32722.79,Completed
5810,1932,2025-12-22,34555.96,Shipped
5811,3799,2025-11-28,0.0,Completed
5812,452,2025-08-03,24453.8,Shipped
5813,4333,2025-06-27,37534.43,Cancelled
5814,1847,2025-09-08,17197.83,Shipped
5815,2661,2025-05-11,52123.66,Completed
5816,4933,2025-09-09,50726.33,Completed
5817,558,2025-05-27,12180.48,Completed
5818,4718,2026-02-28,27221.78,Completed
5819,561,2025-09-16,2231.84,Completed
5820,1976,2025-10-07,14857.75,Completed
5821,4595,2025-01-13,621.76,Completed
5822,2582,2026-01-02,18462.19,Completed
5823,752,2025-10-14,50184.1,Pending
5824,135,2025-12-15,10832.89,Pending
5825,2815,2025-10-12,11169.42,Cancelled
5826,912,2026-02-15,42926.94,Shipped
5827,783,2025-11-04,21614.44,Shipped
5828,1256,2025-02-10,29981.61,Completed
5829,4461,2026-03-26,85621.38,Completed
5830,2617,2026-03-27,45419.61,Shipped
5831,4483,2025-04-15,33856.03,Shipped
5832,1171,2025-07-26,0.0,Shipped
5833,2041,2026-03-11,0.0,Completed
5834,347,2025-02-23,33407.58,Cancelled
5835,764,2025-06-29,37093.76,Completed
5836,3476,2025-07-01,9122.67,Cancelled
5837,4820,2025-03-04,1021.97,Pending
5838,2567,2025-10-11,1850.05,Pending
5839,3257,2025-02-07,93721.12,Shipped
5840,3609,2025-11-03,40509.59,Shipped
5841,55,2025-12-10,30350.9,Cancelled
5842,3634,2025-07-04,25682.04,Completed
5843,1466,2025-01-26,0.0,Shipped
5844,3627,2025-07-15,26476.65,Pending
5845,4050,2025-01-11,80277.36,Cancelled
5846,3835,2025-03-09,43136.65,Completed
5847,4197,2026-01-23,25979.05,Cancelled
5848,4746,2025-05-06,65651.42,Pending
5849,3205,2025-11-19,33197.96,Shipped
5850,1886,2025-01-21,48811.36,Pending
5851,4089,2025-03-23,50852.5,Completed
5852,2024,2025-02-06,25655.44,Pending
5853,929,2025-12-29,27403.26,Pending
5854,1630,2025-01-24,23869.46,Shipped
5855,3033,2025-12-27,11752.65,Pending
5856,2994,2025-01-04,12745.08,Shipped
5857,2292,2025-04-07,53895.87,Pending
5858,1099,2025-04-30,42990.88,Shipped
5859,4534,2025-02-20,45413.29,Pending
5860,2423,2025-12-11,38825.79,Cancelled
5861,4901,2025-01-02,99009.75,Completed
5862,3430,2026-03-01,25662.98,Cancelled
5863,3533,2025-06-15,59545.98,Completed
5864,3302,2025-06-07,25335.95,Completed
5865,4195,2025-08-03,54858.27,Shipped
5866,4316,2025-10-04,0.0,Completed
5867,1834,2025-02-09,0.0,Completed
5868,1365,2025-11-02,0.0,Completed
5869,3870,2025-04-05,63880.25,Shipped
5870,3456,2026-01-08,70487.38,Pending
5871,4371,2025-01-22,2819.68,Shipped
5872,4297,2025-10-29,15007.75,Shipped
5873,106,2025-07-05,43514.54,Completed
5874,251,2025-10-19,55171.0,Shipped
5875,3931,2026-02-07,21232.88,Cancelled
5876,2289,2025-04-26,11925.17,Pending
5877,1331,2026-03-18,50846.37,Shipped
5878,2563,2026-01-28,35883.46,Pending
5879,2142,2025-03-11,9786.82,Completed
5880,2220,2025-09-29,27394.12,Completed
5881,2772,2025-08-13,76647.4,Completed
5882,2487,2026-01-22,36767.85,Cancelled
5883,4277,2026-02-21,13459.74,Shipped
5884,3422,2025-09-14,103807.27,Completed
5885,508,2025-04-17,12369.7,Completed
5886,4879,2026-01-04,7557.0,Completed
5887,3090,2025-03-25,92938.92,Shipped
5888,3221,2025-05-12,11923.51,Completed
5889,744,2025-12-05,19514.34,Cancelled
5890,3756,2026-01-19,23944.23,Shipped
5891,69,2026-02-12,17993.92,Completed
5892,1492,2025-05-16,46852.74,Completed
5893,222,2025-10-21,62002.06,Shipped
5894,3281,2025-12-27,6628.88,Pending
5895,535,2025-01-31,1671.21,Cancelled
5896,112,2025-07-19,80320.48,Cancelled
5897,4673,2025-02-26,69409.2,Cancelled
5898,363,2025-07-18,55142.41,Shipped
5899,2908,2025-06-21,95661.0,Pending
5900,3559,2025-12-25,36952.7,Completed
5901,1768,2025-07-19,13366.71,Completed
5902,2955,2025-01-31,49247.92,Completed
5903,853,2026-02-02,47571.11,Shipped
5904,292,2025-10-22,27784.8,Completed
5905,784,2025-03-05,39132.28,Shipped
5906,2302,2025-04-14,6624.24,Shipped
5907,4913,2025-07-17,58202.07,Completed
5908,1102,2025-09-05,116571.19,Pending
5909,83,2025-01-21,8246.2,Shipped
5910,3796,2025-01-03,61962.92,Completed
5911,1412,2026-02-18,5686.8,Completed
5912,206,2025-10-07,5285.57,Completed
5913,4703,2026-01-15,6086.11,Cancelled
5914,4602,2025-04-27,102293.04,Cancelled
5915,3947,2025-12-29,41331.26,Completed
5916,1897,2026-02-18,0.0,Shipped
5917,3024,2025-04-08,56793.23,Shipped
5918,4597,2025-06-13,0.0,Completed
5919,1024,2026-01-09,4644.76,Pending
5920,3761,2025-04-20,29425.5,Shipped
5921,103,2025-09-08,43951.27,Completed
5922,472,2025-01-11,20447.83,Shipped
5923,2376,2026-02-07,52968.31,Shipped
5924,4288,2025-08-10,47202.38,Shipped
5925,3583,2025-09-03,15111.2,Cancelled
5926,2778,2025-05-11,20467.86,Completed
5927,4060,2025-01-23,92506.72,Cancelled
5928,4862,2025-09-08,22782.4,Completed
5929,448,2025-08-10,73201.78,Shipped
5930,3194,2025-08-20,46282.86,Shipped
5931,4932,2025-02-11,37517.3,Shipped
5932,291,2026-02-25,23214.27,Pending
5933,346,2026-03-12,39412.3,Completed
5934,3392,2026-01-24,23167.94,Completed
5935,1929,2025-05-23,53414.52,Completed
5936,429,2025-01-09,11094.5,Shipped
5937,3713,2025-08-20,74866.43,Shipped
5938,4804,2025-09-09,50029.07,Cancelled
5939,3225,2025-10-31,34464.86,Completed
5940,3866,2025-10-20,71753.66,Completed
5941,1645,2025-01-17,9661.16,Completed
5942,1896,2025-07-05,30966.21,Completed
5943,3893,2025-09-24,82842.11,Shipped
5944,3642,2026-01-10,153170.32,Completed
5945,2721,2025-10-08,71659.88,Shipped
5946,1534,2025-05-30,3380.61,Cancelled
5947,2521,2025-04-30,7978.44,Pending
5948,564,2025-12-27,84411.47,Shipped
5949,942,2026-03-13,23868.32,Pending
5950,1923,2025-01-17,32855.6,Pending
5951,4306,2025-06-02,144004.96,Cancelled
5952,3961,2025-12-25,23106.82,Completed
5953,1221,2025-03-12,4962.95,Pending
5954,1609,2025-12-13,20364.3,Shipped
5955,3775,2025-10-01,93312.76,Completed
5956,1120,2025-03-26,72402.02,Pending
5957,120,2025-09-17,55618.2,Shipped
5958,216,2025-03-31,12993.48,Cancelled
5959,4968,2025-05-23,0.0,Shipped
5960,1250,2026-01-19,69220.05,Pending
5961,4842,2025-09-09,5846.66,Pending
5962,1309,2026-01-13,10162.2,Shipped
5963,1377,2025-04-07,1729.38,Completed
5964,4849,2026-02-02,61793.49,Completed
5965,4192,2026-03-23,12320.65,Completed
5966,100,2025-05-13,65173.75,Cancelled
5967,912,2025-02-05,49606.7,Pending
5968,3912,2025-10-08,14423.0,Completed
5969,885,2025-12-13,36215.1,Completed
5970,2909,2025-09-12,61159.33,Completed
5971,4264,2026-01-02,96299.66,Pending
5972,1857,2025-10-23,56310.62,Completed
5973,1887,2026-03-01,17041.62,Shipped
5974,3740,2025-04-26,57699.16,Shipped
5975,3817,2025-02-13,9392.7,Completed
5976,3161,2026-02-17,7895.72,Cancelled
5977,144,2025-10-11,31174.38,Completed
5978,4394,2025-09-17,45585.41,Shipped
5979,3958,2026-01-15,10488.11,Pending
5980,1592,2025-04-17,46752.86,Completed
5981,4138,2025-07-18,58853.81,Shipped
5982,3633,2025-07-12,31371.11,Shipped
5983,4238,2025-11-16,85931.58,Cancelled
5984,3456,2025-02-05,32179.55,Completed
5985,4085,2025-09-17,63235.88,Shipped
5986,3737,2025-09-06,3619.32,Shipped
5987,4628,2026-03-07,91437.49,Shipped
5988,3881,2025-10-19,6758.75,Shipped
5989,400,2025-11-19,2121.86,Pending
5990,2107,2025-12-29,30834.32,Cancelled
5991,2658,2026-03-02,37848.36,Completed
5992,1701,2025-06-02,0.0,Shipped
5993,1164,2025-12-15,77320.06,Shipped
5994,4951,2025-06-27,78535.61,Shipped
5995,1592,2026-02-02,50465.7,Completed
5996,3581,2025-11-11,18797.85,Shipped
5997,360,2025-05-14,93851.04,Pending
5998,503,2025-10-04,81955.19,Completed
5999,2402,2026-01-17,30574.32,Completed
6000,4079,2025-08-09,42001.11,Cancelled
6001,2690,2025-05-31,26390.91,Pending
6002,2630,2026-03-18,11978.24,Completed
6003,1757,2025-09-27,31204.49,Shipped
6004,3556,2026-02-09,14973.21,Shipped
6005,2801,2025-03-06,74756.38,Pending
6006,3270,2025-03-03,125508.25,Pending
6007,4111,2026-01-06,29945.88,Completed
6008,3568,2025-05-18,13776.19,Completed
6009,3156,2025-12-18,56096.88,Completed
6010,2095,2026-03-11,0.0,Pending
6011,89,2025-12-27,69196.94,Pending
6012,4989,2025-06-20,20726.05,Shipped
6013,3036,2026-02-05,15671.93,Pending
6014,2875,2025-11-22,38258.08,Completed
6015,581,2025-01-30,39981.53,Pending
6016,1811,2025-09-07,25079.67,Pending
6017,1401,2025-03-03,9307.6,Pending
6018,1939,2025-11-26,52093.55,Completed
6019,1619,2025-08-20,28031.09,Completed
6020,2312,2025-09-02,32078.26,Shipped
6021,1507,2025-06-29,18419.91,Shipped
6022,2174,2025-03-01,115402.13,Completed
6023,2256,2026-02-20,49351.6,Shipped
6024,3953,2025-03-04,28694.94,Shipped
6025,2029,2025-08-23,33743.43,Shipped
6026,1764,2025-12-30,117964.74,Pending
6027,971,2026-03-26,18482.65,Completed
6028,3380,2025-02-26,53010.95,Shipped
6029,4911,2025-01-25,0.0,Shipped
6030,2911,2026-02-21,53299.83,Shipped
6031,2419,2025-02-11,29509.06,Shipped
6032,2301,2025-05-12,3701.36,Completed
6033,429,2025-04-07,46178.84,Cancelled
6034,886,2025-11-28,34058.29,Shipped
6035,4705,2025-08-25,17223.12,Pending
6036,1443,2025-04-10,27447.7,Shipped
6037,3411,2025-03-06,45854.97,Completed
6038,3683,2025-04-22,25171.68,Completed
6039,2282,2026-03-25,63103.89,Completed
6040,4299,2026-03-23,94303.84,Cancelled
6041,1910,2025-07-03,0.0,Cancelled
6042,3040,2025-05-14,23644.16,Cancelled
6043,2728,2026-01-04,56166.5,Completed
6044,823,2025-01-23,76107.54,Completed
6045,1917,2025-10-08,10943.09,Shipped
6046,4012,2025-06-17,0.0,Completed
6047,3678,2026-02-19,37188.17,Completed
6048,1024,2025-09-24,29610.7,Shipped
6049,2507,2025-11-20,4706.61,Completed
6050,2873,2025-08-11,54393.8,Pending
6051,2790,2025-04-25,13849.65,Completed
6052,1631,2025-06-14,33179.05,Cancelled
6053,1007,2025-09-15,63081.41,Cancelled
6054,2274,2026-01-15,1837.72,Completed
6055,4673,2025-04-15,116763.32,Shipped
6056,1408,2025-07-30,0.0,Pending
6057,4165,2025-01-27,113113.59,Shipped
6058,1644,2025-03-05,6773.49,Shipped
6059,4484,2025-07-25,0.0,Cancelled
6060,3030,2025-03-27,12140.36,Completed
6061,469,2026-01-26,36010.96,Completed
6062,3928,2025-08-13,12544.2,Shipped
6063,2909,2025-10-31,7484.03,Shipped
6064,753,2025-06-29,66186.96,Pending
6065,3568,2025-07-20,21815.7,Completed
6066,1732,2025-12-11,16555.9,Pending
6067,1213,2025-01-16,32545.95,Pending
6068,409,2025-09-10,55041.47,Completed
6069,1424,2025-10-13,0.0,Completed
6070,1080,2026-02-24,14429.31,Completed
6071,1543,2025-06-16,31561.14,Shipped
6072,3451,2025-01-05,46021.38,Pending
6073,4267,2025-07-24,74971.29,Completed
6074,1314,2025-11-20,22566.29,Shipped
6075,3106,2025-12-29,8201.59,Completed
6076,2144,2026-01-05,64211.59,Cancelled
6077,1346,2025-02-11,13491.42,Cancelled
6078,4531,2025-12-25,27044.99,Shipped
6079,667,2026-01-15,150849.51,Completed
6080,769,2025-04-22,28602.06,Shipped
6081,791,2026-02-28,71415.04,Shipped
6082,1058,2026-01-06,95920.53,Cancelled
6083,2588,2025-06-17,40443.48,Completed
6084,2634,2025-09-08,1759.04,Cancelled
6085,1344,2025-03-09,92166.2,Completed
6086,130,2025-07-18,99957.22,Pending
6087,3823,2025-11-14,98822.61,Cancelled
6088,831,2026-01-04,75305.75,Completed
6089,4985,2025-10-15,18378.45,Completed
6090,70,2025-04-22,31028.06,Completed
6091,421,2025-10-04,33601.32,Cancelled
6092,3980,2026-01-02,78356.91,Shipped
6093,1316,2025-09-24,17496.72,Pending
6094,4079,2025-04-23,96372.9,Pending
6095,3301,2026-03-03,78498.91,Cancelled
6096,4149,2025-03-03,22341.73,Shipped
6097,2842,2026-01-30,37351.99,Completed
6098,2376,2025-07-15,23892.81,Completed
6099,737,2026-02-21,5846.66,Pending
6100,1184,2025-02-05,17329.0,Completed
6101,2090,2026-02-10,47135.34,Shipped
6102,3753,2025-01-28,4922.59,Completed
6103,2040,2025-02-28,29119.2,Shipped
6104,846,2025-08-25,0.0,Shipped
6105,435,2026-01-22,51396.36,Shipped
6106,715,2025-01-02,10960.66,Completed
6107,3343,2026-03-02,100829.98,Cancelled
6108,546,2026-03-08,47521.53,Shipped
6109,3042,2025-10-17,5256.86,Shipped
6110,3278,2025-05-07,29528.69,Completed
6111,2235,2025-06-21,19461.37,Completed
6112,3947,2025-01-07,29425.04,Pending
6113,2268,2026-01-24,30262.38,Shipped
6114,3382,2025-05-27,29980.63,Shipped
6115,4642,2025-01-25,39819.07,Cancelled
6116,1359,2025-01-23,15042.38,Shipped
6117,2034,2025-08-06,23422.88,Completed
6118,3628,2025-02-05,0.0,Completed
6119,3104,2025-04-07,41862.68,Completed
6120,4356,2025-07-18,62136.61,Completed
6121,824,2025-02-15,84518.52,Pending
6122,3251,2025-01-21,74433.51,Shipped
6123,57,2025-10-11,34251.04,Cancelled
6124,4680,2025-09-03,23617.78,Shipped
6125,3152,2025-11-27,18028.92,Completed
6126,342,2025-11-23,96436.67,Completed
6127,1316,2025-11-10,91534.19,Shipped
6128,768,2026-03-20,23036.05,Completed
6129,2195,2025-04-06,33730.16,Completed
6130,720,2025-12-08,62569.43,Shipped
6131,3058,2025-05-10,0.0,Completed
6132,4513,2025-05-16,40900.75,Pending
6133,1287,2025-05-14,38949.08,Cancelled
6134,4985,2025-12-13,111118.73,Completed
6135,957,2025-03-19,41512.94,Completed
6136,1781,2025-07-17,16332.74,Cancelled
6137,3251,2025-05-26,30319.75,Cancelled
6138,4586,2025-05-18,16385.21,Pending
6139,4973,2026-01-16,0.0,Completed
6140,4486,2025-05-04,23378.32,Cancelled
6141,379,2025-01-05,47753.98,Completed
6142,4958,2025-03-09,10353.98,Completed
6143,2228,2025-12-25,51051.02,Completed
6144,1529,2025-06-22,0.0,Cancelled
6145,3097,2025-11-23,69169.97,Completed
6146,2952,2025-07-19,33641.53,Shipped
6147,2084,2025-05-12,6690.42,Cancelled
6148,1293,2025-01-22,31835.34,Completed
6149,3849,2025-04-19,2064.18,Cancelled
6150,256,2025-02-12,15402.38,Cancelled
6151,4437,2025-05-13,15726.13,Completed
6152,3380,2026-02-07,0.0,Pending
6153,4771,2025-08-07,17628.72,Completed
6154,3533,2025-02-16,46914.63,Cancelled
6155,465,2025-09-01,45160.96,Shipped
6156,2668,2025-09-12,20025.4,Cancelled
6157,2583,2025-10-14,93479.98,Completed
6158,4603,2025-06-03,29230.71,Completed
6159,4182,2025-08-14,0.0,Shipped
6160,4958,2025-04-22,75869.73,Completed
6161,3025,2025-04-13,7135.75,Completed
6162,3877,2025-03-20,0.0,Completed
6163,4264,2026-03-20,85501.52,Shipped
6164,2829,2025-07-05,10807.22,Completed
6165,709,2025-02-18,20192.99,Completed
6166,3371,2025-11-13,54433.48,Completed
6167,4811,2025-03-19,60304.0,Pending
6168,2597,2025-07-03,13751.02,Completed
6169,2201,2025-10-03,54706.2,Completed
6170,647,2025-12-20,6292.24,Shipped
6171,3785,2025-08-20,28436.55,Shipped
6172,1316,2025-04-14,68569.72,Shipped
6173,4956,2025-07-14,30738.12,Shipped
6174,4359,2025-03-02,0.0,Completed
6175,609,2026-03-04,0.0,Pending
6176,3096,2025-03-30,47675.18,Completed
6177,4422,2025-10-17,0.0,Cancelled
6178,4180,2025-05-17,54749.06,Shipped
6179,4692,2026-03-08,115373.47,Completed
6180,3700,2025-12-12,64812.66,Completed
6181,4782,2025-03-20,200.71,Completed
6182,89,2026-01-26,38894.82,Pending
6183,3299,2025-03-11,91178.53,Completed
6184,4570,2026-03-04,41331.8,Completed
6185,3659,2026-01-15,92015.17,Completed
6186,4505,2025-03-11,18746.23,Shipped
6187,153,2026-03-05,36302.44,Cancelled
6188,155,2025-04-09,59531.89,Cancelled
6189,4213,2025-10-02,33086.56,Completed
6190,3530,2025-03-05,49827.35,Completed
6191,4088,2025-10-17,7429.75,Cancelled
6192,3065,2025-06-01,3584.53,Completed
6193,4046,2026-03-24,43469.21,Shipped
6194,2991,2025-12-19,20037.0,Shipped
6195,4562,2025-12-31,67228.83,Completed
6196,109,2025-01-28,28924.54,Completed
6197,963,2025-12-05,37029.78,Completed
6198,3789,2025-01-01,0.0,Completed
6199,3917,2026-03-04,56130.41,Completed
6200,3148,2025-11-14,24006.63,Pending
6201,4881,2026-03-03,57580.92,Shipped
6202,767,2025-08-24,33352.73,Completed
6203,1660,2025-03-06,29039.47,Shipped
6204,1594,2025-12-17,31712.42,Completed
6205,3962,2025-06-04,65461.52,Shipped
6206,3293,2025-12-26,92507.55,Completed
6207,1102,2025-04-26,32112.05,Completed
6208,3595,2025-09-07,0.0,Completed
6209,3246,2025-04-02,4809.77,Shipped
6210,1163,2026-03-10,13172.25,Pending
6211,3574,2025-07-14,0.0,Cancelled
6212,2265,2025-10-02,0.0,Pending
6213,3753,2025-04-11,40919.32,Pending
6214,4588,2026-02-06,27141.85,Completed
6215,4912,2026-01-16,46539.28,Cancelled
6216,3944,2025-04-29,61394.65,Completed
6217,2609,2025-04-07,54761.92,Shipped
6218,4774,2025-05-10,28637.53,Shipped
6219,3287,2025-03-22,44504.88,Shipped
6220,4195,2025-06-05,26699.97,Shipped
6221,2800,2025-08-05,49865.45,Completed
6222,1148,2025-06-22,73861.68,Completed
6223,1176,2025-08-09,16553.34,Completed
6224,2368,2025-10-09,44852.45,Shipped
6225,1265,2025-02-05,7201.79,Shipped
6226,4730,2026-03-17,47778.91,Completed
6227,887,2025-09-18,45378.05,Pending
6228,1363,2025-03-11,55761.78,Pending
6229,331,2026-01-09,46832.62,Completed
6230,3668,2025-11-19,5334.35,Shipped
6231,4424,2025-11-04,37308.21,Completed
6232,1085,2025-03-12,22210.17,Shipped
6233,3778,2025-12-11,36619.18,Pending
6234,1389,2026-02-26,18098.62,Shipped
6235,2963,2025-06-15,18598.04,Completed
6236,931,2025-01-31,42706.49,Completed
6237,4894,2025-11-17,0.0,Pending
6238,629,2025-08-19,11530.53,Shipped
6239,2913,2025-12-08,15068.43,Completed
6240,4369,2025-05-31,17967.36,Completed
6241,2464,2026-02-26,73460.92,Shipped
6242,1483,2025-06-28,78743.87,Completed
6243,1755,2025-05-22,19089.2,Cancelled
6244,3054,2026-02-07,22564.0,Cancelled
6245,903,2025-06-16,15875.5,Pending
6246,4834,2025-08-02,0.0,Completed
6247,2259,2025-03-16,8962.34,Shipped
6248,2232,2025-01-22,17056.94,Completed
6249,502,2025-11-10,10435.93,Shipped
6250,3060,2025-05-10,38374.09,Cancelled
6251,1347,2025-11-20,115937.48,Completed
6252,4535,2025-05-31,64142.75,Completed
6253,792,2025-10-02,6521.97,Shipped
6254,718,2025-07-13,29515.47,Completed
6255,270,2025-04-13,16038.1,Shipped
6256,844,2025-06-07,99425.71,Completed
6257,152,2025-01-20,22405.54,Shipped
6258,1408,2026-03-25,170287.01,Completed
6259,3741,2025-08-13,41710.47,Completed
6260,85,2025-01-09,23646.05,Completed
6261,3666,2025-10-02,5202.54,Completed
6262,524,2025-01-17,13004.33,Shipped
6263,578,2025-11-01,11118.05,Shipped
6264,175,2025-05-17,26652.15,Pending
6265,1291,2025-07-14,30754.11,Completed
6266,249,2025-11-18,3872.08,Pending
6267,1924,2025-07-31,24012.2,Completed
6268,3333,2025-10-06,55383.97,Shipped
6269,148,2025-08-24,42354.82,Completed
6270,3892,2025-03-22,8797.95,Shipped
6271,3293,2025-01-06,72367.2,Completed
6272,254,2025-04-05,96421.85,Shipped
6273,3678,2026-02-03,42632.99,Cancelled
6274,3755,2025-10-17,26321.67,Shipped
6275,3499,2025-11-10,106084.78,Completed
6276,2023,2025-03-09,8083.93,Shipped
6277,2917,2026-01-07,56511.16,Shipped
6278,1954,2025-06-24,656.78,Shipped
6279,755,2025-09-29,24103.98,Completed
6280,2277,2025-02-05,91331.62,Shipped
6281,3917,2025-05-10,10735.72,Shipped
6282,3526,2025-05-25,6625.22,Shipped
6283,1303,2026-01-18,44983.2,Completed
6284,1014,2025-06-24,46660.13,Completed
6285,810,2025-02-15,54443.97,Pending
6286,253,2026-02-12,3613.97,Completed
6287,4935,2025-11-06,108575.0,Completed
6288,1336,2025-05-31,3041.52,Shipped
6289,1004,2025-11-14,2568.61,Shipped
6290,1342,2026-02-18,1716.73,Completed
6291,3532,2025-04-05,27870.79,Completed
6292,342,2025-07-06,21959.42,Completed
6293,4497,2026-02-23,16624.58,Completed
6294,2955,2025-07-27,39706.46,Shipped
6295,3279,2025-10-01,5521.11,Pending
6296,104,2025-04-30,53054.86,Completed
6297,3876,2025-03-26,21854.68,Completed
6298,3261,2025-02-18,4799.01,Completed
6299,3174,2025-11-20,27380.49,Shipped
6300,4858,2025-09-28,35200.55,Shipped
6301,2216,2025-05-16,11107.89,Completed
6302,3980,2025-01-16,99607.3,Shipped
6303,3875,2025-05-12,153241.4,Pending
6304,1418,2026-02-11,39886.8,Pending
6305,3469,2026-01-26,79486.27,Shipped
6306,4130,2025-01-05,1178.02,Completed
6307,576,2025-10-16,20366.65,Shipped
6308,4104,2025-11-04,0.0,Completed
6309,3550,2026-02-26,29381.2,Completed
6310,2216,2026-02-12,67267.87,Cancelled
6311,4884,2025-05-03,68997.87,Cancelled
6312,3871,2025-06-01,9062.01,Cancelled
6313,4739,2025-10-17,126496.21,Shipped
6314,4095,2025-01-09,16108.84,Completed
6315,4608,2025-11-04,7305.81,Completed
6316,1,2026-02-22,41418.06,Shipped
6317,1256,2026-02-20,65292.44,Completed
6318,49,2025-07-29,39239.28,Shipped
6319,4098,2025-05-05,7393.06,Shipped
6320,119,2025-09-28,13026.15,Cancelled
6321,7,2025-03-18,0.0,Shipped
6322,529,2025-02-21,19169.88,Completed
6323,4119,2025-09-10,27765.9,Completed
6324,3728,2026-02-27,33067.68,Completed
6325,3056,2025-05-18,40928.95,Completed
6326,1183,2025-09-21,47435.28,Completed
6327,496,2026-03-02,27090.2,Cancelled
6328,4645,2025-07-17,32800.8,Shipped
6329,825,2025-06-10,0.0,Completed
6330,4582,2025-08-16,20917.83,Pending
6331,794,2025-09-17,4078.3,Completed
6332,4282,2026-03-20,88444.3,Completed
6333,559,2026-01-26,24903.44,Cancelled
6334,1157,2026-03-22,54806.14,Completed
6335,2942,2025-09-10,67515.08,Pending
6336,477,2025-06-05,80137.61,Cancelled
6337,2487,2025-03-29,35247.0,Cancelled
6338,4592,2026-01-24,40970.76,Completed
6339,1290,2025-01-31,47925.42,Shipped
6340,220,2025-07-27,91652.17,Shipped
6341,616,2025-02-27,108422.92,Completed
6342,715,2025-06-13,102170.94,Completed
6343,2988,2025-03-11,36151.5,Completed
6344,225,2025-03-15,32398.7,Shipped
6345,2943,2025-08-18,83353.39,Pending
6346,1083,2025-08-02,9558.81,Completed
6347,266,2025-05-08,70947.4,Completed
6348,3906,2025-01-05,63731.48,Completed
6349,569,2025-02-14,3680.74,Shipped
6350,3893,2025-01-10,38462.2,Completed
6351,1692,2025-05-15,15099.84,Shipped
6352,2950,2026-03-09,20763.79,Shipped
6353,320,2025-03-20,31478.83,Cancelled
6354,4197,2025-08-17,29719.0,Completed
6355,4431,2025-11-01,110186.58,Pending
6356,1182,2025-06-28,0.0,Pending
6357,2803,2025-11-09,8547.9,Completed
6358,3925,2025-03-24,69353.69,Pending
6359,455,2026-03-01,16563.05,Completed
6360,78,2025-06-26,19717.92,Shipped
6361,743,2025-01-22,0.0,Shipped
6362,1265,2025-05-27,53419.93,Pending
6363,3081,2025-03-25,22832.71,Shipped
6364,952,2026-02-22,34708.56,Shipped
6365,3261,2025-10-03,8846.9,Cancelled
6366,3899,2025-04-30,39406.61,Shipped
6367,4719,2025-10-25,35223.86,Completed
6368,1561,2025-11-27,11214.96,Cancelled
6369,2599,2025-08-14,12666.77,Cancelled
6370,4207,2025-05-31,23685.85,Completed
6371,3044,2026-02-28,106721.28,Completed
6372,1496,2025-10-01,16330.48,Pending
6373,18,2025-09-28,29863.99,Completed
6374,642,2026-01-03,0.0,Completed
6375,1421,2025-03-31,58900.64,Pending
6376,3025,2025-04-08,24148.37,Shipped
6377,4628,2025-02-21,21446.95,Completed
6378,189,2025-05-27,58956.57,Shipped
6379,4129,2025-04-08,2571.16,Pending
6380,1716,2025-12-10,71541.71,Completed
6381,924,2025-01-13,17588.45,Shipped
6382,1366,2025-05-03,38104.35,Completed
6383,661,2025-09-02,0.0,Completed
6384,926,2025-12-01,20594.33,Pending
6385,3000,2025-06-28,49341.12,Shipped
6386,23,2025-05-03,61581.25,Completed
6387,111,2025-01-05,12308.38,Shipped
6388,1587,2025-02-21,11751.88,Completed
6389,41,2026-01-22,0.0,Shipped
6390,4497,2025-02-27,18931.46,Completed
6391,4052,2025-12-08,11878.91,Shipped
6392,4274,2025-04-04,40779.87,Shipped
6393,2217,2025-11-06,106572.62,Pending
6394,2573,2026-03-24,0.0,Completed
6395,1363,2025-09-19,45536.49,Completed
6396,3478,2026-03-23,4573.4,Shipped
6397,1681,2025-06-13,8365.28,Completed
6398,4000,2025-07-08,0.0,Completed
6399,2509,2025-03-17,13392.25,Completed
6400,620,2025-08-28,87304.82,Completed
6401,1505,2025-11-08,29823.8,Shipped
6402,4947,2025-03-08,30136.17,Completed
6403,4012,2025-11-29,72746.79,Cancelled
6404,3924,2025-01-01,15058.89,Completed
6405,2134,2025-05-02,19753.54,Shipped
6406,2453,2026-02-21,1355.28,Pending
6407,3883,2025-02-01,0.0,Shipped
6408,3591,2025-05-15,0.0,Cancelled
6409,2893,2025-08-04,31701.87,Pending
6410,900,2025-11-11,3370.36,Shipped
6411,23,2025-09-24,0.0,Pending
6412,418,2025-12-09,35280.48,Completed
6413,3489,2026-02-25,4903.35,Completed
6414,705,2025-07-19,45804.75,Completed
6415,3565,2025-01-17,7826.81,Completed
6416,3812,2025-10-22,65498.79,Shipped
6417,4919,2025-09-30,48471.19,Shipped
6418,2266,2025-12-31,36492.7,Completed
6419,3184,2025-03-04,62412.96,Pending
6420,3802,2026-01-12,5257.32,Completed
6421,2301,2025-05-16,33267.93,Shipped
6422,2676,2025-10-13,17159.12,Pending
6423,3701,2025-12-28,0.0,Shipped
6424,4075,2026-03-19,21887.03,Completed
6425,3883,2025-01-05,21322.97,Shipped
6426,522,2025-08-08,18657.72,Pending
6427,1949,2025-09-13,82183.14,Completed
6428,3283,2026-02-10,89843.32,Completed
6429,2095,2025-11-13,7898.4,Pending
6430,2189,2025-07-02,52256.26,Shipped
6431,3787,2025-06-29,0.0,Shipped
6432,1606,2026-03-23,97182.28,Shipped
6433,2361,2026-01-02,25369.41,Completed
6434,855,2025-05-27,53453.23,Completed
6435,3205,2026-02-15,19322.32,Cancelled
6436,1567,2025-01-05,57175.73,Completed
6437,4651,2025-01-31,88587.42,Shipped
6438,1033,2025-01-29,18552.0,Cancelled
6439,2968,2026-02-12,44798.14,Pending
6440,726,2026-03-16,36395.97,Completed
6441,604,2025-04-26,34090.75,Completed
6442,3130,2025-05-08,41142.21,Pending
6443,2,2025-10-29,36264.76,Completed
6444,2564,2025-07-28,54985.22,Pending
6445,2677,2025-03-02,25901.06,Completed
6446,2350,2025-04-23,14225.67,Completed
6447,2244,2025-03-23,148628.81,Cancelled
6448,3727,2025-01-29,55111.48,Completed
6449,590,2025-08-11,43676.47,Completed
6450,2944,2025-04-13,34952.38,Cancelled
6451,3521,2026-02-20,17265.28,Completed
6452,4882,2026-02-16,21396.29,Completed
6453,2330,2026-01-21,14941.82,Shipped
6454,4433,2025-01-09,6057.65,Shipped
6455,3153,2025-09-19,11204.83,Pending
6456,3085,2025-12-22,0.0,Shipped
6457,1515,2025-09-22,61033.29,Completed
6458,3248,2026-01-17,84054.32,Shipped
6459,2283,2025-07-26,0.0,Completed
6460,3277,2025-04-10,31077.8,Shipped
6461,2034,2026-01-04,56388.96,Pending
6462,2254,2025-06-09,7576.99,Completed
6463,321,2025-03-21,21079.76,Pending
6464,2171,2026-02-28,61666.12,Shipped
6465,3601,2025-10-07,39128.97,Completed
6466,4204,2025-11-27,13271.62,Completed
6467,1570,2025-10-27,55084.22,Shipped
6468,2194,2025-02-18,47967.9,Cancelled
6469,2343,2026-01-13,14107.98,Cancelled
6470,1719,2025-08-12,10731.35,Shipped
6471,2348,2025-11-14,69436.8,Completed
6472,714,2025-01-10,18952.28,Shipped
6473,127,2025-12-21,27077.3,Pending
6474,671,2025-12-17,12231.68,Completed
6475,4456,2025-12-27,4317.2,Completed
6476,3240,2026-03-08,6335.12,Completed
6477,614,2026-03-12,69075.44,Shipped
6478,2662,2025-07-05,33886.66,Pending
6479,2288,2025-07-27,8256.72,Shipped
6480,3377,2025-01-02,64902.83,Completed
6481,494,2026-02-22,79900.43,Shipped
6482,3972,2025-07-16,3613.55,Pending
6483,4023,2025-12-22,66465.94,Shipped
6484,4308,2025-03-20,18649.96,Completed
6485,2547,2025-12-22,36165.46,Completed
6486,3120,2025-06-15,33442.63,Completed
6487,1807,2025-04-15,62031.0,Pending
6488,4024,2026-02-06,52490.0,Cancelled
6489,4321,2026-03-05,9817.25,Completed
6490,641,2025-08-26,26725.13,Pending
6491,880,2025-05-22,40469.34,Completed
6492,4191,2025-02-21,490.3,Shipped
6493,4583,2025-12-11,6693.53,Cancelled
6494,3678,2025-12-21,44130.76,Shipped
6495,3204,2025-01-16,14277.89,Completed
6496,344,2025-07-28,35058.42,Pending
6497,4040,2025-12-25,68319.2,Shipped
6498,4219,2025-12-20,31654.27,Pending
6499,3152,2025-12-11,37637.72,Pending
6500,3411,2025-04-21,91240.17,Shipped
6501,885,2025-09-26,44349.83,Shipped
6502,3603,2026-02-04,128377.8,Pending
6503,2737,2025-12-26,60171.02,Completed
6504,4614,2025-06-11,26032.32,Completed
6505,2236,2025-12-11,62008.12,Shipped
6506,4464,2025-12-26,63280.59,Pending
6507,2685,2026-02-28,38596.14,Shipped
6508,3599,2025-05-07,88220.45,Cancelled
6509,3524,2025-11-14,34541.68,Shipped
6510,4501,2025-02-09,39914.72,Shipped
6511,2883,2025-01-16,16520.46,Completed
6512,1360,2026-03-02,70043.04,Completed
6513,3458,2025-12-23,33179.05,Pending
6514,537,2025-01-22,34242.65,Cancelled
6515,2376,2025-04-01,52232.67,Completed
6516,1595,2025-06-10,0.0,Cancelled
6517,3864,2025-03-03,147230.56,Completed
6518,4204,2026-02-08,21532.04,Shipped
6519,1969,2026-03-23,28161.57,Completed
6520,4382,2025-01-22,66190.29,Shipped
6521,1008,2025-04-01,54358.73,Completed
6522,2764,2025-01-28,38261.72,Cancelled
6523,4080,2025-09-12,49519.68,Completed
6524,2052,2025-12-26,65272.65,Completed
6525,1312,2026-02-26,93220.18,Completed
6526,2357,2025-05-29,14479.24,Shipped
6527,1688,2026-02-02,40236.36,Shipped
6528,2058,2025-05-31,1178.02,Shipped
6529,3257,2025-07-13,32504.07,Cancelled
6530,742,2025-11-27,35279.5,Completed
6531,86,2025-11-12,8036.48,Completed
6532,3581,2025-05-22,31647.83,Pending
6533,1871,2025-07-26,43731.08,Completed
6534,1009,2025-04-05,0.0,Pending
6535,2286,2026-03-12,0.0,Pending
6536,67,2025-02-21,70623.27,Cancelled
6537,2952,2025-12-14,60037.07,Completed
6538,2729,2025-12-27,8564.41,Completed
6539,2761,2025-03-23,88429.35,Shipped
6540,4389,2026-01-25,34544.95,Pending
6541,263,2025-08-28,67882.65,Pending
6542,1440,2025-11-30,53593.57,Completed
6543,3319,2025-09-27,23007.6,Shipped
6544,2719,2025-12-02,29825.48,Completed
6545,331,2025-01-10,45478.68,Completed
6546,2984,2025-08-24,78470.94,Completed
6547,3585,2025-03-23,54776.16,Completed
6548,1648,2025-08-02,17662.11,Shipped
6549,826,2025-04-14,11746.84,Shipped
6550,412,2025-03-24,2237.82,Shipped
6551,179,2026-02-11,15242.9,Shipped
6552,4356,2025-11-05,24465.16,Cancelled
6553,2257,2025-02-25,50349.09,Completed
6554,711,2025-05-09,30504.11,Cancelled
6555,3004,2025-07-29,82498.98,Completed
6556,3180,2026-01-21,55350.45,Completed
6557,1117,2025-02-23,120113.11,Shipped
6558,1362,2025-05-01,25243.77,Completed
6559,1640,2025-09-22,10286.16,Completed
6560,841,2026-03-05,2158.61,Cancelled
6561,1572,2025-10-02,0.0,Pending
6562,213,2025-10-10,73397.18,Shipped
6563,4634,2025-09-22,22547.97,Completed
6564,3258,2025-05-20,48179.91,Shipped
6565,2756,2025-10-13,33275.53,Completed
6566,1335,2026-03-09,7400.2,Cancelled
6567,4136,2025-08-25,87545.28,Cancelled
6568,16,2025-11-30,61089.76,Completed
6569,738,2025-03-23,37523.66,Shipped
6570,2137,2025-08-16,16802.84,Completed
6571,1305,2025-02-17,14590.46,Completed
6572,3665,2025-10-16,36788.96,Completed
6573,937,2026-03-04,109627.53,Completed
6574,3764,2025-11-06,15796.8,Completed
6575,4182,2026-01-08,0.0,Shipped
6576,4284,2025-10-09,3897.58,Pending
6577,2038,2025-08-25,110127.02,Completed
6578,2609,2025-05-31,10701.66,Pending
6579,1416,2026-02-24,6438.81,Shipped
6580,233,2025-08-09,8291.88,Shipped
6581,3750,2025-07-30,0.0,Cancelled
6582,1051,2025-04-26,29739.42,Completed
6583,4467,2025-02-18,25363.41,Completed
6584,2002,2025-07-21,23082.93,Completed
6585,242,2025-10-16,0.0,Completed
6586,1545,2025-08-08,5762.1,Completed
6587,2843,2025-04-14,46757.2,Pending
6588,1268,2025-03-21,64821.31,Completed
6589,1535,2025-09-08,0.0,Pending
6590,2739,2025-05-16,48775.59,Shipped
6591,435,2026-01-29,26915.05,Completed
6592,2594,2025-09-19,34530.16,Shipped
6593,634,2025-11-03,11783.47,Completed
6594,2827,2025-04-25,73736.69,Shipped
6595,3062,2025-01-16,48043.6,Shipped
6596,1649,2025-05-29,18552.0,Completed
6597,4680,2025-12-15,28012.31,Completed
6598,284,2026-02-03,51989.88,Completed
6599,2506,2025-10-13,66427.57,Pending
6600,1063,2025-08-11,149268.12,Shipped
6601,800,2025-06-28,0.0,Cancelled
6602,2398,2025-01-11,39716.12,Shipped
6603,3671,2025-07-20,47108.88,Shipped
6604,941,2025-09-23,53720.37,Completed
6605,237,2025-05-06,0.0,Shipped
6606,2745,2025-10-17,96094.91,Pending
6607,845,2025-04-06,12790.5,Shipped
6608,4372,2026-03-14,0.0,Completed
6609,3190,2025-12-15,10616.44,Completed
6610,3218,2025-07-21,39325.16,Pending
6611,209,2026-01-05,83612.1,Shipped
6612,1023,2025-06-02,34846.9,Completed
6613,365,2025-07-23,68855.96,Cancelled
6614,1666,2025-10-30,17839.57,Completed
6615,1221,2025-12-18,1741.5,Pending
6616,4855,2026-03-06,77473.43,Shipped
6617,1594,2025-11-11,88640.49,Shipped
6618,4414,2025-04-09,8409.01,Pending
6619,1289,2025-11-18,33753.0,Completed
6620,3443,2026-03-22,88470.78,Completed
6621,2529,2025-10-12,20559.1,Completed
6622,1026,2025-10-14,53829.69,Pending
6623,836,2025-03-20,32908.9,Completed
6624,2397,2025-09-03,0.0,Pending
6625,2207,2025-09-02,8878.51,Completed
6626,4078,2025-05-09,29400.94,Completed
6627,1189,2025-02-28,71179.97,Completed
6628,2855,2025-05-01,25236.72,Completed
6629,4035,2025-10-05,12335.46,Shipped
6630,1896,2025-08-31,63621.93,Pending
6631,3773,2025-03-25,6475.83,Completed
6632,2904,2026-01-03,22691.12,Cancelled
6633,2062,2026-03-26,19127.56,Pending
6634,3087,2025-09-21,0.0,Pending
6635,1260,2026-02-06,30200.25,Completed
6636,1889,2025-06-11,43894.47,Shipped
6637,1401,2025-05-29,6298.24,Completed
6638,1953,2025-06-23,16447.28,Completed
6639,557,2025-03-05,61213.37,Completed
6640,860,2025-12-16,28913.35,Pending
6641,518,2025-08-17,6550.82,Shipped
6642,1641,2025-02-02,4962.95,Pending
6643,3004,2025-12-28,40978.81,Shipped
6644,3290,2026-01-03,76040.11,Completed
6645,1012,2025-08-05,17857.14,Completed
6646,2172,2025-08-20,92112.01,Pending
6647,2654,2026-02-03,21322.04,Shipped
6648,2487,2026-02-16,1994.61,Shipped
6649,1817,2025-03-22,79582.07,Shipped
6650,1704,2025-10-03,15405.0,Completed
6651,710,2025-02-20,0.0,Completed
6652,584,2026-01-02,140730.11,Completed
6653,3629,2025-01-14,40315.3,Completed
6654,3484,2026-02-04,10330.95,Completed
6655,3400,2025-05-29,37967.98,Completed
6656,2176,2025-11-26,44904.14,Shipped
6657,2001,2025-01-11,23211.1,Completed
6658,2392,2025-01-01,97193.95,Completed
6659,3769,2025-07-28,30787.98,Pending
6660,4579,2025-06-15,0.0,Completed
6661,4590,2026-03-25,45137.72,Completed
6662,3982,2025-04-07,89391.14,Completed
6663,3008,2026-01-31,10538.79,Shipped
6664,2744,2025-11-15,65743.69,Shipped
6665,4377,2025-07-09,49222.36,Shipped
6666,4930,2025-08-31,17435.64,Completed
6667,3080,2025-06-17,0.0,Shipped
6668,1821,2026-02-13,31194.38,Cancelled
6669,3110,2026-02-03,5769.87,Completed
6670,4651,2025-03-19,1906.15,Shipped
6671,1147,2025-12-25,36060.6,Pending
6672,2906,2026-03-02,68685.97,Cancelled
6673,3093,2026-02-03,71918.42,Pending
6674,2977,2025-03-01,4297.32,Completed
6675,727,2025-01-01,4111.82,Completed
6676,2169,2026-03-08,37146.18,Completed
6677,4858,2025-03-29,1021.97,Completed
6678,2939,2025-07-21,54663.61,Completed
6679,278,2025-06-12,56976.52,Cancelled
6680,4685,2025-10-18,33616.12,Shipped
6681,3330,2025-02-13,55278.52,Cancelled
6682,1217,2025-11-12,71469.59,Pending
6683,3051,2025-11-04,68554.47,Shipped
6684,1297,2025-04-06,40526.38,Completed
6685,1783,2025-12-04,76000.34,Shipped
6686,1038,2025-05-08,18271.73,Completed
6687,2802,2025-08-13,92801.06,Completed
6688,1447,2025-12-13,0.0,Shipped
6689,3144,2025-04-12,55556.25,Cancelled
6690,4524,2025-04-25,53296.87,Completed
6691,2534,2025-10-04,111596.75,Pending
6692,1552,2025-12-24,0.0,Completed
6693,1619,2026-02-09,45102.07,Cancelled
6694,3109,2026-01-23,38998.48,Completed
6695,4924,2025-05-01,9392.7,Pending
6696,1462,2025-12-28,15030.56,Completed
6697,2679,2025-07-10,0.0,Cancelled
6698,887,2026-01-30,30640.42,Cancelled
6699,3456,2025-10-30,89302.5,Shipped
6700,4217,2025-05-24,62307.99,Pending
6701,3600,2026-01-23,7816.26,Completed
6702,2815,2025-11-16,0.0,Cancelled
6703,4868,2025-01-21,28752.24,Completed
6704,2209,2026-02-13,4032.63,Completed
6705,853,2025-03-19,55414.98,Shipped
6706,793,2025-01-27,64923.86,Cancelled
6707,2401,2025-06-05,154601.4,Completed
6708,3741,2025-09-04,0.0,Completed
6709,3072,2025-06-07,14119.83,Completed
6710,538,2025-05-25,41098.7,Completed
6711,2256,2025-07-27,38324.21,Completed
6712,4847,2026-01-17,0.0,Completed
6713,2344,2025-04-24,14479.24,Completed
6714,2386,2026-03-26,41929.34,Shipped
6715,2873,2025-03-04,71442.68,Shipped
6716,3984,2025-07-28,0.0,Pending
6717,471,2026-01-07,68449.95,Shipped
6718,2463,2025-09-18,51965.05,Pending
6719,604,2025-10-03,55569.54,Completed
6720,2661,2025-07-23,101237.04,Completed
6721,4068,2025-07-27,0.0,Completed
6722,3683,2025-08-01,20481.82,Completed
6723,1064,2025-08-20,52613.75,Completed
6724,2109,2025-05-23,0.0,Shipped
6725,2796,2025-04-16,50386.5,Completed
6726,1105,2026-01-06,86627.62,Completed
6727,1733,2025-11-06,11991.71,Pending
6728,2641,2025-12-15,45685.63,Completed
6729,2100,2025-01-02,46193.99,Completed
6730,3272,2025-11-23,0.0,Pending
6731,2023,2025-01-25,24716.69,Shipped
6732,253,2025-04-01,0.0,Pending
6733,4054,2025-04-24,17168.76,Cancelled
6734,2951,2025-04-24,30710.22,Shipped
6735,3598,2025-01-07,17584.06,Completed
6736,2076,2026-03-22,5890.1,Cancelled
6737,4118,2026-02-23,28502.96,Completed
6738,4883,2025-07-08,0.0,Shipped
6739,247,2025-10-17,15479.86,Shipped
6740,1418,2025-12-20,106717.36,Completed
6741,489,2025-03-03,45717.58,Shipped
6742,849,2025-09-11,72135.39,Completed
6743,707,2025-09-30,46651.7,Completed
6744,4109,2026-01-25,0.0,Completed
6745,2858,2025-10-31,8283.02,Pending
6746,4072,2025-01-05,25872.0,Pending
6747,133,2025-09-13,0.0,Completed
6748,1585,2026-03-12,17642.1,Completed
6749,221,2025-12-31,38647.09,Pending
6750,1807,2025-10-31,5989.12,Completed
6751,2940,2025-05-14,27242.53,Completed
6752,3447,2025-07-26,65790.15,Pending
6753,2146,2025-09-21,90870.15,Shipped
6754,3201,2025-09-30,56099.14,Cancelled
6755,157,2025-10-05,89232.48,Completed
6756,2772,2025-05-30,18785.4,Shipped
6757,3070,2025-01-16,24721.14,Completed
6758,2697,2025-06-11,85372.0,Pending
6759,285,2025-09-13,18439.83,Shipped
6760,735,2025-01-18,25939.14,Shipped
6761,3327,2025-10-22,0.0,Completed
6762,1346,2025-11-09,6957.27,Completed
6763,3744,2025-10-25,27567.88,Completed
6764,1236,2025-11-15,72556.94,Cancelled
6765,1049,2025-03-23,0.0,Shipped
6766,2215,2026-03-04,13091.5,Pending
6767,3370,2025-07-29,26403.99,Pending
6768,2732,2025-09-05,61832.43,Cancelled
6769,1797,2026-02-01,19415.91,Shipped
6770,3631,2025-10-11,55364.02,Shipped
6771,2692,2026-02-02,4975.05,Shipped
6772,1278,2025-06-05,49594.99,Completed
6773,1940,2026-02-21,0.0,Completed
6774,4608,2025-10-07,27918.19,Shipped
6775,4539,2025-08-21,41195.64,Shipped
6776,1240,2025-02-19,81222.89,Completed
6777,595,2026-02-19,16176.22,Shipped
6778,4117,2026-01-09,46649.51,Pending
6779,3167,2026-02-16,7618.17,Shipped
6780,3179,2025-05-04,21285.18,Shipped
6781,4548,2025-09-17,33831.24,Shipped
6782,2476,2025-02-02,21432.75,Cancelled
6783,849,2025-09-29,89357.74,Cancelled
6784,3859,2026-02-14,69165.43,Completed
6785,1561,2025-02-19,45717.52,Completed
6786,2458,2025-12-11,64218.1,Completed
6787,1121,2026-01-19,0.0,Shipped
6788,1923,2025-04-02,9641.0,Pending
6789,4935,2026-03-14,0.0,Cancelled
6790,564,2025-05-10,11272.92,Pending
6791,1205,2026-03-01,40564.62,Completed
6792,3495,2025-10-23,130403.47,Shipped
6793,2132,2026-02-08,99849.19,Completed
6794,324,2026-03-01,43650.76,Shipped
6795,4150,2025-11-13,16574.53,Cancelled
6796,1302,2025-03-12,31659.04,Shipped
6797,2990,2025-02-10,60747.12,Pending
6798,3769,2025-01-12,17782.69,Completed
6799,2605,2025-12-07,68299.65,Completed
6800,1474,2025-06-05,0.0,Cancelled
6801,4222,2025-07-08,50306.85,Pending
6802,3735,2025-04-05,6166.7,Completed
6803,4176,2025-08-03,44633.0,Completed
6804,516,2025-01-13,9050.82,Completed
6805,4147,2025-12-13,16314.37,Completed
6806,2656,2025-08-30,42235.84,Completed
6807,352,2026-01-09,13161.96,Pending
6808,2236,2025-05-05,16903.05,Completed
6809,1744,2025-11-18,83583.6,Completed
6810,1731,2025-10-26,51718.99,Shipped
6811,1751,2025-06-15,5285.57,Completed
6812,433,2026-03-10,14295.76,Completed
6813,2321,2026-02-04,6438.81,Pending
6814,3835,2026-02-01,0.0,Shipped
6815,2165,2025-06-03,33689.7,Completed
6816,4833,2026-02-23,20260.02,Pending
6817,1183,2025-10-10,103499.5,Pending
6818,154,2025-07-24,41907.5,Pending
6819,4607,2025-10-30,72731.85,Shipped
6820,932,2025-06-13,45368.82,Completed
6821,4986,2025-11-01,25093.79,Shipped
6822,3323,2026-01-31,28752.24,Completed
6823,73,2025-10-22,43267.39,Shipped
6824,79,2025-06-17,45098.93,Shipped
6825,3952,2025-12-25,11681.89,Completed
6826,1864,2025-12-24,8910.25,Cancelled
6827,1399,2025-11-21,61577.02,Pending
6828,3541,2025-10-25,28820.84,Completed
6829,1994,2025-01-05,21315.37,Completed
6830,1313,2025-11-23,41552.24,Completed
6831,350,2025-11-20,0.0,Shipped
6832,3590,2025-12-22,27882.92,Completed
6833,1839,2025-11-03,38636.32,Shipped
6834,4612,2025-05-01,76117.67,Completed
6835,534,2025-06-03,77353.32,Shipped
6836,2507,2025-03-25,57819.68,Shipped
6837,3898,2025-05-14,29481.97,Pending
6838,2767,2025-08-21,12544.2,Shipped
6839,489,2025-08-29,63857.38,Completed
6840,299,2026-01-15,12240.94,Pending
6841,65,2025-11-18,55067.55,Completed
6842,192,2025-06-08,28853.38,Cancelled
6843,3744,2025-09-19,36928.33,Pending
6844,2048,2025-08-26,50584.27,Pending
6845,1177,2026-01-13,0.0,Completed
6846,4675,2025-02-15,0.0,Shipped
6847,2905,2025-08-05,48218.74,Shipped
6848,864,2025-08-16,79940.67,Completed
6849,4957,2025-05-31,43989.75,Shipped
6850,432,2025-10-10,46775.6,Shipped
6851,1389,2025-04-23,10931.76,Completed
6852,4248,2025-07-30,51902.36,Pending
6853,702,2026-01-08,2968.82,Shipped
6854,2125,2025-11-21,108251.42,Shipped
6855,4285,2026-03-26,96945.7,Shipped
6856,4189,2025-01-16,48025.1,Completed
6857,272,2025-01-31,44703.1,Shipped
6858,3487,2025-04-25,0.0,Shipped
6859,2722,2026-03-17,54121.42,Completed
6860,1645,2026-02-08,46567.89,Completed
6861,1985,2025-03-19,25830.78,Shipped
6862,4015,2025-09-28,20629.16,Completed
6863,4811,2025-02-23,18784.1,Completed
6864,1360,2025-03-19,10888.06,Pending
6865,137,2026-03-17,23295.36,Completed
6866,1818,2025-07-21,8463.2,Completed
6867,1021,2025-07-22,26480.6,Shipped
6868,4233,2025-08-05,38367.28,Shipped
6869,4943,2026-03-26,58298.49,Completed
6870,3590,2025-01-13,20660.07,Completed
6871,1079,2025-04-04,17486.6,Completed
6872,2539,2025-06-08,14642.99,Completed
6873,1362,2025-05-13,5976.52,Shipped
6874,4281,2025-09-24,32712.48,Shipped
6875,4867,2025-03-20,40664.16,Shipped
6876,92,2025-02-15,35216.68,Shipped
6877,3375,2025-01-12,41720.05,Pending
6878,2633,2025-04-24,67937.67,Cancelled
6879,3423,2025-01-08,46540.7,Completed
6880,809,2025-10-15,7965.9,Pending
6881,1676,2025-06-06,50991.44,Shipped
6882,1036,2025-07-03,33154.71,Completed
6883,3054,2025-12-11,24429.74,Completed
6884,4668,2025-05-09,69429.24,Completed
6885,3281,2026-03-11,17306.74,Shipped
6886,337,2025-02-11,67211.72,Pending
6887,679,2025-09-25,125450.04,Pending
6888,1990,2025-09-19,8611.56,Pending
6889,2163,2025-02-15,25404.57,Pending
6890,1513,2025-06-26,35073.8,Shipped
6891,789,2025-02-14,45383.8,Cancelled
6892,2246,2025-11-21,36463.11,Pending
6893,4782,2025-08-17,3433.46,Shipped
6894,959,2025-05-13,0.0,Completed
6895,4149,2025-07-03,17448.02,Shipped
6896,1486,2025-01-01,100719.0,Completed
6897,3244,2026-01-09,36396.74,Cancelled
6898,4498,2025-10-13,23704.25,Completed
6899,4979,2026-01-21,9784.53,Completed
6900,3545,2025-04-12,62002.65,Shipped
6901,2124,2025-07-05,0.0,Cancelled
6902,4270,2025-10-24,57580.75,Completed
6903,1841,2025-06-17,103213.57,Completed
6904,3879,2025-08-16,6436.68,Shipped
6905,1352,2025-04-07,28608.96,Completed
6906,4059,2025-08-29,0.0,Completed
6907,3952,2025-05-12,21587.62,Shipped
6908,89,2025-12-25,7531.88,Completed
6909,4232,2026-01-08,39864.66,Shipped
6910,2873,2025-06-26,32944.21,Completed
6911,3781,2025-07-19,33376.33,Pending
6912,4650,2025-03-29,51120.81,Completed
6913,584,2026-02-09,33935.2,Completed
6914,3795,2025-11-14,10587.0,Pending
6915,1130,2025-04-21,55699.11,Cancelled
6916,4704,2025-05-01,24626.03,Completed
6917,4254,2025-05-02,13522.44,Completed
6918,3015,2025-09-12,39430.3,Pending
6919,3195,2026-02-06,63653.25,Pending
6920,4680,2025-12-15,26455.44,Completed
6921,3579,2025-01-06,4172.77,Shipped
6922,4271,2025-12-16,18301.08,Shipped
6923,2578,2025-06-10,48178.59,Completed
6924,1665,2025-10-04,4748.37,Completed
6925,4942,2025-06-15,1641.95,Cancelled
6926,2133,2025-01-30,46960.72,Shipped
6927,771,2025-10-17,29518.14,Completed
6928,3617,2025-03-27,15087.37,Shipped
6929,3885,2026-02-05,51477.8,Completed
6930,3747,2025-09-08,11826.36,Completed
6931,3404,2025-08-03,71406.08,Shipped
6932,2572,2025-10-12,29304.6,Completed
6933,2096,2025-03-04,64314.9,Completed
6934,4516,2025-05-29,0.0,Completed
6935,53,2025-09-09,0.0,Completed
6936,1801,2025-06-21,14664.15,Completed
6937,3346,2025-04-05,57074.93,Completed
6938,2069,2025-12-23,69592.78,Shipped
6939,4414,2025-02-05,16015.61,Completed
6940,4463,2025-03-12,110407.58,Completed
6941,3736,2025-09-10,0.0,Pending
6942,3004,2025-06-13,10575.57,Shipped
6943,3522,2025-07-17,68462.87,Completed
6944,2619,2025-08-21,55255.94,Pending
6945,453,2025-10-05,11272.92,Shipped
6946,1218,2025-02-14,7515.28,Cancelled
6947,310,2025-11-26,97069.01,Shipped
6948,3383,2025-01-20,61931.32,Cancelled
6949,1057,2026-02-11,0.0,Completed
6950,3101,2025-09-09,59134.72,Completed
6951,4780,2025-03-22,74324.45,Shipped
6952,1461,2025-05-19,17110.91,Shipped
6953,513,2025-10-14,92505.15,Completed
6954,1176,2026-03-09,43009.21,Completed
6955,3050,2025-10-27,0.0,Pending
6956,4764,2025-03-30,12750.36,Completed
6957,3875,2025-07-10,28516.2,Shipped
6958,3134,2025-10-30,54958.54,Completed
6959,2245,2025-10-19,51025.13,Pending
6960,3615,2025-10-08,37518.16,Completed
6961,1878,2025-01-27,0.0,Cancelled
6962,697,2025-02-03,32193.0,Completed
6963,2404,2025-10-14,48617.45,Completed
6964,2784,2025-12-28,80856.76,Pending
6965,2,2025-06-16,37224.56,Completed
6966,4613,2025-04-04,18091.51,Completed
6967,1602,2025-11-10,54021.29,Completed
6968,1112,2025-06-12,8653.8,Completed
6969,1815,2026-02-27,57623.66,Shipped
6970,4304,2025-06-27,29074.88,Completed
6971,4208,2025-11-16,41357.71,Shipped
6972,2589,2025-08-06,0.0,Pending
6973,1055,2025-12-05,41186.34,Shipped
6974,4343,2025-12-31,50514.01,Shipped
6975,2373,2025-09-01,0.0,Pending
6976,2837,2025-03-25,17237.4,Pending
6977,4235,2026-01-27,38104.35,Completed
6978,1908,2025-06-13,50864.6,Shipped
6979,2572,2025-04-25,50112.86,Cancelled
6980,71,2025-04-27,12178.68,Completed
6981,3192,2025-06-09,13485.21,Completed
6982,2426,2025-08-29,23407.89,Completed
6983,2118,2025-07-10,46671.21,Cancelled
6984,2336,2025-08-05,39547.98,Shipped
6985,1107,2025-12-28,19875.82,Completed
6986,2037,2026-03-04,47418.03,Completed
6987,3747,2025-06-20,80111.3,Completed
6988,2588,2025-12-19,84529.79,Completed
6989,3789,2025-08-23,0.0,Completed
6990,1129,2025-06-24,45724.63,Cancelled
6991,3037,2025-03-16,31582.88,Cancelled
6992,4567,2025-07-19,24928.38,Completed
6993,92,2025-04-30,57277.07,Completed
6994,3889,2026-03-04,63303.72,Pending
6995,512,2025-02-24,35879.78,Completed
6996,3724,2025-09-13,44795.98,Shipped
6997,2203,2025-07-10,5356.9,Completed
6998,1923,2026-03-18,3311.18,Shipped
6999,3594,2025-04-19,152811.33,Completed
7000,4948,2026-02-08,93281.34,Completed
7001,2369,2025-09-25,50465.58,Completed
7002,3833,2025-02-25,44253.18,Shipped
7003,3733,2025-12-07,56244.36,Pending
7004,1952,2025-09-27,36439.22,Shipped
7005,3271,2025-07-01,14427.15,Completed
7006,2966,2025-05-31,24799.08,Cancelled
7007,559,2025-08-26,21513.44,Pending
7008,802,2025-03-17,38513.12,Cancelled
7009,594,2026-01-28,3236.96,Completed
7010,2946,2026-02-15,32573.19,Completed
7011,1789,2025-07-17,775.26,Cancelled
7012,1495,2025-10-16,21744.08,Completed
7013,2048,2025-12-08,9066.19,Completed
7014,4729,2025-01-11,38326.34,Completed
7015,3192,2025-08-18,0.0,Shipped
7016,87,2025-06-16,57131.51,Completed
7017,850,2025-09-18,52708.35,Completed
7018,2020,2025-07-04,11184.6,Completed
7019,4666,2025-05-09,12745.08,Pending
7020,4550,2025-03-19,47654.95,Shipped
7021,4371,2025-10-10,36367.49,Completed
7022,1544,2025-07-10,60687.23,Completed
7023,3398,2026-02-16,131505.81,Shipped
7024,302,2026-03-21,10264.3,Completed
7025,792,2025-05-06,0.0,Pending
7026,2530,2025-10-11,16325.1,Cancelled
7027,4348,2026-02-06,21037.47,Completed
7028,231,2025-07-07,45176.75,Cancelled
7029,417,2025-07-24,48734.67,Cancelled
7030,1178,2025-04-01,0.0,Shipped
7031,3717,2025-09-10,98120.73,Shipped
7032,3125,2026-03-01,76918.37,Completed
7033,2615,2025-04-09,0.0,Pending
7034,1104,2025-06-30,11487.39,Pending
7035,3477,2025-08-21,114101.54,Cancelled
7036,987,2025-03-31,42732.79,Completed
7037,1794,2025-02-23,6928.36,Shipped
7038,2482,2025-10-20,40777.89,Completed
7039,408,2025-07-20,75364.72,Shipped
7040,1617,2025-01-16,0.0,Shipped
7041,4400,2025-03-19,28223.51,Completed
7042,3776,2025-04-15,36454.05,Shipped
7043,860,2025-09-08,89009.27,Completed
7044,3350,2025-01-28,46448.02,Shipped
7045,4752,2025-10-13,17327.45,Completed
7046,566,2025-09-27,16330.48,Cancelled
7047,4947,2026-02-27,170170.5,Pending
7048,859,2026-01-11,12993.48,Completed
7049,3388,2026-02-16,125761.64,Completed
7050,3466,2025-08-02,71025.26,Completed
7051,1820,2026-02-23,27013.36,Completed
7052,3654,2025-11-21,13320.49,Cancelled
7053,274,2025-10-28,39686.87,Pending
7054,2971,2025-04-11,27269.7,Completed
7055,3738,2025-07-11,20042.3,Pending
7056,2403,2025-04-10,0.0,Pending
7057,4110,2025-10-17,748.02,Shipped
7058,2109,2025-07-11,12630.42,Completed
7059,2805,2025-07-02,93478.21,Shipped
7060,2346,2025-10-13,0.0,Pending
7061,85,2025-09-11,30700.1,Completed
7062,4412,2025-10-18,86698.51,Cancelled
7063,1750,2025-12-12,516.84,Cancelled
7064,2952,2025-07-16,33334.35,Shipped
7065,1423,2025-12-20,8544.63,Shipped
7066,2407,2025-10-01,14873.29,Pending
7067,1470,2025-05-23,36618.43,Pending
7068,1763,2025-07-10,0.0,Cancelled
7069,763,2025-03-01,26975.67,Pending
7070,236,2025-02-15,85248.93,Completed
7071,3167,2025-03-23,53531.14,Completed
7072,4054,2025-06-19,70642.87,Completed
7073,2331,2026-03-07,9485.8,Shipped
7074,1344,2025-09-07,32156.73,Shipped
7075,921,2025-09-28,34941.1,Completed
7076,1935,2025-03-25,115647.35,Pending
7077,2207,2025-07-28,38208.55,Shipped
7078,973,2025-04-01,50641.11,Shipped
7079,597,2026-01-15,0.0,Shipped
7080,2232,2025-07-24,2831.9,Pending
7081,1842,2025-01-22,16385.62,Cancelled
7082,1390,2025-07-19,0.0,Cancelled
7083,3760,2025-07-23,33297.0,Cancelled
7084,2549,2025-06-26,30797.85,Pending
7085,3884,2026-02-13,65061.68,Shipped
7086,563,2025-08-01,4105.72,Cancelled
7087,3043,2025-02-20,80421.23,Shipped
7088,781,2025-05-03,19286.6,Shipped
7089,4438,2025-03-06,11200.71,Completed
7090,1589,2025-07-08,40806.41,Shipped
7091,3550,2025-06-24,80346.08,Completed
7092,4231,2025-01-06,32800.8,Completed
7093,4888,2025-12-26,1867.48,Shipped
7094,2591,2026-03-23,68274.73,Completed
7095,75,2025-03-06,48859.31,Shipped
7096,327,2025-01-24,64146.44,Cancelled
7097,4889,2025-03-09,35732.99,Pending
7098,1458,2025-08-04,38095.94,Shipped
7099,2976,2025-11-09,48163.95,Cancelled
7100,4377,2025-05-09,74080.09,Pending
7101,3701,2025-06-26,54349.1,Cancelled
7102,3900,2025-02-26,4507.23,Completed
7103,4495,2025-10-13,43938.35,Completed
7104,1943,2025-02-10,34043.01,Pending
7105,2269,2025-10-03,0.0,Completed
7106,1963,2025-06-13,50902.48,Shipped
7107,4214,2025-08-19,23829.39,Cancelled
7108,853,2025-07-13,30834.43,Shipped
7109,2524,2025-10-29,37447.22,Shipped
7110,2269,2026-02-14,0.0,Pending
7111,1359,2025-01-14,0.0,Completed
7112,716,2026-02-19,27784.8,Completed
7113,2253,2025-03-24,142133.8,Shipped
7114,4328,2025-11-07,44209.72,Completed
7115,4477,2026-01-12,59424.02,Completed
7116,1416,2025-05-15,8002.21,Cancelled
7117,3490,2025-12-01,30820.03,Shipped
7118,2261,2025-09-14,0.0,Cancelled
7119,1782,2025-01-07,9523.77,Completed
7120,1244,2026-03-23,46872.9,Cancelled
7121,4072,2026-02-26,15120.81,Completed
7122,2012,2026-01-05,76269.26,Completed
7123,387,2025-08-08,35394.2,Completed
7124,3764,2026-02-26,17578.45,Shipped
7125,4055,2025-05-04,557.07,Shipped
7126,2851,2025-10-27,34731.0,Completed
7127,2996,2025-09-09,12993.48,Shipped
7128,3045,2025-01-29,69448.48,Pending
7129,2084,2025-03-18,59815.1,Shipped
7130,3164,2025-10-03,43057.8,Shipped
7131,3805,2025-11-09,20640.8,Pending
7132,414,2025-09-20,21489.43,Completed
7133,3295,2026-03-21,21872.43,Completed
7134,3618,2025-10-05,48221.5,Shipped
7135,1567,2026-02-01,2133.74,Shipped
7136,3099,2025-05-10,56375.79,Pending
7137,6,2025-08-15,8568.55,Completed
7138,4125,2025-11-23,86825.18,Completed
7139,1917,2025-02-24,31031.22,Completed
7140,1959,2025-01-04,0.0,Completed
7141,792,2025-02-09,55412.24,Shipped
7142,3606,2025-02-11,100215.7,Completed
7143,1461,2026-02-12,22669.97,Shipped
7144,4923,2026-01-27,8585.96,Shipped
7145,201,2025-08-18,18813.89,Completed
7146,3144,2025-02-04,21728.98,Completed
7147,4164,2026-01-10,18079.02,Pending
7148,1749,2025-03-15,62189.23,Pending
7149,1937,2025-09-26,32720.36,Cancelled
7150,824,2025-01-26,10635.06,Shipped
7151,3315,2026-01-31,4172.77,Completed
7152,4858,2025-09-04,3870.03,Shipped
7153,3553,2025-12-18,45226.03,Completed
7154,3543,2025-11-04,72180.32,Completed
7155,2467,2025-05-11,31583.76,Completed
7156,1548,2025-02-16,27385.93,Completed
7157,1511,2025-05-27,68270.85,Shipped
7158,4247,2025-03-31,0.0,Cancelled
7159,4162,2025-01-15,46003.37,Pending
7160,605,2025-10-05,33601.32,Completed
7161,4522,2025-10-20,45491.08,Completed
7162,4751,2025-07-07,1081.56,Shipped
7163,2017,2025-03-13,8407.44,Completed
7164,975,2025-08-28,34112.0,Completed
7165,4545,2025-03-20,76125.46,Shipped
7166,3643,2025-12-11,21421.47,Completed
7167,3229,2025-12-05,33551.4,Completed
7168,875,2026-03-21,74816.05,Pending
7169,318,2025-08-03,3200.61,Completed
7170,2605,2026-03-01,65536.2,Shipped
7171,3242,2026-03-26,1133.55,Completed
7172,2654,2026-02-11,57205.57,Pending
7173,1997,2025-12-10,19741.46,Cancelled
7174,1279,2025-07-21,71888.62,Shipped
7175,1163,2025-02-24,54969.36,Completed
7176,3799,2025-02-10,30805.51,Pending
7177,3874,2026-02-18,32985.92,Pending
7178,2777,2025-03-02,36103.0,Shipped
7179,2955,2025-10-03,36704.84,Completed
7180,1712,2026-02-02,2608.89,Shipped
7181,3502,2026-02-04,48637.58,Shipped
7182,1913,2026-02-09,40553.88,Cancelled
7183,4962,2025-11-09,42340.3,Shipped
7184,4485,2025-10-22,92809.03,Completed
7185,2068,2025-01-08,32090.26,Shipped
7186,2535,2025-07-19,12477.32,Completed
7187,3553,2025-11-18,25968.99,Completed
7188,3849,2025-07-29,65899.0,Completed
7189,1001,2025-10-07,16401.22,Shipped
7190,1869,2025-01-08,38900.43,Cancelled
7191,4387,2025-08-11,3897.58,Completed
7192,2367,2025-06-15,53009.84,Completed
7193,2263,2025-10-12,63576.12,Completed
7194,3208,2026-01-21,9755.9,Completed
7195,70,2025-09-06,0.0,Completed
7196,3741,2025-08-06,119222.79,Completed
7197,1469,2025-07-19,3515.69,Completed
7198,3662,2025-04-07,21672.16,Cancelled
7199,2000,2025-10-24,32191.46,Pending
7200,789,2025-03-25,109233.07,Completed
7201,236,2025-08-24,0.0,Pending
7202,2075,2025-09-11,28712.62,Cancelled
7203,347,2025-08-09,98018.59,Shipped
7204,3581,2025-11-23,101019.47,Pending
7205,4105,2025-10-08,30275.83,Completed
7206,2537,2025-06-25,64232.59,Shipped
7207,1594,2025-01-16,30574.32,Completed
7208,1144,2026-02-26,22971.84,Pending
7209,2889,2025-12-21,34490.49,Completed
7210,1735,2026-03-05,13884.54,Cancelled
7211,2004,2025-11-11,50296.42,Completed
7212,2567,2025-05-12,58075.76,Completed
7213,3024,2025-07-18,43163.12,Completed
7214,1814,2026-01-07,71794.25,Completed
7215,4766,2025-07-19,14092.96,Completed
7216,2261,2025-07-20,120612.17,Cancelled
7217,836,2025-03-09,44709.15,Cancelled
7218,2297,2026-01-19,5527.92,Shipped
7219,4946,2025-10-26,45098.84,Pending
7220,541,2026-01-30,43721.11,Cancelled
7221,1966,2025-11-13,27908.2,Pending
7222,739,2026-03-27,20478.69,Pending
7223,1941,2025-10-25,30905.02,Completed
7224,2435,2025-07-03,69682.79,Completed
7225,2683,2025-10-26,60507.48,Completed
7226,2372,2025-03-17,61442.09,Shipped
7227,2290,2025-02-04,53065.27,Pending
7228,3024,2025-05-02,49484.9,Shipped
7229,3335,2025-02-06,42612.77,Shipped
7230,4394,2025-04-17,0.0,Completed
7231,495,2025-04-25,45197.55,Cancelled
7232,758,2025-08-06,20230.7,Completed
7233,4546,2025-08-17,0.0,Shipped
7234,673,2025-04-04,77700.45,Completed
7235,2708,2025-06-25,53372.46,Shipped
7236,3262,2025-05-06,55942.83,Completed
7237,992,2026-02-12,73661.19,Shipped
7238,4483,2025-08-25,47274.17,Cancelled
7239,1030,2025-09-06,905.56,Shipped
7240,4306,2025-07-11,14959.56,Completed
7241,3753,2025-09-20,96889.26,Pending
7242,2342,2026-02-11,17471.52,Completed
7243,1712,2025-09-22,0.0,Shipped
7244,882,2026-01-27,14679.64,Completed
7245,584,2025-09-04,0.0,Shipped
7246,495,2026-02-06,42431.82,Cancelled
7247,2383,2025-05-31,102787.27,Pending
7248,343,2026-02-06,92674.67,Completed
7249,4775,2026-01-07,47776.23,Completed
7250,992,2026-02-02,22514.62,Completed
7251,2987,2025-10-19,9608.72,Pending
7252,3227,2025-06-29,6616.05,Shipped
7253,4907,2025-12-28,95970.16,Shipped
7254,2954,2025-09-18,105740.0,Completed
7255,2025,2026-02-14,48990.02,Shipped
7256,1038,2025-04-13,4050.64,Pending
7257,1028,2026-02-26,35150.68,Cancelled
7258,4522,2026-01-23,0.0,Completed
7259,423,2026-03-06,27106.05,Cancelled
7260,909,2025-10-15,452.78,Completed
7261,2417,2025-08-26,41839.74,Completed
7262,3205,2025-08-01,35811.0,Cancelled
7263,3759,2025-11-27,8852.09,Completed
7264,592,2025-08-07,4846.12,Completed
7265,455,2025-07-27,57137.3,Cancelled
7266,726,2025-10-13,40762.04,Completed
7267,4195,2026-02-02,7531.18,Completed
7268,3471,2026-02-08,30547.24,Completed
7269,179,2026-02-13,73171.2,Pending
7270,2699,2025-03-04,34435.74,Shipped
7271,3924,2025-09-21,20630.22,Shipped
7272,2341,2025-02-03,9739.1,Shipped
7273,4130,2025-10-20,68493.19,Completed
7274,3368,2026-01-09,67245.32,Completed
7275,2588,2025-11-29,42649.53,Shipped
7276,997,2025-10-16,39207.3,Cancelled
7277,2269,2025-01-01,58792.23,Completed
7278,133,2025-07-04,30960.64,Shipped
7279,3195,2025-01-31,27592.47,Shipped
7280,1056,2025-01-30,113525.0,Pending
7281,568,2025-12-05,41707.61,Completed
7282,2774,2026-01-13,86694.71,Pending
7283,4367,2025-08-16,9496.4,Pending
7284,737,2026-03-21,52582.64,Completed
7285,288,2025-12-31,24942.87,Completed
7286,390,2025-12-04,39208.27,Shipped
7287,1184,2025-06-04,0.0,Completed
7288,2675,2025-03-08,19420.1,Completed
7289,1521,2025-12-02,76426.11,Shipped
7290,50,2025-12-25,18788.2,Pending
7291,2503,2025-08-27,75015.07,Shipped
7292,4527,2025-01-20,23106.23,Shipped
7293,4381,2025-04-29,68909.37,Completed
7294,706,2025-07-10,33092.72,Completed
7295,1760,2025-01-29,40246.44,Shipped
7296,2110,2025-07-05,0.0,Shipped
7297,4715,2025-03-11,0.0,Cancelled
7298,2928,2025-04-22,24203.43,Pending
7299,4835,2025-08-07,30899.7,Cancelled
7300,1367,2025-12-11,0.0,Completed
7301,3479,2025-10-11,7201.79,Completed
7302,1639,2025-03-04,9565.21,Cancelled
7303,705,2025-12-19,16675.26,Shipped
7304,616,2025-12-15,11256.18,Shipped
7305,721,2025-01-23,17223.12,Pending
7306,942,2025-01-12,0.0,Cancelled
7307,4510,2025-03-20,21855.97,Cancelled
7308,2692,2026-02-05,48962.4,Shipped
7309,1062,2025-08-04,41964.68,Completed
7310,1095,2025-06-18,55716.17,Completed
7311,2016,2025-01-27,7624.6,Pending
7312,518,2025-06-15,42900.79,Completed
7313,1264,2025-12-15,76838.12,Completed
7314,4940,2025-02-07,8906.46,Cancelled
7315,763,2025-01-19,58376.83,Completed
7316,3609,2025-02-05,24282.02,Completed
7317,4354,2025-06-15,15641.87,Cancelled
7318,3941,2025-06-13,4862.62,Shipped
7319,4893,2025-05-12,39562.93,Shipped
7320,688,2025-09-04,15771.04,Completed
7321,1373,2025-03-12,68562.75,Cancelled
7322,4356,2025-05-18,72079.56,Completed
7323,3639,2026-01-15,15632.05,Shipped
7324,1141,2025-03-07,104040.7,Completed
7325,4278,2026-02-21,0.0,Completed
7326,4042,2026-02-20,22289.4,Completed
7327,2851,2025-11-11,5013.84,Pending
7328,3259,2025-07-01,126971.09,Cancelled
7329,3264,2025-02-09,52171.96,Shipped
7330,2882,2025-02-05,0.0,Completed
7331,1427,2025-06-21,45881.29,Completed
7332,2126,2025-01-22,32894.94,Completed
7333,4892,2025-02-04,34639.47,Shipped
7334,449,2025-03-05,3457.0,Completed
7335,19,2025-09-19,0.0,Pending
7336,1711,2025-09-18,64587.34,Cancelled
7337,1896,2026-03-13,78379.25,Shipped
7338,2900,2025-03-17,0.0,Completed
7339,1169,2025-02-19,48131.92,Completed
7340,523,2026-03-23,39077.07,Completed
7341,3997,2025-06-04,54559.75,Pending
7342,4862,2025-07-05,13252.23,Completed
7343,44,2025-03-05,0.0,Shipped
7344,1925,2026-03-20,47556.78,Completed
7345,2142,2025-01-22,118890.48,Completed
7346,4055,2025-08-23,41136.95,Pending
7347,3984,2025-06-26,83231.31,Completed
7348,705,2025-08-12,26390.2,Shipped
7349,230,2025-08-31,63529.56,Pending
7350,2343,2025-04-01,7762.0,Shipped
7351,919,2025-04-29,68066.33,Pending
7352,1235,2026-01-07,32393.64,Completed
7353,3691,2025-02-26,36434.8,Cancelled
7354,3435,2025-03-11,17233.33,Completed
7355,101,2025-06-04,0.0,Completed
7356,3063,2026-03-23,57685.35,Completed
7357,843,2025-10-18,138652.06,Pending
7358,1336,2025-01-08,30065.7,Pending
7359,4916,2026-03-02,52149.01,Cancelled
7360,3097,2025-11-07,77380.01,Shipped
7361,4413,2025-06-25,11693.32,Completed
7362,1071,2025-10-09,30779.66,Shipped
7363,2306,2025-05-10,25434.58,Cancelled
7364,390,2026-03-02,15326.38,Completed
7365,1799,2026-03-09,16873.01,Completed
7366,49,2025-08-18,8511.61,Completed
7367,1379,2025-10-05,67874.2,Shipped
7368,4685,2025-01-04,23799.09,Completed
7369,4862,2025-12-06,24125.31,Completed
7370,3615,2025-12-11,51542.87,Completed
7371,827,2026-01-21,89936.07,Completed
7372,1974,2025-04-12,74729.98,Cancelled
7373,1680,2025-09-13,39697.57,Cancelled
7374,1652,2025-11-20,46482.29,Cancelled
7375,2339,2026-03-26,7840.69,Completed
7376,209,2025-08-19,56355.51,Shipped
7377,3247,2025-07-23,10021.5,Shipped
7378,4369,2025-11-17,0.0,Completed
7379,285,2025-03-01,19703.52,Completed
7380,1659,2025-08-02,36039.37,Completed
7381,28,2025-07-26,49034.87,Completed
7382,3850,2026-03-21,77110.23,Completed
7383,1107,2025-01-02,21974.89,Cancelled
7384,4144,2025-02-27,42904.65,Completed
7385,3283,2025-08-25,49955.17,Completed
7386,1155,2025-10-20,35266.07,Completed
7387,4491,2025-06-18,80046.18,Completed
7388,2398,2025-02-14,57066.34,Pending
7389,3756,2025-10-31,44887.24,Pending
7390,2755,2025-10-20,12562.6,Pending
7391,4882,2025-03-17,57994.57,Completed
7392,4279,2025-05-30,31751.0,Cancelled
7393,4508,2025-05-22,24444.97,Completed
7394,1048,2025-02-21,45880.94,Completed
7395,4475,2025-01-10,98706.75,Shipped
7396,3978,2025-08-06,21282.16,Shipped
7397,2686,2026-03-16,58479.36,Completed
7398,914,2025-01-29,2984.31,Shipped
7399,2797,2026-02-11,2244.06,Completed
7400,1231,2026-02-13,48616.24,Completed
7401,4610,2025-10-27,45234.2,Completed
7402,4669,2025-04-28,3980.65,Shipped
7403,3891,2025-09-01,24605.74,Cancelled
7404,4740,2025-05-21,64315.88,Completed
7405,2950,2025-09-02,0.0,Completed
7406,4120,2025-08-04,5638.45,Shipped
7407,172,2025-02-12,0.0,Cancelled
7408,3530,2025-06-25,20645.58,Pending
7409,3587,2025-08-13,66762.84,Pending
7410,1193,2025-10-05,4716.21,Shipped
7411,3396,2026-03-05,4719.44,Completed
7412,472,2025-03-07,27035.0,Shipped
7413,1191,2025-01-15,26506.5,Shipped
7414,1252,2025-07-18,35150.68,Completed
7415,4169,2025-02-15,25226.51,Completed
7416,3056,2025-11-15,26689.74,Cancelled
7417,2180,2025-01-23,1003.55,Shipped
7418,4956,2025-12-31,26869.94,Completed
7419,1516,2025-04-02,0.0,Completed
7420,440,2025-09-14,27349.25,Cancelled
7421,2853,2025-09-19,0.0,Completed
7422,2035,2026-01-20,100385.65,Completed
7423,4812,2025-07-29,17526.04,Shipped
7424,4986,2025-01-30,23596.76,Completed
7425,2738,2026-01-15,51341.05,Pending
7426,485,2025-02-17,24979.47,Completed
7427,1905,2025-10-28,10744.38,Completed
7428,3507,2025-06-11,34485.15,Completed
7429,1225,2025-05-06,71089.89,Completed
7430,99,2025-12-09,20175.37,Completed
7431,2630,2025-11-07,55247.76,Shipped
7432,446,2025-01-05,29131.83,Pending
7433,3877,2025-05-16,22117.25,Completed
7434,1029,2026-03-04,115675.7,Pending
7435,4129,2025-03-31,37148.75,Completed
7436,3082,2025-01-20,64969.97,Pending
7437,3984,2025-11-28,58356.77,Completed
7438,4354,2025-05-19,0.0,Pending
7439,1748,2026-02-15,34067.03,Completed
7440,3059,2025-06-19,40538.44,Cancelled
7441,3092,2025-04-18,644.96,Cancelled
7442,158,2025-05-19,37003.3,Shipped
7443,4374,2025-09-18,40346.08,Cancelled
7444,2785,2025-12-08,84140.59,Completed
7445,1009,2025-05-14,6192.41,Completed
7446,4659,2026-01-31,53918.87,Pending
7447,943,2025-05-19,0.0,Shipped
7448,1968,2025-10-07,104942.57,Completed
7449,4079,2025-02-20,0.0,Completed
7450,1463,2025-04-27,34333.8,Cancelled
7451,3915,2025-12-07,201036.84,Shipped
7452,4,2025-09-22,0.0,Completed
7453,4949,2025-05-19,24463.36,Shipped
7454,642,2025-10-16,6335.12,Shipped
7455,2916,2025-07-31,16143.15,Completed
7456,3197,2025-08-17,17628.72,Shipped
7457,989,2025-12-08,36501.03,Shipped
7458,1558,2026-03-22,17636.96,Completed
7459,1522,2025-06-20,0.0,Completed
7460,3426,2025-07-17,54214.49,Completed
7461,178,2025-07-27,23577.41,Completed
7462,933,2025-01-31,4248.99,Cancelled
7463,2050,2026-01-29,60239.62,Pending
7464,3330,2026-03-19,59090.73,Shipped
7465,4129,2025-12-18,109100.81,Shipped
7466,386,2025-09-25,5193.2,Shipped
7467,513,2025-02-05,33053.1,Completed
7468,2337,2026-03-04,0.0,Pending
7469,3195,2026-01-31,19858.06,Shipped
7470,3859,2026-03-23,5513.16,Cancelled
7471,2185,2025-11-08,19371.36,Completed
7472,412,2025-04-11,59176.77,Cancelled
7473,2639,2025-01-18,3081.57,Shipped
7474,3684,2025-12-30,11551.95,Shipped
7475,1741,2025-08-09,69785.16,Pending
7476,2652,2026-01-03,53784.23,Shipped
7477,3452,2025-09-07,48631.55,Completed
7478,4474,2026-02-08,7322.21,Completed
7479,4307,2025-08-28,40712.11,Pending
7480,4889,2025-02-19,33594.52,Shipped
7481,3491,2025-05-23,47624.85,Cancelled
7482,508,2025-11-01,6154.03,Completed
7483,4615,2025-11-13,8688.76,Shipped
7484,295,2025-05-01,7389.87,Completed
7485,3605,2025-05-27,79128.95,Completed
7486,4596,2025-03-31,37716.11,Shipped
7487,351,2025-04-07,0.0,Pending
7488,1591,2025-06-04,38697.12,Completed
7489,3452,2025-08-15,4375.42,Shipped
7490,4828,2026-02-18,117841.92,Pending
7491,343,2025-06-09,40846.02,Completed
7492,1151,2026-03-03,16404.95,Pending
7493,4972,2025-03-08,39479.22,Pending
7494,4848,2025-08-07,6298.24,Completed
7495,339,2025-09-13,53906.68,Cancelled
7496,1697,2026-01-13,10511.94,Completed
7497,4479,2026-02-10,73851.39,Cancelled
7498,3404,2025-05-03,12445.55,Shipped
7499,1857,2025-10-23,60046.6,Cancelled
7500,3219,2025-12-05,0.0,Completed
7501,1025,2025-01-05,16926.4,Completed
7502,365,2025-12-27,0.0,Pending
7503,1586,2025-05-20,0.0,Completed
7504,4796,2025-01-13,70303.33,Completed
7505,1949,2026-01-20,12545.11,Shipped
7506,2413,2026-01-23,45378.05,Completed
7507,2929,2025-02-22,5350.83,Completed
7508,3985,2025-04-14,20836.96,Completed
7509,1123,2025-12-31,4347.98,Completed
7510,1796,2025-08-18,8618.7,Completed
7511,4427,2025-12-14,20161.82,Shipped
7512,844,2025-08-31,3236.96,Pending
7513,3524,2025-07-31,37295.23,Completed
7514,2575,2025-08-08,202.63,Shipped
7515,1237,2025-09-27,33578.85,Completed
7516,1417,2025-08-10,49574.32,Shipped
7517,4970,2026-01-12,31736.0,Completed
7518,4416,2025-12-01,78274.76,Completed
7519,3789,2025-07-22,38611.21,Completed
7520,2436,2026-02-17,73900.65,Completed
7521,4917,2026-01-09,83282.78,Shipped
7522,154,2025-03-21,2806.18,Cancelled
7523,3118,2025-09-14,55227.88,Completed
7524,3425,2025-10-22,18692.82,Cancelled
7525,2144,2025-05-26,10257.81,Cancelled
7526,1265,2026-01-15,17905.7,Completed
7527,1517,2025-06-26,34262.76,Completed
7528,839,2025-03-12,34711.14,Shipped
7529,321,2025-02-11,41112.78,Completed
7530,2520,2025-10-31,45985.28,Cancelled
7531,4022,2025-12-20,0.0,Pending
7532,3805,2025-02-08,0.0,Shipped
7533,4241,2025-10-22,0.0,Pending
7534,4118,2025-11-26,73734.33,Completed
7535,2856,2026-03-07,23668.98,Completed
7536,1582,2025-11-12,36519.34,Shipped
7537,4174,2025-09-23,37177.55,Completed
7538,1611,2025-09-11,54567.6,Completed
7539,1869,2025-11-13,33487.07,Completed
7540,2789,2025-07-14,57798.07,Shipped
7541,3000,2025-12-01,67858.66,Shipped
7542,1120,2025-05-13,53899.78,Pending
7543,211,2025-03-09,21769.6,Shipped
7544,1972,2025-01-25,76605.97,Shipped
7545,979,2025-07-03,65712.2,Completed
7546,1393,2026-02-05,2208.08,Completed
7547,3867,2025-05-27,18430.22,Cancelled
7548,1947,2026-01-23,18733.26,Completed
7549,4964,2025-11-02,28206.12,Pending
7550,4954,2025-10-15,92306.82,Pending
7551,2604,2025-08-23,28336.23,Completed
7552,472,2026-01-15,46501.5,Completed
7553,2156,2026-02-26,39724.43,Cancelled
7554,4325,2025-01-29,13971.96,Pending
7555,3997,2025-08-13,61294.42,Completed
7556,258,2025-01-29,8270.06,Completed
7557,3842,2025-02-27,46582.87,Cancelled
7558,3301,2026-02-19,32094.92,Completed
7559,478,2025-10-02,4035.25,Pending
7560,1416,2025-11-29,6057.65,Completed
7561,4946,2025-12-08,33464.35,Cancelled
7562,3457,2025-08-17,33365.33,Completed
7563,1967,2025-08-04,39081.3,Shipped
7564,3619,2025-01-06,59622.55,Completed
7565,310,2025-03-05,103653.77,Shipped
7566,3232,2025-08-24,81205.82,Completed
7567,213,2026-01-18,48934.1,Shipped
7568,260,2025-02-25,21497.68,Shipped
7569,2915,2026-02-25,58195.08,Completed
7570,4736,2025-12-21,46788.4,Completed
7571,1660,2025-04-18,54555.82,Completed
7572,4014,2025-09-11,0.0,Shipped
7573,1298,2025-09-26,2322.38,Pending
7574,4229,2025-04-12,60081.29,Cancelled
7575,2414,2025-10-15,55862.46,Completed
7576,4718,2025-09-18,3991.3,Completed
7577,2091,2025-01-06,17671.0,Completed
7578,4993,2025-05-26,43117.35,Completed
7579,2929,2025-09-23,61878.53,Completed
7580,1546,2025-03-01,14223.88,Shipped
7581,4416,2025-06-15,45223.89,Cancelled
7582,4830,2025-04-25,28402.7,Shipped
7583,877,2025-11-03,51538.8,Completed
7584,3758,2025-09-01,23518.77,Completed
7585,2805,2025-07-30,47436.86,Pending
7586,2955,2025-02-04,52284.84,Shipped
7587,2883,2026-01-19,64627.62,Pending
7588,4255,2025-10-04,20391.5,Shipped
7589,881,2026-03-19,46579.57,Completed
7590,2200,2025-06-29,37832.1,Pending
7591,1728,2025-12-22,0.0,Shipped
7592,1011,2025-10-02,22957.55,Shipped
7593,1320,2025-04-13,49277.94,Completed
7594,4135,2025-06-28,30605.34,Completed
7595,2435,2025-07-11,67867.08,Completed
7596,1173,2025-09-20,43147.25,Pending
7597,879,2026-03-09,30535.8,Completed
7598,130,2025-01-31,5850.28,Completed
7599,3653,2025-06-04,8434.45,Pending
7600,249,2025-01-19,35594.27,Shipped
7601,1223,2025-02-15,36679.63,Cancelled
7602,4682,2025-06-23,29133.37,Cancelled
7603,745,2026-01-09,0.0,Completed
7604,1920,2026-02-28,27843.39,Pending
7605,1797,2025-01-08,26824.86,Shipped
7606,1445,2026-02-23,1815.98,Completed
7607,3622,2025-10-03,48909.56,Shipped
7608,1651,2025-05-11,0.0,Pending
7609,3234,2025-01-12,0.0,Completed
7610,3179,2026-03-21,0.0,Completed
7611,948,2025-08-06,15180.83,Completed
7612,3514,2025-09-25,56179.53,Completed
7613,4761,2025-09-02,0.0,Completed
7614,2318,2025-06-11,1865.28,Cancelled
7615,1653,2026-01-11,10824.5,Completed
7616,4833,2025-08-14,25689.64,Completed
7617,3206,2025-04-03,6571.65,Shipped
7618,1814,2025-08-10,16313.2,Completed
7619,711,2026-01-14,26915.05,Completed
7620,3653,2025-08-21,30082.04,Completed
7621,53,2026-03-16,47349.59,Completed
7622,2840,2025-02-13,13637.39,Cancelled
7623,2332,2025-12-15,3412.08,Completed
7624,4460,2025-08-31,0.0,Shipped
7625,4257,2026-01-30,90248.08,Completed
7626,2595,2025-02-28,3524.6,Pending
7627,1680,2025-06-28,106708.36,Shipped
7628,621,2026-02-06,69627.21,Shipped
7629,350,2025-12-27,35987.84,Completed
7630,2446,2025-12-02,19672.7,Completed
7631,3429,2025-09-29,9447.36,Shipped
7632,1673,2025-01-12,52578.5,Completed
7633,209,2025-06-27,14701.02,Completed
7634,1178,2025-02-14,8695.96,Pending
7635,967,2025-09-15,42474.92,Completed
7636,2798,2025-10-29,45143.93,Shipped
7637,155,2025-05-07,16010.01,Pending
7638,3033,2025-05-19,33106.68,Completed
7639,3379,2026-03-02,95654.07,Pending
7640,2506,2025-11-19,30761.5,Shipped
7641,3999,2025-09-10,97517.09,Cancelled
7642,3638,2025-04-14,66975.05,Shipped
7643,52,2025-04-08,106059.02,Completed
7644,2071,2025-02-14,0.0,Shipped
7645,1980,2025-02-21,29921.73,Shipped
7646,3980,2025-03-29,0.0,Completed
7647,4961,2025-07-04,51733.25,Completed
7648,3984,2025-06-06,46209.51,Completed
7649,3816,2025-01-15,34446.16,Completed
7650,4816,2025-08-13,21167.7,Completed
7651,437,2025-04-02,28454.92,Completed
7652,325,2025-11-01,59603.95,Completed
7653,4322,2025-01-12,19366.02,Completed
7654,1037,2025-07-13,78222.78,Shipped
7655,2352,2025-10-23,70161.11,Cancelled
7656,4923,2025-01-01,21285.18,Completed
7657,232,2025-05-08,21605.37,Completed
7658,2340,2025-08-21,63618.44,Shipped
7659,2857,2025-09-20,28861.0,Completed
7660,789,2025-10-03,20025.4,Pending
7661,1947,2026-01-15,8425.9,Pending
7662,2531,2025-07-03,59984.4,Shipped
7663,342,2025-06-26,100313.21,Completed
7664,4642,2025-09-23,13168.88,Completed
7665,1296,2026-03-03,0.0,Shipped
7666,590,2025-12-28,70923.82,Completed
7667,892,2025-04-17,114579.45,Shipped
7668,4582,2025-02-03,4809.05,Pending
7669,2322,2025-06-17,41101.51,Pending
7670,1677,2025-06-29,53934.88,Pending
7671,1279,2025-11-02,79815.08,Completed
7672,1200,2026-03-24,93356.8,Shipped
7673,2436,2025-03-10,118583.16,Shipped
7674,1484,2025-12-18,51985.16,Completed
7675,617,2025-06-17,97023.01,Cancelled
7676,121,2025-04-17,17293.78,Completed
7677,3945,2025-07-02,54385.46,Pending
7678,3292,2025-08-13,19667.75,Completed
7679,974,2025-09-28,45696.7,Shipped
7680,4577,2026-03-17,35510.02,Shipped
7681,3114,2025-04-25,2638.56,Cancelled
7682,1994,2025-08-20,22151.22,Completed
7683,1859,2025-07-02,53742.12,Completed
7684,3197,2025-08-27,39000.2,Cancelled
7685,2697,2026-01-08,24849.06,Completed
7686,3365,2026-01-18,14297.81,Shipped
7687,1396,2025-06-16,32493.0,Shipped
7688,1770,2025-05-27,17137.07,Shipped
7689,3898,2025-04-23,11559.82,Completed
7690,3194,2026-02-03,21489.01,Cancelled
7691,2339,2026-01-19,43515.89,Pending
7692,1903,2025-01-27,8226.4,Completed
7693,3770,2025-07-14,29765.72,Cancelled
7694,4901,2025-08-22,0.0,Cancelled
7695,1050,2026-02-18,4922.59,Completed
7696,3400,2025-12-17,73127.3,Pending
7697,1644,2025-12-10,27071.12,Cancelled
7698,923,2025-05-02,22272.54,Completed
7699,3014,2025-12-20,30486.46,Shipped
7700,2116,2025-04-17,89245.56,Completed
7701,1301,2025-06-24,19430.16,Shipped
7702,1535,2026-01-19,8996.96,Completed
7703,4212,2025-07-03,51328.01,Pending
7704,1681,2025-04-25,47401.56,Shipped
7705,4674,2025-02-06,66033.51,Completed
7706,3604,2025-05-24,45459.56,Completed
7707,2368,2025-05-05,6372.54,Shipped
7708,948,2025-02-22,9368.94,Completed
7709,1361,2025-03-24,46751.19,Shipped
7710,4680,2026-01-21,19871.81,Pending
7711,845,2025-03-15,57454.85,Shipped
7712,2481,2025-02-11,72709.77,Cancelled
7713,4406,2025-02-27,10673.63,Completed
7714,1318,2025-11-24,103247.29,Cancelled
7715,3614,2025-09-12,52933.24,Completed
7716,3107,2025-09-07,65894.34,Completed
7717,3057,2026-03-20,52311.74,Completed
7718,4280,2025-09-28,56940.79,Pending
7719,2678,2025-10-28,64579.27,Shipped
7720,2780,2025-05-12,13219.2,Completed
7721,2952,2025-11-21,19102.43,Completed
7722,3881,2025-09-17,62054.4,Completed
7723,1533,2025-02-02,90249.62,Completed
7724,3581,2026-03-25,70858.67,Completed
7725,3517,2026-03-10,21244.95,Completed
7726,42,2025-09-20,24700.01,Completed
7727,3682,2025-02-24,67098.0,Shipped
7728,15,2025-03-15,55970.18,Cancelled
7729,625,2025-02-04,34802.44,Shipped
7730,4732,2026-02-04,18160.61,Completed
7731,2662,2025-09-10,17891.01,Shipped
7732,2932,2025-08-12,25989.26,Completed
7733,3447,2025-07-05,60629.85,Shipped
7734,3454,2026-01-26,41089.63,Shipped
7735,4966,2025-01-10,117465.99,Cancelled
7736,1597,2025-07-21,5943.77,Completed
7737,4339,2025-08-24,12106.96,Shipped
7738,3260,2025-10-27,25994.81,Completed
7739,2947,2025-09-17,30764.28,Completed
7740,4010,2026-03-09,19055.9,Cancelled
7741,599,2025-08-25,24280.72,Completed
7742,1516,2025-04-09,66815.93,Shipped
7743,1781,2025-05-25,25389.6,Shipped
7744,4038,2026-01-23,20907.0,Completed
7745,2113,2025-03-21,40920.77,Completed
7746,3114,2025-07-16,16912.94,Completed
7747,151,2025-05-29,66920.37,Completed
7748,4624,2025-06-28,55133.44,Completed
7749,3807,2026-01-29,63649.34,Shipped
7750,2971,2025-01-10,39201.32,Shipped
7751,353,2025-05-27,55059.5,Completed
7752,1338,2026-01-03,36133.41,Shipped
7753,1660,2025-01-19,42106.01,Shipped
7754,2621,2025-03-28,59488.8,Pending
7755,3667,2025-01-12,0.0,Pending
7756,2193,2026-01-15,32047.27,Pending
7757,247,2025-01-04,25226.48,Completed
7758,491,2025-10-27,61403.05,Pending
7759,3779,2025-07-29,50385.96,Completed
7760,746,2025-11-21,69339.98,Shipped
7761,3430,2026-01-07,23481.75,Completed
7762,579,2026-01-30,126928.2,Cancelled
7763,65,2026-01-04,18285.98,Shipped
7764,3017,2026-03-13,13562.96,Cancelled
7765,4690,2026-01-22,23557.74,Completed
7766,3872,2025-03-30,26184.56,Completed
7767,1412,2025-10-28,20141.02,Shipped
7768,2438,2026-01-12,117104.4,Shipped
7769,2186,2025-09-19,60934.42,Completed
7770,2682,2026-02-25,66812.23,Pending
7771,2612,2025-03-17,88654.2,Pending
7772,3475,2025-04-13,26781.87,Shipped
7773,4371,2025-03-11,0.0,Completed
7774,3842,2025-10-10,80555.26,Shipped
7775,490,2025-02-15,16824.52,Cancelled
7776,3938,2026-02-20,41983.14,Shipped
7777,4487,2025-11-15,0.0,Pending
7778,941,2026-03-22,31593.6,Completed
7779,504,2025-01-06,12936.69,Completed
7780,4102,2026-03-02,70765.71,Cancelled
7781,722,2025-08-19,26716.0,Completed
7782,1356,2025-02-25,44392.55,Completed
7783,2182,2025-11-28,48952.47,Completed
7784,1282,2025-03-26,11692.74,Completed
7785,1097,2025-08-30,16776.9,Shipped
7786,3203,2025-01-09,47345.59,Completed
7787,4261,2025-07-31,58775.95,Cancelled
7788,2368,2025-08-24,24505.76,Pending
7789,2160,2026-02-17,12231.68,Pending
7790,1162,2026-01-23,50273.33,Shipped
7791,3781,2026-02-28,56113.3,Cancelled
7792,2360,2025-07-09,10250.11,Completed
7793,2215,2025-09-02,798.26,Cancelled
7794,4492,2026-01-08,0.0,Cancelled
7795,2846,2025-05-17,69563.09,Completed
7796,1671,2025-09-11,31205.26,Completed
7797,4886,2025-10-04,51831.93,Completed
7798,1470,2025-10-17,89051.2,Completed
7799,2799,2025-03-13,66002.83,Completed
7800,1854,2025-06-06,33398.7,Cancelled
7801,2133,2025-02-03,0.0,Shipped
7802,3369,2026-02-15,43868.02,Shipped
7803,806,2025-02-22,44569.65,Cancelled
7804,28,2025-03-15,50280.5,Shipped
7805,3299,2025-07-29,39370.56,Shipped
7806,926,2026-03-09,43010.25,Pending
7807,1520,2025-09-21,0.0,Completed
7808,2429,2025-06-26,43114.29,Completed
7809,311,2025-11-22,57610.67,Completed
7810,834,2025-12-08,31675.92,Completed
7811,2426,2026-03-07,53523.82,Shipped
7812,4000,2025-11-13,39311.2,Pending
7813,2630,2025-12-03,38549.65,Completed
7814,3305,2026-03-09,27749.73,Pending
7815,4545,2025-04-27,62789.71,Completed
7816,3704,2025-05-22,35260.17,Cancelled
7817,905,2025-04-16,72391.48,Completed
7818,4350,2025-02-28,38636.32,Cancelled
7819,3824,2025-08-29,59913.26,Shipped
7820,3440,2025-10-01,71684.24,Completed
7821,2944,2026-03-13,0.0,Pending
7822,1463,2025-05-11,83762.02,Completed
7823,4077,2026-03-03,45943.73,Shipped
7824,2116,2025-12-12,40803.6,Completed
7825,2918,2025-12-05,0.0,Cancelled
7826,2154,2025-09-27,5937.64,Shipped
7827,4897,2025-03-11,28752.24,Completed
7828,4512,2025-11-24,94801.5,Cancelled
7829,4101,2025-11-03,58453.98,Shipped
7830,3195,2025-05-08,36743.01,Completed
7831,2167,2025-01-08,1769.94,Cancelled
7832,1420,2025-04-17,113523.53,Pending
7833,1849,2025-06-03,61822.03,Completed
7834,3811,2026-02-12,11611.9,Shipped
7835,1611,2025-11-18,82392.83,Completed
7836,2097,2025-10-13,47920.4,Completed
7837,4690,2025-05-07,32178.66,Completed
7838,1196,2025-03-01,50400.5,Pending
7839,2813,2026-03-27,68111.03,Pending
7840,4152,2025-11-15,8317.7,Completed
7841,4791,2025-10-28,17554.27,Pending
7842,3936,2025-10-11,0.0,Completed
7843,3995,2025-10-10,43204.5,Completed
7844,3799,2025-11-15,19350.15,Completed
7845,2894,2025-12-15,73024.64,Completed
7846,1771,2025-11-27,70892.03,Completed
7847,3694,2026-02-09,0.0,Completed
7848,1551,2025-03-09,57949.86,Completed
7849,4148,2026-03-06,26390.69,Completed
7850,4314,2025-06-29,0.0,Completed
7851,57,2025-04-13,1209.82,Completed
7852,3240,2026-03-12,19474.26,Cancelled
7853,1152,2025-03-16,3518.08,Pending
7854,3200,2025-09-28,0.0,Shipped
7855,1363,2025-05-23,12844.82,Pending
7856,959,2026-03-13,26574.18,Cancelled
7857,1601,2025-08-16,40275.65,Pending
7858,2347,2025-07-08,61971.7,Shipped
7859,3640,2025-08-26,0.0,Completed
7860,729,2025-09-23,0.0,Shipped
7861,3852,2025-09-06,165590.36,Shipped
7862,2103,2025-09-10,56870.0,Shipped
7863,2123,2025-05-19,45714.95,Completed
7864,318,2025-02-06,58382.69,Completed
7865,2524,2025-04-27,50076.2,Pending
7866,871,2025-06-19,45155.72,Pending
7867,4135,2025-06-18,89529.42,Shipped
7868,3952,2025-10-09,137325.44,Completed
7869,4798,2025-01-20,0.0,Completed
7870,2969,2025-04-22,16038.1,Cancelled
7871,3241,2026-02-24,56327.13,Shipped
7872,4733,2025-12-16,0.0,Completed
7873,2484,2025-02-12,26800.16,Shipped
7874,141,2025-09-15,35159.59,Completed
7875,1564,2025-09-04,15648.86,Cancelled
7876,1596,2025-08-18,0.0,Shipped
7877,1222,2025-06-30,53580.78,Shipped
7878,4114,2025-12-26,4543.95,Completed
7879,3679,2025-02-06,879.52,Completed
7880,2003,2025-10-03,70799.32,Completed
7881,2713,2025-02-15,0.0,Completed
7882,550,2026-02-24,0.0,Completed
7883,3973,2026-02-02,0.0,Shipped
7884,1737,2025-02-10,3991.3,Completed
7885,334,2026-03-06,16210.83,Completed
7886,4091,2025-07-03,15811.66,Shipped
7887,3965,2025-05-31,22727.04,Completed
7888,1503,2025-10-27,68362.91,Completed
7889,2011,2025-05-31,66233.91,Pending
7890,1345,2025-12-03,32127.9,Completed
7891,536,2025-10-27,15621.29,Shipped
7892,2574,2025-12-02,14427.15,Shipped
7893,53,2025-07-03,13705.74,Completed
7894,2990,2025-09-04,42282.35,Shipped
7895,112,2025-01-19,48399.44,Shipped
7896,2841,2025-10-01,9392.7,Pending
7897,4287,2025-10-09,29767.85,Shipped
7898,2069,2025-02-08,61596.53,Pending
7899,1659,2025-07-28,25428.3,Shipped
7900,1668,2026-01-20,6335.12,Cancelled
7901,4269,2025-03-04,67545.46,Completed
7902,4555,2025-01-12,14789.6,Completed
7903,461,2025-12-30,13319.05,Cancelled
7904,4423,2025-11-01,6318.44,Shipped
7905,1519,2025-09-09,3798.56,Cancelled
7906,1757,2025-06-11,44202.02,Completed
7907,4116,2025-01-23,8021.29,Shipped
7908,3161,2025-12-16,29145.24,Completed
7909,661,2025-06-05,54829.58,Completed
7910,1914,2026-03-03,71087.04,Shipped
7911,680,2025-02-17,28421.15,Shipped
7912,612,2025-03-21,1295.14,Pending
7913,987,2025-05-16,0.0,Shipped
7914,140,2026-02-24,44983.2,Pending
7915,1446,2025-06-08,34204.26,Cancelled
7916,2430,2025-05-22,119037.18,Completed
7917,112,2025-12-08,48731.78,Shipped
7918,172,2025-09-12,59934.81,Pending
7919,3182,2025-04-14,59925.76,Pending
7920,3283,2025-06-07,9993.87,Shipped
7921,1344,2025-07-29,72940.65,Pending
7922,3114,2025-05-04,43444.24,Completed
7923,908,2025-05-10,6372.54,Cancelled
7924,4041,2025-12-23,16091.2,Shipped
7925,1343,2026-02-03,0.0,Completed
7926,1092,2025-03-25,43460.02,Shipped
7927,1712,2025-06-25,0.0,Completed
7928,357,2025-01-31,40623.02,Shipped
7929,3729,2025-04-04,15799.11,Pending
7930,1966,2025-11-06,13685.34,Completed
7931,4184,2025-07-18,10766.02,Completed
7932,4533,2025-08-18,5782.67,Shipped
7933,3256,2026-03-06,10331.6,Completed
7934,4619,2025-07-09,42844.63,Pending
7935,4341,2025-10-01,54140.46,Pending
7936,958,2025-02-14,53753.7,Cancelled
7937,3715,2025-10-31,17048.4,Pending
7938,260,2025-07-25,98985.14,Shipped
7939,1128,2026-03-25,0.0,Pending
7940,3804,2025-01-21,29077.53,Shipped
7941,3449,2026-03-08,36995.3,Cancelled
7942,3827,2025-03-19,18246.34,Shipped
7943,4129,2025-01-05,2282.52,Pending
7944,855,2025-01-18,0.0,Completed
7945,4033,2025-12-15,31974.53,Completed
7946,4141,2025-06-13,34555.96,Completed
7947,3412,2025-10-11,5827.48,Completed
7948,819,2025-05-22,20268.76,Shipped
7949,584,2025-06-07,52632.41,Cancelled
7950,4593,2025-09-14,46785.81,Shipped
7951,1001,2025-08-26,68721.49,Completed
7952,3939,2026-02-10,88147.57,Completed
7953,282,2025-07-20,66380.9,Shipped
7954,2658,2025-01-28,14704.3,Completed
7955,2206,2026-01-14,29242.44,Pending
7956,2224,2025-03-15,1211.53,Cancelled
7957,4547,2025-03-26,50795.07,Completed
7958,4661,2025-01-04,24293.81,Completed
7959,2330,2025-01-23,56035.1,Completed
7960,774,2025-03-10,0.0,Shipped
7961,2328,2025-08-11,4515.66,Completed
7962,895,2026-02-19,154416.62,Cancelled
7963,4670,2025-01-11,82461.78,Completed
7964,106,2025-08-03,0.0,Completed
7965,1474,2026-03-13,4292.98,Completed
7966,4247,2025-05-21,0.0,Completed
7967,883,2025-06-23,2334.35,Cancelled
7968,1491,2026-03-07,22220.52,Completed
7969,905,2025-09-20,81701.82,Completed
7970,4697,2026-02-01,23435.85,Shipped
7971,3740,2025-01-17,11329.3,Shipped
7972,2534,2025-01-07,20293.32,Shipped
7973,1287,2025-05-03,48785.85,Cancelled
7974,3457,2025-04-25,17988.56,Cancelled
7975,1416,2025-01-19,19288.63,Completed
7976,4204,2025-03-05,19703.52,Shipped
7977,3807,2025-04-27,43962.4,Completed
7978,731,2026-01-05,71123.62,Shipped
7979,3953,2025-01-14,108705.89,Cancelled
7980,4064,2025-01-04,13009.26,Completed
7981,1591,2025-03-07,91425.98,Cancelled
7982,3474,2026-01-30,29233.3,Pending
7983,88,2025-11-30,11262.36,Shipped
7984,496,2025-12-20,0.0,Completed
7985,558,2025-08-22,8018.76,Shipped
7986,3305,2025-07-24,109393.62,Completed
7987,429,2025-08-07,40692.44,Cancelled
7988,4856,2025-08-03,0.0,Cancelled
7989,346,2025-10-13,48925.91,Completed
7990,4002,2025-05-07,0.0,Completed
7991,4303,2025-09-28,9629.35,Cancelled
7992,2168,2026-03-10,53049.75,Pending
7993,1504,2025-05-28,12228.42,Completed
7994,416,2025-06-24,66005.42,Pending
7995,1401,2025-09-06,41225.32,Shipped
7996,1391,2025-07-13,32453.2,Completed
7997,1697,2025-07-14,0.0,Cancelled
7998,1993,2026-02-22,46479.54,Shipped
7999,2926,2025-12-06,1141.26,Shipped
8000,4758,2026-01-09,22167.66,Shipped
8001,1132,2025-09-30,62321.14,Cancelled
8002,651,2025-03-23,15668.18,Cancelled
8003,2068,2025-07-17,123786.57,Completed
8004,2055,2025-12-19,0.0,Pending
8005,2602,2026-02-27,0.0,Shipped
8006,1288,2025-08-18,62563.78,Shipped
8007,560,2025-02-09,26408.48,Completed
8008,3036,2025-02-01,0.0,Cancelled
8009,2273,2025-11-14,27394.12,Completed
8010,4279,2026-03-25,0.0,Cancelled
8011,1095,2025-01-07,114477.52,Shipped
8012,4939,2025-04-25,92590.46,Shipped
8013,3141,2025-05-09,30858.04,Pending
8014,687,2025-04-23,81805.3,Cancelled
8015,306,2026-02-12,9524.97,Cancelled
8016,242,2025-08-23,87685.66,Pending
8017,458,2025-10-18,34087.91,Completed
8018,3422,2025-09-13,97404.22,Shipped
8019,4075,2025-02-22,97175.39,Completed
8020,1273,2025-07-21,25335.95,Completed
8021,3397,2026-01-08,116975.86,Shipped
8022,3792,2026-03-17,87202.23,Completed
8023,4343,2025-01-31,25997.95,Shipped
8024,1363,2025-02-22,24184.81,Shipped
8025,1793,2025-08-07,8809.81,Shipped
8026,4286,2025-05-20,41152.56,Completed
8027,511,2025-07-12,55380.03,Completed
8028,1539,2025-06-30,0.0,Pending
8029,3146,2025-02-23,24420.94,Pending
8030,3339,2026-03-23,24932.69,Shipped
8031,595,2025-02-04,43022.59,Completed
8032,4069,2025-05-21,3345.21,Completed
8033,3646,2025-01-02,9400.42,Pending
8034,796,2025-05-04,18056.68,Cancelled
8035,3281,2025-02-01,20276.25,Completed
8036,1741,2025-03-10,78309.48,Completed
8037,2679,2025-05-14,25455.97,Completed
8038,49,2025-12-27,46857.76,Pending
8039,663,2025-05-31,25484.74,Shipped
8040,951,2025-10-14,76852.59,Shipped
8041,3,2025-01-15,6631.89,Pending
8042,2884,2025-09-02,38679.46,Completed
8043,2024,2025-12-16,59041.04,Shipped
8044,2998,2025-09-02,12605.55,Cancelled
8045,2096,2026-01-10,89495.09,Completed
8046,3453,2025-09-29,60706.79,Completed
8047,2927,2025-10-10,9857.56,Completed
8048,3942,2025-04-22,16448.88,Completed
8049,4540,2025-07-08,42280.32,Pending
8050,4066,2025-02-22,101897.23,Completed
8051,2431,2025-05-08,0.0,Completed
8052,2232,2025-09-03,113616.39,Completed
8053,1043,2025-06-03,15804.96,Completed
8054,143,2025-03-05,35526.96,Shipped
8055,4008,2025-04-08,16439.48,Completed
8056,3762,2025-11-27,5137.22,Completed
8057,2649,2026-01-11,32938.58,Cancelled
8058,1931,2025-07-27,84740.3,Completed
8059,3833,2025-09-29,46867.6,Shipped
8060,1719,2025-07-28,73724.71,Shipped
8061,2080,2025-06-26,15701.13,Shipped
8062,3938,2025-05-05,2487.04,Completed
8063,3837,2025-03-28,75514.39,Completed
8064,1319,2025-06-25,66341.13,Shipped
8065,3921,2025-01-04,59922.69,Shipped
8066,3381,2025-06-29,34614.38,Completed
8067,787,2025-05-06,29017.93,Pending
8068,4917,2025-08-31,23247.52,Completed
8069,2949,2025-02-01,24440.58,Shipped
8070,4017,2025-04-26,71911.94,Cancelled
8071,854,2025-01-25,26427.34,Completed
8072,747,2026-01-27,0.0,Shipped
8073,2710,2025-05-23,21729.06,Completed
8074,1742,2025-06-26,50402.2,Completed
8075,2333,2025-02-02,35502.56,Pending
8076,3474,2025-12-28,142372.09,Pending
8077,4907,2026-01-06,76108.05,Completed
8078,4410,2025-09-22,79316.72,Completed
8079,2296,2025-07-01,33769.08,Cancelled
8080,2315,2025-08-27,38770.64,Completed
8081,2825,2026-01-04,96847.9,Pending
8082,4030,2025-03-31,99802.4,Shipped
8083,516,2025-10-14,76317.72,Completed
8084,3667,2026-02-04,0.0,Completed
8085,3741,2025-05-29,55324.54,Cancelled
8086,3200,2025-12-22,1446.06,Pending
8087,4678,2025-07-26,17248.0,Shipped
8088,3118,2025-01-25,75304.79,Completed
8089,500,2026-02-22,50884.24,Cancelled
8090,2456,2026-03-13,53474.89,Shipped
8091,3888,2025-07-31,82168.28,Pending
8092,4952,2026-01-31,0.0,Cancelled
8093,3486,2026-02-18,4723.38,Completed
8094,1737,2025-10-13,26073.57,Completed
8095,946,2026-02-10,8797.95,Pending
8096,2237,2025-05-26,39089.63,Completed
8097,4298,2025-12-18,53574.52,Cancelled
8098,2206,2025-01-13,0.0,Completed
8099,466,2025-06-13,30241.16,Shipped
8100,386,2025-06-10,62910.28,Completed
8101,3124,2025-11-23,43961.6,Cancelled
8102,291,2025-11-20,26757.24,Completed
8103,1472,2025-06-29,28181.49,Shipped
8104,2272,2026-01-01,57140.44,Completed
8105,2149,2025-12-09,17994.03,Pending
8106,4192,2025-05-26,28106.55,Completed
8107,2338,2026-01-14,10733.64,Shipped
8108,1779,2025-09-12,46320.44,Completed
8109,4649,2026-02-09,74387.27,Shipped
8110,3970,2025-08-06,42959.27,Completed
8111,4843,2025-12-17,54276.19,Completed
8112,1492,2025-08-07,26032.43,Shipped
8113,1276,2025-03-03,1807.04,Shipped
8114,3469,2025-04-01,82878.91,Cancelled
8115,1627,2025-12-03,26953.98,Cancelled
8116,4333,2025-06-17,13170.58,Cancelled
8117,2281,2026-03-25,54124.72,Shipped
8118,2873,2026-01-22,91530.73,Completed
8119,173,2026-03-25,3524.6,Completed
8120,1694,2025-04-12,38852.55,Pending
8121,3178,2025-09-08,36018.15,Completed
8122,1885,2025-09-29,111862.02,Shipped
8123,1326,2025-12-17,35976.26,Shipped
8124,2066,2025-02-11,66945.61,Shipped
8125,2270,2026-03-07,57532.77,Cancelled
8126,2473,2026-02-05,37146.42,Pending
8127,3524,2026-01-05,108381.77,Shipped
8128,767,2025-08-16,93433.05,Completed
8129,2795,2025-02-09,62621.25,Completed
8130,2341,2025-02-03,96731.18,Completed
8131,535,2025-01-15,9080.22,Pending
8132,869,2025-01-29,48316.02,Shipped
8133,4192,2025-04-16,4549.44,Completed
8134,4820,2025-01-07,76898.21,Completed
8135,2138,2025-12-11,78531.76,Completed
8136,2398,2025-02-06,59929.49,Shipped
8137,3416,2025-01-16,46788.4,Shipped
8138,4606,2025-09-08,38653.75,Completed
8139,3254,2025-05-03,15191.38,Pending
8140,3691,2025-08-19,17023.22,Shipped
8141,1638,2025-04-29,63831.87,Shipped
8142,3508,2025-06-03,21542.19,Completed
8143,4609,2025-04-03,18552.0,Pending
8144,3036,2025-09-02,51841.5,Completed
8145,4032,2025-10-28,26946.33,Completed
8146,3104,2025-06-25,61116.06,Shipped
8147,3838,2025-09-02,4397.6,Shipped
8148,1391,2025-11-07,73565.14,Pending
8149,2622,2025-11-09,62007.74,Shipped
8150,2818,2026-03-27,16845.97,Completed
8151,3417,2025-01-09,95404.79,Pending
8152,1832,2025-04-08,30226.48,Pending
8153,2177,2025-05-05,55107.25,Completed
8154,1914,2026-02-28,62332.03,Completed
8155,1632,2025-04-29,24546.51,Completed
8156,3056,2025-04-07,42088.76,Completed
8157,2555,2026-03-18,30483.48,Pending
8158,1522,2026-01-23,0.0,Completed
8159,3677,2025-11-02,14701.0,Pending
8160,4096,2025-08-05,13734.35,Pending
8161,985,2025-08-30,56426.89,Pending
8162,4026,2026-03-02,65335.46,Completed
8163,1464,2025-11-27,95931.81,Shipped
8164,2632,2025-03-12,37856.96,Pending
8165,1233,2025-04-01,19700.76,Completed
8166,2833,2026-01-19,45842.47,Completed
8167,2010,2025-07-31,31226.78,Completed
8168,4495,2025-01-04,15791.44,Completed
8169,2210,2025-11-25,0.0,Cancelled
8170,3351,2025-07-25,66484.86,Completed
8171,1546,2025-05-20,38520.39,Completed
8172,2621,2025-11-09,34346.45,Pending
8173,4446,2025-06-07,4507.23,Cancelled
8174,4263,2026-01-02,21432.75,Shipped
8175,1187,2026-02-10,36153.12,Completed
8176,3293,2025-12-25,28780.74,Cancelled
8177,94,2025-07-04,102974.21,Completed
8178,331,2025-01-26,33314.26,Completed
8179,4179,2025-04-07,58873.15,Cancelled
8180,1837,2025-10-27,33757.23,Pending
8181,923,2025-01-14,12070.74,Completed
8182,3641,2025-09-27,22119.34,Shipped
8183,2278,2025-12-23,40460.99,Shipped
8184,3263,2025-09-05,47871.16,Completed
8185,4377,2025-07-18,72324.42,Completed
8186,94,2025-03-14,28370.56,Completed
8187,3568,2025-09-06,40600.56,Shipped
8188,2654,2025-01-06,0.0,Cancelled
8189,422,2025-10-09,43995.6,Completed
8190,1154,2026-02-04,27267.94,Completed
8191,4030,2025-07-27,7055.9,Completed
8192,320,2025-01-01,1581.32,Completed
8193,422,2025-08-22,10947.08,Shipped
8194,158,2025-09-15,52791.54,Pending
8195,1464,2025-09-14,19287.41,Completed
8196,2561,2026-03-04,2423.06,Completed
8197,1704,2025-09-14,24104.72,Cancelled
8198,4605,2026-01-08,58623.24,Pending
8199,3484,2025-05-22,53262.84,Completed
8200,2047,2026-01-05,45993.05,Cancelled
8201,3703,2026-01-07,42919.8,Completed
8202,3212,2025-12-30,64827.35,Pending
8203,1372,2025-01-16,94476.58,Completed
8204,3646,2025-12-21,10570.33,Completed
8205,1538,2025-03-16,20467.86,Pending
8206,1512,2025-05-03,53607.53,Completed
8207,3498,2025-07-05,10701.66,Completed
8208,4851,2025-03-08,32088.56,Completed
8209,673,2025-04-30,3867.76,Shipped
8210,668,2025-05-13,0.0,Completed
8211,421,2025-10-21,0.0,Completed
8212,1767,2026-01-06,1021.97,Cancelled
8213,594,2026-01-04,15791.44,Cancelled
8214,3764,2025-11-24,56100.58,Completed
8215,479,2025-08-02,18698.79,Completed
8216,4294,2025-02-27,38867.08,Completed
8217,93,2025-08-21,27639.91,Completed
8218,2054,2026-02-15,57321.26,Cancelled
8219,4567,2025-06-12,47394.25,Completed
8220,3841,2025-02-26,28235.27,Completed
8221,760,2025-09-17,968.15,Completed
8222,449,2025-05-18,47731.12,Completed
8223,4321,2025-09-11,110614.91,Completed
8224,3461,2026-01-22,6252.82,Completed
8225,2049,2026-01-09,14092.96,Completed
8226,730,2025-09-04,39457.1,Cancelled
8227,2201,2025-11-10,59575.39,Shipped
8228,3303,2025-04-03,66073.3,Completed
8229,3146,2026-02-20,55758.9,Shipped
8230,4003,2025-06-23,74194.73,Completed
8231,2469,2025-03-09,81603.46,Completed
8232,201,2025-03-28,24738.6,Shipped
8233,4962,2026-03-15,22509.84,Shipped
8234,717,2025-08-14,49645.15,Completed
8235,4550,2025-02-20,60238.32,Completed
8236,1996,2025-04-05,38925.95,Completed
8237,96,2025-04-23,34368.17,Shipped
8238,512,2025-04-11,13763.72,Completed
8239,2460,2025-12-09,0.0,Completed
8240,1514,2025-12-31,57565.04,Shipped
8241,521,2025-07-25,55835.33,Cancelled
8242,1768,2026-02-27,22856.85,Shipped
8243,1372,2026-02-22,27296.14,Shipped
8244,2323,2025-10-02,33793.75,Completed
8245,4321,2025-09-22,68432.42,Pending
8246,1858,2025-09-04,127497.83,Cancelled
8247,3099,2025-06-23,69305.39,Completed
8248,1250,2025-10-26,0.0,Pending
8249,1182,2025-12-14,81923.86,Completed
8250,3238,2025-07-20,16933.22,Completed
8251,4878,2025-09-27,110355.43,Pending
8252,1645,2025-10-14,41950.11,Completed
8253,3441,2025-09-11,0.0,Shipped
8254,1246,2025-10-07,69464.44,Pending
8255,3595,2026-01-09,83351.95,Pending
8256,4407,2025-07-21,34658.0,Cancelled
8257,4013,2025-09-02,58038.55,Completed
8258,912,2025-11-21,52883.49,Shipped
8259,1914,2025-08-24,6315.21,Completed
8260,3510,2025-01-07,199.13,Cancelled
8261,1127,2025-10-19,64277.71,Cancelled
8262,3289,2025-01-08,42528.83,Cancelled
8263,2491,2025-09-28,0.0,Completed
8264,3666,2025-09-07,2394.78,Shipped
8265,1512,2025-04-17,65552.79,Pending
8266,518,2026-03-23,7350.88,Completed
8267,3400,2025-09-05,22291.83,Shipped
8268,2088,2025-05-17,19151.25,Completed
8269,1859,2025-12-04,22555.05,Completed
8270,924,2025-01-02,17905.7,Completed
8271,1956,2025-06-23,45312.48,Cancelled
8272,4960,2025-06-02,44137.71,Pending
8273,4987,2026-01-05,72192.26,Completed
8274,442,2025-07-09,20095.45,Cancelled
8275,1269,2025-07-19,46714.48,Completed
8276,1158,2025-01-10,73413.42,Shipped
8277,716,2025-12-16,14560.79,Completed
8278,4548,2026-01-22,0.0,Shipped
8279,1002,2025-03-09,48252.33,Cancelled
8280,1996,2026-02-17,33266.91,Shipped
8281,1254,2025-08-13,74543.47,Completed
8282,3803,2025-02-08,100113.6,Shipped
8283,2534,2025-07-09,27737.82,Cancelled
8284,107,2025-11-30,43746.49,Shipped
8285,2616,2025-12-16,122977.42,Completed
8286,3960,2025-05-09,25916.97,Completed
8287,3004,2025-12-09,10326.95,Cancelled
8288,3803,2025-07-05,3729.7,Shipped
8289,4055,2025-02-27,6834.18,Shipped
8290,4239,2025-11-05,0.0,Shipped
8291,4384,2025-05-22,10732.45,Shipped
8292,4921,2025-12-18,0.0,Completed
8293,344,2025-01-19,0.0,Completed
8294,3994,2026-01-29,83847.12,Completed
8295,44,2025-08-05,24094.26,Pending
8296,1112,2025-07-09,7648.56,Completed
8297,4920,2025-05-01,7095.06,Shipped
8298,3220,2026-02-09,21805.2,Pending
8299,2881,2025-11-22,60450.36,Completed
8300,1000,2025-07-31,66318.34,Shipped
8301,3278,2025-06-10,18482.65,Shipped
8302,119,2025-09-06,5087.5,Completed
8303,1159,2025-02-26,51382.96,Cancelled
8304,3408,2025-01-24,0.0,Shipped
8305,690,2025-12-25,4712.08,Shipped
8306,443,2025-08-12,0.0,Completed
8307,2330,2025-06-08,82939.42,Shipped
8308,1762,2026-02-15,19573.64,Completed
8309,2832,2025-03-08,0.0,Completed
8310,836,2026-02-24,41733.71,Completed
8311,3857,2026-03-10,15417.16,Completed
8312,3446,2025-09-25,23212.44,Shipped
8313,4767,2026-02-27,37195.14,Completed
8314,4480,2025-07-20,44289.62,Completed
8315,1224,2025-10-09,13084.5,Cancelled
8316,4760,2025-11-20,79784.05,Pending
8317,847,2025-03-29,0.0,Completed
8318,2150,2025-08-14,37055.01,Pending
8319,4531,2025-09-07,86766.31,Completed
8320,2138,2025-11-05,84240.73,Pending
8321,1263,2025-01-31,29016.76,Shipped
8322,1140,2025-09-08,110260.7,Shipped
8323,1396,2025-12-15,84446.35,Cancelled
8324,1398,2026-03-19,11727.88,Completed
8325,1382,2025-07-30,0.0,Completed
8326,3116,2025-03-31,7835.1,Shipped
8327,1670,2025-03-25,4387.71,Completed
8328,3690,2025-10-12,55708.88,Shipped
8329,3061,2025-11-02,6357.32,Cancelled
8330,3389,2026-01-05,36926.88,Pending
8331,723,2025-06-25,0.0,Shipped
8332,4064,2025-09-20,42970.37,Completed
8333,4050,2025-12-04,29513.92,Shipped
8334,3401,2025-11-21,28711.45,Shipped
8335,4879,2025-09-10,36589.39,Completed
8336,2140,2025-12-09,60598.09,Cancelled
8337,610,2025-03-30,10225.85,Completed
8338,1950,2025-11-22,1596.52,Pending
8339,3072,2025-02-12,4111.82,Cancelled
8340,1490,2025-09-14,4986.42,Completed
8341,1648,2026-01-04,18706.47,Shipped
8342,1664,2025-03-21,20037.0,Shipped
8343,3259,2025-01-08,87341.17,Shipped
8344,672,2026-01-26,50205.18,Pending
8345,1095,2025-08-12,15552.18,Completed
8346,2532,2025-06-09,8860.52,Completed
8347,474,2025-09-17,41250.78,Completed
8348,206,2025-04-24,29775.76,Completed
8349,395,2025-04-11,5378.36,Shipped
8350,4750,2026-03-07,21100.06,Shipped
8351,194,2025-11-11,33954.72,Completed
8352,864,2025-12-24,5009.96,Cancelled
8353,4092,2025-05-09,12745.08,Completed
8354,323,2025-03-02,0.0,Shipped
8355,3198,2025-02-28,8874.43,Shipped
8356,2681,2025-10-28,88764.12,Cancelled
8357,2231,2025-07-05,22649.74,Completed
8358,4957,2026-03-26,29267.06,Cancelled
8359,4300,2025-11-22,66661.99,Cancelled
8360,833,2025-05-12,45965.65,Shipped
8361,133,2025-07-24,23616.66,Cancelled
8362,342,2025-12-04,23820.5,Cancelled
8363,1500,2025-06-13,8860.52,Shipped
8364,3391,2026-01-03,24031.14,Completed
8365,2706,2025-06-07,44651.6,Completed
8366,3741,2025-03-08,104688.86,Shipped
8367,2790,2025-02-01,0.0,Completed
8368,2541,2025-10-16,30362.93,Completed
8369,3780,2025-04-14,57540.61,Shipped
8370,2918,2025-01-27,55322.72,Cancelled
8371,1375,2026-01-08,24174.58,Completed
8372,4219,2025-08-16,31794.24,Shipped
8373,4284,2026-02-26,0.0,Pending
8374,3810,2025-11-30,87322.15,Cancelled
8375,2211,2026-02-10,29546.37,Shipped
8376,1235,2025-09-19,43696.46,Shipped
8377,3523,2025-01-02,4297.32,Completed
8378,126,2025-12-08,62422.86,Completed
8379,1657,2025-07-08,69071.06,Pending
8380,1252,2025-10-17,24044.52,Pending
8381,4617,2025-07-14,70501.42,Completed
8382,3856,2025-04-17,26363.01,Shipped
8383,1844,2025-07-26,25063.0,Completed
8384,438,2026-03-09,12993.48,Completed
8385,355,2025-07-10,9619.54,Pending
8386,3764,2025-08-30,41702.51,Cancelled
8387,3304,2025-02-15,47835.58,Completed
8388,1104,2025-01-19,35490.4,Shipped
8389,1956,2025-07-01,0.0,Shipped
8390,2165,2025-03-01,21249.6,Shipped
8391,772,2025-11-15,29894.84,Shipped
8392,1282,2026-03-10,32777.4,Shipped
8393,165,2025-08-13,46567.79,Completed
8394,1651,2025-02-18,18399.08,Completed
8395,4130,2026-01-13,20826.81,Completed
8396,1944,2025-03-05,0.0,Pending
8397,3420,2025-05-21,33880.98,Shipped
8398,4747,2025-11-25,45558.91,Shipped
8399,4228,2025-03-19,64192.0,Cancelled
8400,829,2026-03-08,46435.49,Cancelled
8401,2596,2025-12-14,26048.32,Completed
8402,2874,2025-04-05,78927.2,Pending
8403,3735,2025-01-04,14096.75,Completed
8404,3458,2025-11-01,3257.04,Completed
8405,3310,2025-09-19,0.0,Cancelled
8406,4630,2025-06-22,8735.73,Shipped
8407,1283,2025-05-29,12770.58,Shipped
8408,1196,2025-10-01,30206.92,Cancelled
8409,4128,2026-03-09,111288.12,Completed
8410,4895,2025-12-07,0.0,Cancelled
8411,3288,2025-09-26,17437.42,Completed
8412,2011,2025-01-31,30772.27,Shipped
8413,1211,2025-01-22,34509.32,Completed
8414,4525,2025-09-28,118698.39,Completed
8415,1814,2025-03-15,42063.83,Shipped
8416,3847,2025-06-29,41877.87,Completed
8417,62,2026-03-02,102353.35,Cancelled
8418,3288,2025-03-10,96318.01,Completed
8419,1793,2025-07-15,130150.96,Shipped
8420,2706,2026-03-12,177437.16,Completed
8421,2285,2025-09-06,23687.16,Shipped
8422,4814,2025-12-23,42914.27,Completed
8423,878,2025-03-15,15609.7,Shipped
8424,668,2025-03-07,16235.32,Completed
8425,4312,2025-05-14,0.0,Completed
8426,4684,2025-12-25,26255.98,Completed
8427,3621,2026-01-25,9335.54,Pending
8428,2083,2025-09-21,107899.18,Cancelled
8429,2365,2025-06-13,41842.91,Completed
8430,1406,2026-02-01,20854.83,Completed
8431,1850,2026-01-27,44372.15,Pending
8432,3356,2025-10-20,129314.85,Completed
8433,3750,2026-01-03,47091.63,Pending
8434,1626,2025-01-23,96182.26,Completed
8435,3019,2026-02-17,0.0,Shipped
8436,70,2025-07-22,49169.8,Completed
8437,3637,2025-08-13,5334.35,Completed
8438,4316,2025-05-26,57140.43,Completed
8439,81,2025-03-26,84710.28,Shipped
8440,1419,2025-04-03,65323.88,Shipped
8441,250,2025-01-03,32899.08,Pending
8442,3309,2025-01-10,47769.88,Completed
8443,561,2025-10-28,0.0,Pending
8444,4684,2025-03-21,14397.03,Shipped
8445,4141,2025-09-23,69468.52,Pending
8446,395,2025-04-21,25302.65,Completed
8447,2700,2025-10-23,42776.32,Shipped
8448,4256,2025-06-08,119138.05,Completed
8449,3240,2025-06-17,66816.58,Pending
8450,4227,2026-02-16,113319.66,Completed
8451,3334,2025-01-04,6565.53,Shipped
8452,2131,2025-06-04,7400.2,Completed
8453,3673,2025-10-16,28986.1,Cancelled
8454,980,2025-02-17,22652.3,Pending
8455,4812,2025-10-08,87583.32,Cancelled
8456,27,2025-05-26,45910.72,Pending
8457,888,2025-05-18,51174.78,Completed
8458,3999,2025-04-02,25962.56,Completed
8459,3977,2025-01-24,0.0,Completed
8460,956,2025-08-05,14433.23,Completed
8461,2651,2025-11-13,54290.58,Shipped
8462,158,2025-07-17,0.0,Completed
8463,2170,2025-08-30,5241.84,Shipped
8464,2361,2025-04-24,48200.09,Completed
8465,1567,2026-01-17,0.0,Shipped
8466,3929,2025-07-08,32939.87,Completed
8467,2785,2025-11-29,25643.95,Completed
8468,1017,2026-03-11,111495.81,Cancelled
8469,4440,2026-03-13,29145.24,Completed
8470,2123,2025-02-11,38217.9,Pending
8471,1083,2025-09-13,47148.03,Cancelled
8472,604,2025-06-13,71513.78,Pending
8473,837,2026-02-10,15241.74,Completed
8474,2532,2025-10-22,71318.93,Completed
8475,2004,2026-01-22,2678.09,Completed
8476,3664,2025-06-17,23324.36,Completed
8477,2407,2025-12-29,20317.89,Cancelled
8478,1256,2025-04-19,26315.76,Shipped
8479,1359,2025-04-06,22201.05,Completed
8480,2089,2025-01-26,5806.7,Completed
8481,1878,2025-06-12,55577.01,Completed
8482,4428,2025-09-14,20367.36,Shipped
8483,2539,2025-04-10,0.0,Shipped
8484,522,2025-10-09,30897.48,Shipped
8485,1506,2025-02-26,54293.31,Pending
8486,285,2025-01-13,25941.06,Cancelled
8487,1903,2025-03-05,19851.8,Pending
8488,2798,2025-10-23,50311.32,Completed
8489,4048,2025-07-05,7723.28,Completed
8490,437,2025-02-25,117228.23,Cancelled
8491,1450,2025-03-30,52534.84,Pending
8492,412,2025-03-13,82995.86,Pending
8493,3188,2026-02-18,5769.2,Completed
8494,1012,2025-01-25,6635.81,Shipped
8495,3273,2025-05-18,21544.69,Completed
8496,1127,2025-01-08,37419.54,Cancelled
8497,2744,2025-05-07,105320.81,Completed
8498,841,2025-01-20,11192.91,Pending
8499,2907,2025-12-20,8743.3,Completed
8500,2952,2025-04-08,68923.44,Shipped
8501,4139,2025-05-27,6606.49,Cancelled
8502,4504,2025-03-15,0.0,Shipped
8503,3762,2025-09-01,24943.82,Pending
8504,3392,2025-12-30,10735.72,Completed
8505,2415,2025-11-25,86326.81,Completed
8506,641,2025-11-14,8919.76,Shipped
8507,2044,2025-08-31,1528.56,Shipped
8508,2505,2026-01-14,92387.75,Completed
8509,2497,2025-05-15,82600.89,Completed
8510,1489,2025-03-30,3897.58,Shipped
8511,3032,2026-01-28,41272.65,Shipped
8512,3464,2025-04-20,0.0,Cancelled
8513,2901,2026-02-19,5913.18,Pending
8514,2275,2025-12-16,0.0,Pending
8515,1011,2026-01-20,29506.79,Cancelled
8516,4023,2026-02-12,109915.86,Cancelled
8517,3595,2025-11-04,45052.76,Cancelled
8518,3936,2025-03-05,17993.28,Cancelled
8519,120,2025-01-22,15485.65,Completed
8520,2759,2025-09-22,9812.28,Completed
8521,4799,2026-01-20,39883.31,Completed
8522,4398,2025-09-13,23697.0,Pending
8523,1949,2025-07-27,11654.96,Shipped
8524,1000,2026-01-25,44453.22,Completed
8525,4971,2025-08-06,6914.47,Cancelled
8526,1901,2025-10-09,14778.59,Cancelled
8527,634,2025-09-05,64793.62,Cancelled
8528,1543,2025-03-12,60590.48,Shipped
8529,2474,2025-06-22,65181.84,Shipped
8530,3799,2025-09-06,56505.87,Completed
8531,2145,2025-12-27,4395.44,Cancelled
8532,3718,2025-01-17,20065.48,Completed
8533,4932,2025-01-13,58451.9,Shipped
8534,2556,2025-06-14,47578.91,Completed
8535,3373,2025-11-08,81904.72,Cancelled
8536,3314,2025-11-04,21672.16,Pending
8537,4616,2025-07-05,110071.03,Completed
8538,4390,2025-07-06,42121.84,Completed
8539,2602,2025-08-23,31576.05,Cancelled
8540,3135,2025-06-19,74444.04,Shipped
8541,3310,2025-05-13,0.0,Completed
8542,755,2025-01-21,41133.48,Cancelled
8543,1965,2025-05-19,62599.32,Completed
8544,3701,2025-12-05,44620.98,Completed
8545,4220,2025-06-13,4922.59,Cancelled
8546,4250,2025-05-27,11951.14,Completed
8547,1353,2025-10-20,23720.2,Pending
8548,4239,2025-07-28,34249.31,Shipped
8549,3913,2025-11-16,124923.08,Completed
8550,3182,2025-07-18,24487.65,Completed
8551,3607,2025-03-06,2929.72,Pending
8552,4604,2025-09-10,51179.05,Cancelled
8553,4138,2025-04-18,12534.6,Cancelled
8554,2287,2025-01-02,53689.76,Shipped
8555,3333,2025-03-16,0.0,Cancelled
8556,4046,2025-05-14,0.0,Shipped
8557,1981,2025-10-28,102152.66,Completed
8558,271,2025-10-13,12191.6,Completed
8559,2072,2025-11-30,58921.64,Completed
8560,4470,2025-01-29,22930.74,Shipped
8561,2763,2025-10-11,12745.08,Shipped
8562,410,2025-06-08,145104.95,Completed
8563,4009,2025-04-06,63238.03,Completed
8564,925,2026-02-12,104684.3,Completed
8565,3158,2025-12-25,9438.88,Shipped
8566,4532,2025-10-04,31238.28,Cancelled
8567,1441,2025-05-28,29170.47,Shipped
8568,1521,2025-11-15,78702.82,Completed
8569,1833,2025-12-11,52306.95,Completed
8570,2629,2025-03-30,0.0,Shipped
8571,2275,2025-11-25,17917.13,Shipped
8572,664,2025-01-20,8162.55,Shipped
8573,4859,2026-01-13,105580.13,Completed
8574,4427,2025-09-05,35399.75,Completed
8575,4279,2025-01-09,11417.68,Pending
8576,2591,2026-02-21,51822.27,Shipped
8577,227,2025-02-21,31670.81,Shipped
8578,51,2025-08-15,0.0,Completed
8579,2806,2025-06-27,81191.4,Completed
8580,3623,2025-09-01,11751.88,Completed
8581,2571,2025-11-18,11918.68,Shipped
8582,2682,2025-02-27,16353.8,Shipped
8583,2354,2026-01-23,49721.48,Cancelled
8584,2867,2025-12-27,26887.02,Pending
8585,4854,2025-07-26,56993.39,Shipped
8586,4441,2025-03-18,72776.66,Shipped
8587,4582,2025-02-25,29764.02,Shipped
8588,584,2025-11-07,0.0,Shipped
8589,3903,2025-05-27,14148.63,Completed
8590,4584,2025-08-31,0.0,Cancelled
8591,2910,2025-12-09,68960.03,Completed
8592,3713,2025-03-07,0.0,Shipped
8593,2496,2026-01-30,8034.27,Completed
8594,600,2025-10-02,80346.13,Shipped
8595,405,2025-04-18,46398.54,Shipped
8596,2074,2025-11-06,98345.72,Cancelled
8597,653,2025-01-29,49796.75,Completed
8598,2068,2026-03-07,62238.49,Cancelled
8599,2400,2025-05-16,26450.17,Shipped
8600,122,2025-03-02,21167.7,Shipped
8601,4760,2025-04-24,46774.14,Shipped
8602,4090,2025-07-11,7632.4,Shipped
8603,4220,2025-07-22,46653.41,Cancelled
8604,1195,2025-08-07,26855.52,Shipped
8605,1394,2025-09-14,40096.05,Completed
8606,4391,2025-08-22,41443.11,Completed
8607,1934,2025-03-23,41214.5,Pending
8608,4717,2025-11-01,102774.64,Shipped
8609,3860,2025-12-20,14689.85,Shipped
8610,2055,2025-03-11,26280.88,Completed
8611,1659,2026-01-29,118596.45,Shipped
8612,2484,2025-03-03,10842.03,Completed
8613,1103,2025-06-18,12944.42,Completed
8614,4795,2025-07-15,21222.13,Completed
8615,4653,2025-06-17,31978.23,Cancelled
8616,4796,2025-10-28,38434.88,Completed
8617,4269,2025-11-22,28984.12,Completed
8618,1566,2025-03-16,54592.59,Completed
8619,377,2025-10-02,48856.36,Shipped
8620,455,2025-04-08,69950.75,Completed
8621,3080,2025-09-12,33262.6,Completed
8622,1025,2025-12-03,35273.92,Completed
8623,1495,2026-03-06,32214.04,Cancelled
8624,236,2025-09-28,46077.8,Cancelled
8625,3503,2025-11-22,0.0,Completed
8626,3696,2025-04-11,64231.01,Completed
8627,1644,2026-01-02,51013.98,Pending
8628,1952,2025-01-20,0.0,Completed
8629,4830,2025-07-19,17422.67,Shipped
8630,4480,2025-08-16,33103.36,Completed
8631,2489,2025-04-24,65485.71,Cancelled
8632,2035,2025-02-18,90071.46,Cancelled
8633,3385,2025-05-06,71403.01,Completed
8634,2331,2025-10-15,49539.46,Shipped
8635,2945,2025-12-30,18748.68,Completed
8636,4774,2025-06-01,60791.14,Pending
8637,1272,2026-02-27,24026.9,Shipped
8638,4862,2025-01-30,0.0,Completed
8639,277,2025-09-13,28767.25,Shipped
8640,3045,2026-02-11,72970.83,Cancelled
8641,1611,2025-01-10,0.0,Completed
8642,4480,2025-04-07,56588.66,Completed
8643,4797,2025-09-20,115577.95,Completed
8644,3302,2025-02-07,79412.75,Cancelled
8645,303,2025-02-25,34572.35,Completed
8646,500,2025-01-16,0.0,Completed
8647,4844,2025-05-26,76177.92,Completed
8648,3428,2025-11-06,23428.42,Completed
8649,572,2025-06-02,16725.6,Shipped
8650,3683,2025-03-23,45197.55,Shipped
8651,677,2025-11-30,98356.28,Pending
8652,4320,2025-10-25,42340.41,Shipped
8653,1049,2025-12-24,0.0,Shipped
8654,943,2025-12-09,19587.31,Completed
8655,4208,2025-04-30,39926.94,Completed
8656,2920,2025-04-12,8560.48,Shipped
8657,2175,2026-01-11,24487.65,Cancelled
8658,2611,2025-02-22,22755.95,Completed
8659,1355,2025-01-15,32255.89,Shipped
8660,840,2025-11-14,27657.77,Completed
8661,918,2025-04-24,8996.96,Completed
8662,2092,2026-02-18,3765.59,Shipped
8663,2277,2025-03-16,48825.59,Completed
8664,3175,2026-01-17,46426.9,Shipped
8665,1932,2025-03-27,7282.29,Completed
8666,2911,2025-07-05,39904.92,Cancelled
8667,3694,2025-05-23,63295.27,Shipped
8668,1755,2025-09-12,15688.1,Completed
8669,1090,2026-01-08,12830.48,Completed
8670,3281,2025-05-19,0.0,Completed
8671,3824,2026-01-02,50878.79,Completed
8672,398,2025-11-03,0.0,Cancelled
8673,780,2025-04-07,34982.01,Completed
8674,1140,2025-01-27,29654.75,Completed
8675,1974,2026-02-10,25526.97,Completed
8676,4786,2025-11-17,24483.81,Pending
8677,3294,2025-10-24,23809.41,Shipped
8678,3229,2025-04-14,38571.58,Pending
8679,2127,2026-03-10,6250.2,Completed
8680,3314,2025-07-31,3186.27,Completed
8681,1603,2025-11-17,24655.39,Completed
8682,742,2025-01-19,25537.08,Shipped
8683,2279,2025-07-20,92602.88,Completed
8684,2756,2025-11-13,22084.8,Completed
8685,1612,2026-03-13,43848.36,Shipped
8686,4095,2025-09-21,17132.15,Pending
8687,639,2025-12-09,6683.91,Completed
8688,3199,2025-04-07,88118.54,Shipped
8689,2510,2025-08-23,69260.12,Shipped
8690,402,2025-09-30,12224.97,Completed
8691,2522,2025-04-10,94545.76,Completed
8692,4127,2025-05-20,57209.67,Completed
8693,4814,2025-04-01,31274.28,Shipped
8694,3152,2025-08-27,50120.97,Shipped
8695,4768,2025-12-18,41249.27,Shipped
8696,1727,2025-09-29,28910.9,Shipped
8697,2790,2025-06-30,20367.81,Shipped
8698,3848,2025-06-02,17967.36,Cancelled
8699,317,2025-09-07,40730.79,Completed
8700,3076,2025-03-10,41001.0,Completed
8701,105,2025-08-27,20176.25,Shipped
8702,3547,2025-06-24,22763.55,Cancelled
8703,3952,2025-03-31,6914.47,Completed
8704,2631,2025-09-14,63133.37,Pending
8705,3720,2026-01-17,101128.93,Completed
8706,3998,2025-11-22,40518.15,Completed
8707,2400,2026-01-15,107888.81,Completed
8708,2644,2026-02-17,37356.33,Completed
8709,4101,2025-09-22,44773.95,Completed
8710,3739,2025-04-21,14863.54,Shipped
8711,2200,2025-12-18,6540.78,Shipped
8712,4687,2025-09-14,68512.2,Completed
8713,242,2025-04-10,29145.24,Completed
8714,3800,2025-01-31,43954.3,Pending
8715,4773,2026-01-15,44781.74,Shipped
8716,363,2026-01-07,26429.43,Shipped
8717,2317,2026-01-30,2270.52,Cancelled
8718,1166,2025-06-09,93557.2,Completed
8719,2206,2026-01-05,47063.36,Shipped
8720,1873,2025-11-19,9210.64,Shipped
8721,4241,2025-10-25,29880.92,Shipped
8722,3120,2025-03-21,0.0,Shipped
8723,3304,2025-12-22,17799.98,Shipped
8724,4619,2025-08-18,29907.85,Completed
8725,2969,2025-08-27,0.0,Shipped
8726,412,2025-04-26,28013.89,Shipped
8727,224,2025-02-15,13131.06,Shipped
8728,367,2025-11-02,10004.95,Completed
8729,3084,2025-11-26,85333.4,Completed
8730,958,2026-02-13,37144.04,Cancelled
8731,4986,2025-03-07,56918.13,Shipped
8732,3289,2025-09-20,50793.52,Pending
8733,4871,2025-04-08,67395.56,Cancelled
8734,1404,2025-06-19,37702.87,Completed
8735,505,2025-02-11,31912.4,Completed
8736,4767,2025-05-04,0.0,Shipped
8737,1443,2025-06-25,56017.15,Shipped
8738,4662,2025-01-08,33859.61,Completed
8739,225,2026-01-12,23251.06,Completed
8740,2711,2025-08-07,0.0,Completed
8741,4675,2025-03-18,19652.46,Completed
8742,2140,2026-03-09,32451.95,Completed
8743,3271,2025-09-23,99739.85,Shipped
8744,739,2025-03-09,41454.07,Shipped
8745,4764,2025-12-06,38839.64,Completed
8746,3163,2025-06-06,12505.64,Completed
8747,4581,2025-04-23,46872.9,Pending
8748,4816,2025-03-04,48104.26,Completed
8749,128,2025-05-12,28257.43,Completed
8750,1186,2025-03-13,51075.27,Pending
8751,4490,2025-10-12,0.0,Completed
8752,3459,2025-05-11,16211.22,Completed
8753,38,2026-03-11,39477.77,Completed
8754,105,2026-02-07,32734.25,Pending
8755,1476,2025-10-13,0.0,Shipped
8756,1838,2025-04-14,9150.54,Shipped
8757,2985,2025-06-12,25543.39,Completed
8758,1932,2025-02-13,32178.72,Shipped
8759,3955,2025-12-15,38336.32,Completed
8760,2406,2026-02-14,23597.2,Pending
8761,2363,2026-02-06,105894.04,Completed
8762,3818,2025-02-14,39478.6,Completed
8763,3165,2025-05-10,28177.07,Completed
8764,344,2025-10-14,6604.75,Cancelled
8765,3164,2025-02-11,81944.55,Shipped
8766,2283,2025-09-23,42253.3,Shipped
8767,4640,2025-05-21,36781.83,Shipped
8768,1508,2025-10-30,75459.6,Completed
8769,747,2025-02-13,0.0,Shipped
8770,1622,2026-01-07,39492.0,Shipped
8771,1568,2026-02-25,59049.21,Cancelled
8772,520,2025-10-31,0.0,Pending
8773,3474,2025-09-23,37547.54,Completed
8774,1409,2026-03-15,50742.61,Cancelled
8775,4976,2025-09-28,58017.2,Pending
8776,611,2025-07-15,49037.37,Completed
8777,1783,2026-01-05,42163.36,Completed
8778,155,2026-02-24,26644.06,Completed
8779,1486,2026-03-01,0.0,Shipped
8780,3150,2025-08-18,28826.16,Completed
8781,4074,2025-11-22,4922.59,Shipped
8782,31,2025-11-07,41965.04,Shipped
8783,4643,2026-01-29,90329.2,Pending
8784,1935,2025-02-02,15779.82,Shipped
8785,3739,2025-07-05,42092.8,Cancelled
8786,4765,2025-01-07,33179.05,Shipped
8787,3151,2025-02-09,0.0,Shipped
8788,2957,2025-01-04,13669.44,Completed
8789,3043,2025-06-12,26322.9,Shipped
8790,4191,2025-11-21,26292.35,Pending
8791,142,2025-02-10,12379.04,Shipped
8792,4649,2025-08-04,33361.58,Completed
8793,3190,2026-01-02,0.0,Completed
8794,4687,2025-10-11,40180.71,Pending
8795,2455,2026-02-09,53225.62,Shipped
8796,4532,2025-12-21,25553.0,Pending
8797,1798,2025-12-11,87134.51,Completed
8798,546,2025-08-20,81247.58,Shipped
8799,1122,2026-02-04,24001.01,Completed
8800,1516,2026-01-24,22989.57,Completed
8801,2628,2025-09-01,0.0,Cancelled
8802,4640,2025-09-08,3311.18,Cancelled
8803,3475,2025-06-12,0.0,Cancelled
8804,994,2025-05-28,63577.57,Cancelled
8805,4801,2025-07-24,5638.45,Cancelled
8806,3074,2025-05-19,0.0,Completed
8807,1844,2025-05-27,85112.42,Completed
8808,1197,2025-12-23,0.0,Completed
8809,2781,2025-03-22,3207.62,Completed
8810,4467,2026-01-29,12446.61,Shipped
8811,1920,2025-07-25,76520.5,Shipped
8812,742,2025-04-11,85213.97,Completed
8813,3201,2025-03-02,9757.17,Shipped
8814,1806,2026-01-30,71174.27,Cancelled
8815,1840,2025-03-31,33529.39,Completed
8816,1334,2025-05-13,26069.67,Shipped
8817,3668,2025-11-22,23956.48,Completed
8818,1867,2025-12-20,50079.35,Completed
8819,3222,2025-09-05,11110.26,Pending
8820,965,2025-05-06,38264.46,Completed
8821,3561,2025-03-04,9021.16,Shipped
8822,2920,2026-03-26,84020.24,Cancelled
8823,2012,2025-07-03,0.0,Completed
8824,499,2025-08-15,31521.51,Completed
8825,2547,2025-05-31,29227.38,Shipped
8826,1095,2025-03-14,13677.86,Shipped
8827,4594,2025-09-07,42845.95,Shipped
8828,522,2025-01-19,19900.74,Shipped
8829,1542,2026-01-13,45378.83,Shipped
8830,2022,2026-03-17,74994.23,Completed
8831,2559,2026-01-20,0.0,Completed
8832,1000,2025-07-02,35477.27,Completed
8833,1757,2025-08-21,54996.54,Cancelled
8834,4735,2026-02-14,24187.74,Completed
8835,1952,2026-03-20,16454.88,Completed
8836,1950,2025-07-08,34710.67,Completed
8837,2433,2025-02-28,47824.1,Pending
8838,4712,2025-06-09,27446.44,Cancelled
8839,1904,2025-08-02,14195.67,Completed
8840,4,2025-05-16,49184.76,Completed
8841,4047,2025-08-03,39350.36,Shipped
8842,1797,2025-07-28,60994.01,Completed
8843,1442,2026-02-20,55647.22,Shipped
8844,677,2025-11-11,42151.83,Completed
8845,1544,2026-03-14,33612.85,Cancelled
8846,860,2025-11-11,57564.15,Completed
8847,1732,2025-04-25,68288.18,Shipped
8848,2922,2025-05-13,15176.18,Completed
8849,2387,2025-11-13,61954.15,Pending
8850,252,2025-01-28,34497.65,Shipped
8851,4035,2025-07-18,1759.3,Pending
8852,3090,2025-01-08,5521.2,Shipped
8853,2468,2026-02-01,8707.5,Completed
8854,4065,2025-09-21,18099.05,Shipped
8855,1613,2025-08-28,107664.8,Completed
8856,363,2025-03-18,23314.28,Completed
8857,2910,2025-04-06,69422.18,Completed
8858,4184,2025-04-11,63338.75,Shipped
8859,4200,2025-07-08,28966.54,Pending
8860,4108,2025-02-13,47986.99,Pending
8861,1338,2025-05-03,2816.13,Pending
8862,1432,2026-03-22,2307.92,Pending
8863,43,2025-12-18,0.0,Completed
8864,3494,2025-01-23,34539.9,Completed
8865,4413,2025-11-03,45129.13,Pending
8866,1621,2025-03-16,0.0,Pending
8867,4655,2025-01-08,12967.66,Completed
8868,4896,2025-10-05,8114.16,Completed
8869,1284,2025-12-17,48753.88,Shipped
8870,699,2025-07-12,36105.52,Shipped
8871,1449,2025-04-25,0.0,Cancelled
8872,2349,2025-10-19,1865.28,Completed
8873,1028,2025-08-18,107847.69,Cancelled
8874,510,2025-07-29,35986.56,Shipped
8875,1668,2026-02-26,2654.91,Completed
8876,3244,2025-04-16,68444.16,Shipped
8877,3683,2025-11-19,92900.72,Pending
8878,818,2025-11-12,77279.98,Completed
8879,2434,2026-01-03,64665.3,Shipped
8880,1362,2026-03-27,0.0,Shipped
8881,3924,2025-12-09,62473.23,Completed
8882,3414,2025-08-16,33270.06,Pending
8883,3360,2025-04-11,37778.88,Completed
8884,1520,2025-12-04,40015.28,Completed
8885,4626,2025-12-29,0.0,Completed
8886,4381,2025-08-01,21208.23,Cancelled
8887,496,2026-03-04,9143.7,Shipped
8888,2469,2025-01-18,103466.23,Shipped
8889,2310,2025-10-26,27538.3,Shipped
8890,715,2026-02-18,29013.98,Shipped
8891,4115,2025-12-15,90393.7,Shipped
8892,3836,2025-08-26,0.0,Completed
8893,4952,2025-06-23,29307.64,Pending
8894,3720,2025-06-10,93760.34,Shipped
8895,2760,2025-09-02,122442.33,Shipped
8896,1817,2026-01-31,61697.55,Cancelled
8897,1185,2026-03-16,0.0,Completed
8898,377,2025-05-07,0.0,Completed
8899,1344,2025-04-09,2158.61,Shipped
8900,2952,2025-03-04,20007.47,Shipped
8901,3996,2025-06-05,28215.62,Completed
8902,1201,2025-04-13,15777.38,Completed
8903,2829,2025-04-05,117113.92,Pending
8904,1569,2025-02-16,20123.72,Completed
8905,2563,2025-03-26,78698.68,Completed
8906,2336,2025-03-12,32522.75,Shipped
8907,3053,2026-01-12,72454.48,Completed
8908,4088,2026-03-13,64707.49,Shipped
8909,24,2026-02-09,21244.95,Completed
8910,4838,2025-10-03,34440.38,Completed
8911,3827,2025-11-08,49626.77,Shipped
8912,1490,2025-12-18,0.0,Pending
8913,2940,2025-08-02,43309.83,Cancelled
8914,4157,2026-03-20,19963.23,Shipped
8915,1675,2025-11-01,43912.56,Shipped
8916,1753,2026-03-21,0.0,Shipped
8917,2110,2025-02-09,56837.29,Cancelled
8918,4793,2025-04-16,66022.56,Cancelled
8919,4444,2025-09-08,55396.23,Shipped
8920,3844,2025-01-13,77695.97,Completed
8921,2279,2025-10-19,57331.52,Completed
8922,1857,2025-02-11,3230.43,Completed
8923,581,2025-10-21,0.0,Shipped
8924,1890,2025-05-19,13250.44,Completed
8925,4543,2026-02-26,49703.77,Cancelled
8926,2460,2026-03-15,15204.23,Pending
8927,3405,2025-01-07,54614.28,Completed
8928,2108,2025-05-23,602.13,Shipped
8929,1967,2025-10-13,26495.87,Completed
8930,3357,2025-12-16,121991.86,Cancelled
8931,3034,2026-03-02,59182.4,Completed
8932,745,2025-01-26,81699.94,Completed
8933,2849,2025-11-01,12440.9,Shipped
8934,4704,2025-09-03,0.0,Completed
8935,2029,2025-08-23,108760.26,Completed
8936,3515,2025-09-24,72236.66,Shipped
8937,3098,2025-05-24,12140.36,Pending
8938,2516,2025-05-06,30862.28,Cancelled
8939,1096,2025-01-07,1848.43,Completed
8940,1416,2025-07-22,14712.8,Completed
8941,3844,2025-11-28,130944.57,Shipped
8942,3156,2025-05-06,58317.53,Shipped
8943,1445,2025-05-15,64572.55,Pending
8944,3217,2025-04-04,41782.27,Pending
8945,359,2025-10-24,109990.2,Pending
8946,664,2026-02-28,5308.22,Pending
8947,2909,2026-03-25,26277.8,Completed
8948,3016,2025-12-06,11623.76,Cancelled
8949,4649,2025-06-17,44307.5,Shipped
8950,1816,2025-10-23,57818.02,Completed
8951,3292,2025-10-24,6090.24,Completed
8952,1913,2025-09-15,45822.85,Completed
8953,1933,2025-05-29,89965.67,Pending
8954,2486,2025-10-25,47022.91,Cancelled
8955,1437,2025-05-22,108521.73,Completed
8956,527,2025-12-26,50233.14,Shipped
8957,4445,2025-09-29,1581.32,Pending
8958,2774,2026-03-07,69212.31,Completed
8959,1195,2025-08-05,34629.8,Shipped
8960,3235,2025-10-14,32457.77,Pending
8961,1516,2025-10-13,18577.5,Cancelled
8962,4641,2025-04-21,3126.41,Shipped
8963,687,2025-06-16,0.0,Completed
8964,1704,2025-08-01,0.0,Completed
8965,3774,2025-11-18,30114.63,Pending
8966,995,2025-08-04,0.0,Shipped
8967,317,2025-09-21,11169.42,Shipped
8968,4902,2025-06-17,20666.77,Pending
8969,1781,2025-01-09,17229.42,Completed
8970,4469,2025-01-24,23956.48,Completed
8971,2156,2025-12-25,146089.72,Shipped
8972,2155,2026-03-21,44049.05,Completed
8973,1465,2025-05-12,12247.34,Completed
8974,2478,2025-06-23,61933.74,Completed
8975,4766,2025-05-01,78415.2,Shipped
8976,4796,2025-08-25,60235.74,Completed
8977,62,2025-07-15,33023.75,Pending
8978,4101,2025-08-24,0.0,Pending
8979,4977,2025-12-16,63144.92,Shipped
8980,4508,2025-06-28,43062.35,Shipped
8981,2500,2026-03-09,29381.2,Completed
8982,1188,2025-09-13,0.0,Completed
8983,3042,2025-07-24,23476.55,Pending
8984,3256,2026-02-21,8101.28,Completed
8985,2997,2026-01-08,3468.76,Cancelled
8986,2442,2026-03-15,76935.38,Pending
8987,581,2025-05-10,4022.8,Completed
8988,4249,2025-06-12,47430.56,Cancelled
8989,2126,2026-02-26,22413.35,Completed
8990,3105,2026-03-05,111680.61,Shipped
8991,1947,2025-10-19,58362.2,Shipped
8992,2813,2026-03-18,70964.06,Completed
8993,3174,2025-06-21,40669.75,Shipped
8994,1123,2026-02-01,29381.2,Shipped
8995,3300,2025-02-22,35020.81,Shipped
8996,1016,2025-06-20,27043.4,Completed
8997,87,2025-09-04,328.39,Completed
8998,1003,2025-07-03,2282.52,Completed
8999,1088,2025-04-22,0.0,Shipped
9000,4848,2025-11-09,0.0,Shipped
9001,4638,2026-03-11,70032.26,Cancelled
9002,4152,2025-05-12,18960.78,Completed
9003,4472,2025-11-02,34731.0,Completed
9004,659,2025-09-13,28769.51,Cancelled
9005,2708,2025-05-02,55449.72,Completed
9006,2691,2025-07-03,56221.2,Cancelled
9007,3914,2025-05-12,9745.11,Cancelled
9008,4072,2025-07-06,1234.45,Completed
9009,1218,2025-11-04,71644.8,Cancelled
9010,890,2025-03-20,56512.75,Completed
9011,1791,2025-10-13,62873.08,Completed
9012,882,2025-07-18,80487.38,Cancelled
9013,4076,2026-02-08,64934.67,Pending
9014,4885,2025-06-02,15383.56,Completed
9015,1910,2025-09-02,23289.55,Shipped
9016,4173,2025-08-07,35893.36,Cancelled
9017,2402,2025-05-25,0.0,Completed
9018,2263,2026-01-12,56447.01,Cancelled
9019,1605,2025-03-02,39070.9,Cancelled
9020,4908,2025-03-07,55249.63,Cancelled
9021,1659,2025-12-13,15730.6,Completed
9022,4151,2025-12-04,18525.12,Cancelled
9023,4302,2026-02-16,51338.52,Shipped
9024,4125,2025-06-16,71636.15,Completed
9025,3820,2026-02-18,30626.18,Completed
9026,2274,2025-11-18,52730.2,Cancelled
9027,2462,2025-03-09,27198.36,Completed
9028,3019,2025-08-28,101477.11,Shipped
9029,3569,2025-03-05,80267.19,Completed
9030,1885,2025-09-06,4664.19,Shipped
9031,3259,2026-01-05,43866.36,Cancelled
9032,4663,2026-03-12,39521.77,Completed
9033,3067,2025-02-27,4111.82,Completed
9034,1357,2025-11-27,0.0,Shipped
9035,3946,2025-04-26,33531.44,Completed
9036,4065,2025-06-25,985.17,Cancelled
9037,2570,2025-06-07,46078.95,Completed
9038,2271,2025-01-02,37661.13,Cancelled
9039,1338,2025-07-11,48444.92,Cancelled
9040,2923,2025-10-02,4057.08,Pending
9041,3707,2025-02-25,59152.97,Completed
9042,3117,2025-12-07,60269.63,Completed
9043,1497,2025-09-07,5821.5,Completed
9044,44,2025-11-10,41425.46,Pending
9045,3974,2025-12-26,93238.23,Completed
9046,1364,2025-04-12,76542.79,Shipped
9047,4690,2025-04-22,0.0,Shipped
9048,1553,2026-01-14,143153.88,Completed
9049,1561,2025-06-01,0.0,Cancelled
9050,573,2025-08-17,52436.47,Completed
9051,2585,2025-07-18,44875.4,Shipped
9052,3938,2025-02-22,9392.7,Pending
9053,729,2026-02-24,58542.3,Shipped
9054,3261,2025-12-09,49586.98,Completed
9055,3121,2025-06-30,93844.05,Shipped
9056,611,2025-09-12,23802.0,Completed
9057,51,2025-07-13,106084.38,Completed
9058,4751,2025-05-24,42319.38,Shipped
9059,694,2025-01-04,66876.83,Completed
9060,2668,2025-02-16,17659.15,Shipped
9061,375,2026-02-20,20833.03,Shipped
9062,1693,2025-07-08,37018.17,Pending
9063,1565,2025-10-28,35554.48,Shipped
9064,197,2025-04-29,28552.77,Completed
9065,2632,2025-11-18,0.0,Shipped
9066,4428,2025-06-17,10012.7,Shipped
9067,2590,2025-03-25,78869.4,Completed
9068,3821,2025-10-24,16235.32,Completed
9069,3703,2025-07-12,0.0,Shipped
9070,3387,2025-06-03,6600.12,Shipped
9071,3792,2025-09-09,81145.9,Pending
9072,4268,2025-06-17,64863.16,Cancelled
9073,2730,2026-03-20,13209.5,Cancelled
9074,3630,2025-04-11,18941.66,Shipped
9075,3508,2025-10-15,37629.77,Shipped
9076,4903,2025-04-03,76493.24,Shipped
9077,4560,2025-03-09,0.0,Cancelled
9078,4381,2025-02-07,0.0,Completed
9079,524,2025-06-01,15855.5,Completed
9080,3470,2025-06-25,34038.51,Shipped
9081,1892,2025-07-02,49872.53,Completed
9082,1569,2026-01-12,0.0,Completed
9083,354,2026-02-17,149340.25,Pending
9084,4646,2025-06-24,35301.09,Completed
9085,4314,2025-03-30,24375.37,Shipped
9086,82,2025-04-22,7618.17,Cancelled
9087,4263,2026-02-13,33010.76,Shipped
9088,4162,2025-12-14,23217.91,Completed
9089,4047,2025-09-25,19500.64,Cancelled
9090,2906,2025-04-09,14868.31,Cancelled
9091,538,2025-01-26,13390.45,Shipped
9092,238,2025-11-17,19467.11,Shipped
9093,984,2025-06-09,39895.6,Completed
9094,671,2025-05-26,63838.14,Shipped
9095,1489,2025-02-15,74516.42,Cancelled
9096,4937,2025-01-12,0.0,Shipped
9097,4517,2025-06-17,0.0,Completed
9098,2368,2025-11-04,108128.11,Pending
9099,2509,2025-08-10,31294.03,Cancelled
9100,3005,2025-12-15,32816.68,Cancelled
9101,658,2026-02-06,40648.72,Shipped
9102,2316,2025-01-06,33157.07,Completed
9103,918,2025-05-17,5584.71,Completed
9104,613,2025-08-24,1814.73,Pending
9105,4472,2025-12-09,71961.56,Pending
9106,4926,2025-07-22,52519.52,Cancelled
9107,2959,2025-10-14,114802.87,Completed
9108,820,2025-05-29,49539.74,Completed
9109,2456,2025-12-18,83306.61,Completed
9110,2815,2025-01-21,55337.67,Shipped
9111,1423,2025-07-16,3027.9,Completed
9112,4299,2025-10-30,9079.9,Completed
9113,3074,2025-09-07,8792.03,Shipped
9114,974,2025-06-02,26891.8,Cancelled
9115,149,2025-05-15,3622.32,Completed
9116,4144,2025-10-21,36839.66,Completed
9117,4532,2025-12-31,102860.64,Pending
9118,3540,2025-08-08,44530.69,Completed
9119,1770,2025-11-01,14353.8,Completed
9120,4879,2025-01-14,32795.92,Shipped
9121,1899,2025-12-07,66128.33,Completed
9122,1793,2025-04-21,22920.97,Shipped
9123,875,2025-07-13,46716.2,Shipped
9124,791,2026-01-26,36559.21,Completed
9125,2147,2025-02-25,36050.19,Completed
9126,520,2025-09-30,3380.61,Completed
9127,605,2025-03-22,43338.3,Completed
9128,1114,2025-01-28,0.0,Completed
9129,3406,2025-07-13,53675.22,Completed
9130,2423,2025-10-01,86421.81,Shipped
9131,2462,2025-10-31,64141.21,Shipped
9132,4784,2025-09-30,35319.04,Pending
9133,4702,2025-09-12,6985.98,Completed
9134,1991,2025-11-20,12106.96,Completed
9135,709,2025-02-03,73229.74,Completed
9136,2756,2025-12-25,10072.86,Completed
9137,1525,2026-03-14,0.0,Shipped
9138,753,2025-03-04,97702.8,Completed
9139,2081,2025-06-20,105859.28,Pending
9140,3809,2025-06-11,38227.04,Pending
9141,3250,2025-09-14,74963.43,Cancelled
9142,3523,2025-07-05,59774.09,Shipped
9143,2764,2025-11-20,0.0,Completed
9144,3330,2025-04-13,12772.54,Completed
9145,2273,2025-06-27,2903.35,Cancelled
9146,1527,2026-03-08,23548.87,Shipped
9147,398,2025-06-11,21450.51,Completed
9148,952,2025-12-30,42485.91,Cancelled
9149,2945,2026-02-01,43889.95,Completed
9150,2243,2026-01-29,0.0,Completed
9151,2122,2025-03-13,16452.8,Completed
9152,3799,2025-11-19,0.0,Completed
9153,307,2025-01-11,101531.25,Shipped
9154,1640,2025-03-06,53079.86,Shipped
9155,409,2025-09-28,98222.68,Completed
9156,3390,2025-12-23,0.0,Shipped
9157,3567,2025-01-11,22117.25,Cancelled
9158,3272,2025-01-16,67764.54,Pending
9159,1416,2025-04-03,58889.36,Shipped
9160,2011,2025-06-14,2090.65,Completed
9161,3304,2025-08-12,31593.6,Completed
9162,3426,2025-04-12,12511.61,Shipped
9163,1402,2025-08-14,57194.04,Shipped
9164,2605,2025-06-18,83739.6,Shipped
9165,1027,2025-06-29,26098.4,Completed
9166,3686,2025-11-13,32843.92,Shipped
9167,3397,2025-09-04,76532.61,Completed
9168,4201,2025-07-09,55098.74,Completed
9169,3842,2025-01-07,36259.06,Shipped
9170,4303,2026-01-19,42713.59,Shipped
9171,2953,2025-01-31,100973.07,Completed
9172,4055,2025-02-16,23021.66,Pending
9173,2819,2025-03-20,12964.06,Cancelled
9174,3089,2025-05-06,85428.81,Completed
9175,2312,2025-12-24,28332.87,Shipped
9176,878,2025-01-11,44444.05,Completed
9177,3845,2025-03-22,54413.88,Completed
9178,576,2025-02-28,0.0,Shipped
9179,1847,2025-12-17,57668.42,Shipped
9180,1467,2025-05-10,85891.68,Completed
9181,998,2025-10-20,830.28,Shipped
9182,1914,2025-11-08,0.0,Completed
9183,1389,2025-02-21,24768.85,Cancelled
9184,4964,2026-01-04,37667.16,Completed
9185,4161,2026-01-10,4637.39,Pending
9186,2467,2025-06-10,14146.4,Shipped
9187,2853,2026-03-11,3680.74,Shipped
9188,3279,2025-07-23,3230.43,Completed
9189,1661,2025-02-07,54132.15,Completed
9190,2511,2025-04-14,12213.94,Shipped
9191,3571,2025-10-12,117261.68,Cancelled
9192,4364,2025-05-29,71800.16,Shipped
9193,3307,2025-05-06,13172.38,Shipped
9194,4058,2025-11-15,15856.71,Cancelled
9195,4076,2025-03-20,102105.33,Pending
9196,1139,2026-01-20,34589.25,Cancelled
9197,4018,2025-07-10,0.0,Shipped
9198,4007,2025-12-16,13399.36,Pending
9199,996,2026-01-19,36695.94,Completed
9200,3687,2025-10-20,40687.06,Completed
9201,4392,2025-06-02,34064.8,Completed
9202,2942,2026-02-09,0.0,Shipped
9203,3534,2025-09-11,27891.57,Shipped
9204,1942,2025-03-06,61999.8,Completed
9205,2231,2025-06-17,15632.52,Shipped
9206,3381,2026-01-02,52228.72,Shipped
9207,3983,2025-08-20,10392.54,Shipped
9208,4874,2025-07-11,29443.65,Pending
9209,771,2025-01-24,23314.28,Completed
9210,160,2025-05-07,47255.49,Cancelled
9211,4409,2025-03-18,25854.24,Completed
9212,4132,2026-01-23,15287.16,Cancelled
9213,1720,2025-02-27,37944.03,Shipped
9214,2823,2025-09-23,32535.7,Cancelled
9215,4889,2025-06-07,8650.3,Completed
9216,504,2025-11-24,47535.88,Completed
9217,1800,2025-02-25,33233.96,Pending
9218,1281,2025-08-27,107539.65,Cancelled
9219,3701,2025-07-15,45377.56,Cancelled
9220,4106,2025-03-12,60053.25,Cancelled
9221,3439,2025-03-16,65421.46,Completed
9222,4897,2025-01-16,1209.82,Shipped
9223,774,2026-01-18,0.0,Completed
9224,3024,2026-01-22,17837.44,Shipped
9225,488,2025-09-07,15632.05,Pending
9226,1939,2026-02-01,3030.48,Completed
9227,3048,2025-10-06,51359.19,Shipped
9228,1472,2025-12-17,87466.59,Completed
9229,3821,2025-12-11,9250.51,Cancelled
9230,2231,2025-04-05,0.0,Completed
9231,1190,2025-05-06,99602.34,Shipped
9232,1205,2025-05-02,7201.79,Pending
9233,4196,2025-06-11,10886.69,Completed
9234,4646,2025-10-05,24039.42,Completed
9235,4098,2026-02-19,42554.29,Shipped
9236,3431,2025-05-07,35503.31,Completed
9237,2033,2026-01-14,29599.9,Pending
9238,1704,2025-12-17,53588.82,Pending
9239,2341,2026-01-04,0.0,Shipped
9240,3556,2026-03-01,17248.0,Shipped
9241,2681,2025-10-30,36505.69,Cancelled
9242,3191,2025-07-19,66274.43,Shipped
9243,1422,2025-06-17,47593.78,Completed
9244,2022,2025-02-15,22816.73,Shipped
9245,1900,2025-10-27,73862.16,Completed
9246,1759,2025-01-18,19210.35,Completed
9247,896,2025-03-26,7258.78,Completed
9248,672,2026-02-06,119285.78,Cancelled
9249,1139,2025-01-31,0.0,Shipped
9250,3359,2025-05-14,23523.84,Pending
9251,828,2025-10-05,59212.92,Completed
9252,4371,2025-06-23,52597.71,Cancelled
9253,3014,2025-01-28,15413.27,Completed
9254,4553,2025-07-19,8634.44,Completed
9255,1840,2025-06-10,14061.51,Cancelled
9256,3491,2025-01-23,0.0,Completed
9257,1812,2025-04-21,0.0,Completed
9258,1979,2025-04-02,11388.41,Cancelled
9259,1689,2025-09-07,0.0,Shipped
9260,3672,2026-03-08,39414.64,Completed
9261,2844,2025-08-24,24210.49,Completed
9262,3234,2025-11-27,41161.41,Pending
9263,2489,2025-08-12,106522.27,Shipped
9264,472,2026-03-27,44673.01,Shipped
9265,2382,2026-02-21,89767.51,Shipped
9266,2073,2025-05-02,5592.3,Completed
9267,2583,2025-06-02,36323.27,Completed
9268,2107,2025-10-03,36090.27,Shipped
9269,2163,2025-06-17,82544.98,Shipped
9270,1811,2025-11-26,62548.82,Completed
9271,3378,2025-10-11,18182.28,Completed
9272,2799,2025-09-21,24679.2,Completed
9273,933,2025-12-10,67546.27,Shipped
9274,215,2026-03-06,5821.5,Completed
9275,1680,2025-03-17,64555.27,Completed
9276,1253,2025-02-06,45957.12,Shipped
9277,577,2025-04-13,51553.0,Cancelled
9278,4643,2026-01-27,36018.75,Shipped
9279,1385,2025-06-20,100589.67,Cancelled
9280,407,2025-10-15,30116.28,Completed
9281,701,2026-01-26,57888.63,Completed
9282,3206,2025-11-19,5493.69,Completed
9283,3007,2025-02-22,35595.77,Cancelled
9284,439,2025-09-22,61237.35,Pending
9285,544,2025-08-30,11276.9,Shipped
9286,702,2025-03-07,41796.25,Completed
9287,1953,2026-01-02,101243.59,Completed
9288,3951,2026-02-08,55631.83,Pending
9289,2476,2025-03-25,82326.6,Pending
9290,1779,2025-08-21,45794.94,Completed
9291,1758,2025-06-03,11590.06,Completed
9292,4707,2025-03-12,112979.45,Cancelled
9293,4910,2025-05-21,11771.52,Shipped
9294,1224,2025-08-11,0.0,Shipped
9295,400,2025-07-24,34704.83,Completed
9296,3788,2025-12-30,11783.64,Completed
9297,414,2025-04-20,8300.53,Shipped
9298,4085,2025-11-04,11676.64,Completed
9299,3918,2025-01-02,3149.12,Completed
9300,627,2025-03-16,64745.95,Shipped
9301,1961,2025-09-28,65167.84,Shipped
9302,735,2025-08-07,34584.48,Completed
9303,3581,2025-08-03,39171.52,Completed
9304,3378,2026-03-23,42542.29,Cancelled
9305,4178,2025-10-06,14292.1,Completed
9306,4536,2025-06-24,56058.43,Completed
9307,625,2025-11-19,73876.22,Pending
9308,4670,2025-04-28,44578.6,Shipped
9309,2271,2026-01-09,31210.52,Pending
9310,1182,2025-08-23,74724.72,Shipped
9311,4377,2025-12-28,115330.87,Pending
9312,2451,2025-03-10,50895.39,Completed
9313,2535,2025-01-21,46679.82,Cancelled
9314,989,2025-06-14,39446.98,Completed
9315,1521,2025-07-08,15824.68,Pending
9316,3474,2025-03-28,13538.83,Pending
9317,2700,2025-04-18,3933.55,Completed
9318,696,2026-01-23,188389.79,Completed
9319,4305,2025-09-13,86726.54,Pending
9320,911,2025-04-01,63424.25,Shipped
9321,967,2025-02-18,59039.76,Shipped
9322,1557,2025-04-24,24540.45,Shipped
9323,1512,2025-05-11,7802.63,Completed
9324,3317,2025-06-19,67853.45,Completed
9325,4427,2025-11-03,128177.06,Completed
9326,991,2025-03-14,39670.0,Shipped
9327,3534,2025-10-30,40018.31,Completed
9328,927,2025-12-06,70654.5,Shipped
9329,1969,2026-02-01,0.0,Shipped
9330,3145,2026-02-11,54780.13,Shipped
9331,4016,2026-01-08,0.0,Cancelled
9332,4874,2025-01-09,36610.31,Shipped
9333,511,2025-03-20,78472.59,Shipped
9334,41,2025-09-01,9432.42,Shipped
9335,144,2025-09-08,34581.88,Completed
9336,1727,2025-06-10,51388.39,Pending
9337,2843,2026-02-12,0.0,Completed
9338,3011,2025-01-18,16937.0,Shipped
9339,74,2025-02-04,83567.52,Completed
9340,4884,2025-12-28,17958.55,Completed
9341,2329,2025-03-04,0.0,Shipped
9342,4657,2026-03-05,48639.09,Completed
9343,404,2025-09-15,46337.89,Shipped
9344,816,2025-10-09,45514.63,Cancelled
9345,941,2025-01-18,6002.97,Completed
9346,1244,2026-02-14,38132.32,Completed
9347,4156,2025-06-30,38246.78,Completed
9348,4538,2025-09-14,18475.68,Pending
9349,2556,2026-01-28,0.0,Completed
9350,3148,2025-02-26,59668.5,Pending
9351,4258,2025-11-14,10819.64,Cancelled
9352,1110,2025-07-07,110212.1,Pending
9353,1456,2025-01-03,43759.67,Completed
9354,890,2025-03-11,20913.2,Shipped
9355,3077,2025-09-26,116420.87,Completed
9356,936,2025-07-31,52622.04,Completed
9357,3256,2025-08-09,3581.46,Shipped
9358,3484,2025-06-29,37551.62,Completed
9359,3682,2025-12-05,4172.77,Completed
9360,3178,2025-08-13,38892.36,Pending
9361,1223,2025-11-28,0.0,Completed
9362,2119,2026-01-08,58819.74,Cancelled
9363,2984,2025-02-06,12289.76,Cancelled
9364,4630,2025-11-08,36336.82,Cancelled
9365,2407,2025-08-12,100805.59,Shipped
9366,2029,2025-09-06,32074.89,Completed
9367,1891,2025-08-16,108616.12,Pending
9368,1223,2025-07-06,3412.08,Pending
9369,2434,2025-02-11,12910.28,Completed
9370,3337,2025-02-08,33984.96,Pending
9371,1111,2025-03-21,91414.72,Shipped
9372,4833,2025-06-29,38646.68,Pending
9373,475,2025-08-23,13324.79,Completed
9374,3023,2025-05-22,73188.59,Pending
9375,3992,2026-01-14,89312.18,Cancelled
9376,1254,2025-10-15,70937.5,Shipped
9377,2705,2025-12-19,37394.11,Cancelled
9378,1500,2025-12-21,47551.5,Completed
9379,53,2025-01-21,37980.53,Completed
9380,4986,2025-02-09,42030.71,Completed
9381,3771,2025-06-09,980.6,Cancelled
9382,578,2025-11-14,40417.33,Completed
9383,541,2025-09-06,29599.24,Completed
9384,1477,2025-03-15,18285.98,Completed
9385,954,2025-03-13,0.0,Completed
9386,3222,2025-07-12,41348.85,Shipped
9387,2016,2026-03-20,18204.57,Completed
9388,4132,2025-09-23,51094.84,Completed
9389,4033,2025-09-18,0.0,Shipped
9390,3629,2025-08-14,27164.47,Shipped
9391,3212,2025-11-01,39065.78,Pending
9392,3269,2025-10-02,118921.42,Completed
9393,3748,2025-07-16,90713.17,Pending
9394,2287,2025-07-14,17237.4,Completed
9395,1090,2025-04-21,8127.0,Completed
9396,3743,2025-09-07,17248.0,Shipped
9397,1871,2025-03-07,32443.3,Shipped
9398,4893,2025-12-30,3312.61,Completed
9399,1042,2026-02-11,10157.56,Pending
9400,1516,2026-03-15,64138.92,Pending
9401,3205,2025-05-27,12455.63,Shipped
9402,2084,2026-02-23,126039.49,Shipped
9403,3912,2025-11-10,88307.3,Completed
9404,252,2025-08-24,6866.92,Pending
9405,3104,2025-06-04,45563.7,Completed
9406,1263,2025-07-03,8280.57,Completed
9407,4364,2025-01-28,37941.43,Completed
9408,4541,2025-06-03,7109.8,Shipped
9409,2278,2025-12-04,14786.12,Completed
9410,3588,2026-02-05,61863.49,Completed
9411,2023,2025-05-01,6060.96,Pending
9412,1934,2025-06-09,14429.31,Shipped
9413,2899,2025-02-04,39078.4,Shipped
9414,3109,2025-04-10,68148.69,Pending
9415,3402,2026-02-11,43703.1,Completed
9416,2835,2025-03-15,26120.44,Completed
9417,3801,2025-03-29,11538.76,Completed
9418,2576,2025-09-20,93292.51,Cancelled
9419,2912,2025-06-05,22220.52,Completed
9420,2755,2025-12-01,28872.9,Shipped
9421,745,2025-07-11,0.0,Shipped
9422,876,2025-08-13,21592.28,Shipped
9423,2515,2025-04-18,10160.13,Completed
9424,1911,2026-01-07,46536.57,Shipped
9425,1158,2026-01-13,76246.87,Cancelled
9426,2868,2025-10-24,0.0,Shipped
9427,2495,2025-06-04,0.0,Shipped
9428,2485,2026-03-06,32982.63,Cancelled
9429,1349,2025-03-25,64243.52,Shipped
9430,4260,2026-03-03,15114.54,Shipped
9431,3767,2026-03-27,42925.77,Completed
9432,4192,2025-11-23,46192.94,Completed
9433,500,2026-02-18,11040.4,Completed
9434,414,2025-03-07,1295.14,Shipped
9435,428,2025-06-26,71719.42,Completed
9436,547,2025-08-17,16375.72,Shipped
9437,4838,2025-01-26,6967.14,Cancelled
9438,4096,2026-01-15,25830.78,Pending
9439,3474,2025-01-16,30311.03,Completed
9440,832,2025-03-14,28323.17,Shipped
9441,18,2025-09-21,15287.16,Completed
9442,1002,2025-11-06,83300.71,Completed
9443,1405,2025-09-22,39913.27,Shipped
9444,2589,2026-02-03,47664.35,Shipped
9445,2463,2026-01-19,42486.41,Completed
9446,1810,2026-02-09,41915.82,Shipped
9447,4143,2025-07-19,27537.72,Completed
9448,2518,2025-08-15,33744.93,Cancelled
9449,4350,2025-05-19,86765.02,Completed
9450,2002,2025-03-05,41331.8,Completed
9451,4879,2025-12-07,28187.56,Cancelled
9452,1544,2025-03-25,17595.9,Completed
9453,3386,2025-06-14,89371.29,Completed
9454,4364,2025-10-03,18604.81,Shipped
9455,629,2025-06-28,16004.78,Shipped
9456,3703,2026-01-16,0.0,Cancelled
9457,1066,2025-11-02,104786.65,Shipped
9458,4520,2025-03-07,48744.39,Completed
9459,2784,2026-03-17,0.0,Shipped
9460,1921,2025-04-24,47887.22,Completed
9461,1897,2025-05-01,68972.64,Shipped
9462,184,2026-02-12,57559.44,Completed
9463,4433,2025-12-03,0.0,Shipped
9464,1883,2025-01-29,20338.84,Completed
9465,95,2025-01-08,2900.82,Completed
9466,2952,2025-08-06,48761.53,Shipped
9467,2781,2025-05-18,71217.44,Shipped
9468,2170,2025-10-21,24594.64,Cancelled
9469,2975,2025-07-06,14429.31,Shipped
9470,693,2025-08-07,84511.88,Shipped
9471,537,2025-10-18,796.13,Completed
9472,3763,2026-01-04,112584.17,Cancelled
9473,731,2026-02-08,0.0,Cancelled
9474,1483,2025-09-19,4937.8,Completed
9475,3608,2025-05-28,27897.7,Completed
9476,884,2025-12-01,0.0,Pending
9477,405,2025-06-25,3146.12,Shipped
9478,2865,2025-07-14,26394.61,Completed
9479,4188,2025-08-07,10162.2,Shipped
9480,3564,2026-02-25,34002.32,Shipped
9481,4765,2025-09-11,30105.71,Completed
9482,474,2025-02-10,6460.86,Shipped
9483,4733,2026-01-22,0.0,Shipped
9484,3076,2025-11-11,47077.6,Cancelled
9485,3051,2025-02-19,37528.56,Completed
9486,50,2025-12-14,20743.41,Completed
9487,1659,2025-06-24,95440.42,Pending
9488,62,2025-01-07,0.0,Cancelled
9489,964,2025-02-06,8457.88,Completed
9490,2810,2025-02-16,35918.02,Completed
9491,3464,2025-10-30,44880.08,Shipped
9492,3402,2025-01-12,3872.6,Completed
9493,913,2026-01-12,43701.52,Completed
9494,4540,2025-12-02,20000.0,Pending
9495,480,2026-03-21,12241.71,Pending
9496,2855,2025-01-16,25986.42,Completed
9497,2430,2025-11-03,98462.75,Completed
9498,3554,2025-12-31,13039.94,Completed
9499,242,2025-05-07,41817.05,Pending
9500,3463,2025-10-31,56719.23,Shipped
9501,3917,2026-03-11,116947.41,Completed
9502,138,2025-10-08,0.0,Completed
9503,2634,2026-03-12,18301.08,Shipped
9504,401,2025-06-01,68106.35,Completed
9505,1326,2025-08-19,73982.25,Completed
9506,714,2025-01-12,2173.99,Shipped
9507,3562,2025-09-23,56664.66,Shipped
9508,4247,2025-01-25,6600.12,Completed
9509,2123,2025-01-23,52314.35,Completed
9510,3709,2025-09-14,24598.34,Completed
9511,515,2026-01-23,18878.98,Completed
9512,2750,2025-03-05,90057.63,Completed
9513,331,2025-04-05,35815.9,Completed
9514,4445,2025-07-08,0.0,Completed
9515,2490,2026-02-07,22989.57,Completed
9516,1074,2025-03-03,58993.78,Shipped
9517,1876,2025-07-27,47892.98,Completed
9518,847,2025-07-03,39203.45,Completed
9519,2111,2025-05-16,88522.96,Shipped
9520,3907,2025-04-30,111883.37,Completed
9521,2496,2026-01-27,29550.94,Cancelled
9522,3620,2025-03-11,23800.06,Pending
9523,1302,2026-01-16,71378.09,Completed
9524,180,2025-12-12,27692.04,Cancelled
9525,452,2025-10-22,22807.43,Completed
9526,2473,2025-04-23,35842.21,Shipped
9527,4374,2025-02-19,2942.01,Shipped
9528,3423,2026-02-19,16784.71,Shipped
9529,1856,2026-02-02,35738.08,Pending
9530,317,2026-03-19,55112.43,Completed
9531,4383,2025-07-04,48076.57,Shipped
9532,2735,2025-12-11,27106.98,Pending
9533,3603,2025-12-30,20378.26,Cancelled
9534,32,2025-08-20,8400.33,Completed
9535,408,2025-07-13,35678.75,Completed
9536,2060,2025-07-01,0.0,Completed
9537,440,2025-08-05,41804.56,Shipped
9538,4074,2025-10-21,17925.3,Shipped
9539,1827,2026-03-15,20386.25,Completed
9540,4761,2025-05-07,0.0,Completed
9541,1487,2025-05-17,36515.21,Completed
9542,2299,2025-12-08,48541.47,Pending
9543,67,2025-03-29,47827.15,Pending
9544,1617,2025-12-16,11647.64,Completed
9545,2964,2025-08-07,5205.62,Cancelled
9546,1923,2025-11-21,27419.05,Shipped
9547,4680,2025-03-14,28695.63,Completed
9548,3951,2026-01-11,11169.42,Completed
9549,4691,2025-06-14,26343.46,Completed
9550,1014,2025-08-29,43603.26,Pending
9551,2694,2025-03-28,4172.77,Completed
9552,1352,2025-10-01,0.0,Completed
9553,809,2025-02-01,59999.44,Pending
9554,4152,2025-03-13,86364.18,Cancelled
9555,3085,2025-12-21,22405.08,Completed
9556,3935,2026-02-13,50253.55,Completed
9557,4404,2025-08-05,1285.58,Pending
9558,2776,2026-01-16,15506.68,Shipped
9559,3757,2025-04-06,17057.45,Completed
9560,37,2026-03-26,3259.85,Shipped
9561,679,2025-04-14,93425.57,Completed
9562,3204,2025-09-22,29012.41,Completed
9563,4265,2025-12-17,30485.8,Completed
9564,1583,2025-11-19,51076.3,Pending
9565,4453,2025-01-02,18615.2,Shipped
9566,3369,2025-12-05,21581.8,Completed
9567,2451,2026-03-26,7160.7,Completed
9568,3899,2025-02-21,0.0,Cancelled
9569,672,2025-03-20,43256.49,Shipped
9570,4956,2025-10-13,13390.45,Completed
9571,1334,2025-10-06,27595.02,Shipped
9572,1394,2025-08-28,58713.31,Pending
9573,3055,2025-07-19,10342.58,Completed
9574,2674,2025-08-11,34086.27,Pending
9575,273,2025-11-27,27676.52,Shipped
9576,4376,2025-07-13,0.0,Pending
9577,4614,2025-12-12,42332.12,Pending
9578,904,2025-10-04,19814.25,Completed
9579,3356,2026-01-01,61761.34,Cancelled
9580,2634,2025-06-15,8667.88,Shipped
9581,3773,2026-02-12,49780.21,Completed
9582,1978,2025-04-01,77886.81,Completed
9583,1252,2025-12-20,0.0,Completed
9584,185,2025-12-24,33779.38,Pending
9585,161,2026-02-27,26606.48,Completed
9586,1326,2026-02-18,0.0,Pending
9587,867,2025-05-27,22299.47,Shipped
9588,1336,2025-09-26,2208.08,Pending
9589,2614,2025-02-08,72431.01,Completed
9590,3751,2025-03-15,0.0,Completed
9591,166,2025-04-11,0.0,Pending
9592,1226,2025-08-26,11030.36,Pending
9593,3892,2025-08-16,39602.32,Shipped
9594,1303,2025-04-03,50669.2,Pending
9595,2081,2025-01-23,258.42,Pending
9596,3996,2025-05-23,115928.28,Shipped
9597,289,2025-10-04,9447.36,Completed
9598,3721,2025-11-12,76796.81,Cancelled
9599,2631,2025-05-28,10290.15,Shipped
9600,2517,2026-01-20,18770.85,Cancelled
9601,1395,2026-01-17,75559.08,Pending
9602,4150,2025-01-28,50883.42,Completed
9603,4670,2025-07-18,9105.3,Completed
9604,1985,2025-12-02,26447.83,Pending
9605,682,2025-10-31,6301.48,Shipped
9606,230,2026-01-10,33963.88,Shipped
9607,2128,2025-07-04,54173.59,Pending
9608,1195,2025-04-17,53191.53,Shipped
9609,1042,2025-06-09,36299.38,Completed
9610,4203,2025-11-08,15245.35,Completed
9611,619,2025-04-24,18847.26,Cancelled
9612,1153,2025-05-13,9215.68,Completed
9613,1913,2025-12-20,33768.09,Completed
9614,4870,2026-02-07,56033.68,Completed
9615,195,2025-06-05,0.0,Completed
9616,362,2025-10-22,12851.28,Completed
9617,715,2025-09-11,27833.43,Shipped
9618,3418,2025-05-29,3830.25,Completed
9619,2351,2025-10-13,18281.66,Shipped
9620,2535,2025-07-31,13663.44,Shipped
9621,2752,2026-02-11,32479.09,Cancelled
9622,711,2025-01-22,199.13,Shipped
9623,4743,2025-07-17,45592.74,Pending
9624,2917,2025-11-13,18482.65,Completed
9625,3707,2025-08-27,114022.57,Shipped
9626,1211,2025-07-19,49708.87,Pending
9627,509,2025-03-08,54441.65,Completed
9628,187,2025-09-27,54098.42,Completed
9629,1850,2025-01-09,71749.65,Completed
9630,358,2025-04-07,15191.38,Completed
9631,1620,2025-01-04,24487.65,Pending
9632,637,2025-09-14,80357.08,Completed
9633,3664,2025-12-03,0.0,Completed
9634,4815,2025-09-10,0.0,Shipped
9635,144,2026-03-22,32800.8,Completed
9636,68,2025-03-30,27290.48,Shipped
9637,4398,2025-08-09,105902.01,Shipped
9638,2715,2025-09-24,54613.57,Completed
9639,127,2025-10-14,30060.37,Cancelled
9640,2378,2025-04-12,22381.77,Completed
9641,4374,2025-11-28,24849.06,Shipped
9642,4076,2025-06-06,62867.95,Pending
9643,4138,2025-01-06,15680.58,Completed
9644,3582,2025-03-22,85294.29,Shipped
9645,3468,2025-01-29,43103.58,Cancelled
9646,1286,2025-11-06,26915.96,Pending
9647,4214,2025-04-06,19819.47,Completed
9648,2990,2025-06-22,9395.93,Pending
9649,4270,2026-01-29,16522.98,Completed
9650,3808,2026-02-08,86939.03,Completed
9651,520,2025-12-21,2173.99,Completed
9652,3195,2025-05-07,65764.24,Completed
9653,2951,2025-12-12,22001.08,Shipped
9654,3554,2026-02-20,86004.68,Pending
9655,2632,2025-12-22,67240.62,Completed
9656,246,2025-06-07,61499.19,Cancelled
9657,25,2025-09-24,16109.28,Completed
9658,2065,2025-01-19,87080.83,Cancelled
9659,1203,2025-04-01,23393.12,Shipped
9660,3433,2026-01-15,73776.88,Shipped
9661,2023,2025-05-23,0.0,Pending
9662,1561,2025-05-07,63841.49,Completed
9663,1237,2025-04-13,58021.06,Pending
9664,1503,2025-08-23,81502.66,Completed
9665,4034,2025-07-17,11110.26,Completed
9666,3290,2025-07-23,23016.88,Cancelled
9667,199,2025-07-25,3933.55,Shipped
9668,1666,2025-02-19,44203.69,Shipped
9669,2501,2026-01-07,72633.06,Completed
9670,4385,2025-12-16,94251.25,Completed
9671,384,2026-02-11,0.0,Pending
9672,4646,2025-10-20,52748.95,Completed
9673,3527,2025-03-22,16029.68,Shipped
9674,4610,2025-06-18,27936.76,Completed
9675,171,2026-01-18,48469.28,Shipped
9676,3823,2025-09-22,53074.79,Pending
9677,2064,2025-07-26,35599.96,Cancelled
9678,1654,2026-01-21,76950.65,Completed
9679,2559,2026-03-18,30186.25,Cancelled
9680,1237,2025-06-05,2500.08,Completed
9681,1555,2025-05-02,0.0,Shipped
9682,965,2026-01-16,49501.76,Pending
9683,2319,2026-01-03,20769.28,Completed
9684,4708,2025-10-18,56870.14,Completed
9685,3725,2025-07-19,4823.68,Cancelled
9686,2976,2025-06-19,6565.53,Shipped
9687,2860,2025-05-31,36150.63,Completed
9688,1191,2026-03-25,41063.28,Completed
9689,1005,2025-08-25,50619.85,Shipped
9690,4446,2025-06-13,26730.75,Cancelled
9691,1495,2025-10-05,9598.02,Completed
9692,2978,2025-05-22,63689.9,Completed
9693,4466,2025-08-25,16235.32,Pending
9694,249,2026-01-10,0.0,Cancelled
9695,4277,2025-02-23,41704.91,Cancelled
9696,1475,2025-11-27,42027.78,Shipped
9697,1319,2025-01-10,0.0,Completed
9698,4975,2025-05-08,37671.06,Shipped
9699,333,2025-10-08,57564.24,Completed
9700,4275,2026-01-02,75942.14,Shipped
9701,4553,2026-03-03,13656.46,Cancelled
9702,1976,2026-02-24,96086.5,Shipped
9703,3321,2025-09-18,67352.61,Completed
9704,4529,2025-10-09,17757.02,Shipped
9705,2858,2025-05-30,8127.0,Completed
9706,2398,2025-07-05,99580.9,Completed
9707,2334,2026-03-27,21322.04,Pending
9708,2593,2025-10-31,56833.48,Completed
9709,4980,2025-11-27,115441.11,Cancelled
9710,2140,2025-07-11,42348.32,Cancelled
9711,4504,2025-02-11,18142.41,Completed
9712,3078,2025-03-13,48328.17,Shipped
9713,1988,2025-05-11,3311.18,Completed
9714,1199,2026-01-28,25718.98,Pending
9715,3800,2025-03-30,18747.96,Shipped
9716,4257,2025-09-09,44650.8,Completed
9717,1702,2025-08-11,20896.29,Completed
9718,2053,2025-04-01,26250.28,Shipped
9719,3189,2025-05-18,53030.89,Shipped
9720,4326,2025-04-01,73659.0,Shipped
9721,1493,2025-12-23,56316.62,Cancelled
9722,3810,2025-03-19,3740.1,Completed
9723,3917,2025-02-23,132692.8,Shipped
9724,124,2025-11-25,0.0,Cancelled
9725,1594,2025-03-28,11880.3,Completed
9726,732,2025-03-02,65300.82,Completed
9727,2640,2025-10-17,0.0,Completed
9728,2544,2025-03-31,26008.3,Shipped
9729,650,2025-10-20,113410.93,Completed
9730,4046,2026-02-27,76053.0,Shipped
9731,4050,2025-08-29,54429.74,Completed
9732,4939,2025-07-29,9261.34,Shipped
9733,316,2026-01-28,0.0,Pending
9734,4312,2025-05-15,17314.88,Pending
9735,2553,2025-11-08,62329.31,Shipped
9736,5,2025-06-22,15205.75,Completed
9737,2638,2025-06-30,0.0,Pending
9738,3726,2025-03-24,44753.88,Shipped
9739,1147,2025-04-15,84271.33,Completed
9740,2037,2025-10-15,57524.2,Pending
9741,1819,2025-10-20,0.0,Cancelled
9742,376,2025-10-07,62588.51,Shipped
9743,2613,2025-03-17,12859.65,Completed
9744,1456,2025-01-27,3941.11,Completed
9745,1760,2025-10-10,29441.77,Shipped
9746,3908,2026-02-22,16281.01,Cancelled
9747,4436,2025-10-01,70879.36,Completed
9748,56,2025-07-21,748.02,Completed
9749,4404,2025-06-25,4834.7,Shipped
9750,1897,2026-01-31,466.87,Pending
9751,788,2025-08-28,12792.83,Shipped
9752,4883,2025-09-07,44917.12,Completed
9753,2127,2025-02-24,36881.6,Cancelled
9754,1476,2025-07-09,29996.29,Pending
9755,3785,2026-01-31,35405.54,Shipped
9756,1355,2025-09-29,76201.13,Cancelled
9757,516,2025-07-10,55844.88,Pending
9758,3629,2025-01-30,53298.4,Pending
9759,219,2025-01-09,25922.44,Completed
9760,2559,2025-04-29,33214.72,Shipped
9761,400,2025-10-21,79988.89,Pending
9762,2684,2025-10-09,0.0,Completed
9763,519,2026-02-11,7047.79,Completed
9764,837,2025-10-31,26203.28,Cancelled
9765,555,2025-02-12,29787.09,Shipped
9766,1536,2026-02-09,6985.98,Cancelled
9767,142,2025-05-17,28192.23,Pending
9768,695,2025-02-18,1912.27,Cancelled
9769,315,2025-05-01,11875.28,Shipped
9770,4793,2025-07-09,0.0,Completed
9771,1542,2025-07-24,23247.52,Cancelled
9772,3338,2025-07-30,26393.85,Pending
9773,2728,2025-06-15,22761.64,Shipped
9774,530,2025-11-21,58890.05,Cancelled
9775,2971,2025-06-11,75653.12,Completed
9776,1926,2025-06-04,0.0,Pending
9777,798,2025-06-27,9686.71,Shipped
9778,2541,2025-01-25,8625.15,Completed
9779,2165,2025-11-14,0.0,Completed
9780,3551,2026-01-20,34928.42,Completed
9781,969,2025-05-31,25079.5,Shipped
9782,3813,2025-07-24,9242.88,Shipped
9783,1063,2025-06-24,15063.51,Shipped
9784,2747,2025-10-22,9215.56,Shipped
9785,2405,2025-06-03,4087.88,Shipped
9786,1483,2025-03-08,56989.8,Shipped
9787,4066,2025-01-06,55391.5,Shipped
9788,1430,2025-11-11,42228.25,Shipped
9789,1638,2026-02-24,40512.47,Completed
9790,2753,2026-03-16,0.0,Completed
9791,4507,2025-02-25,54532.97,Pending
9792,3690,2025-11-22,30639.04,Cancelled
9793,3634,2026-01-18,9446.76,Cancelled
9794,2575,2025-06-07,86155.51,Cancelled
9795,2508,2025-03-12,9720.79,Completed
9796,1426,2025-10-05,23522.8,Shipped
9797,130,2025-02-25,0.0,Completed
9798,510,2025-09-09,31370.08,Completed
9799,2028,2025-07-19,45203.72,Completed
9800,3193,2025-07-14,38123.19,Completed
9801,4602,2026-01-27,14756.55,Shipped
9802,2484,2026-03-14,27226.83,Pending
9803,1057,2025-06-28,62457.73,Completed
9804,3855,2025-10-02,56434.42,Shipped
9805,4042,2025-01-03,39456.91,Shipped
9806,3018,2026-03-06,26180.59,Shipped
9807,3306,2025-07-13,48831.18,Shipped
9808,4281,2025-03-05,14492.06,Shipped
9809,2213,2025-07-01,85100.87,Cancelled
9810,4732,2025-03-25,14954.76,Pending
9811,2935,2026-03-17,0.0,Completed
9812,2695,2025-06-11,18485.49,Shipped
9813,2376,2026-03-13,39323.32,Completed
9814,3816,2025-06-22,69758.47,Cancelled
9815,3411,2025-04-19,3248.37,Completed
9816,1796,2026-02-19,215977.06,Completed
9817,3352,2025-08-16,104562.79,Pending
9818,4492,2025-10-21,61873.87,Pending
9819,2331,2025-04-07,86040.13,Shipped
9820,1504,2025-11-28,6832.03,Completed
9821,632,2025-09-09,0.0,Completed
9822,964,2025-08-29,6259.39,Completed
9823,3792,2026-01-22,64438.5,Completed
9824,3637,2025-10-18,0.0,Shipped
9825,4893,2025-08-07,22989.16,Pending
9826,4618,2026-02-27,30151.04,Shipped
9827,1163,2025-02-24,22761.64,Completed
9828,347,2025-01-27,0.0,Completed
9829,4512,2025-12-12,30316.11,Shipped
9830,2657,2025-06-12,69091.58,Cancelled
9831,3261,2025-11-04,65365.3,Shipped
9832,3147,2025-11-19,52009.59,Completed
9833,1370,2025-03-18,14132.43,Shipped
9834,2061,2026-02-16,99112.56,Completed
9835,1935,2026-01-13,96238.73,Completed
9836,295,2025-05-18,0.0,Shipped
9837,711,2026-02-23,20518.46,Shipped
9838,4476,2025-07-31,15888.55,Completed
9839,49,2025-04-04,4050.64,Shipped
9840,438,2025-04-06,53073.75,Pending
9841,4044,2025-01-09,0.0,Completed
9842,3079,2025-07-06,36756.92,Shipped
9843,2198,2025-12-06,4687.17,Shipped
9844,1362,2025-04-25,78627.33,Completed
9845,1160,2025-07-09,5463.67,Pending
9846,3153,2025-02-03,46306.91,Shipped
9847,4637,2025-04-17,12891.5,Pending
9848,2965,2025-06-20,42761.26,Cancelled
9849,1729,2025-02-14,55629.46,Completed
9850,1181,2026-03-19,26419.0,Completed
9851,4936,2025-03-28,12873.36,Shipped
9852,1895,2025-02-02,62469.27,Completed
9853,1606,2025-05-05,49724.99,Completed
9854,2862,2025-08-24,9447.36,Pending
9855,2701,2026-03-15,66588.55,Completed
9856,54,2025-10-13,46380.0,Shipped
9857,3428,2025-03-17,25613.39,Completed
9858,3499,2025-05-15,50351.79,Pending
9859,1558,2025-08-19,14799.62,Completed
9860,1743,2025-11-04,879.52,Shipped
9861,1031,2025-04-28,35126.86,Shipped
9862,102,2025-02-27,117779.48,Completed
9863,104,2026-03-14,0.0,Pending
9864,396,2025-01-30,29223.24,Shipped
9865,2653,2025-04-03,25841.88,Pending
9866,334,2025-08-03,19088.14,Completed
9867,3925,2025-10-13,513.28,Pending
9868,4825,2025-08-06,73894.87,Cancelled
9869,1905,2025-08-29,20639.48,Completed
9870,1010,2025-04-08,0.0,Cancelled
9871,654,2026-01-27,39219.39,Completed
9872,2633,2025-05-28,63567.1,Cancelled
9873,3899,2025-06-07,26840.71,Cancelled
9874,1448,2025-02-02,31767.18,Cancelled
9875,1789,2025-07-27,51083.48,Completed
9876,1538,2025-02-01,0.0,Shipped
9877,3250,2025-10-04,54420.0,Completed
9878,1776,2025-09-03,0.0,Cancelled
9879,2665,2025-09-30,71381.57,Shipped
9880,28,2025-02-15,647.57,Pending
9881,2019,2025-07-03,23756.4,Completed
9882,2663,2026-03-17,12696.95,Completed
9883,169,2025-07-22,12357.27,Completed
9884,4575,2025-10-11,58046.7,Pending
9885,766,2025-03-22,11559.49,Cancelled
9886,2426,2025-10-01,55047.97,Completed
9887,4303,2026-01-25,86214.25,Cancelled
9888,287,2026-01-22,43855.09,Cancelled
9889,3075,2025-09-18,2334.35,Shipped
9890,1883,2025-01-13,5802.75,Completed
9891,586,2025-11-01,3492.99,Completed
9892,1120,2025-01-08,43959.24,Completed
9893,4610,2025-07-28,36295.87,Cancelled
9894,4755,2025-06-03,54584.6,Completed
9895,1379,2025-08-20,71411.09,Completed
9896,3197,2026-01-29,7652.52,Pending
9897,433,2025-05-03,6439.47,Completed
9898,295,2025-12-10,114589.68,Completed
9899,4370,2025-11-01,27382.45,Shipped
9900,563,2026-01-20,68876.15,Completed
9901,1839,2025-07-21,0.0,Shipped
9902,4897,2025-10-31,27446.79,Completed
9903,2902,2025-05-05,0.0,Completed
9904,1067,2025-11-24,12062.77,Pending
9905,1825,2025-08-20,56771.08,Cancelled
9906,3700,2025-06-27,67562.45,Shipped
9907,3868,2025-08-07,53167.64,Cancelled
9908,3157,2025-10-15,66455.78,Cancelled
9909,4488,2026-01-14,16601.06,Shipped
9910,2087,2025-11-11,0.0,Shipped
9911,536,2025-04-02,11494.53,Cancelled
9912,3491,2025-01-26,17207.96,Cancelled
9913,1055,2025-02-02,32972.0,Shipped
9914,250,2025-04-22,59288.54,Cancelled
9915,711,2026-01-10,36807.29,Completed
9916,88,2025-06-24,27624.55,Pending
9917,375,2025-10-09,73169.04,Pending
9918,2146,2026-01-05,12586.48,Pending
9919,747,2026-01-13,73811.2,Completed
9920,4394,2025-01-03,45665.42,Completed
9921,991,2025-06-18,4463.68,Shipped
9922,3504,2026-01-14,56300.22,Cancelled
9923,4383,2026-01-06,34263.93,Shipped
9924,3039,2025-11-02,26514.84,Cancelled
9925,536,2025-11-27,49716.47,Cancelled
9926,4358,2026-01-30,2052.86,Completed
9927,2510,2025-10-20,1578.47,Pending
9928,660,2026-02-19,107252.92,Completed
9929,179,2025-08-05,50026.84,Cancelled
9930,3316,2025-08-27,31336.03,Completed
9931,2774,2025-11-26,0.0,Shipped
9932,4582,2025-09-16,29780.53,Completed
9933,2549,2025-11-03,23640.05,Completed
9934,2471,2025-07-01,0.0,Shipped
9935,4468,2025-05-21,2672.92,Cancelled
9936,1876,2026-01-30,149604.47,Completed
9937,693,2025-05-02,6425.58,Completed
9938,1943,2025-11-24,0.0,Shipped
9939,1173,2025-03-06,59352.8,Completed
9940,1887,2025-08-26,9300.59,Shipped
9941,4003,2025-08-18,67107.82,Completed
9942,2602,2025-11-05,466.87,Shipped
9943,901,2025-02-02,73600.85,Completed
9944,1835,2025-08-15,1232.7,Completed
9945,732,2025-02-20,84369.05,Shipped
9946,4405,2025-12-07,0.0,Completed
9947,98,2026-01-26,38124.54,Shipped
9948,2535,2025-02-13,18394.48,Completed
9949,156,2025-11-19,45014.1,Pending
9950,471,2026-02-09,51187.58,Shipped
9951,4389,2026-01-14,64423.11,Shipped
9952,4044,2025-02-12,0.0,Completed
9953,4281,2025-11-11,32921.43,Cancelled
9954,2973,2025-05-04,35495.29,Completed
9955,2980,2025-07-31,107407.71,Completed
9956,2914,2025-01-21,52773.93,Completed
9957,242,2025-02-24,41762.05,Pending
9958,4684,2025-06-23,33977.5,Cancelled
9959,2335,2025-05-17,15327.52,Shipped
9960,3709,2025-04-22,4687.17,Shipped
9961,961,2025-11-11,35972.52,Pending
9962,4140,2025-03-12,7393.06,Completed
9963,1847,2026-02-02,67355.88,Shipped
9964,4603,2025-07-09,27657.88,Completed
9965,4676,2025-08-27,245.15,Completed
9966,4933,2025-01-11,90913.73,Completed
9967,170,2025-05-05,9561.35,Completed
9968,2604,2026-02-13,13860.18,Shipped
9969,189,2026-01-10,64959.64,Pending
9970,2652,2025-11-11,61217.5,Completed
9971,1516,2025-03-14,47447.33,Completed
9972,2658,2025-03-09,106602.2,Completed
9973,4726,2025-08-17,42919.8,Shipped
9974,3001,2026-02-24,46775.1,Pending
9975,117,2025-02-11,83949.5,Completed
9976,4860,2025-01-03,21285.18,Cancelled
9977,2334,2025-02-02,26824.86,Shipped
9978,69,2025-06-07,36340.47,Completed
9979,1787,2026-01-09,30286.7,Completed
9980,4175,2026-01-26,70519.36,Completed
9981,2133,2025-10-27,71866.8,Completed
9982,292,2025-10-18,16814.88,Completed
9983,3569,2025-02-06,6563.13,Cancelled
9984,4441,2025-05-12,17056.17,Completed
9985,1517,2025-08-08,25565.81,Cancelled
9986,2383,2025-02-14,37203.42,Completed
9987,782,2025-01-17,4933.53,Completed
9988,3156,2026-03-18,75087.29,Completed
9989,310,2025-10-02,72574.07,Cancelled
9990,2774,2026-01-05,46190.52,Pending
9991,1768,2025-08-18,115755.9,Completed
9992,936,2025-04-11,18242.72,Cancelled
9993,98,2025-03-14,3696.53,Shipped
9994,1740,2025-05-13,48631.55,Completed
9995,2795,2025-10-08,17389.53,Shipped
9996,3282,2025-05-14,17189.28,Shipped
9997,735,2025-04-08,60425.62,Completed
9998,2914,2025-04-07,65279.44,Shipped
9999,240,2025-04-28,12518.78,Pending
10000,4715,2025-04-27,68030.8,Completed
10001,2875,2025-04-17,36979.01,Shipped
10002,1857,2026-02-22,50995.04,Shipped
10003,4269,2025-05-04,48613.71,Shipped
10004,2990,2025-06-08,45657.55,Pending
10005,3264,2025-04-19,60626.65,Completed
10006,2237,2025-09-22,36293.9,Completed
10007,3104,2025-12-15,41167.7,Pending
10008,1110,2025-12-07,29024.28,Pending
10009,855,2026-02-12,55377.79,Completed
10010,1516,2026-02-25,38684.3,Completed
10011,2908,2025-02-12,86069.76,Shipped
10012,2568,2025-04-26,34760.17,Shipped
10013,3427,2025-08-18,11949.81,Pending
10014,711,2026-03-06,14799.62,Shipped
10015,1210,2025-01-18,65397.96,Cancelled
10016,2128,2025-06-18,75855.13,Cancelled
10017,4474,2025-08-23,0.0,Completed
10018,455,2026-02-17,0.0,Shipped
10019,4287,2026-03-15,63077.65,Shipped
10020,2145,2025-03-06,10027.68,Pending
10021,2409,2025-09-10,79672.86,Shipped
10022,1446,2025-01-21,38874.26,Completed
10023,3848,2026-03-03,14859.5,Shipped
10024,2304,2025-03-09,14595.66,Pending
10025,2697,2025-11-29,6490.64,Completed
10026,4114,2025-12-20,37883.4,Pending
10027,2308,2025-06-07,102691.79,Completed
10028,1825,2025-02-07,49209.18,Completed
10029,507,2026-01-01,117924.94,Completed
10030,2120,2025-02-02,39778.98,Completed
10031,1301,2025-07-25,18124.4,Completed
10032,3181,2025-04-18,23673.48,Completed
10033,1468,2025-11-01,91047.33,Shipped
10034,3575,2025-09-05,9447.36,Shipped
10035,774,2025-10-11,58851.85,Pending
10036,1579,2026-02-04,54975.35,Shipped
10037,1473,2025-01-07,12326.28,Shipped
10038,4301,2025-11-01,21685.77,Shipped
10039,1344,2026-03-10,25335.95,Completed
10040,3507,2025-10-18,39555.78,Cancelled
10041,3133,2025-06-01,32728.75,Completed
10042,371,2025-01-14,28204.64,Completed
10043,1856,2025-09-29,50645.64,Cancelled
10044,1940,2025-09-18,0.0,Pending
10045,124,2025-05-03,97318.24,Completed
10046,1181,2025-03-16,27463.87,Completed
10047,3316,2025-12-17,32540.65,Cancelled
10048,4348,2025-07-18,76152.35,Pending
10049,4468,2025-08-27,79323.66,Cancelled
10050,3038,2025-08-15,49698.94,Completed
10051,1329,2025-12-08,94525.95,Shipped
10052,3305,2026-02-16,68111.45,Completed
10053,2773,2026-03-22,96777.28,Completed
10054,2713,2025-12-13,0.0,Completed
10055,4210,2025-01-28,53207.07,Pending
10056,2217,2025-09-27,10027.68,Completed
10057,2595,2025-11-08,3244.68,Shipped
10058,3178,2025-07-04,63722.3,Completed
10059,2694,2025-02-11,49724.32,Completed
10060,3598,2025-04-02,36676.01,Completed
10061,1440,2025-08-21,42937.12,Completed
10062,2797,2025-06-04,106125.56,Shipped
10063,3954,2025-08-11,46689.02,Shipped
10064,4027,2026-03-02,32728.75,Completed
10065,2402,2025-07-21,29381.2,Completed
10066,1883,2025-04-28,5447.94,Shipped
10067,2626,2026-02-19,0.0,Completed
10068,985,2025-01-05,35792.66,Shipped
10069,3459,2025-06-03,13346.31,Shipped
10070,2800,2025-01-10,35986.98,Completed
10071,1376,2025-08-16,28408.52,Completed
10072,3184,2025-03-07,25700.37,Shipped
10073,1916,2025-07-21,17721.04,Completed
10074,3366,2025-04-21,33177.44,Completed
10075,2718,2025-02-09,69654.84,Shipped
10076,312,2025-03-20,91051.28,Pending
10077,3875,2025-06-22,74575.46,Completed
10078,4302,2025-09-25,48335.4,Shipped
10079,3642,2026-01-11,9629.35,Completed
10080,1304,2025-01-16,49623.33,Shipped
10081,4012,2025-05-28,0.0,Completed
10082,811,2025-08-02,69633.62,Completed
10083,3721,2025-07-22,68748.58,Shipped
10084,1248,2025-03-06,6670.83,Shipped
10085,3113,2025-07-11,35866.89,Cancelled
10086,978,2025-04-29,39064.18,Completed
10087,3211,2025-01-31,64117.77,Shipped
10088,768,2025-06-15,0.0,Shipped
10089,2859,2025-03-17,23106.01,Shipped
10090,787,2025-04-09,126411.54,Completed
10091,1182,2026-03-12,39086.95,Completed
10092,717,2025-03-10,28894.33,Cancelled
10093,4963,2025-07-27,65714.44,Shipped
10094,4801,2025-10-17,85385.4,Completed
10095,2144,2025-04-28,19858.06,Shipped
10096,3131,2026-02-18,31791.54,Completed
10097,599,2025-04-09,31094.54,Pending
10098,4869,2025-09-07,58110.08,Completed
10099,2680,2025-04-04,79382.54,Shipped
10100,3133,2025-06-19,87220.08,Pending
10101,1625,2025-01-16,90283.09,Shipped
10102,146,2026-02-23,48174.56,Shipped
10103,2888,2026-02-08,0.0,Pending
10104,556,2025-12-28,10791.62,Completed
10105,2219,2025-04-26,14387.16,Shipped
10106,4328,2025-07-09,38545.87,Completed
10107,3279,2025-01-05,8818.48,Completed
10108,4004,2025-05-02,8400.33,Shipped
10109,3,2025-02-21,78366.63,Completed
10110,2011,2026-01-11,34653.84,Completed
10111,2155,2025-02-17,24901.59,Shipped
10112,1035,2025-01-11,6158.58,Completed
10113,71,2025-12-19,18029.78,Cancelled
10114,1997,2026-03-14,31959.96,Pending
10115,1109,2025-08-30,33409.6,Completed
10116,25,2025-03-19,41523.02,Completed
10117,2937,2025-11-08,73009.97,Completed
10118,2836,2025-01-10,41514.84,Completed
10119,3105,2025-07-29,26393.85,Completed
10120,1288,2025-12-06,43475.1,Completed
10121,1675,2025-03-18,6172.25,Shipped
10122,3252,2025-04-11,69203.12,Completed
10123,4564,2026-02-22,75813.41,Completed
10124,3131,2025-03-26,16205.46,Shipped
10125,4562,2025-10-03,31082.04,Completed
10126,714,2025-06-29,0.0,Completed
10127,68,2025-09-15,124034.43,Cancelled
10128,3892,2025-11-16,16000.0,Shipped
10129,99,2025-03-08,30199.89,Shipped
10130,1901,2025-07-28,2158.02,Cancelled
10131,597,2025-02-23,19866.8,Completed
10132,4163,2026-03-10,47545.61,Completed
10133,2891,2026-02-09,55117.73,Completed
10134,2308,2025-12-20,16475.36,Shipped
10135,2889,2026-01-08,0.0,Pending
10136,142,2025-06-20,597.39,Shipped
10137,4237,2025-08-20,13478.13,Completed
10138,1803,2026-01-01,37203.28,Completed
10139,3663,2025-02-24,7609.06,Cancelled
10140,2459,2025-11-24,48421.89,Completed
10141,406,2025-01-01,36790.88,Completed
10142,2231,2026-02-20,21232.33,Shipped
10143,2562,2025-01-20,34834.76,Completed
10144,3848,2025-11-18,42333.05,Shipped
10145,433,2025-12-28,28640.99,Shipped
10146,3575,2025-10-07,2465.4,Completed
10147,3827,2025-01-22,2884.6,Pending
10148,1213,2025-01-22,11285.27,Shipped
10149,3644,2025-07-14,81357.95,Cancelled
10150,579,2025-02-03,47610.01,Completed
10151,4097,2025-11-16,35485.46,Shipped
10152,1305,2025-06-24,23862.6,Completed
10153,4061,2026-01-29,30550.04,Cancelled
10154,1623,2025-06-21,24728.7,Completed
10155,1866,2025-03-05,15798.0,Shipped
10156,3621,2025-07-19,2237.82,Pending
10157,3637,2025-09-25,72183.66,Cancelled
10158,3289,2025-12-30,8796.5,Completed
10159,2523,2025-02-28,24610.54,Cancelled
10160,433,2025-09-14,0.0,Shipped
10161,3994,2025-09-05,66537.4,Completed
10162,4762,2026-02-27,16968.12,Completed
10163,2409,2025-08-27,145889.44,Completed
10164,3179,2025-01-22,0.0,Completed
10165,1147,2025-07-02,72951.68,Pending
10166,1492,2025-06-22,33550.21,Shipped
10167,1743,2025-06-02,49065.36,Cancelled
10168,1419,2026-02-07,10744.38,Cancelled
10169,3654,2026-01-24,59129.03,Shipped
10170,2993,2025-01-04,0.0,Completed
10171,4507,2025-07-22,35717.65,Pending
10172,2271,2025-03-02,0.0,Completed
10173,4605,2025-08-15,16947.1,Cancelled
10174,2593,2025-10-08,9157.27,Pending
10175,4396,2025-10-25,7702.5,Pending
10176,1204,2025-07-25,14756.55,Cancelled
10177,297,2025-02-08,37971.88,Completed
10178,3903,2025-05-16,37868.97,Completed
10179,2232,2025-01-07,0.0,Completed
10180,1064,2025-01-18,1185.99,Completed
10181,3042,2025-11-06,41814.92,Completed
10182,2687,2025-08-29,42370.97,Completed
10183,2807,2025-10-20,50809.58,Cancelled
10184,1990,2025-09-10,42878.08,Completed
10185,3881,2025-02-16,0.0,Completed
10186,2397,2025-05-16,722.71,Pending
10187,2279,2026-03-21,57829.62,Shipped
10188,2501,2025-08-26,16492.4,Pending
10189,1599,2025-08-01,53277.82,Completed
10190,4271,2025-07-01,94207.51,Completed
10191,4204,2025-12-28,34993.44,Completed
10192,3997,2025-04-13,70002.85,Shipped
10193,4982,2026-03-21,68916.2,Cancelled
10194,3064,2025-06-14,36934.53,Shipped
10195,3107,2025-07-20,35805.39,Completed
10196,967,2025-12-03,63645.1,Cancelled
10197,2289,2025-05-17,46943.9,Shipped
10198,3796,2025-08-31,0.0,Completed
10199,2380,2025-01-10,23130.68,Completed
10200,3943,2025-12-03,0.0,Pending
10201,1805,2026-01-30,1893.42,Shipped
10202,2886,2025-10-05,41975.65,Cancelled
10203,4824,2026-01-13,46286.3,Completed
10204,4107,2025-11-22,59723.3,Completed
10205,4092,2025-07-20,36341.91,Completed
10206,4005,2026-01-26,16128.05,Completed
10207,3485,2025-12-18,49920.58,Shipped
10208,4609,2025-02-24,106648.81,Shipped
10209,576,2025-10-29,39574.6,Cancelled
10210,1271,2026-03-25,0.0,Shipped
10211,4204,2025-08-18,19655.6,Shipped
10212,818,2025-03-23,32388.62,Shipped
10213,4590,2025-01-09,0.0,Shipped
10214,3319,2025-03-14,19773.82,Shipped
10215,3727,2025-04-01,16313.2,Shipped
10216,2389,2026-01-27,18778.17,Pending
10217,4441,2026-03-10,82096.1,Completed
10218,73,2025-09-21,26646.46,Shipped
10219,118,2025-07-10,13039.4,Shipped
10220,22,2025-07-01,32408.2,Shipped
10221,1681,2026-03-02,26422.38,Shipped
10222,4203,2025-06-23,136981.66,Pending
10223,3625,2025-06-03,35015.37,Shipped
10224,1788,2025-08-19,48278.22,Pending
10225,3384,2025-05-25,56573.22,Completed
10226,103,2026-03-11,70014.29,Cancelled
10227,4569,2025-09-15,15869.53,Pending
10228,155,2025-08-19,80886.56,Completed
10229,2146,2025-02-20,43679.98,Shipped
10230,3151,2025-08-10,55895.06,Completed
10231,2128,2025-12-02,37320.76,Completed
10232,2880,2025-07-18,26990.88,Completed
10233,846,2025-08-18,62117.27,Pending
10234,2311,2025-02-22,0.0,Shipped
10235,2426,2025-01-11,20611.16,Pending
10236,2930,2026-02-15,24174.72,Completed
10237,877,2025-05-31,69564.32,Completed
10238,3399,2025-05-07,0.0,Shipped
10239,1099,2025-07-28,84422.89,Shipped
10240,1950,2025-03-10,15303.24,Cancelled
10241,1349,2025-01-17,90742.53,Shipped
10242,3797,2025-06-20,34138.01,Completed
10243,2197,2025-08-30,41308.24,Pending
10244,2006,2026-03-26,166962.9,Completed
10245,2837,2025-06-05,0.0,Completed
10246,2484,2025-11-20,4297.32,Completed
10247,3744,2025-08-08,65645.08,Shipped
10248,246,2025-08-02,42784.3,Pending
10249,2766,2025-04-26,3800.6,Completed
10250,1349,2025-01-09,33866.44,Shipped
10251,2959,2026-01-27,28883.22,Shipped
10252,1467,2025-05-24,13971.96,Shipped
10253,2675,2026-01-22,75970.59,Completed
10254,3588,2025-03-29,8034.27,Completed
10255,224,2025-12-14,47606.84,Shipped
10256,4659,2025-02-05,0.0,Pending
10257,2286,2025-05-06,38579.91,Shipped
10258,3665,2025-12-18,39529.15,Shipped
10259,4831,2025-04-13,62945.35,Completed
10260,4452,2025-07-03,90145.3,Shipped
10261,3961,2025-06-26,30966.52,Cancelled
10262,4479,2025-08-10,0.0,Shipped
10263,249,2025-05-11,29747.29,Shipped
10264,3856,2026-03-23,13682.04,Pending
10265,3850,2025-03-14,104224.32,Cancelled
10266,1605,2025-05-13,0.0,Cancelled
10267,3518,2025-01-11,60020.88,Completed
10268,1355,2025-01-16,19703.52,Completed
10269,665,2025-08-03,47775.46,Shipped
10270,458,2025-08-19,26463.84,Completed
10271,4400,2025-07-12,14195.89,Cancelled
10272,1011,2025-09-18,56981.02,Completed
10273,2965,2025-02-15,53952.33,Shipped
10274,2568,2025-03-16,38568.32,Completed
10275,554,2026-03-05,46979.65,Completed
10276,1161,2025-01-06,35786.27,Completed
10277,687,2026-01-17,0.0,Completed
10278,3939,2025-03-21,53061.61,Pending
10279,1300,2025-08-10,56266.59,Pending
10280,2699,2025-03-31,60328.14,Completed
10281,3248,2026-02-16,32406.89,Completed
10282,1167,2026-02-05,109449.5,Shipped
10283,2601,2025-10-18,23830.59,Completed
10284,2137,2025-04-16,28566.3,Shipped
10285,3821,2025-08-26,67625.45,Completed
10286,1079,2025-06-18,6563.13,Completed
10287,1183,2025-12-28,10035.63,Completed
10288,2322,2026-03-24,2244.06,Completed
10289,4514,2025-05-27,8065.26,Completed
10290,3594,2026-01-22,19488.02,Completed
10291,1673,2025-08-18,7882.22,Shipped
10292,1613,2025-11-25,32252.49,Cancelled
10293,690,2025-05-19,27401.65,Shipped
10294,1947,2026-01-17,40363.05,Completed
10295,477,2025-06-28,94761.68,Shipped
10296,3250,2025-12-17,31795.07,Shipped
10297,1056,2025-03-12,44339.2,Pending
10298,3809,2025-07-31,29174.94,Completed
10299,4537,2025-09-01,0.0,Completed
10300,4800,2025-07-10,25993.5,Pending
10301,1290,2025-09-22,15604.97,Completed
10302,3049,2025-09-04,56250.57,Shipped
10303,3396,2025-02-04,143183.73,Shipped
10304,4232,2026-01-28,16266.83,Cancelled
10305,1221,2025-10-06,56379.43,Cancelled
10306,137,2025-09-30,59820.86,Shipped
10307,1468,2025-06-06,37424.01,Cancelled
10308,2775,2025-06-29,87439.87,Completed
10309,1818,2025-06-11,0.0,Completed
10310,1315,2025-05-03,77641.27,Shipped
10311,913,2025-05-08,70850.44,Shipped
10312,4130,2026-03-19,35568.65,Completed
10313,4375,2025-03-31,116439.89,Shipped
10314,479,2025-03-05,13788.97,Pending
10315,4489,2025-10-16,39530.32,Cancelled
10316,2899,2025-08-30,37104.0,Pending
10317,3066,2025-03-15,88726.03,Shipped
10318,2395,2025-02-15,18544.67,Completed
10319,3741,2025-02-06,26991.23,Shipped
10320,2863,2026-03-02,48619.54,Cancelled
10321,4219,2025-10-14,0.0,Completed
10322,2829,2025-04-25,39147.28,Cancelled
10323,386,2025-12-28,72718.54,Completed
10324,4181,2025-03-29,10238.96,Completed
10325,4362,2026-01-27,58668.29,Completed
10326,3998,2025-11-03,39785.08,Pending
10327,3157,2025-03-03,21672.16,Pending
10328,1064,2025-07-04,18291.74,Completed
10329,2218,2026-01-25,26427.85,Shipped
10330,1657,2025-06-09,0.0,Pending
10331,3442,2025-01-25,115551.72,Completed
10332,1080,2026-02-22,39137.32,Completed
10333,4050,2025-09-29,0.0,Completed
10334,4272,2025-10-17,41489.54,Shipped
10335,595,2025-11-20,57106.68,Completed
10336,1803,2026-01-13,9425.18,Completed
10337,4439,2025-04-27,30544.93,Completed
10338,3588,2026-03-13,31576.05,Cancelled
10339,1157,2025-12-18,59059.56,Completed
10340,2679,2025-03-31,11088.06,Cancelled
10341,3795,2025-05-25,16995.96,Pending
10342,2007,2025-07-05,60074.11,Pending
10343,2244,2025-10-13,62820.39,Completed
10344,199,2025-03-31,42570.4,Cancelled
10345,4223,2025-01-03,27145.43,Shipped
10346,3998,2025-02-20,18944.54,Completed
10347,986,2025-04-28,34113.1,Shipped
10348,1239,2025-05-26,0.0,Completed
10349,4312,2025-08-09,13843.47,Pending
10350,1282,2025-04-02,8463.2,Shipped
10351,1464,2026-02-13,11826.36,Cancelled
10352,4874,2025-02-12,43155.03,Cancelled
10353,67,2025-01-19,14119.83,Completed
10354,4161,2025-11-12,19050.9,Cancelled
10355,2760,2025-04-26,36434.8,Completed
10356,4892,2025-07-30,5539.86,Cancelled
10357,1254,2025-02-07,96941.7,Shipped
10358,3431,2025-08-24,67915.85,Completed
10359,713,2026-01-12,89272.54,Shipped
10360,972,2025-01-13,39939.6,Completed
10361,2379,2026-01-07,0.0,Pending
10362,1941,2025-04-16,116108.06,Completed
10363,482,2025-01-03,25366.65,Shipped
10364,4258,2025-07-03,75136.82,Shipped
10365,801,2025-03-10,0.0,Shipped
10366,1855,2025-03-31,0.0,Shipped
10367,4246,2025-04-08,77637.81,Completed
10368,858,2025-01-10,61776.07,Shipped
10369,4492,2025-09-23,49316.94,Shipped
10370,468,2025-09-04,92673.42,Completed
10371,3475,2025-08-24,55782.32,Cancelled
10372,4045,2025-07-01,7394.8,Completed
10373,4255,2025-05-26,55763.99,Completed
10374,2239,2026-03-03,0.0,Pending
10375,2394,2025-05-20,0.0,Completed
10376,1732,2025-09-20,39968.59,Shipped
10377,1215,2025-03-13,24478.47,Pending
10378,934,2025-04-02,3380.61,Completed
10379,3459,2025-03-14,17799.98,Pending
10380,1693,2025-01-09,103740.81,Shipped
10381,3967,2025-03-22,38770.06,Completed
10382,4497,2025-12-09,28402.7,Shipped
10383,2733,2025-12-21,45364.75,Completed
10384,16,2025-04-02,25064.56,Completed
10385,2188,2025-09-12,56204.62,Shipped
10386,2956,2025-07-06,0.0,Pending
10387,223,2025-02-06,35287.69,Cancelled
10388,1167,2025-11-29,0.0,Shipped
10389,1370,2025-04-10,96904.7,Pending
10390,1708,2025-04-21,78359.06,Completed
10391,3781,2025-05-31,0.0,Completed
10392,450,2026-01-18,66464.39,Cancelled
10393,3879,2025-02-28,33096.45,Shipped
10394,473,2025-09-23,21252.72,Shipped
10395,2019,2025-03-01,0.0,Pending
10396,557,2025-05-29,8953.72,Completed
10397,1692,2026-02-16,34989.08,Shipped
10398,163,2025-02-01,108035.25,Shipped
10399,4861,2026-02-15,29215.21,Shipped
10400,4479,2025-12-26,16703.12,Completed
10401,938,2025-05-15,19715.12,Shipped
10402,4104,2026-01-27,56691.47,Completed
10403,2533,2025-09-07,7663.02,Pending
10404,4524,2025-12-19,61825.09,Shipped
10405,908,2025-02-03,11860.53,Shipped
10406,1492,2025-01-03,50439.64,Shipped
10407,1850,2025-09-21,33176.05,Completed
10408,2829,2025-11-16,59665.36,Shipped
10409,1899,2025-06-04,19655.6,Shipped
10410,2838,2025-01-13,20629.84,Shipped
10411,1817,2025-02-15,0.0,Shipped
10412,2705,2025-10-02,18560.5,Shipped
10413,2007,2025-12-21,17282.99,Pending
10414,2751,2025-09-19,60783.22,Shipped
10415,2444,2025-04-27,3933.55,Shipped
10416,2678,2026-02-13,67729.62,Cancelled
10417,2712,2025-12-04,3573.94,Completed
10418,1908,2025-04-04,18827.95,Completed
10419,1393,2025-10-08,604.91,Completed
10420,3325,2025-11-10,63942.57,Completed
10421,2413,2025-03-24,48237.79,Shipped
10422,2523,2025-08-30,40033.75,Completed
10423,668,2025-06-29,19045.58,Shipped
10424,2670,2025-01-15,67314.71,Cancelled
10425,4617,2025-02-21,16665.39,Completed
10426,1967,2025-04-07,25281.3,Pending
10427,1067,2025-11-18,4289.39,Completed
10428,3916,2025-08-18,12891.96,Completed
10429,9,2025-09-18,13747.8,Shipped
10430,2452,2026-02-06,70909.49,Pending
10431,3827,2025-11-21,77603.48,Completed
10432,749,2025-01-25,14062.76,Cancelled
10433,4892,2025-01-29,43079.99,Completed
10434,4117,2025-08-24,21694.28,Completed
10435,2095,2026-01-27,18572.02,Cancelled
10436,2088,2025-07-02,36672.47,Completed
10437,3025,2025-06-10,30284.35,Cancelled
10438,1674,2025-03-17,62925.85,Completed
10439,2498,2025-06-15,30103.97,Shipped
10440,3033,2025-12-21,53603.7,Completed
10441,4294,2025-08-04,31643.18,Shipped
10442,1655,2025-03-13,15326.38,Completed
10443,694,2026-01-12,41114.34,Shipped
10444,4493,2025-12-14,0.0,Completed
10445,1990,2025-04-02,18406.08,Shipped
10446,4367,2026-02-03,32504.48,Completed
10447,568,2025-12-30,22924.35,Pending
10448,3450,2025-10-22,15391.46,Shipped
10449,926,2025-11-27,12891.96,Cancelled
10450,4200,2025-02-13,22028.01,Pending
10451,1199,2025-06-06,56108.74,Completed
10452,3053,2025-06-06,29021.41,Shipped
10453,1814,2026-03-02,50825.32,Cancelled
10454,4849,2025-12-04,49423.69,Shipped
10455,4146,2025-04-04,35342.0,Completed
10456,2426,2025-02-07,29610.7,Shipped
10457,126,2026-03-13,52789.87,Cancelled
10458,1483,2025-05-24,32352.3,Completed
10459,2520,2025-12-07,26764.54,Completed
10460,2104,2026-01-21,52287.86,Shipped
10461,1385,2025-05-28,17766.42,Shipped
10462,2329,2026-01-17,45689.53,Shipped
10463,3323,2025-12-03,40680.34,Completed
10464,4115,2025-05-02,41797.87,Completed
10465,1740,2025-08-25,40784.17,Shipped
10466,1411,2025-12-20,0.0,Completed
10467,4680,2026-01-14,25455.96,Pending
10468,508,2026-02-18,25643.44,Shipped
10469,334,2025-09-03,2132.6,Completed
10470,1961,2026-01-26,93163.46,Completed
10471,1253,2025-09-27,23518.77,Cancelled
10472,3828,2025-08-09,85429.42,Pending
10473,3284,2026-03-08,43001.0,Shipped
10474,3475,2025-10-28,0.0,Shipped
10475,1958,2025-02-16,0.0,Completed
10476,225,2025-07-17,67562.54,Completed
10477,2092,2025-09-21,111332.07,Completed
10478,3413,2025-04-10,1003.55,Shipped
10479,2868,2025-04-20,26755.12,Completed
10480,1225,2025-02-28,0.0,Cancelled
10481,406,2025-05-19,722.71,Completed
10482,570,2025-04-19,116525.78,Shipped
10483,4656,2025-02-27,54664.59,Cancelled
10484,4585,2025-12-08,10790.1,Completed
10485,2685,2025-06-29,0.0,Pending
10486,4306,2025-10-04,68428.51,Completed
10487,3009,2026-01-07,59882.72,Completed
10488,3806,2025-10-31,107727.66,Cancelled
10489,2414,2025-05-23,40983.35,Shipped
10490,1973,2025-06-19,0.0,Pending
10491,3985,2025-04-15,46389.05,Shipped
10492,3531,2025-11-25,8000.0,Shipped
10493,275,2025-06-11,15191.38,Cancelled
10494,3186,2025-05-10,65322.86,Completed
10495,1828,2025-11-06,33474.22,Pending
10496,2263,2025-06-29,20572.63,Shipped
10497,2557,2025-11-17,1848.43,Completed
10498,1,2025-08-12,0.0,Pending
10499,4599,2025-07-22,0.0,Shipped
10500,1239,2026-02-10,31661.28,Completed
10501,567,2025-12-01,46480.46,Completed
10502,4044,2025-09-03,7305.81,Cancelled
10503,2303,2025-04-08,134001.49,Shipped
10504,180,2025-10-06,17570.14,Shipped
10505,3353,2025-12-30,41802.12,Completed
10506,1505,2025-06-22,39791.18,Shipped
10507,4906,2025-06-11,125042.74,Cancelled
10508,747,2025-09-14,45627.53,Pending
10509,932,2025-01-20,85445.92,Completed
10510,914,2025-06-17,13930.86,Completed
10511,331,2026-01-09,56793.34,Cancelled
10512,2389,2025-01-12,9496.4,Shipped
10513,354,2025-03-29,117172.98,Shipped
10514,4222,2026-03-21,110877.39,Completed
10515,2502,2025-04-03,26366.68,Cancelled
10516,3754,2025-04-12,36651.87,Completed
10517,4695,2025-06-01,65627.43,Completed
10518,2182,2025-12-11,91669.68,Shipped
10519,245,2026-02-23,21224.03,Cancelled
10520,1367,2026-02-03,0.0,Pending
10521,3613,2026-01-06,0.0,Pending
10522,4409,2025-10-17,0.0,Completed
10523,751,2025-10-02,45677.51,Completed
10524,2677,2025-05-21,44206.62,Completed
10525,2482,2025-02-18,34294.87,Shipped
10526,803,2025-02-06,45004.94,Shipped
10527,2357,2025-09-15,35752.97,Shipped
10528,3055,2025-05-07,64564.18,Completed
10529,2841,2025-04-22,50115.9,Cancelled
10530,2881,2026-01-04,62880.8,Pending
10531,2369,2025-03-23,27394.53,Shipped
10532,4080,2025-01-10,118430.46,Shipped
10533,4132,2025-05-23,0.0,Pending
10534,1256,2025-09-24,0.0,Completed
10535,4029,2025-06-03,48061.65,Completed
10536,1902,2026-01-09,47997.4,Completed
10537,4630,2025-10-21,92730.24,Completed
10538,3999,2025-12-25,6208.09,Completed
10539,1952,2025-12-18,13443.3,Cancelled
10540,792,2025-10-11,51241.4,Completed
10541,2132,2025-01-11,78147.37,Completed
10542,1239,2026-02-13,20775.14,Shipped
10543,4515,2025-01-24,13856.72,Shipped
10544,2043,2025-08-13,3619.32,Completed
10545,4877,2025-10-01,14517.56,Completed
10546,2702,2026-02-12,49139.0,Shipped
10547,813,2025-03-04,0.0,Completed
10548,3552,2025-02-21,62726.25,Shipped
10549,3522,2026-01-21,23279.52,Completed
10550,2904,2025-08-09,7568.85,Shipped
10551,3167,2025-08-17,65351.63,Completed
10552,1253,2025-10-28,35839.34,Completed
10553,2111,2026-01-06,40554.76,Shipped
10554,1588,2025-01-16,53970.67,Completed
10555,3411,2025-04-23,21515.46,Pending
10556,821,2026-02-08,41207.14,Shipped
10557,3758,2025-04-11,18454.86,Completed
10558,2618,2025-03-15,2197.29,Completed
10559,15,2025-05-22,27821.8,Pending
10560,785,2025-08-03,8638.99,Cancelled
10561,1581,2025-07-17,59462.44,Pending
10562,4045,2025-07-22,6989.01,Completed
10563,527,2025-10-06,64209.08,Cancelled
10564,3051,2025-04-16,0.0,Completed
10565,2888,2025-07-17,12173.81,Shipped
10566,4396,2025-10-26,45695.43,Shipped
10567,2398,2025-07-04,0.0,Completed
10568,1145,2025-05-23,90239.3,Shipped
10569,416,2025-07-18,60453.48,Completed
10570,1955,2025-03-09,22207.73,Shipped
10571,1411,2025-06-24,23713.15,Completed
10572,3941,2026-01-05,45989.35,Pending
10573,3769,2025-11-12,46738.63,Shipped
10574,653,2025-01-08,38104.35,Completed
10575,1884,2025-10-11,37887.26,Completed
10576,2176,2025-07-06,37543.46,Shipped
10577,1143,2025-10-06,13697.06,Completed
10578,4510,2025-12-10,5013.84,Pending
10579,2340,2025-12-18,47495.28,Shipped
10580,434,2025-06-17,54735.22,Pending
10581,2907,2025-01-22,81267.24,Cancelled
10582,732,2025-03-05,19511.27,Shipped
10583,1743,2025-10-05,15032.25,Shipped
10584,2517,2025-02-03,88021.3,Completed
10585,1754,2025-06-08,27018.05,Completed
10586,1342,2025-10-30,59669.68,Shipped
10587,3134,2025-12-22,25053.75,Shipped
10588,4541,2025-03-15,4607.84,Shipped
10589,904,2025-09-05,5067.19,Shipped
10590,725,2026-03-03,54970.31,Pending
10591,3306,2026-01-16,8578.78,Shipped
10592,2510,2025-09-17,34729.12,Shipped
10593,2896,2025-01-19,35497.72,Shipped
10594,2759,2026-03-06,102052.18,Completed
10595,1357,2025-12-05,45526.0,Completed
10596,138,2025-06-04,9201.85,Cancelled
10597,2759,2026-02-01,60438.04,Completed
10598,505,2025-03-20,121154.57,Shipped
10599,3745,2025-02-26,26564.4,Completed
10600,3097,2026-03-21,22201.9,Shipped
10601,2211,2025-12-09,0.0,Completed
10602,4646,2025-04-24,100472.27,Shipped
10603,1128,2026-02-23,112513.52,Completed
10604,3641,2025-08-20,0.0,Completed
10605,3756,2025-04-07,89680.61,Completed
10606,666,2026-01-13,44372.15,Pending
10607,1835,2026-02-25,42560.35,Completed
10608,3156,2025-11-26,10313.55,Cancelled
10609,3472,2025-01-21,61588.77,Completed
10610,1849,2025-05-31,13880.99,Completed
10611,4909,2025-09-15,25916.97,Completed
10612,4045,2025-07-15,22465.17,Cancelled
10613,1059,2026-01-04,0.0,Completed
10614,2083,2026-03-06,13183.79,Completed
10615,1881,2026-02-01,9745.11,Completed
10616,4348,2025-08-04,80947.37,Cancelled
10617,1497,2025-11-09,0.0,Completed
10618,223,2025-04-10,9584.08,Shipped
10619,939,2025-05-05,26876.28,Cancelled
10620,2017,2025-10-22,0.0,Cancelled
10621,1921,2025-12-24,15679.18,Completed
10622,2870,2025-08-07,40038.9,Shipped
10623,2060,2025-10-19,23269.0,Completed
10624,437,2025-07-25,8291.75,Completed
10625,1328,2026-01-31,24832.7,Shipped
10626,512,2025-10-24,50724.15,Pending
10627,2238,2025-12-12,23550.2,Shipped
10628,4552,2025-04-09,17869.7,Shipped
10629,4964,2025-06-21,55173.16,Shipped
10630,690,2025-08-09,19851.8,Cancelled
10631,768,2025-10-12,59771.54,Completed
10632,3148,2026-03-15,141933.46,Completed
10633,2725,2026-02-03,99112.46,Shipped
10634,972,2025-04-04,61104.17,Completed
10635,1965,2025-11-28,84367.47,Shipped
10636,4849,2026-03-25,0.0,Pending
10637,3611,2025-08-28,26351.42,Cancelled
10638,1935,2025-04-19,30458.43,Shipped
10639,4188,2025-11-24,33514.7,Completed
10640,1697,2026-02-13,0.0,Completed
10641,2295,2025-04-11,19795.75,Pending
10642,466,2025-10-07,105770.57,Completed
10643,4546,2025-08-22,8941.62,Shipped
10644,1371,2025-11-11,0.0,Completed
10645,3207,2025-03-06,14753.62,Completed
10646,1744,2025-06-22,40900.75,Completed
10647,3540,2026-02-28,23963.1,Shipped
10648,377,2025-11-20,13820.36,Completed
10649,94,2025-07-01,0.0,Cancelled
10650,118,2026-02-03,0.0,Completed
10651,3524,2025-01-08,53275.61,Shipped
10652,380,2025-10-23,9917.19,Cancelled
10653,169,2025-02-09,28065.7,Shipped
10654,1864,2026-03-05,65044.36,Completed
10655,2037,2025-12-29,42227.55,Shipped
10656,3818,2026-03-02,3244.68,Completed
10657,4224,2025-01-05,39470.09,Pending
10658,3984,2026-01-23,3904.17,Completed
10659,661,2025-05-28,9260.34,Completed
10660,3509,2025-10-08,0.0,Completed
10661,2894,2025-03-15,59808.73,Shipped
10662,2754,2025-02-21,24495.72,Completed
10663,4057,2025-12-01,26640.65,Completed
10664,796,2025-03-13,71313.36,Completed
10665,2476,2025-12-31,62048.46,Pending
10666,4543,2025-06-11,0.0,Completed
10667,2460,2025-12-03,93955.37,Shipped
10668,2913,2025-01-24,24268.08,Cancelled
10669,1572,2025-04-23,67932.67,Completed
10670,1706,2025-05-27,21045.66,Completed
10671,890,2025-12-25,98725.38,Pending
10672,4537,2026-02-20,59936.2,Shipped
10673,4791,2025-07-08,3750.12,Shipped
10674,4346,2025-05-14,20232.89,Completed
10675,2753,2025-10-23,19826.04,Completed
10676,661,2026-01-08,48932.93,Cancelled
10677,2212,2025-10-30,12684.69,Pending
10678,3066,2026-01-23,59374.53,Completed
10679,1683,2026-02-04,27050.1,Shipped
10680,1739,2025-02-11,20847.59,Pending
10681,3654,2026-03-11,20746.58,Cancelled
10682,2427,2025-01-16,5257.32,Shipped
10683,3633,2025-03-02,37996.35,Completed
10684,1424,2025-05-12,41008.68,Pending
10685,3614,2025-11-28,35168.12,Completed
10686,4440,2025-03-19,0.0,Completed
10687,2224,2025-04-30,31777.54,Completed
10688,2508,2025-10-07,45313.75,Completed
10689,3721,2026-01-30,20609.42,Completed
10690,1279,2025-12-16,61638.11,Completed
10691,4254,2026-02-18,58371.15,Shipped
10692,2255,2026-03-12,34435.34,Completed
10693,666,2025-02-16,50896.33,Shipped
10694,283,2026-02-19,53541.56,Completed
10695,2271,2025-04-04,24051.34,Cancelled
10696,935,2025-08-08,51085.81,Pending
10697,1247,2025-06-15,401.42,Completed
10698,2077,2025-09-19,42546.48,Completed
10699,2633,2025-11-15,20790.05,Completed
10700,3058,2025-04-27,65217.16,Pending
10701,690,2025-07-25,28435.62,Shipped
10702,1883,2025-12-21,18804.08,Shipped
10703,4419,2025-12-01,44366.05,Pending
10704,1484,2025-11-23,22761.41,Pending
10705,3104,2026-01-17,36009.9,Completed
10706,4237,2025-01-10,61379.49,Pending
10707,4086,2025-02-09,31507.4,Completed
10708,4616,2025-07-16,28869.37,Cancelled
10709,4511,2025-05-24,31623.32,Cancelled
10710,764,2025-11-01,44238.68,Shipped
10711,2484,2025-12-01,6272.34,Completed
10712,2481,2025-07-18,0.0,Completed
10713,3668,2025-03-28,66796.41,Completed
10714,2179,2025-09-12,81972.27,Completed
10715,4534,2026-03-19,59201.53,Pending
10716,3350,2025-10-29,60312.44,Shipped
10717,4812,2025-05-13,87319.92,Pending
10718,1079,2025-05-17,12670.24,Completed
10719,4182,2025-05-04,8180.15,Shipped
10720,4177,2025-09-29,18201.28,Completed
10721,2872,2025-10-14,0.0,Cancelled
10722,2464,2025-04-01,44776.24,Completed
10723,398,2025-11-03,150047.64,Shipped
10724,1318,2025-05-05,26832.12,Completed
10725,939,2025-01-20,24045.25,Shipped
10726,1380,2025-11-18,73700.68,Completed
10727,3167,2025-05-02,9227.1,Completed
10728,3608,2025-01-27,142577.82,Shipped
10729,59,2025-03-25,16112.72,Cancelled
10730,2182,2025-07-06,117031.5,Completed
10731,3100,2025-11-06,276.76,Completed
10732,2622,2025-09-16,70529.86,Cancelled
10733,282,2025-06-20,32297.11,Pending
10734,4919,2025-02-12,50616.6,Cancelled
10735,1970,2025-03-22,7702.5,Pending
10736,2754,2026-02-08,16192.73,Cancelled
10737,525,2025-12-20,69845.41,Completed
10738,755,2025-02-26,20981.92,Cancelled
10739,3565,2026-03-08,48338.21,Shipped
10740,2809,2025-02-25,47820.71,Pending
10741,3137,2025-09-09,33805.99,Pending
10742,2571,2025-12-19,89452.21,Cancelled
10743,1084,2025-05-17,5593.89,Shipped
10744,3691,2025-11-10,7867.1,Shipped
10745,267,2025-01-05,50723.32,Completed
10746,4114,2025-03-20,45657.55,Shipped
10747,760,2026-02-23,35835.0,Pending
10748,3160,2025-04-16,0.0,Pending
10749,692,2025-12-15,24600.6,Cancelled
10750,4072,2025-03-12,17591.44,Pending
10751,1164,2025-08-15,10406.28,Completed
10752,2892,2026-03-16,16752.07,Shipped
10753,2534,2025-09-12,55002.25,Shipped
10754,3884,2025-11-29,89461.22,Completed
10755,4215,2026-02-04,7084.93,Cancelled
10756,3938,2025-05-20,116839.64,Pending
10757,1129,2026-01-10,14006.16,Completed
10758,1519,2025-05-13,0.0,Completed
10759,3245,2025-04-27,32660.96,Completed
10760,1715,2025-10-31,38866.98,Shipped
10761,1681,2025-05-01,41323.62,Completed
10762,2951,2026-01-23,16129.51,Shipped
10763,397,2025-09-07,39142.04,Completed
10764,2768,2025-01-04,88011.52,Cancelled
10765,650,2025-03-02,55915.32,Completed
10766,2707,2025-02-11,76266.96,Cancelled
10767,878,2025-01-05,15861.15,Cancelled
10768,2256,2025-12-23,44983.2,Cancelled
10769,3131,2025-04-11,0.0,Completed
10770,401,2025-07-20,53173.93,Shipped
10771,1117,2025-08-01,19243.72,Completed
10772,3136,2025-09-09,2146.27,Shipped
10773,4489,2025-09-21,60178.62,Cancelled
10774,2821,2025-04-10,0.0,Shipped
10775,3232,2025-05-30,118247.54,Completed
10776,2705,2025-03-28,8047.16,Completed
10777,2308,2026-03-13,0.0,Pending
10778,347,2025-07-24,32397.52,Completed
10779,3578,2025-05-03,22879.2,Completed
10780,2439,2025-09-12,69321.87,Shipped
10781,1147,2025-11-17,0.0,Cancelled
10782,2940,2025-09-21,38260.54,Shipped
10783,4218,2025-06-13,22134.59,Completed
10784,2148,2025-05-08,14218.44,Completed
10785,4425,2025-11-21,70722.96,Completed
10786,4447,2025-07-29,41202.88,Completed
10787,1954,2025-10-12,32526.95,Shipped
10788,4903,2025-11-05,17795.12,Shipped
10789,3419,2025-12-22,16182.1,Shipped
10790,1475,2025-08-05,9524.97,Cancelled
10791,2983,2026-01-27,23882.75,Pending
10792,798,2025-10-27,42735.35,Pending
10793,1927,2025-02-15,48700.73,Completed
10794,2717,2025-03-16,9246.11,Cancelled
10795,4585,2025-01-11,85164.41,Shipped
10796,4489,2025-04-20,76805.07,Cancelled
10797,1659,2025-12-13,92785.85,Completed
10798,1486,2025-02-17,36904.75,Pending
10799,4040,2025-01-13,13517.5,Completed
10800,2630,2025-03-03,258.42,Pending
10801,3079,2025-01-31,7868.86,Shipped
10802,241,2025-05-22,196342.27,Completed
10803,2085,2025-07-27,54938.82,Completed
10804,4258,2025-11-10,91971.82,Pending
10805,4643,2025-09-20,0.0,Shipped
10806,1795,2025-11-15,0.0,Completed
10807,2346,2026-02-11,23257.92,Completed
10808,1655,2025-03-05,42763.83,Shipped
10809,2176,2025-11-05,48888.6,Completed
10810,219,2025-10-26,34718.72,Shipped
10811,4531,2025-03-18,13033.45,Shipped
10812,3193,2025-07-08,21514.1,Cancelled
10813,3258,2025-04-13,74625.69,Pending
10814,1101,2025-05-05,29271.51,Completed
10815,4035,2025-11-06,0.0,Pending
10816,319,2025-10-15,0.0,Completed
10817,2217,2025-12-07,49727.66,Completed
10818,3004,2025-06-18,23518.77,Shipped
10819,760,2025-03-14,13184.24,Pending
10820,3431,2025-05-03,21071.33,Completed
10821,4460,2026-02-10,58745.02,Completed
10822,4567,2026-03-21,26573.9,Shipped
10823,1012,2025-04-03,32325.39,Shipped
10824,1232,2025-05-16,32549.95,Pending
10825,2186,2025-05-06,6761.22,Pending
10826,3228,2025-10-28,25913.81,Shipped
10827,42,2025-07-21,49174.1,Completed
10828,4558,2026-03-04,81884.1,Pending
10829,1697,2025-04-17,87842.77,Shipped
10830,4930,2026-02-23,29701.74,Pending
10831,1060,2025-05-07,0.0,Shipped
10832,3512,2025-11-09,45090.7,Cancelled
10833,4237,2026-02-10,11162.32,Shipped
10834,3231,2025-03-18,54869.32,Cancelled
10835,279,2026-01-05,32878.5,Pending
10836,3102,2025-07-09,40538.82,Completed
10837,4538,2025-01-08,44367.0,Completed
10838,872,2025-03-08,38336.32,Shipped
10839,2928,2025-02-11,18663.03,Shipped
10840,1200,2026-03-20,61649.59,Shipped
10841,3759,2025-07-26,35532.04,Completed
10842,843,2026-03-26,62186.01,Completed
10843,1442,2025-05-03,0.0,Cancelled
10844,4900,2026-03-12,2158.61,Shipped
10845,2703,2026-01-04,13895.12,Shipped
10846,3523,2025-08-18,0.0,Cancelled
10847,905,2025-08-30,5823.82,Pending
10848,4941,2025-07-15,25552.41,Shipped
10849,3132,2025-02-10,64189.84,Shipped
10850,3580,2026-03-07,63835.22,Pending
10851,2285,2025-09-11,25791.12,Cancelled
10852,459,2025-05-05,17853.7,Pending
10853,1170,2026-01-25,11948.93,Pending
10854,3216,2025-04-17,145915.84,Pending
10855,4228,2025-03-28,12234.51,Completed
10856,1167,2025-04-28,7340.96,Completed
10857,3196,2025-12-18,3347.76,Completed
10858,3113,2025-07-02,47050.1,Pending
10859,166,2025-06-08,36760.48,Pending
10860,4073,2025-04-09,8466.61,Shipped
10861,3021,2026-03-05,5438.68,Completed
10862,4890,2025-10-02,14931.0,Cancelled
10863,4389,2025-04-19,12922.55,Completed
10864,351,2025-05-31,39289.72,Shipped
10865,482,2026-01-11,15616.86,Shipped
10866,47,2025-08-27,28642.8,Completed
10867,4247,2025-10-16,57581.53,Shipped
10868,2586,2025-01-04,19130.86,Completed
10869,3073,2026-03-04,0.0,Completed
10870,1289,2025-06-28,105276.67,Shipped
10871,3405,2025-01-01,5911.04,Shipped
10872,4537,2025-11-06,12184.47,Completed
10873,3563,2026-01-14,32991.12,Completed
10874,901,2025-08-25,20220.94,Shipped
10875,1647,2025-10-04,113334.12,Completed
10876,1774,2025-03-20,0.0,Pending
10877,2822,2025-03-01,32402.7,Shipped
10878,1936,2025-01-07,2208.08,Completed
10879,2684,2025-12-22,89344.74,Cancelled
10880,3058,2025-12-04,23269.0,Completed
10881,1206,2025-05-13,50156.67,Completed
10882,4367,2025-08-31,17693.8,Completed
10883,1205,2025-07-02,13745.27,Completed
10884,4631,2025-12-20,39350.36,Pending
10885,47,2025-10-20,9246.11,Shipped
10886,1836,2026-01-08,48750.3,Completed
10887,1383,2025-06-03,43738.42,Cancelled
10888,1784,2025-12-12,3146.12,Cancelled
10889,298,2025-02-21,84944.84,Pending
10890,4036,2025-09-05,32493.25,Pending
10891,3390,2025-04-19,21095.7,Completed
10892,919,2026-03-09,7847.68,Pending
10893,3377,2025-02-16,29735.64,Completed
10894,393,2025-06-20,4321.44,Completed
10895,1942,2025-09-17,2468.9,Pending
10896,2305,2025-06-14,0.0,Shipped
10897,858,2025-02-19,0.0,Completed
10898,3748,2025-10-17,0.0,Pending
10899,3432,2025-08-17,16135.08,Completed
10900,2150,2025-12-30,73003.93,Completed
10901,47,2025-08-06,37612.76,Completed
10902,4262,2025-01-10,0.0,Completed
10903,1862,2025-03-18,30164.35,Shipped
10904,3123,2025-06-04,0.0,Pending
10905,1534,2026-03-12,32710.24,Shipped
10906,3115,2026-03-18,25548.92,Cancelled
10907,781,2025-10-13,17017.98,Shipped
10908,3504,2025-04-15,25545.08,Shipped
10909,2374,2025-06-29,28255.65,Completed
10910,412,2025-11-13,24591.01,Shipped
10911,914,2025-04-15,37820.94,Completed
10912,358,2025-01-22,47624.85,Completed
10913,2163,2026-03-04,65247.75,Completed
10914,1157,2026-01-13,85794.4,Shipped
10915,4684,2025-08-02,17087.12,Cancelled
10916,2997,2026-02-09,81678.59,Pending
10917,4446,2025-03-06,43616.73,Completed
10918,600,2025-01-15,26345.2,Completed
10919,4649,2025-01-18,19713.36,Pending
10920,3446,2025-04-06,42653.98,Completed
10921,3317,2025-04-26,37758.65,Shipped
10922,4002,2025-04-02,68320.14,Pending
10923,1926,2025-12-28,8813.91,Completed
10924,958,2025-12-06,67006.8,Shipped
10925,1384,2025-04-25,35960.19,Completed
10926,3766,2025-01-10,118853.29,Pending
10927,2851,2025-01-01,61666.77,Cancelled
10928,774,2025-09-01,8002.21,Completed
10929,3712,2025-08-16,54089.04,Completed
10930,2991,2025-07-28,72308.26,Shipped
10931,1557,2025-05-26,16294.73,Shipped
10932,3241,2025-09-05,13033.37,Completed
10933,3048,2025-11-18,0.0,Pending
10934,4885,2025-08-17,9169.74,Shipped
10935,4508,2025-06-17,0.0,Completed
10936,871,2026-03-25,31425.74,Shipped
10937,2999,2026-03-26,43350.57,Completed
10938,3328,2025-07-17,59410.49,Cancelled
10939,4371,2025-07-02,65864.75,Shipped
10940,2113,2026-01-18,18132.38,Completed
10941,4191,2025-09-28,22722.16,Completed
10942,229,2025-01-30,35930.66,Completed
10943,905,2025-02-28,10652.34,Shipped
10944,1367,2025-10-07,0.0,Completed
10945,1459,2025-07-30,54084.39,Pending
10946,3726,2025-02-17,4667.15,Completed
10947,4712,2025-02-25,53596.36,Pending
10948,545,2025-11-04,9250.25,Completed
10949,285,2025-08-23,4834.7,Completed
10950,3479,2025-01-10,9558.81,Shipped
10951,505,2025-03-13,51742.16,Pending
10952,1730,2026-02-19,59281.3,Shipped
10953,2367,2025-05-03,0.0,Completed
10954,2650,2025-09-13,36849.85,Completed
10955,2993,2025-12-06,9710.88,Shipped
10956,570,2025-04-04,0.0,Completed
10957,799,2026-01-24,147793.8,Shipped
10958,502,2025-06-02,66861.11,Pending
10959,4389,2025-03-26,18735.32,Completed
10960,2491,2025-06-10,38850.92,Pending
10961,2575,2026-02-25,48006.71,Completed
10962,1192,2026-03-13,72372.64,Cancelled
10963,4574,2025-02-09,25556.26,Completed
10964,2802,2025-08-22,45346.03,Completed
10965,1967,2025-04-03,9321.14,Pending
10966,828,2025-06-23,21992.26,Completed
10967,3806,2026-03-27,38044.91,Completed
10968,3779,2025-12-04,1342.37,Completed
10969,1129,2026-03-14,74303.74,Shipped
10970,3152,2025-02-18,33776.25,Shipped
10971,2691,2026-01-25,88330.91,Shipped
10972,1666,2025-10-30,89237.22,Shipped
10973,1375,2025-02-15,6963.3,Completed
10974,2545,2025-09-26,38847.25,Completed
10975,4379,2026-02-27,14901.19,Shipped
10976,4337,2025-09-12,21836.76,Completed
10977,4357,2025-09-14,0.0,Completed
10978,4614,2025-07-05,34360.15,Completed
10979,282,2025-11-20,47365.59,Cancelled
10980,1913,2025-12-07,64330.5,Shipped
10981,1228,2025-03-02,15314.95,Cancelled
10982,4002,2026-01-24,60705.72,Shipped
10983,4633,2025-09-10,0.0,Completed
10984,2339,2025-02-10,4272.6,Cancelled
10985,3709,2025-07-13,47165.86,Pending
10986,925,2026-01-19,92870.99,Completed
10987,3160,2025-11-23,33825.88,Shipped
10988,1863,2025-08-22,17343.8,Pending
10989,4949,2026-03-16,12212.98,Cancelled
10990,4171,2025-06-29,48226.55,Cancelled
10991,4028,2025-02-05,52373.85,Pending
10992,2600,2025-04-29,105700.76,Completed
10993,2302,2025-04-05,48146.48,Shipped
10994,2222,2025-01-06,17213.11,Shipped
10995,4998,2025-11-28,64491.43,Completed
10996,3253,2025-01-07,31952.39,Completed
10997,399,2025-02-23,130842.71,Completed
10998,2657,2026-01-02,108967.92,Completed
10999,875,2025-09-07,50879.02,Completed
11000,2571,2025-03-10,29565.66,Pending
11001,4574,2025-01-29,76441.59,Cancelled
11002,693,2025-10-05,140338.39,Completed
11003,736,2026-02-17,25436.94,Completed
11004,707,2025-12-25,37186.42,Shipped
11005,515,2025-04-23,18242.72,Pending
11006,96,2025-06-08,107817.43,Shipped
11007,2421,2025-03-27,21836.45,Completed
11008,333,2025-06-28,30521.97,Completed
11009,1190,2025-08-17,9882.58,Cancelled
11010,398,2025-08-06,52067.11,Shipped
11011,1157,2025-06-19,28030.54,Cancelled
11012,1432,2025-09-28,75462.22,Pending
11013,4800,2026-02-08,22298.58,Shipped
11014,3692,2025-07-12,15368.64,Shipped
11015,2415,2025-09-04,3027.9,Shipped
11016,2125,2026-01-05,67909.5,Completed
11017,2343,2025-11-20,40410.86,Completed
11018,1047,2025-12-30,85766.86,Shipped
11019,1706,2025-12-14,53465.89,Cancelled
11020,4768,2025-06-19,45714.95,Shipped
11021,765,2025-11-13,36596.46,Pending
11022,4423,2025-04-21,20747.9,Shipped
11023,2316,2025-05-25,106838.93,Pending
11024,949,2025-10-17,94404.04,Cancelled
11025,1220,2026-01-30,33686.4,Completed
11026,1977,2025-11-14,35806.46,Cancelled
11027,2504,2025-10-19,20516.18,Completed
11028,2476,2025-01-03,46858.48,Shipped
11029,1582,2026-03-02,16299.25,Shipped
11030,4951,2025-04-28,33694.33,Completed
11031,3838,2025-06-24,34030.1,Shipped
11032,2999,2025-07-20,11647.64,Shipped
11033,2198,2025-08-28,100674.42,Completed
11034,2558,2025-04-23,0.0,Completed
11035,560,2025-10-08,47134.3,Pending
11036,3229,2025-05-21,41033.35,Completed
11037,3749,2025-01-01,24968.23,Cancelled
11038,1490,2026-02-15,107594.11,Completed
11039,1578,2025-03-17,3259.85,Pending
11040,3758,2025-08-23,44836.1,Shipped
11041,3383,2025-07-16,0.0,Pending
11042,4159,2025-09-10,89723.32,Completed
11043,3991,2025-05-08,83485.13,Shipped
11044,4495,2025-11-24,0.0,Cancelled
11045,2214,2026-01-20,4637.39,Completed
11046,2258,2025-02-12,40353.87,Pending
11047,1893,2025-07-08,26484.05,Cancelled
11048,4675,2025-08-07,0.0,Cancelled
11049,4080,2025-02-08,50420.55,Completed
11050,1502,2025-02-04,30666.38,Cancelled
11051,2720,2025-12-10,3843.3,Completed
11052,4115,2025-03-02,23852.1,Cancelled
11053,277,2026-01-01,41627.33,Shipped
11054,3544,2026-03-27,82784.67,Shipped
11055,2687,2025-10-18,64282.2,Completed
11056,899,2025-06-11,16077.6,Pending
11057,1493,2025-07-26,59193.98,Shipped
11058,2070,2025-06-17,65524.84,Completed
11059,2900,2026-01-14,30954.51,Cancelled
11060,2488,2025-08-16,9196.33,Completed
11061,1098,2025-04-14,107878.83,Shipped
11062,4646,2025-03-03,6540.78,Completed
11063,4944,2025-01-06,8362.8,Shipped
11064,213,2025-02-10,55489.91,Completed
11065,2186,2026-03-03,0.0,Pending
11066,1404,2026-01-31,146241.57,Completed
11067,3139,2025-02-09,64022.66,Completed
11068,2820,2025-10-31,28452.05,Cancelled
11069,289,2025-07-16,29310.41,Completed
11070,4191,2026-03-25,7476.64,Cancelled
11071,3170,2026-02-15,0.0,Completed
11072,1820,2025-10-26,44278.73,Completed
11073,1079,2025-06-08,28912.22,Completed
11074,3650,2025-02-11,15773.4,Completed
11075,1956,2025-03-17,26622.5,Pending
11076,319,2026-01-07,4962.95,Completed
11077,112,2026-01-15,26491.78,Shipped
11078,4582,2025-09-27,52343.51,Pending
11079,2681,2025-07-11,0.0,Shipped
11080,227,2025-06-11,5418.04,Completed
11081,1174,2025-06-20,74283.66,Completed
11082,3513,2025-06-24,38517.4,Completed
11083,3303,2025-05-25,82461.75,Shipped
11084,4661,2026-02-22,0.0,Shipped
11085,2294,2025-12-22,6633.4,Cancelled
11086,4062,2025-05-17,42612.72,Shipped
11087,2662,2025-08-24,58298.6,Shipped
11088,3948,2025-04-04,22741.34,Pending
11089,4419,2026-01-04,8164.78,Pending
11090,3876,2025-10-23,129843.46,Shipped
11091,2631,2025-03-09,5073.33,Cancelled
11092,3860,2026-02-14,55975.27,Cancelled
11093,3456,2026-02-04,111341.02,Cancelled
11094,321,2025-04-18,83637.01,Completed
11095,2763,2025-10-27,4497.14,Shipped
11096,3355,2025-11-01,17578.45,Completed
11097,1944,2025-04-11,21486.6,Completed
11098,3997,2025-07-24,66977.91,Shipped
11099,941,2025-08-12,24992.11,Shipped
11100,2242,2026-02-16,1424.2,Completed
11101,1170,2025-01-14,61009.47,Completed
11102,927,2025-04-03,13856.72,Shipped
11103,4497,2025-06-27,26868.6,Shipped
11104,4697,2025-02-11,38253.55,Completed
11105,2147,2025-07-31,8610.26,Shipped
11106,4430,2025-10-14,19520.85,Shipped
11107,213,2025-12-20,46534.24,Completed
11108,2920,2025-10-10,66299.54,Completed
11109,3708,2025-11-14,106441.22,Cancelled
11110,4484,2025-08-07,80608.83,Completed
11111,1569,2025-05-15,63818.07,Pending
11112,1838,2025-12-19,3804.87,Completed
11113,4533,2025-11-01,6908.99,Shipped
11114,1127,2026-01-06,0.0,Cancelled
11115,12,2026-03-05,32409.02,Completed
11116,3650,2025-07-27,95613.29,Completed
11117,2821,2025-03-01,33891.37,Shipped
11118,641,2025-10-03,59231.94,Shipped
11119,3327,2025-11-15,12180.48,Completed
11120,1300,2025-06-07,2884.6,Completed
11121,4883,2026-03-25,29593.8,Shipped
11122,3228,2025-07-18,58027.85,Completed
11123,771,2025-06-17,115303.87,Completed
11124,3625,2026-01-10,30284.35,Completed
11125,3423,2025-04-15,49511.72,Completed
11126,3818,2025-08-26,18957.08,Cancelled
11127,3662,2025-01-10,0.0,Shipped
11128,3418,2025-02-03,101890.29,Shipped
11129,4067,2025-11-20,40415.19,Completed
11130,1891,2026-02-01,39522.52,Completed
11131,4690,2025-05-26,101235.95,Completed
11132,3848,2025-09-29,2516.88,Pending
11133,455,2025-09-20,0.0,Cancelled
11134,3411,2025-07-19,0.0,Pending
11135,3144,2025-10-21,105107.93,Shipped
11136,582,2025-10-10,87294.66,Cancelled
11137,3495,2025-03-17,0.0,Pending
11138,4406,2025-04-30,13318.85,Completed
11139,4826,2025-05-03,53732.44,Cancelled
11140,982,2026-01-03,15207.6,Cancelled
11141,3669,2025-08-18,12234.9,Completed
11142,4154,2026-01-20,9131.51,Shipped
11143,4693,2026-03-20,111633.51,Shipped
11144,1666,2025-11-11,4463.68,Shipped
11145,825,2025-07-31,19909.61,Pending
11146,3219,2026-03-07,40526.7,Cancelled
11147,49,2025-10-10,0.0,Shipped
11148,3365,2025-08-09,45126.41,Completed
11149,413,2026-02-19,49059.94,Completed
11150,4179,2025-12-20,9493.63,Shipped
11151,3320,2025-03-25,3856.74,Shipped
11152,2644,2026-03-08,42309.48,Cancelled
11153,3890,2025-10-06,43695.87,Completed
11154,1019,2025-08-21,63321.12,Cancelled
11155,2147,2025-09-07,2840.13,Cancelled
11156,2772,2025-11-30,30340.95,Cancelled
11157,2747,2025-11-19,28752.24,Cancelled
11158,4610,2025-06-29,24304.99,Completed
11159,788,2026-02-12,36590.74,Completed
11160,1832,2025-01-13,29127.89,Completed
11161,2406,2026-03-02,58592.83,Pending
11162,2152,2025-01-27,13945.22,Completed
11163,339,2025-03-25,24679.22,Completed
11164,1678,2025-10-16,66894.41,Completed
11165,3555,2025-11-28,14777.64,Cancelled
11166,2381,2025-04-23,35599.39,Completed
11167,4999,2025-09-11,109666.75,Pending
11168,3802,2026-02-04,8283.02,Completed
11169,444,2025-11-20,17693.8,Completed
11170,281,2025-01-21,58295.86,Shipped
11171,1105,2025-03-14,62659.96,Pending
11172,4786,2025-02-01,10139.59,Pending
11173,2138,2025-12-26,47601.61,Completed
11174,2707,2025-03-17,48575.38,Pending
11175,4167,2025-04-04,9862.65,Completed
11176,2855,2025-12-02,15706.94,Completed
11177,12,2025-10-08,31448.88,Completed
11178,2772,2025-02-28,34521.49,Pending
11179,3204,2025-09-18,27825.86,Completed
11180,1487,2025-06-10,74876.96,Shipped
11181,1055,2026-02-04,81675.42,Shipped
11182,4662,2025-03-27,0.0,Cancelled
11183,2088,2025-07-09,30164.71,Shipped
11184,2147,2025-07-10,8440.56,Pending
11185,3265,2025-12-11,72908.17,Cancelled
11186,4668,2025-05-29,96502.47,Pending
11187,3702,2025-11-21,22776.1,Cancelled
11188,4373,2025-10-07,31177.35,Completed
11189,2576,2026-02-04,27213.1,Cancelled
11190,626,2025-08-29,68441.07,Completed
11191,4604,2025-08-02,29001.7,Completed
11192,4944,2025-04-24,36468.12,Pending
11193,2322,2025-05-20,7713.45,Cancelled
11194,4531,2025-05-13,31931.35,Pending
11195,3829,2025-07-13,19112.85,Completed
11196,2622,2025-02-08,4375.42,Shipped
11197,1719,2025-04-10,0.0,Completed
11198,2144,2025-11-01,5782.67,Cancelled
11199,3451,2026-01-16,58243.49,Shipped
11200,145,2025-06-02,58176.33,Cancelled
11201,4795,2026-02-03,54112.13,Completed
11202,2680,2025-09-19,54819.91,Completed
11203,1576,2025-06-23,27649.33,Completed
11204,327,2025-05-14,65213.05,Shipped
11205,4767,2025-08-24,3922.68,Completed
11206,3969,2025-12-02,29191.6,Shipped
11207,1257,2025-09-09,52224.67,Completed
11208,1923,2026-02-22,54576.52,Pending
11209,4820,2025-01-23,129702.24,Shipped
11210,2575,2025-09-02,61218.01,Shipped
11211,3119,2025-04-03,41114.04,Completed
11212,1373,2025-03-29,64349.68,Cancelled
11213,1906,2026-01-28,13364.6,Completed
11214,360,2025-03-13,35205.36,Shipped
11215,4086,2025-11-09,3696.86,Cancelled
11216,4202,2025-09-14,75558.04,Shipped
11217,2974,2025-07-31,0.0,Completed
11218,222,2026-02-19,110940.34,Shipped
11219,1474,2025-12-22,92174.94,Completed
11220,4790,2025-05-11,55275.92,Completed
11221,4139,2025-04-04,35449.52,Shipped
11222,613,2026-03-20,16880.22,Completed
11223,2083,2025-12-05,25641.96,Completed
11224,4387,2025-10-17,12617.06,Cancelled
11225,3907,2025-01-25,110896.21,Shipped
11226,4684,2026-03-07,27821.94,Cancelled
11227,4164,2025-11-16,2394.78,Cancelled
11228,751,2026-01-05,85555.07,Cancelled
11229,2188,2025-09-10,35161.96,Cancelled
11230,2049,2025-03-26,45570.7,Completed
11231,2552,2025-11-12,76390.15,Shipped
11232,1046,2026-03-14,48517.0,Shipped
11233,4286,2026-01-25,76268.45,Shipped
11234,870,2025-07-29,0.0,Cancelled
11235,1579,2025-04-17,7393.06,Completed
11236,4626,2025-02-08,0.0,Cancelled
11237,1342,2025-03-15,42237.56,Shipped
11238,2322,2025-08-07,37368.31,Completed
11239,1546,2026-01-03,42379.41,Shipped
11240,3583,2025-02-09,9961.24,Shipped
11241,3602,2025-05-10,5592.3,Shipped
11242,484,2025-02-10,48375.01,Completed
11243,1436,2025-08-15,38797.58,Pending
11244,1926,2025-01-25,11820.68,Shipped
11245,2299,2025-03-14,56948.52,Cancelled
11246,2454,2025-07-13,0.0,Completed
11247,3826,2025-03-05,102395.25,Shipped
11248,4946,2025-07-11,62406.57,Pending
11249,4264,2026-02-14,31553.97,Shipped
11250,123,2025-08-23,70216.4,Completed
11251,1467,2025-06-29,50741.61,Pending
11252,2412,2025-03-08,28930.37,Completed
11253,588,2025-01-14,6963.3,Completed
11254,4809,2025-03-15,16773.11,Shipped
11255,2029,2025-03-11,28987.45,Completed
11256,2850,2025-09-05,47525.78,Pending
11257,1742,2025-01-09,5846.66,Shipped
11258,1895,2025-03-16,0.0,Completed
11259,3355,2025-11-24,6473.92,Pending
11260,3343,2025-11-21,19663.64,Shipped
11261,3874,2025-03-06,66700.56,Cancelled
11262,4920,2025-02-28,26890.28,Completed
11263,3303,2025-03-11,80082.01,Completed
11264,636,2025-11-12,27054.59,Pending
11265,1584,2025-03-03,25828.82,Completed
11266,46,2026-01-10,24612.95,Pending
11267,4537,2025-03-28,67988.71,Completed
11268,3402,2025-06-27,18421.25,Cancelled
11269,2017,2025-05-28,102158.43,Pending
11270,4460,2025-12-22,20798.83,Completed
11271,4235,2025-06-10,37962.57,Shipped
11272,4173,2025-04-02,17902.95,Pending
11273,295,2025-03-31,20724.72,Pending
11274,3338,2025-12-18,44771.48,Completed
11275,493,2025-05-07,31530.26,Completed
11276,3441,2025-06-24,55919.91,Shipped
11277,2863,2026-02-09,0.0,Pending
11278,2312,2025-11-23,7394.8,Completed
11279,3718,2025-01-27,56777.57,Shipped
11280,1759,2025-04-09,39311.2,Pending
11281,2625,2025-10-26,28512.43,Shipped
11282,4456,2026-03-18,41910.56,Completed
11283,2637,2025-11-19,3830.25,Shipped
11284,3839,2025-07-12,95430.05,Shipped
11285,2493,2025-04-21,33793.75,Completed
11286,394,2025-07-01,0.0,Completed
11287,4745,2025-12-20,78895.38,Completed
11288,4624,2025-01-15,64422.08,Pending
11289,764,2025-07-24,8670.87,Pending
11290,1194,2026-02-27,79276.21,Cancelled
11291,4667,2025-03-07,836.26,Pending
11292,3221,2026-03-09,37152.73,Completed
11293,619,2025-05-13,141631.49,Pending
11294,4499,2025-03-17,60932.36,Completed
11295,4336,2025-07-13,13723.98,Shipped
11296,3150,2025-12-04,46931.59,Cancelled
11297,4911,2025-06-21,82442.82,Shipped
11298,3133,2025-12-09,78654.96,Pending
11299,1041,2025-10-12,6834.18,Shipped
11300,2280,2026-01-15,61120.84,Completed
11301,3472,2025-04-18,63121.48,Pending
11302,1350,2025-04-04,25090.3,Completed
11303,413,2025-10-30,22494.85,Completed
11304,1723,2025-09-01,30855.02,Pending
11305,4221,2025-08-15,73566.23,Shipped
11306,1397,2026-01-13,2992.08,Cancelled
11307,3233,2025-07-12,6565.53,Completed
11308,777,2025-12-25,40610.6,Completed
11309,1283,2025-06-03,49070.89,Pending
11310,4165,2025-06-09,9851.17,Cancelled
11311,1505,2025-04-02,53869.84,Completed
11312,742,2025-08-24,0.0,Shipped
11313,4480,2025-12-20,31434.07,Cancelled
11314,1332,2025-04-06,21383.62,Shipped
11315,16,2025-03-09,15326.04,Cancelled
11316,1752,2026-03-11,3518.6,Pending
11317,2643,2025-05-09,45642.9,Pending
11318,1707,2025-05-25,57519.7,Completed
11319,4732,2025-09-02,8878.51,Shipped
11320,1734,2025-09-01,44292.26,Completed
11321,1494,2025-04-20,8286.1,Completed
11322,3755,2026-01-05,43974.98,Pending
11323,2994,2025-06-19,46872.9,Shipped
11324,1876,2025-06-23,74074.35,Completed
11325,362,2025-07-04,61276.82,Completed
11326,1864,2025-03-27,38247.06,Shipped
11327,1738,2025-09-12,2988.26,Shipped
11328,3436,2026-01-08,0.0,Completed
11329,1129,2025-02-10,38899.3,Shipped
11330,4723,2025-06-03,258.42,Shipped
11331,4474,2025-03-13,22257.99,Cancelled
11332,2998,2026-01-17,68663.4,Completed
11333,2517,2026-03-06,75683.74,Shipped
11334,3950,2025-11-23,11969.51,Cancelled
11335,4316,2025-03-30,84462.96,Shipped
11336,160,2025-12-23,40093.69,Shipped
11337,2581,2025-04-29,61737.07,Shipped
11338,3329,2025-01-20,31966.87,Cancelled
11339,424,2026-01-22,98919.03,Shipped
11340,3551,2025-01-31,7661.26,Cancelled
11341,1900,2025-03-07,9608.88,Completed
11342,918,2025-05-01,73387.12,Cancelled
11343,2393,2026-03-07,33852.8,Completed
11344,2014,2025-07-19,29787.09,Cancelled
11345,1389,2025-05-08,7290.81,Completed
11346,1442,2025-05-04,54911.56,Completed
11347,1169,2026-01-04,13201.58,Completed
11348,436,2025-01-30,59866.96,Cancelled
11349,1405,2025-02-01,39730.46,Shipped
11350,3189,2026-03-11,72884.68,Completed
11351,2879,2025-10-28,90411.31,Shipped
11352,4786,2025-12-07,67373.2,Pending
11353,3134,2025-05-29,44521.56,Completed
11354,1009,2025-11-17,37140.28,Completed
11355,401,2025-07-25,29943.74,Completed
11356,791,2025-11-28,45474.62,Cancelled
11357,4591,2025-03-26,29875.48,Shipped
11358,3765,2025-09-15,57992.13,Completed
11359,1139,2026-01-18,38512.5,Completed
11360,452,2025-10-24,19717.92,Pending
11361,4951,2025-02-23,105602.0,Cancelled
11362,2451,2025-06-16,18668.6,Cancelled
11363,3463,2025-11-03,59679.0,Shipped
11364,3077,2025-09-11,20711.26,Completed
11365,4306,2025-02-05,35232.4,Pending
11366,4636,2025-06-18,27537.72,Pending
11367,4821,2026-03-23,38562.71,Shipped
11368,2740,2025-06-24,133846.88,Shipped
11369,1777,2025-02-12,2134.96,Completed
11370,1990,2025-09-15,25464.08,Completed
11371,1674,2025-09-03,29988.42,Completed
11372,4834,2025-12-30,28422.43,Cancelled
11373,3,2025-04-01,0.0,Completed
11374,1306,2025-08-28,0.0,Shipped
11375,1267,2026-01-09,51215.3,Completed
11376,938,2025-12-06,5618.64,Shipped
11377,4600,2025-05-23,45090.56,Completed
11378,218,2026-03-23,22908.29,Shipped
11379,1795,2025-06-02,51065.32,Completed
11380,4065,2026-02-06,9150.54,Completed
11381,3212,2026-03-01,32451.59,Completed
11382,4885,2026-02-08,48887.26,Pending
11383,145,2025-05-20,39646.67,Pending
11384,3798,2025-07-10,25911.76,Completed
11385,3659,2025-03-05,46536.42,Shipped
11386,661,2025-09-27,105922.21,Completed
11387,389,2025-01-30,968.15,Pending
11388,1514,2025-05-09,9667.18,Pending
11389,2620,2025-03-05,7465.66,Completed
11390,371,2025-02-13,84559.55,Completed
11391,2585,2026-03-17,9839.38,Cancelled
11392,4957,2026-01-03,50068.79,Pending
11393,3405,2026-01-17,53917.72,Pending
11394,1132,2026-03-01,0.0,Completed
11395,1943,2025-10-12,31978.17,Completed
11396,2578,2025-11-17,2197.72,Shipped
11397,2954,2026-03-20,109342.92,Shipped
11398,710,2025-12-15,17246.94,Completed
11399,1857,2025-06-01,62895.86,Cancelled
11400,220,2025-04-16,30206.92,Pending
11401,2351,2025-01-28,0.0,Shipped
11402,3680,2025-08-17,0.0,Cancelled
11403,2916,2025-12-29,44179.53,Pending
11404,4098,2025-08-20,86054.35,Shipped
11405,21,2025-06-27,5946.4,Completed
11406,2441,2025-01-14,14995.82,Cancelled
11407,4124,2025-01-06,74725.07,Pending
11408,2515,2026-03-16,60130.14,Pending
11409,517,2026-02-17,13039.4,Shipped
11410,2405,2026-01-08,28999.83,Shipped
11411,486,2025-06-14,11165.26,Shipped
11412,185,2025-11-24,64190.2,Shipped
11413,3388,2025-09-19,0.0,Completed
11414,685,2025-04-09,108524.37,Completed
11415,110,2026-01-15,0.0,Completed
11416,2946,2025-12-20,0.0,Shipped
11417,1103,2025-05-10,108693.98,Cancelled
11418,594,2025-09-24,51118.98,Completed
11419,1591,2025-09-02,73582.22,Completed
11420,4216,2025-11-01,0.0,Shipped
11421,4626,2026-03-10,37914.16,Completed
11422,3689,2025-01-23,14423.0,Shipped
11423,186,2025-09-21,96188.03,Completed
11424,764,2025-05-03,4292.98,Completed
11425,1284,2026-01-20,33761.94,Pending
11426,3209,2025-12-06,52002.93,Shipped
11427,3801,2025-06-23,55016.12,Completed
11428,184,2025-03-10,44248.02,Completed
11429,673,2025-01-20,113113.18,Completed
11430,2345,2025-11-12,85486.51,Cancelled
11431,1189,2026-01-13,19509.52,Completed
11432,601,2025-09-24,15115.58,Pending
11433,2037,2025-02-12,17662.72,Completed
11434,4330,2025-07-04,43339.4,Completed
11435,2219,2025-01-10,54649.68,Pending
11436,3832,2025-09-29,57051.17,Cancelled
11437,1639,2025-11-26,46885.56,Cancelled
11438,3305,2025-06-08,0.0,Completed
11439,1770,2025-12-20,31989.99,Shipped
11440,3916,2026-01-22,8472.34,Completed
11441,3478,2025-01-13,66221.76,Cancelled
11442,191,2025-09-26,53500.28,Cancelled
11443,354,2025-04-06,17546.54,Completed
11444,3739,2025-07-18,61910.98,Completed
11445,1593,2026-01-14,40990.05,Pending
11446,1976,2025-02-15,51824.11,Completed
11447,2138,2025-09-27,114750.29,Completed
11448,2888,2025-07-07,22664.32,Cancelled
11449,1220,2025-03-04,162875.69,Pending
11450,3117,2025-05-05,32692.21,Shipped
11451,1678,2025-11-21,30587.57,Cancelled
11452,1285,2025-06-22,0.0,Pending
11453,1595,2026-01-31,938.71,Completed
11454,2150,2025-01-05,1936.04,Shipped
11455,4946,2025-06-04,39205.82,Pending
11456,3773,2025-06-15,26543.24,Pending
11457,839,2025-11-23,54819.2,Completed
11458,4660,2025-03-04,7740.06,Completed
11459,2785,2025-06-25,1137.36,Pending
11460,304,2025-07-15,25116.37,Completed
11461,2033,2025-06-13,6977.05,Completed
11462,3465,2025-07-21,39895.11,Completed
11463,583,2025-03-11,106062.43,Shipped
11464,1372,2025-08-20,71946.85,Completed
11465,1173,2025-10-15,5463.67,Completed
11466,3076,2025-05-27,24753.41,Cancelled
11467,3539,2025-08-18,61175.23,Cancelled
11468,671,2025-06-19,59601.93,Completed
11469,1318,2025-11-22,55728.29,Pending
11470,2192,2025-06-03,28253.22,Completed
11471,2833,2026-01-13,35986.56,Completed
11472,1051,2025-04-23,72958.13,Cancelled
11473,1206,2025-09-02,70665.2,Completed
11474,2888,2025-03-02,18519.21,Completed
11475,2221,2025-01-29,17120.25,Cancelled
11476,2257,2025-09-06,35656.33,Shipped
11477,2463,2025-07-20,60999.55,Shipped
11478,826,2025-05-11,33876.62,Completed
11479,78,2026-03-11,16322.17,Completed
11480,4284,2025-03-29,42249.6,Completed
11481,3284,2025-11-11,84630.1,Cancelled
11482,4741,2025-09-25,17368.79,Cancelled
11483,907,2026-02-12,36290.53,Shipped
11484,429,2025-07-03,32925.93,Cancelled
11485,3708,2026-01-25,28574.91,Cancelled
11486,4788,2025-11-25,23091.33,Shipped
11487,1651,2026-03-25,10712.43,Pending
11488,2719,2025-08-02,87771.53,Cancelled
11489,381,2025-03-20,28483.49,Shipped
11490,2535,2025-02-13,25377.15,Pending
11491,748,2026-01-06,20890.76,Completed
11492,2366,2025-04-03,42871.45,Completed
11493,1275,2025-04-11,68661.34,Completed
11494,117,2025-01-16,12999.7,Shipped
11495,1840,2025-08-16,29099.4,Shipped
11496,4234,2026-01-07,65672.45,Shipped
11497,4322,2025-09-03,92265.05,Completed
11498,4186,2025-05-11,5796.51,Shipped
11499,1723,2025-05-20,53394.24,Shipped
11500,4473,2025-03-26,24975.86,Cancelled
11501,1743,2025-08-30,103689.62,Shipped
11502,3887,2026-01-29,20348.0,Pending
11503,2957,2026-01-26,0.0,Completed
11504,2444,2025-01-15,7770.51,Completed
11505,1313,2025-06-01,3942.99,Pending
11506,3755,2025-11-11,66035.37,Completed
11507,2931,2025-10-05,42187.37,Pending
11508,475,2026-03-04,69065.76,Completed
11509,2466,2025-06-14,27591.72,Cancelled
11510,3421,2025-05-22,26718.92,Shipped
11511,2164,2026-02-06,21341.19,Completed
11512,3087,2025-03-09,79706.62,Cancelled
11513,2833,2025-06-25,25897.92,Shipped
11514,3444,2025-02-01,10701.66,Completed
11515,2562,2025-12-05,91176.36,Completed
11516,3350,2025-11-02,0.0,Shipped
11517,1170,2025-12-21,16754.13,Completed
11518,1064,2025-10-26,88767.91,Shipped
11519,3217,2026-03-22,1685.18,Cancelled
11520,733,2025-02-23,0.0,Shipped
11521,2591,2025-04-19,76001.57,Shipped
11522,591,2025-09-07,2356.04,Pending
11523,606,2025-02-17,36703.54,Completed
11524,876,2025-12-29,18482.65,Completed
11525,2250,2025-09-22,121460.26,Cancelled
11526,627,2026-03-07,1877.42,Shipped
11527,1878,2025-01-07,29505.16,Completed
11528,4134,2025-02-22,43285.09,Shipped
11529,1631,2025-02-20,155468.48,Pending
11530,1382,2025-06-07,56649.94,Completed
11531,4388,2025-11-13,15105.32,Shipped
11532,1016,2025-04-27,33395.0,Completed
11533,1380,2025-01-05,10229.82,Shipped
11534,3924,2026-01-27,39423.67,Completed
11535,3028,2025-12-10,35548.48,Shipped
11536,2775,2025-03-29,8795.72,Cancelled
11537,985,2025-06-15,9011.14,Completed
11538,2070,2025-05-16,0.0,Completed
11539,4789,2025-08-05,91323.23,Pending
11540,4677,2025-11-22,57178.94,Completed
11541,4217,2025-11-24,5098.65,Cancelled
11542,464,2025-08-22,46873.01,Pending
11543,276,2025-04-04,3207.62,Pending
11544,2781,2025-06-20,19267.23,Cancelled
11545,3520,2025-10-01,25037.56,Shipped
11546,53,2025-06-18,1809.66,Completed
11547,1964,2025-08-24,84501.96,Completed
11548,796,2025-07-03,37914.16,Completed
11549,2058,2025-06-15,27247.02,Shipped
11550,4584,2026-01-15,7895.72,Shipped
11551,3138,2025-05-21,0.0,Completed
11552,1670,2025-10-03,52399.59,Completed
11553,2327,2025-05-11,15691.02,Cancelled
11554,2208,2025-07-04,59389.07,Shipped
11555,3242,2025-06-14,6415.24,Cancelled
11556,2954,2025-10-14,4507.23,Completed
11557,2268,2025-05-27,86834.47,Completed
11558,1782,2025-04-02,57167.5,Shipped
11559,1587,2025-11-27,88019.29,Completed
11560,1641,2026-03-12,57774.11,Completed
11561,586,2025-06-09,0.0,Pending
11562,1927,2025-09-13,52023.23,Cancelled
11563,3409,2025-12-09,28250.88,Completed
11564,1290,2025-06-17,95806.59,Shipped
11565,4890,2026-01-29,119364.57,Shipped
11566,1491,2025-02-21,56245.36,Completed
11567,3498,2025-11-15,29449.56,Completed
11568,2693,2025-01-16,81608.05,Shipped
11569,1123,2025-02-07,47753.89,Completed
11570,2642,2025-09-25,10406.28,Pending
11571,1799,2025-05-23,29719.0,Completed
11572,2043,2025-07-14,0.0,Completed
11573,4795,2025-08-25,124489.05,Shipped
11574,4395,2025-04-08,10142.7,Cancelled
11575,3015,2025-12-02,47908.24,Completed
11576,1554,2025-01-08,28826.16,Shipped
11577,2726,2025-08-01,53594.48,Cancelled
11578,668,2025-08-11,76180.38,Shipped
11579,1059,2025-05-30,45696.7,Completed
11580,1535,2025-08-05,17514.96,Completed
11581,4218,2025-06-07,48765.48,Completed
11582,4603,2025-10-05,49040.95,Shipped
11583,2414,2025-04-30,0.0,Shipped
11584,2525,2025-01-15,5073.33,Shipped
11585,2549,2025-07-17,63023.09,Cancelled
11586,4926,2025-04-26,0.0,Cancelled
11587,3048,2025-05-10,1207.44,Completed
11588,3144,2025-07-12,22289.25,Shipped
11589,2399,2025-03-18,11797.14,Completed
11590,4599,2025-10-13,37594.31,Completed
11591,3354,2025-11-15,67528.97,Completed
11592,3004,2025-12-03,13522.44,Completed
11593,2026,2025-07-12,52304.97,Shipped
11594,2215,2025-03-14,104558.39,Shipped
11595,4379,2025-09-28,6604.75,Completed
11596,4787,2025-10-03,64400.3,Shipped
11597,3990,2025-05-23,62960.67,Shipped
11598,1973,2025-01-20,46395.63,Shipped
11599,1173,2025-12-04,5555.13,Pending
11600,4120,2025-01-18,10142.7,Pending
11601,3399,2025-03-29,904.21,Completed
11602,1362,2026-03-05,38398.53,Shipped
11603,2931,2025-09-16,17887.28,Shipped
11604,1529,2025-02-01,15031.98,Shipped
11605,90,2025-10-26,0.0,Completed
11606,3804,2025-06-17,57200.83,Completed
11607,1061,2025-01-06,13200.44,Shipped
11608,3751,2025-06-07,9307.6,Cancelled
11609,4849,2026-02-16,60294.46,Shipped
11610,2470,2025-08-26,43174.15,Cancelled
11611,2824,2025-04-06,14944.08,Completed
11612,708,2025-11-13,20563.98,Shipped
11613,2974,2025-10-07,60586.8,Pending
11614,4860,2025-04-08,0.0,Completed
11615,1176,2025-11-15,21167.7,Completed
11616,726,2026-02-15,0.0,Cancelled
11617,1198,2025-07-31,52814.23,Completed
11618,1409,2026-03-16,61943.44,Completed
11619,4476,2025-10-15,63405.39,Pending
11620,4196,2025-10-19,100800.37,Shipped
11621,3399,2026-02-23,5205.62,Shipped
11622,4786,2025-04-28,48120.28,Pending
11623,714,2026-01-27,62647.05,Cancelled
11624,3321,2026-02-09,25468.8,Cancelled
11625,2781,2025-08-10,53884.41,Shipped
11626,4478,2025-11-17,13924.24,Shipped
11627,1445,2025-08-05,39894.75,Completed
11628,143,2026-03-10,29226.12,Completed
11629,1815,2025-04-16,80814.69,Shipped
11630,3350,2025-05-05,13632.52,Pending
11631,4638,2025-09-22,23295.36,Completed
11632,1796,2025-02-14,1207.44,Completed
11633,3026,2025-07-28,42016.35,Shipped
11634,1909,2025-05-31,90198.13,Shipped
11635,3319,2025-12-15,32635.93,Pending
11636,2295,2025-11-18,52785.48,Cancelled
11637,4567,2025-07-09,67811.74,Shipped
11638,4931,2025-07-29,51815.5,Pending
11639,2539,2025-12-06,23401.21,Completed
11640,1158,2025-06-28,28932.9,Shipped
11641,4122,2025-01-16,47786.96,Cancelled
11642,314,2025-12-13,0.0,Shipped
11643,4932,2025-09-07,8846.9,Pending
11644,3147,2025-02-20,88654.45,Pending
11645,803,2025-09-26,13358.43,Completed
11646,3648,2026-03-27,37457.11,Cancelled
11647,696,2025-11-05,6914.47,Shipped
11648,1682,2025-04-09,50094.99,Pending
11649,956,2025-03-30,57722.41,Pending
11650,2515,2025-11-17,108956.48,Completed
11651,3874,2025-02-28,6773.49,Shipped
11652,91,2025-01-17,30210.56,Pending
11653,2385,2026-01-19,13091.5,Cancelled
11654,258,2025-06-07,50426.99,Shipped
11655,3501,2026-01-13,37299.3,Completed
11656,3298,2026-01-04,0.0,Shipped
11657,1346,2025-05-02,93236.91,Completed
11658,50,2025-05-01,7355.48,Shipped
11659,3735,2025-09-11,47335.87,Pending
11660,860,2025-09-28,49296.09,Pending
11661,1197,2025-09-09,0.0,Completed
11662,3913,2025-12-14,118393.72,Pending
11663,4450,2025-11-17,27314.07,Completed
11664,4368,2025-11-30,55939.48,Pending
11665,3444,2025-08-21,110430.79,Shipped
11666,2442,2025-05-31,64373.33,Shipped
11667,1090,2025-10-08,11984.86,Completed
11668,3621,2025-05-08,20986.32,Completed
11669,769,2025-03-26,20897.73,Cancelled
11670,1626,2025-04-20,24203.9,Completed
11671,2722,2025-11-25,27031.94,Shipped
11672,4969,2025-08-01,65038.36,Completed
11673,4818,2025-08-05,30451.2,Completed
11674,279,2025-05-01,4549.44,Pending
11675,187,2025-01-17,48695.5,Completed
11676,2277,2025-11-08,23442.27,Completed
11677,1698,2025-03-06,32727.04,Cancelled
11678,4150,2026-02-26,9634.49,Completed
11679,3202,2026-03-09,19899.49,Cancelled
11680,4191,2025-02-04,6636.58,Shipped
11681,1701,2025-11-11,67793.54,Cancelled
11682,3694,2026-03-25,78343.11,Completed
11683,2132,2025-04-23,0.0,Completed
11684,4249,2025-06-24,21599.33,Pending
11685,3747,2025-03-11,83195.2,Shipped
11686,1589,2025-07-25,23239.56,Completed
11687,981,2025-07-08,28119.33,Completed
11688,2946,2025-03-15,50413.85,Shipped
11689,2019,2025-12-20,20467.86,Completed
11690,559,2025-08-15,0.0,Shipped
11691,4917,2025-11-12,62139.93,Pending
11692,1891,2025-12-20,3073.56,Pending
11693,1582,2025-11-12,29764.02,Completed
11694,3339,2025-06-25,5000.16,Shipped
11695,4185,2025-04-17,89202.76,Completed
11696,3674,2025-12-04,0.0,Completed
11697,3163,2025-05-16,31151.74,Completed
11698,4165,2025-06-24,42976.68,Cancelled
11699,306,2025-09-14,30449.33,Pending
11700,3675,2025-04-22,69424.12,Pending
11701,3304,2026-01-27,32450.55,Completed
11702,4667,2025-09-09,55192.89,Shipped
11703,3530,2026-02-08,119843.29,Completed
11704,1598,2025-05-30,44404.6,Shipped
11705,4569,2026-03-05,42590.35,Shipped
11706,683,2025-12-03,24557.87,Shipped
11707,2475,2025-06-11,7702.5,Pending
11708,4661,2026-01-13,88195.75,Completed
11709,4113,2025-09-29,12975.62,Shipped
11710,4914,2025-05-06,8291.75,Shipped
11711,821,2025-03-07,141919.54,Pending
11712,4911,2025-07-19,33301.38,Cancelled
11713,2441,2026-02-25,16861.07,Shipped
11714,106,2025-05-14,0.0,Completed
11715,1837,2026-03-06,62828.44,Shipped
11716,1718,2025-09-28,7313.79,Shipped
11717,2339,2025-04-11,0.0,Completed
11718,3554,2026-03-21,47677.4,Shipped
11719,1634,2025-11-28,6490.64,Pending
11720,266,2026-01-16,57033.7,Cancelled
11721,3120,2026-03-27,9473.75,Completed
11722,222,2025-03-07,38058.6,Cancelled
11723,2332,2026-02-07,11752.65,Completed
11724,3888,2025-07-03,50717.66,Cancelled
11725,1332,2025-09-01,9625.42,Completed
11726,883,2025-03-23,55927.64,Pending
11727,1531,2025-08-09,13264.17,Completed
11728,1965,2025-07-02,9463.46,Completed
11729,3197,2025-12-12,0.0,Completed
11730,1060,2025-04-03,21812.97,Shipped
11731,2840,2025-05-17,80635.12,Completed
11732,4498,2025-11-06,18965.6,Shipped
11733,893,2026-01-12,0.0,Completed
11734,17,2025-03-09,25993.5,Completed
11735,394,2025-04-12,9494.67,Shipped
11736,2127,2025-11-10,79880.27,Shipped
11737,983,2025-05-24,16838.18,Completed
11738,4484,2025-08-01,103258.88,Completed
11739,336,2025-03-03,5579.6,Cancelled
11740,2956,2025-09-07,76744.39,Cancelled
11741,4280,2025-05-16,0.0,Completed
11742,115,2025-05-10,55856.91,Shipped
11743,242,2025-04-25,18826.44,Completed
11744,2524,2025-05-22,40591.18,Pending
11745,3552,2025-01-13,19655.6,Shipped
11746,3602,2025-11-07,12080.41,Shipped
11747,3582,2025-12-01,28977.24,Shipped
11748,451,2026-03-12,52593.15,Completed
11749,3609,2025-11-12,5030.87,Completed
11750,176,2025-01-20,49885.62,Completed
11751,3847,2025-10-19,52300.69,Completed
11752,1828,2025-12-06,23386.64,Pending
11753,1111,2025-08-16,0.0,Completed
11754,1112,2025-07-17,33950.08,Shipped
11755,1949,2025-04-29,22257.84,Completed
11756,3089,2025-04-14,32508.0,Pending
11757,4144,2025-09-27,51194.93,Completed
11758,2928,2025-12-17,22930.74,Pending
11759,3334,2025-10-13,19077.46,Completed
11760,4200,2025-05-24,39307.03,Shipped
11761,702,2025-11-18,55035.34,Completed
11762,3982,2025-05-30,171898.2,Cancelled
11763,4283,2025-02-06,137981.27,Completed
11764,572,2025-07-15,34230.4,Completed
11765,4047,2026-02-14,29736.4,Cancelled
11766,1543,2025-08-25,25637.73,Completed
11767,3271,2025-05-09,34219.39,Completed
11768,120,2025-03-21,71509.76,Shipped
11769,1779,2025-07-06,6259.39,Shipped
11770,494,2025-08-16,77410.46,Completed
11771,2403,2025-04-17,62663.91,Shipped
11772,1024,2025-08-17,20698.72,Shipped
11773,4745,2025-09-29,0.0,Completed
11774,107,2025-04-15,0.0,Shipped
11775,3499,2025-11-07,5667.75,Shipped
11776,3922,2026-03-11,0.0,Pending
11777,2559,2025-09-24,20260.02,Completed
11778,1519,2025-12-11,0.0,Completed
11779,4588,2025-11-16,9720.42,Pending
11780,1781,2025-07-14,23353.28,Completed
11781,1169,2025-02-07,52825.36,Cancelled
11782,523,2025-09-09,38099.88,Pending
11783,463,2025-01-21,38059.2,Pending
11784,2299,2025-07-03,26489.52,Shipped
11785,4423,2026-03-07,24821.74,Cancelled
11786,698,2025-05-18,102150.42,Completed
11787,3330,2025-11-24,10212.23,Completed
11788,4685,2025-01-05,14844.1,Shipped
11789,4210,2025-08-08,2925.14,Cancelled
11790,1761,2025-04-25,54506.01,Completed
11791,4681,2025-03-13,30548.6,Shipped
11792,2278,2025-05-20,41946.24,Completed
11793,3076,2025-10-22,39495.0,Completed
11794,1711,2025-03-05,0.0,Completed
11795,68,2025-09-23,60057.35,Shipped
11796,747,2025-06-09,18891.73,Pending
11797,3196,2025-12-07,56823.05,Completed
11798,3895,2025-11-08,17787.4,Completed
11799,2188,2025-08-02,46073.72,Shipped
11800,3537,2025-03-11,20795.19,Completed
11801,3396,2025-09-26,0.0,Completed
11802,1929,2025-07-23,82615.28,Pending
11803,1149,2025-06-29,44392.55,Shipped
11804,467,2026-03-10,98831.92,Pending
11805,458,2025-01-14,23767.85,Completed
11806,4695,2025-01-04,64521.27,Shipped
11807,3692,2025-04-28,20931.15,Completed
11808,4327,2025-06-19,42023.75,Shipped
11809,1698,2025-10-10,200.71,Shipped
11810,4057,2025-02-14,63538.54,Cancelled
11811,3509,2025-08-19,34662.54,Completed
11812,883,2025-09-17,39825.4,Shipped
11813,3448,2026-01-26,0.0,Shipped
11814,17,2025-02-07,30642.0,Completed
11815,1876,2026-01-06,16816.53,Completed
11816,519,2025-07-14,18749.16,Pending
11817,1168,2026-03-24,41776.24,Shipped
11818,4779,2025-09-30,1686.89,Shipped
11819,3398,2025-11-19,13417.05,Completed
11820,1514,2025-07-02,11475.06,Pending
11821,8,2025-07-12,0.0,Completed
11822,3775,2026-01-23,15628.13,Shipped
11823,821,2025-11-12,45017.22,Shipped
11824,3953,2026-02-12,55458.59,Shipped
11825,3889,2026-01-15,968.15,Cancelled
11826,4787,2025-07-18,25553.0,Completed
11827,636,2025-08-21,1759.04,Cancelled
11828,3519,2025-05-29,0.0,Completed
11829,3749,2025-08-17,33553.86,Pending
11830,2209,2025-05-19,8407.44,Completed
11831,1227,2026-01-23,5124.4,Completed
11832,588,2026-02-02,60425.75,Completed
11833,1567,2025-05-03,28826.29,Completed
11834,1440,2025-10-05,40027.69,Shipped
11835,1452,2025-12-15,14725.98,Shipped
11836,3466,2025-06-16,55519.35,Completed
11837,2396,2025-06-12,27090.37,Completed
11838,3158,2026-01-11,34331.96,Completed
11839,3665,2025-09-02,49187.95,Cancelled
11840,231,2025-03-15,29157.47,Completed
11841,1029,2025-08-09,12121.92,Cancelled
11842,4427,2025-01-20,19482.54,Completed
11843,2570,2025-03-08,21142.28,Cancelled
11844,4816,2025-12-27,19112.9,Shipped
11845,4244,2025-02-28,57476.43,Completed
11846,4314,2025-10-15,130250.06,Cancelled
11847,3988,2025-09-13,5478.61,Completed
11848,4844,2025-12-02,56549.16,Completed
11849,3789,2025-09-26,0.0,Cancelled
11850,430,2025-04-07,59560.38,Cancelled
11851,4865,2025-10-10,41722.86,Completed
11852,900,2025-06-18,27682.57,Pending
11853,2868,2025-03-13,84186.38,Shipped
11854,1176,2026-01-27,37025.33,Completed
11855,4479,2025-11-19,0.0,Completed
11856,41,2025-03-12,114136.22,Shipped
11857,3960,2025-08-31,68837.93,Shipped
11858,831,2025-12-17,22485.7,Completed
11859,4277,2025-04-18,78974.38,Completed
11860,974,2025-03-08,0.0,Completed
11861,3237,2025-08-04,48146.75,Pending
11862,3755,2026-01-15,40376.94,Shipped
11863,3558,2025-01-08,30282.7,Shipped
11864,3940,2025-06-27,49573.43,Shipped
11865,1698,2026-01-25,70498.17,Shipped
11866,3743,2025-09-09,85225.09,Completed
11867,167,2025-12-26,42486.44,Shipped
11868,3305,2025-11-06,50987.73,Cancelled
11869,4956,2025-07-31,6514.08,Completed
11870,623,2025-03-28,39806.44,Cancelled
11871,154,2025-10-04,3824.54,Completed
11872,826,2026-02-19,0.0,Shipped
11873,594,2025-09-13,67539.19,Pending
11874,1660,2025-05-13,63352.03,Completed
11875,3282,2025-04-29,36907.35,Pending
11876,2039,2025-05-16,37731.05,Completed
11877,180,2025-08-26,0.0,Completed
11878,415,2025-09-02,10262.01,Cancelled
11879,4055,2025-01-28,0.0,Cancelled
11880,4923,2025-08-03,8291.88,Completed
11881,3708,2025-02-17,0.0,Completed
11882,1473,2026-03-11,32454.66,Completed
11883,4469,2025-03-23,14196.84,Pending
11884,2372,2025-12-10,27127.13,Shipped
11885,3296,2025-10-25,34500.85,Completed
11886,2770,2025-05-13,11157.69,Completed
11887,3756,2026-02-01,10790.1,Shipped
11888,630,2026-03-05,6387.23,Shipped
11889,369,2026-01-13,53252.7,Completed
11890,774,2025-09-15,43525.22,Shipped
11891,4070,2025-11-11,3754.84,Pending
11892,2529,2025-09-18,81085.36,Shipped
11893,4675,2026-01-12,6417.15,Cancelled
11894,4081,2026-01-13,0.0,Completed
11895,1765,2025-06-26,24540.27,Shipped
11896,2953,2025-01-17,38952.14,Cancelled
11897,4415,2025-07-20,38662.2,Completed
11898,1531,2025-04-25,0.0,Pending
11899,133,2025-04-08,59917.82,Pending
11900,3517,2025-07-15,26541.09,Cancelled
11901,4805,2025-12-31,12784.68,Completed
11902,1633,2025-10-29,73366.78,Completed
11903,270,2025-07-06,54608.43,Shipped
11904,1946,2025-09-03,128237.46,Completed
11905,1344,2025-07-29,24271.1,Pending
11906,3238,2025-01-22,32343.0,Completed
11907,1159,2026-01-27,48866.69,Completed
11908,1891,2025-04-29,61198.54,Completed
11909,4533,2025-10-08,14892.37,Shipped
11910,2025,2025-07-23,48814.12,Completed
11911,3249,2025-05-15,33540.01,Completed
11912,4022,2025-02-05,61502.63,Completed
11913,1694,2025-08-13,18535.2,Cancelled
11914,4593,2025-06-02,33556.38,Completed
11915,1442,2025-05-13,37433.0,Pending
11916,295,2025-11-12,11800.65,Completed
11917,2200,2025-12-14,74149.74,Cancelled
11918,4773,2025-11-05,49018.95,Completed
11919,169,2025-05-23,0.0,Completed
11920,2718,2025-02-19,7899.0,Completed
11921,1509,2025-06-02,35191.8,Completed
11922,2606,2025-02-22,21788.35,Completed
11923,1155,2025-07-16,29596.32,Cancelled
11924,4037,2026-03-21,35368.52,Completed
11925,1785,2025-03-30,50498.36,Completed
11926,4370,2025-01-02,12232.58,Shipped
11927,2863,2025-01-16,6729.38,Shipped
11928,3625,2025-11-13,38019.96,Cancelled
11929,3782,2025-06-01,59552.92,Completed
11930,3833,2025-03-05,29784.06,Pending
11931,3102,2025-02-03,0.0,Completed
11932,4540,2025-10-09,38035.73,Completed
11933,1155,2025-02-15,54210.52,Completed
11934,1620,2025-10-10,0.0,Completed
11935,4479,2025-09-28,26315.76,Shipped
11936,2838,2025-02-25,14236.24,Shipped
11937,3664,2025-05-08,72307.58,Completed
11938,1275,2025-05-07,23639.91,Shipped
11939,2160,2026-01-07,34437.45,Completed
11940,1641,2025-07-27,6473.92,Shipped
11941,4476,2025-06-12,122582.46,Completed
11942,1636,2026-03-19,0.0,Shipped
11943,1776,2026-03-04,12517.56,Completed
11944,1170,2025-06-18,15467.48,Shipped
11945,3343,2025-12-30,7978.95,Shipped
11946,1475,2025-08-13,19556.86,Cancelled
11947,1878,2025-12-04,9864.71,Pending
11948,1496,2025-10-22,17485.71,Pending
11949,3983,2026-03-21,0.0,Completed
11950,330,2025-12-25,37527.97,Shipped
11951,1903,2025-10-17,73342.96,Completed
11952,4904,2025-07-20,106726.94,Completed
11953,4103,2025-08-07,17237.4,Shipped
11954,3599,2025-11-19,15207.6,Shipped
11955,4155,2025-06-21,0.0,Completed
11956,3291,2025-04-23,70667.39,Shipped
11957,1759,2025-03-09,70784.08,Completed
11958,3478,2026-02-14,85772.62,Shipped
11959,147,2025-03-21,23169.14,Completed
11960,1113,2025-10-08,23652.72,Completed
11961,2713,2025-03-10,13363.59,Cancelled
11962,1631,2025-05-08,10980.57,Completed
11963,442,2025-10-14,42498.89,Cancelled
11964,3880,2026-02-13,2631.72,Completed
11965,4950,2025-09-18,30093.27,Pending
11966,1847,2025-03-16,0.0,Shipped
11967,2990,2025-07-05,21256.48,Cancelled
11968,1686,2026-03-21,27331.75,Pending
11969,4250,2025-04-26,33935.82,Shipped
11970,2273,2025-11-12,0.0,Completed
11971,2075,2025-06-25,0.0,Completed
11972,3070,2025-06-18,56187.1,Completed
11973,2827,2025-12-31,52719.72,Pending
11974,972,2025-01-25,63470.09,Completed
11975,1987,2026-03-03,52305.0,Completed
11976,1969,2025-06-24,41005.98,Completed
11977,54,2025-09-30,72231.0,Pending
11978,2905,2025-01-07,44536.26,Cancelled
11979,1670,2025-08-07,32660.96,Pending
11980,1770,2025-02-21,10320.9,Shipped
11981,2135,2026-03-10,48928.7,Completed
11982,3061,2026-02-19,73788.68,Cancelled
11983,2948,2025-01-03,57841.26,Cancelled
11984,4323,2025-04-17,54213.27,Completed
11985,1357,2025-02-28,117792.23,Completed
11986,3624,2025-07-24,12682.92,Shipped
11987,3028,2025-06-19,1942.71,Cancelled
11988,3553,2025-08-08,36596.16,Shipped
11989,1380,2025-05-02,57537.11,Shipped
11990,1439,2025-10-28,6816.26,Shipped
11991,4179,2025-08-26,60892.49,Completed
11992,2146,2026-02-18,38702.99,Completed
11993,2134,2025-06-14,44969.56,Cancelled
11994,2048,2025-03-26,17670.2,Cancelled
11995,2324,2025-06-24,68320.0,Cancelled
11996,1337,2025-04-14,9929.03,Shipped
11997,4459,2025-12-16,83816.11,Completed
11998,2882,2025-08-15,14559.55,Completed
11999,2643,2025-02-20,23007.6,Shipped
12000,709,2025-09-06,42676.07,Completed
12001,3216,2026-01-28,19867.77,Pending
12002,449,2025-01-30,35668.93,Completed
12003,1973,2025-09-01,31578.84,Shipped
12004,1396,2025-10-07,0.0,Completed
12005,1653,2026-01-18,39636.63,Completed
12006,2402,2025-02-25,58066.74,Completed
12007,645,2025-12-16,12549.86,Shipped
12008,3856,2025-01-15,38411.94,Completed
12009,301,2025-02-08,13270.35,Shipped
12010,4409,2026-02-07,36822.54,Cancelled
12011,3891,2025-01-04,66428.91,Pending
12012,382,2025-06-11,30273.66,Completed
12013,1185,2025-03-16,26528.64,Shipped
12014,3370,2025-05-11,43563.91,Shipped
12015,431,2025-10-03,69021.16,Shipped
12016,1494,2025-03-31,31239.44,Completed
12017,4252,2025-11-22,19164.75,Completed
12018,2473,2025-06-03,45097.92,Completed
12019,4632,2026-02-28,24540.27,Shipped
12020,431,2025-10-14,20619.6,Completed
12021,1090,2026-01-07,32116.98,Completed
12022,1967,2025-04-05,49432.24,Shipped
12023,3340,2025-06-16,44546.77,Cancelled
12024,1412,2025-11-02,17746.4,Shipped
12025,2053,2025-07-23,11069.75,Shipped
12026,1297,2026-01-12,0.0,Completed
12027,2038,2025-06-09,88307.01,Shipped
12028,1045,2025-01-08,20276.25,Pending
12029,2260,2025-08-27,4297.32,Pending
12030,157,2025-08-03,66108.94,Completed
12031,2406,2025-12-07,160408.45,Shipped
12032,4541,2025-01-11,6942.27,Shipped
12033,3986,2025-08-24,2904.06,Completed
12034,4040,2025-05-16,53823.62,Shipped
12035,1757,2025-02-14,29211.81,Pending
12036,3195,2026-01-16,4637.39,Completed
12037,3997,2025-08-14,16069.72,Shipped
12038,1031,2025-12-20,43663.04,Completed
12039,1363,2025-09-26,17851.27,Cancelled
12040,2112,2025-03-21,76524.76,Cancelled
12041,2756,2025-09-09,14140.14,Pending
12042,734,2025-06-18,76404.04,Completed
12043,406,2026-03-26,60229.16,Shipped
12044,2793,2025-10-21,19690.36,Completed
12045,4537,2026-01-25,36202.91,Pending
12046,1776,2025-12-23,81517.75,Completed
12047,4208,2025-10-08,17696.77,Cancelled
12048,2982,2025-06-02,27962.53,Completed
12049,3164,2025-06-12,90615.62,Cancelled
12050,4290,2025-12-27,60539.83,Completed
12051,3365,2025-03-22,20448.78,Completed
12052,416,2025-11-22,29370.68,Cancelled
12053,4192,2025-10-12,6541.52,Cancelled
12054,1190,2025-11-02,5458.71,Shipped
12055,296,2025-10-13,10059.66,Completed
12056,2380,2025-11-19,66368.49,Completed
12057,182,2026-03-23,29306.05,Pending
12058,1602,2025-12-26,50424.48,Shipped
12059,585,2025-01-22,43080.7,Completed
12060,1855,2025-11-28,45055.7,Cancelled
12061,4742,2025-05-31,0.0,Cancelled
12062,2951,2025-04-06,32025.32,Shipped
12063,4850,2025-02-17,32577.16,Completed
12064,3498,2025-09-24,47831.04,Cancelled
12065,3503,2025-01-19,47090.42,Shipped
12066,2335,2025-05-08,63305.99,Pending
12067,1783,2026-02-19,0.0,Completed
12068,3872,2025-03-13,75119.68,Pending
12069,202,2026-02-02,31564.08,Cancelled
12070,2418,2025-12-12,10321.55,Shipped
12071,2219,2025-07-16,81186.24,Completed
12072,4326,2025-08-20,9358.82,Completed
12073,2763,2025-06-23,18647.96,Shipped
12074,2507,2025-10-13,0.0,Completed
12075,3551,2025-09-12,6163.5,Cancelled
12076,4059,2025-12-26,40421.05,Completed
12077,4606,2025-11-30,47512.47,Completed
12078,2704,2025-07-27,3468.76,Completed
12079,331,2025-07-04,2158.61,Pending
12080,3683,2025-08-18,0.0,Shipped
12081,344,2025-11-21,17742.39,Cancelled
12082,2806,2026-03-16,25218.6,Shipped
12083,2877,2025-10-13,31507.4,Pending
12084,3031,2025-11-19,0.0,Completed
12085,1747,2025-07-22,14713.94,Completed
12086,1135,2026-01-28,0.0,Shipped
12087,1370,2026-01-04,31270.52,Pending
12088,3067,2025-04-06,16184.8,Shipped
12089,3379,2025-11-21,0.0,Completed
12090,474,2026-02-03,24723.0,Pending
12091,982,2025-02-05,17017.98,Cancelled
12092,465,2026-01-03,19217.76,Completed
12093,4859,2025-01-01,72776.21,Completed
12094,39,2025-09-07,85711.69,Shipped
12095,4812,2025-12-21,24886.84,Shipped
12096,3215,2026-03-07,99611.67,Completed
12097,3557,2025-05-24,48851.75,Shipped
12098,2285,2025-11-20,0.0,Completed
12099,2044,2025-11-20,45881.05,Completed
12100,4814,2025-05-06,20854.84,Completed
12101,3834,2025-06-21,28744.35,Shipped
12102,4224,2026-01-17,35948.03,Completed
12103,197,2025-11-29,0.0,Shipped
12104,4121,2025-03-30,48123.75,Cancelled
12105,4467,2025-10-30,55622.44,Completed
12106,3384,2025-05-02,87852.65,Cancelled
12107,1009,2025-09-19,46018.72,Shipped
12108,72,2025-08-08,58506.3,Completed
12109,1499,2025-11-05,30089.41,Cancelled
12110,922,2025-10-12,103694.81,Cancelled
12111,3357,2026-03-21,29038.01,Shipped
12112,3363,2025-08-03,8570.4,Completed
12113,2326,2026-03-24,72502.49,Completed
12114,850,2025-09-10,35336.68,Shipped
12115,4600,2026-03-24,102207.92,Completed
12116,2651,2025-04-07,2394.78,Pending
12117,489,2025-04-22,81124.24,Completed
12118,1841,2025-11-05,48425.31,Cancelled
12119,4489,2025-02-20,19998.73,Shipped
12120,3706,2025-08-09,62707.73,Completed
12121,88,2025-10-03,7400.2,Shipped
12122,3907,2025-05-28,21542.34,Completed
12123,3868,2025-02-20,7429.75,Shipped
12124,2229,2025-01-31,22864.35,Shipped
12125,3284,2026-02-16,38317.69,Completed
12126,2192,2025-07-21,0.0,Pending
12127,181,2025-12-04,36633.21,Pending
12128,3294,2025-01-22,3896.98,Completed
12129,1490,2025-04-27,21476.05,Shipped
12130,1832,2025-10-28,77325.45,Completed
12131,4296,2026-02-23,38510.86,Completed
12132,1358,2026-01-07,37104.0,Completed
12133,1338,2025-04-05,0.0,Completed
12134,3806,2025-08-15,17036.94,Shipped
12135,4247,2026-01-13,19254.84,Completed
12136,2245,2025-04-13,23730.98,Shipped
12137,4151,2025-01-15,189547.52,Shipped
12138,4535,2025-03-10,39410.43,Completed
12139,4187,2025-08-30,60914.66,Completed
12140,1741,2025-03-06,0.0,Completed
12141,2146,2025-04-13,0.0,Completed
12142,389,2025-09-29,22291.28,Shipped
12143,581,2026-01-24,11445.66,Completed
12144,196,2025-04-22,41173.32,Completed
12145,3353,2026-03-13,63674.81,Completed
12146,3437,2025-08-29,27784.8,Pending
12147,2880,2025-10-12,47068.53,Cancelled
12148,4538,2025-10-06,45056.94,Shipped
12149,3163,2025-12-31,0.0,Shipped
12150,1720,2026-03-18,12304.78,Shipped
12151,3016,2025-10-13,50814.6,Cancelled
12152,758,2025-10-12,19900.74,Pending
12153,3641,2026-02-16,17592.63,Pending
12154,3548,2025-05-29,23100.15,Pending
12155,3526,2025-10-29,94752.34,Cancelled
12156,4968,2026-03-16,71533.08,Completed
12157,4688,2025-01-07,2028.54,Completed
12158,4926,2026-02-08,6252.82,Cancelled
12159,4257,2025-02-09,0.0,Completed
12160,3257,2025-02-09,60433.0,Pending
12161,3479,2025-08-14,24371.76,Shipped
12162,3283,2025-07-11,40502.08,Cancelled
12163,3056,2025-09-29,0.0,Pending
12164,1252,2025-03-29,6083.04,Completed
12165,425,2025-05-01,83380.01,Completed
12166,127,2025-01-01,0.0,Shipped
12167,3846,2025-05-31,57691.76,Cancelled
12168,4489,2025-12-22,177395.09,Shipped
12169,309,2026-03-13,44867.98,Shipped
12170,3683,2025-04-13,7205.8,Completed
12171,2251,2025-08-14,83154.79,Completed
12172,2731,2025-03-26,47031.62,Shipped
12173,1679,2025-04-07,12079.18,Completed
12174,4536,2026-01-25,0.0,Shipped
12175,2596,2025-11-26,44255.98,Shipped
12176,556,2026-03-22,2942.56,Pending
12177,4190,2026-03-10,27814.25,Cancelled
12178,438,2025-12-09,22914.57,Shipped
12179,897,2025-11-04,88170.65,Pending
12180,2958,2025-12-31,0.0,Shipped
12181,1713,2026-03-17,35277.38,Cancelled
12182,873,2026-02-22,56267.15,Completed
12183,4250,2025-12-12,6876.28,Shipped
12184,2076,2025-04-28,0.0,Cancelled
12185,3426,2025-04-08,4543.99,Shipped
12186,4591,2026-02-04,23302.85,Cancelled
12187,3780,2025-12-21,16912.94,Shipped
12188,1510,2025-03-20,62519.82,Cancelled
12189,3295,2026-02-12,82452.44,Completed
12190,2539,2025-12-21,0.0,Completed
12191,328,2025-05-14,99815.76,Shipped
12192,4124,2025-02-27,44107.14,Cancelled
12193,929,2025-07-09,21403.32,Completed
12194,3895,2026-01-21,18160.02,Completed
12195,3142,2025-07-27,111577.77,Cancelled
12196,3996,2025-11-20,17671.0,Pending
12197,4148,2025-10-28,33477.26,Completed
12198,1500,2026-01-03,8286.1,Shipped
12199,1593,2025-11-19,21649.68,Completed
12200,3836,2025-07-22,77442.92,Shipped
12201,523,2025-01-26,28001.37,Completed
12202,2344,2025-10-11,13212.98,Shipped
12203,3369,2025-12-19,0.0,Shipped
12204,486,2025-09-30,23274.89,Shipped
12205,1653,2025-10-19,1019.04,Pending
12206,4837,2025-04-17,87062.27,Completed
12207,2813,2025-06-22,47734.83,Shipped
12208,3504,2025-09-16,35747.64,Completed
12209,1857,2025-03-12,6781.48,Shipped
12210,2924,2025-03-19,28662.16,Cancelled
12211,3476,2025-09-01,29163.24,Completed
12212,1446,2025-06-10,57331.25,Shipped
12213,4630,2026-01-03,31593.6,Completed
12214,1421,2025-06-01,3992.78,Completed
12215,2784,2025-05-13,0.0,Completed
12216,2241,2025-08-31,84431.14,Shipped
12217,786,2025-01-21,75005.05,Shipped
12218,1730,2026-03-08,7892.35,Completed
12219,257,2025-07-18,0.0,Cancelled
12220,473,2025-06-04,6829.61,Pending
12221,640,2025-04-05,38719.98,Completed
12222,2845,2025-03-15,31403.07,Completed
12223,3368,2025-06-23,22243.8,Completed
12224,2866,2025-01-31,0.0,Completed
12225,2158,2026-03-21,16177.08,Shipped
12226,1888,2026-01-13,101844.68,Completed
12227,249,2026-02-02,8638.99,Completed
12228,969,2025-04-15,56121.0,Shipped
12229,4456,2025-01-25,41334.6,Completed
12230,1556,2025-05-01,72578.95,Completed
12231,2251,2026-01-04,38129.77,Completed
12232,1273,2025-05-04,46749.8,Pending
12233,2289,2025-08-18,76147.38,Shipped
12234,4111,2025-03-21,8405.59,Completed
12235,118,2025-12-01,3433.46,Completed
12236,4324,2025-05-26,38576.9,Shipped
12237,4977,2025-08-23,802.84,Cancelled
12238,2297,2025-07-16,68927.47,Shipped
12239,4689,2025-02-22,6068.19,Completed
12240,4608,2025-06-11,65537.71,Cancelled
12241,1517,2025-11-14,88774.05,Shipped
12242,2363,2025-11-27,7705.83,Shipped
12243,361,2026-02-03,10370.82,Shipped
12244,3222,2026-03-14,17017.98,Shipped
12245,1572,2025-08-15,50716.33,Pending
12246,739,2026-02-07,101936.5,Completed
12247,3048,2025-06-11,32522.16,Completed
12248,3059,2025-08-15,27738.33,Completed
12249,3091,2025-02-28,9007.25,Shipped
12250,4197,2026-01-08,23868.14,Completed
12251,4355,2025-05-02,20349.28,Completed
12252,4479,2025-01-08,64749.73,Pending
12253,2113,2025-12-27,10743.42,Completed
12254,4846,2025-09-13,13260.29,Completed
12255,480,2025-03-31,107522.73,Shipped
12256,2047,2025-12-11,0.0,Completed
12257,4814,2025-08-26,0.0,Shipped
12258,3115,2025-11-28,72894.02,Completed
12259,2887,2025-09-18,6884.05,Completed
12260,4587,2025-08-10,37739.06,Shipped
12261,1754,2025-07-15,55623.67,Completed
12262,1051,2025-03-18,83169.2,Pending
12263,2295,2026-02-16,26099.83,Completed
12264,1194,2025-05-18,71330.56,Shipped
12265,60,2026-01-28,47517.96,Shipped
12266,3971,2025-05-08,30759.08,Cancelled
12267,501,2025-05-24,46825.09,Shipped
12268,1607,2025-01-29,2267.1,Pending
12269,3792,2025-06-04,18348.87,Completed
12270,1469,2025-01-21,17526.97,Completed
12271,4104,2025-12-05,69170.65,Shipped
12272,4653,2025-09-26,13828.94,Pending
12273,4393,2025-08-26,19217.76,Shipped
12274,467,2025-03-01,10733.64,Cancelled
12275,4814,2025-04-22,38653.46,Completed
12276,1820,2025-11-09,29420.6,Completed
12277,3891,2025-03-11,22338.84,Completed
12278,684,2026-02-07,8363.06,Pending
12279,3566,2025-04-26,41575.46,Pending
12280,1016,2025-09-14,17236.89,Completed
12281,2270,2025-06-19,64412.88,Completed
12282,954,2025-07-31,62912.35,Shipped
12283,3147,2025-03-15,61866.98,Shipped
12284,1728,2025-08-27,114714.69,Completed
12285,3488,2025-08-15,25808.8,Completed
12286,2792,2025-01-03,0.0,Pending
12287,514,2026-03-23,56907.85,Shipped
12288,1981,2025-09-25,41185.34,Completed
12289,2486,2026-03-21,44919.88,Shipped
12290,3584,2025-01-29,88446.33,Cancelled
12291,4035,2025-08-08,28185.92,Completed
12292,3399,2025-10-01,48321.43,Completed
12293,680,2026-03-15,22521.87,Shipped
12294,2834,2025-05-18,62016.19,Completed
12295,266,2025-12-01,1066.87,Cancelled
12296,407,2025-07-26,80045.08,Completed
12297,776,2025-04-27,58062.61,Completed
12298,3474,2025-11-12,14257.01,Completed
12299,1807,2025-06-11,18615.91,Shipped
12300,782,2025-01-12,1658.35,Pending
12301,1635,2025-12-28,7795.09,Completed
12302,1617,2025-05-28,27753.59,Shipped
12303,387,2025-01-08,69304.95,Pending
12304,2496,2025-02-26,72171.2,Shipped
12305,1953,2025-10-17,46417.32,Completed
12306,3984,2026-01-31,52302.6,Completed
12307,2502,2025-05-20,37676.09,Shipped
12308,3946,2025-07-28,70275.05,Completed
12309,350,2025-10-13,12991.12,Shipped
12310,1992,2025-05-11,112126.6,Completed
12311,379,2025-06-10,6116.26,Completed
12312,3630,2025-10-05,24316.45,Cancelled
12313,796,2025-07-20,34671.52,Completed
12314,4526,2026-01-28,836.26,Pending
12315,4755,2025-03-02,47380.76,Completed
12316,795,2025-06-10,30063.96,Cancelled
12317,2212,2025-11-29,0.0,Cancelled
12318,151,2025-07-28,101328.07,Completed
12319,458,2025-04-17,41843.96,Pending
12320,42,2025-03-29,0.0,Completed
12321,268,2025-05-29,16704.82,Completed
12322,2832,2025-05-04,65343.91,Cancelled
12323,56,2025-02-25,44214.4,Completed
12324,3724,2025-10-19,20783.57,Cancelled
12325,2013,2026-01-28,0.0,Completed
12326,1839,2025-04-23,74048.05,Completed
12327,3954,2025-11-05,109855.42,Pending
12328,4097,2026-01-29,26889.25,Completed
12329,4201,2026-02-06,0.0,Shipped
12330,4531,2025-05-06,28570.29,Cancelled
12331,3667,2025-06-20,33829.79,Shipped
12332,3946,2025-03-24,49399.02,Completed
12333,2172,2025-12-26,41132.0,Pending
12334,3324,2025-01-15,60331.25,Pending
12335,4799,2025-10-03,22864.35,Shipped
12336,3291,2025-11-08,14092.96,Pending
12337,1240,2025-08-05,21597.66,Completed
12338,3059,2025-03-23,83099.94,Cancelled
12339,2788,2026-01-12,51579.94,Shipped
12340,633,2025-10-27,0.0,Completed
12341,2686,2025-08-21,44853.68,Completed
12342,1649,2025-01-10,87725.4,Completed
12343,4083,2025-12-17,77358.84,Completed
12344,3086,2026-03-14,0.0,Cancelled
12345,2841,2025-10-06,30514.78,Completed
12346,3766,2025-05-03,23713.99,Completed
12347,3508,2025-11-21,17279.61,Completed
12348,4572,2025-02-26,5667.75,Shipped
12349,3694,2026-01-30,40498.86,Completed
12350,4939,2025-03-02,49629.45,Cancelled
12351,4821,2025-11-09,11030.35,Pending
12352,4558,2025-03-02,0.0,Shipped
12353,582,2025-08-10,14777.64,Completed
12354,77,2025-04-24,15616.86,Shipped
12355,2565,2025-02-03,14685.34,Pending
12356,307,2026-02-07,11593.02,Pending
12357,2326,2026-03-05,42659.92,Completed
12358,2468,2025-12-13,5060.67,Completed
12359,1151,2025-01-02,63654.05,Completed
12360,1681,2025-10-02,23432.14,Shipped
12361,4876,2025-06-07,49312.68,Shipped
12362,1298,2026-03-19,90491.89,Shipped
12363,466,2025-09-30,28896.68,Cancelled
12364,1469,2025-12-14,69050.65,Completed
12365,4969,2025-06-07,58772.7,Completed
12366,521,2025-08-18,27908.2,Completed
12367,1707,2025-10-13,0.0,Pending
12368,606,2025-12-23,106232.3,Completed
12369,4860,2025-05-31,14456.5,Completed
12370,2935,2026-02-01,21745.19,Completed
12371,1634,2025-08-14,19168.16,Shipped
12372,2381,2026-01-23,50051.44,Completed
12373,3974,2026-01-17,75203.96,Completed
12374,4958,2025-01-23,0.0,Shipped
12375,110,2025-12-23,139922.52,Completed
12376,4023,2026-01-17,967.44,Shipped
12377,2110,2025-02-19,19420.91,Cancelled
12378,4432,2025-05-05,34619.38,Completed
12379,3073,2025-10-11,0.0,Pending
12380,905,2025-05-28,5796.51,Shipped
12381,2004,2026-03-22,89170.79,Completed
12382,1573,2025-03-29,39551.57,Cancelled
12383,2452,2025-09-07,23051.17,Cancelled
12384,2892,2025-12-17,31264.57,Completed
12385,3513,2025-02-14,61824.99,Completed
12386,2043,2026-03-18,12106.96,Cancelled
12387,641,2025-10-17,42640.66,Completed
12388,2628,2025-06-08,55234.24,Cancelled
12389,1752,2026-02-01,82170.6,Shipped
12390,4269,2026-01-26,18394.48,Shipped
12391,716,2025-03-20,56917.88,Pending
12392,359,2025-05-23,12097.89,Shipped
12393,4431,2025-05-02,42865.55,Completed
12394,3471,2025-11-29,47049.86,Cancelled
12395,624,2025-07-20,15326.04,Completed
12396,630,2026-03-13,26229.44,Completed
12397,1486,2025-06-29,30865.97,Shipped
12398,2235,2025-04-17,24599.87,Cancelled
12399,3206,2025-07-20,52831.19,Pending
12400,3589,2025-09-27,150725.83,Cancelled
12401,3962,2025-07-03,31602.11,Cancelled
12402,2006,2025-03-03,33825.88,Completed
12403,4869,2025-10-23,45732.78,Completed
12404,194,2026-02-07,27451.62,Completed
12405,1902,2025-12-09,44177.5,Completed
12406,2575,2025-01-07,58467.01,Cancelled
12407,981,2025-07-28,40175.1,Shipped
12408,431,2025-11-23,11214.96,Cancelled
12409,3047,2025-08-05,14790.46,Completed
12410,3582,2025-08-11,41905.31,Completed
12411,1270,2025-03-02,22572.81,Completed
12412,3422,2025-02-24,58938.35,Completed
12413,177,2026-03-22,199239.36,Completed
12414,3949,2025-03-15,4613.42,Shipped
12415,306,2026-01-15,3662.15,Pending
12416,3665,2025-08-11,50858.17,Shipped
12417,2168,2025-11-28,17335.76,Cancelled
12418,2980,2025-12-01,0.0,Completed
12419,4907,2025-06-24,93078.25,Completed
12420,1569,2026-02-15,4584.87,Cancelled
12421,711,2025-01-13,48188.91,Completed
12422,2218,2025-10-01,15165.12,Cancelled
12423,1064,2025-06-15,66870.25,Cancelled
12424,3337,2025-12-18,13270.35,Cancelled
12425,2947,2025-11-26,129283.31,Shipped
12426,1251,2025-11-12,17478.11,Shipped
12427,3395,2025-10-02,0.0,Completed
12428,1834,2025-06-05,0.0,Pending
12429,1908,2025-12-16,82092.66,Cancelled
12430,4010,2025-01-14,20770.79,Shipped
12431,3786,2025-07-18,28436.55,Pending
12432,4352,2025-03-01,115302.5,Completed
12433,2583,2026-01-21,0.0,Shipped
12434,3533,2026-01-06,50690.86,Completed
12435,2852,2025-03-19,79400.22,Completed
12436,3189,2025-08-27,12975.81,Shipped
12437,325,2025-12-17,74134.71,Completed
12438,2985,2026-01-01,22159.44,Shipped
12439,3887,2025-04-19,27283.5,Completed
12440,4345,2025-11-13,34731.0,Cancelled
12441,3897,2025-03-27,73335.83,Completed
12442,4767,2025-07-19,57389.74,Shipped
12443,722,2026-03-13,99155.76,Shipped
12444,4342,2025-12-17,0.0,Pending
12445,1635,2025-11-09,65120.93,Pending
12446,4381,2026-02-13,68562.54,Shipped
12447,1541,2025-06-12,0.0,Cancelled
12448,1025,2025-08-16,95470.06,Completed
12449,4707,2025-06-28,56070.43,Completed
12450,654,2025-03-23,8996.64,Cancelled
12451,2091,2025-01-01,51920.72,Completed
12452,132,2025-01-23,40469.51,Completed
12453,3544,2025-10-02,32971.6,Completed
12454,1391,2026-02-22,66393.22,Cancelled
12455,568,2025-07-03,70872.65,Completed
12456,3490,2026-03-20,0.0,Completed
12457,3541,2025-12-17,44823.9,Completed
12458,2073,2025-02-15,0.0,Completed
12459,1541,2025-10-23,60903.25,Shipped
12460,379,2025-07-09,45246.33,Completed
12461,1378,2026-01-12,2911.91,Completed
12462,2973,2025-11-16,92597.97,Cancelled
12463,3131,2025-01-07,7460.59,Shipped
12464,433,2025-10-05,31233.12,Cancelled
12465,469,2025-09-12,32184.44,Cancelled
12466,4830,2025-02-03,58786.15,Pending
12467,2227,2025-07-21,1893.42,Completed
12468,1769,2025-08-10,0.0,Pending
12469,2073,2025-09-02,68120.51,Completed
12470,226,2025-06-16,75223.55,Cancelled
12471,5000,2025-08-13,60246.04,Shipped
12472,2329,2026-01-08,38542.9,Completed
12473,354,2025-12-07,54264.14,Cancelled
12474,743,2025-04-25,27987.49,Shipped
12475,2501,2026-03-25,8670.9,Shipped
12476,43,2025-03-28,48846.42,Cancelled
12477,4675,2025-01-10,0.0,Pending
12478,172,2026-01-26,11089.59,Pending
12479,1179,2025-08-12,9080.22,Cancelled
12480,2624,2025-08-08,21430.53,Completed
12481,2950,2025-03-28,45627.6,Shipped
12482,36,2025-05-30,39583.44,Cancelled
12483,3286,2025-06-06,32667.21,Cancelled
12484,1202,2025-02-06,36293.9,Shipped
12485,2144,2025-02-10,57280.65,Pending
12486,4224,2025-03-15,37933.1,Shipped
12487,1885,2025-12-07,43741.8,Cancelled
12488,2639,2025-04-16,22354.51,Completed
12489,1693,2026-03-15,67477.5,Completed
12490,4987,2025-05-07,42691.93,Completed
12491,3676,2025-08-22,0.0,Pending
12492,3534,2026-02-08,67480.54,Completed
12493,1939,2025-08-25,15616.19,Shipped
12494,1926,2026-02-13,30810.0,Shipped
12495,2017,2025-10-13,16439.48,Completed
12496,4748,2025-02-24,6826.23,Shipped
12497,4883,2025-02-22,44633.62,Shipped
12498,4678,2025-03-29,36626.56,Completed
12499,3123,2026-02-09,20335.42,Cancelled
12500,4074,2026-02-26,7933.22,Shipped
12501,1389,2025-03-28,722.71,Shipped
12502,3307,2026-03-27,54814.14,Completed
12503,3247,2025-08-15,20629.84,Completed
12504,3852,2025-12-08,65907.61,Pending
12505,2562,2025-04-23,51607.69,Cancelled
12506,3569,2025-08-09,47741.22,Cancelled
12507,4363,2025-12-02,41446.12,Completed
12508,950,2026-02-25,32110.75,Completed
12509,2114,2026-02-21,66551.94,Shipped
12510,1670,2025-05-05,52322.24,Shipped
12511,3326,2025-10-18,50698.76,Shipped
12512,2828,2026-03-02,63217.87,Shipped
12513,2185,2025-05-06,101557.17,Cancelled
12514,3610,2026-01-02,22846.69,Shipped
12515,4327,2025-09-18,35114.87,Completed
12516,1824,2025-07-19,19437.55,Cancelled
12517,23,2025-01-13,50790.11,Completed
12518,3642,2025-02-11,11822.08,Shipped
12519,4401,2025-10-26,65532.42,Cancelled
12520,1091,2025-05-31,34380.8,Completed
12521,19,2025-04-12,3759.57,Cancelled
12522,3389,2025-06-25,65974.61,Shipped
12523,4891,2025-07-24,89625.55,Completed
12524,2295,2025-06-06,17286.0,Pending
12525,4286,2025-02-19,40104.3,Shipped
12526,2704,2026-03-06,88433.06,Shipped
12527,2032,2025-07-16,5663.8,Pending
12528,2794,2025-01-24,41945.83,Completed
12529,1859,2025-02-09,45543.44,Completed
12530,3042,2026-01-29,28428.42,Completed
12531,612,2025-05-22,47178.12,Completed
12532,2425,2025-09-18,80163.7,Shipped
12533,4204,2026-01-02,1114.14,Completed
12534,608,2025-01-03,0.0,Shipped
12535,3418,2025-12-04,56087.26,Completed
12536,153,2025-01-14,30063.96,Completed
12537,3129,2025-12-28,59263.9,Cancelled
12538,1597,2025-03-07,1906.15,Cancelled
12539,2051,2025-06-02,61541.69,Shipped
12540,4205,2026-03-22,0.0,Completed
12541,1018,2025-10-06,43541.89,Shipped
12542,1746,2025-03-11,604.91,Pending
12543,891,2025-05-17,19279.96,Pending
12544,236,2025-02-25,6396.16,Completed
12545,4705,2026-03-03,9066.19,Shipped
12546,728,2026-01-06,9837.59,Cancelled
12547,415,2025-09-10,35595.43,Shipped
12548,3856,2025-05-04,10314.92,Shipped
12549,2167,2025-02-10,67363.57,Shipped
12550,1280,2026-03-04,0.0,Completed
12551,3029,2026-03-01,15255.52,Completed
12552,3339,2025-12-22,46586.52,Pending
12553,4726,2025-07-24,40905.77,Completed
12554,1491,2026-02-20,24000.62,Shipped
12555,2673,2025-04-24,101107.97,Pending
12556,2182,2025-05-31,68863.62,Cancelled
12557,2893,2026-02-24,2904.45,Completed
12558,3446,2025-07-31,64980.15,Completed
12559,516,2025-04-13,29211.39,Completed
12560,4714,2025-06-16,31916.48,Completed
12561,3929,2025-07-26,0.0,Completed
12562,868,2025-02-05,8211.44,Completed
12563,4199,2025-07-06,20662.49,Completed
12564,1114,2025-07-09,26550.23,Completed
12565,4959,2025-02-03,50096.0,Completed
12566,2372,2026-03-24,3207.62,Completed
12567,436,2025-09-17,76929.3,Cancelled
12568,3364,2026-01-15,1867.48,Shipped
12569,3121,2026-01-13,97542.79,Shipped
12570,4092,2025-01-17,9608.88,Shipped
12571,3579,2025-03-22,29614.41,Completed
12572,3228,2025-10-05,8127.0,Shipped
12573,70,2025-01-16,80397.85,Completed
12574,3661,2025-03-10,51786.53,Completed
12575,3854,2026-01-21,143096.36,Completed
12576,3668,2025-12-26,15944.45,Shipped
12577,4115,2025-03-06,83677.23,Pending
12578,3354,2025-04-01,109648.06,Completed
12579,3823,2025-08-18,5767.52,Pending
12580,3808,2025-09-25,35589.45,Shipped
12581,4898,2025-12-06,22098.88,Completed
12582,2684,2025-04-20,81013.31,Shipped
12583,402,2025-01-25,56935.54,Completed
12584,988,2025-08-16,85809.82,Completed
12585,972,2026-01-22,58284.14,Pending
12586,4085,2025-06-09,4050.64,Shipped
12587,1006,2025-05-04,0.0,Completed
12588,713,2026-02-21,41365.13,Completed
12589,3828,2025-08-11,0.0,Shipped
12590,4643,2025-10-21,51351.14,Shipped
12591,1871,2025-10-26,51009.01,Completed
12592,3218,2025-11-21,31714.27,Cancelled
12593,4735,2025-04-19,63846.46,Completed
12594,4390,2025-06-25,44130.61,Cancelled
12595,4627,2026-01-18,0.0,Completed
12596,1517,2025-07-05,13481.78,Shipped
12597,1834,2025-11-29,35939.16,Completed
12598,2911,2026-03-03,29606.1,Completed
12599,4460,2025-08-22,78869.99,Completed
12600,4842,2025-09-19,54820.34,Shipped
12601,1455,2025-08-29,4181.4,Shipped
12602,467,2025-09-27,21788.35,Pending
12603,2975,2025-06-27,9314.94,Shipped
12604,4262,2026-02-21,2121.86,Shipped
12605,2712,2025-01-15,40058.72,Shipped
12606,165,2025-05-22,54209.76,Shipped
12607,3566,2025-11-17,0.0,Shipped
12608,153,2025-02-10,34209.48,Shipped
12609,54,2025-06-14,12772.54,Shipped
12610,1798,2025-06-23,18069.85,Pending
12611,2492,2025-03-07,0.0,Completed
12612,3761,2026-01-20,57761.15,Completed
12613,3246,2025-06-07,8983.63,Cancelled
12614,1378,2025-01-01,56694.04,Completed
12615,451,2026-02-10,0.0,Pending
12616,4584,2026-03-20,2231.84,Cancelled
12617,3651,2025-05-15,22030.64,Completed
12618,3370,2025-04-17,96618.21,Completed
12619,2180,2025-08-05,0.0,Shipped
12620,2085,2025-01-16,9233.43,Cancelled
12621,1087,2025-04-11,90581.03,Cancelled
12622,2987,2025-11-23,74075.91,Shipped
12623,4534,2025-12-29,0.0,Completed
12624,713,2025-12-26,33622.21,Completed
12625,1762,2025-04-22,47569.31,Completed
12626,1008,2025-09-09,0.0,Completed
12627,3755,2025-06-14,45476.18,Completed
12628,4947,2025-05-06,17464.95,Completed
12629,4280,2025-11-05,50810.42,Completed
12630,4733,2026-03-05,60389.85,Completed
12631,2280,2025-11-27,43870.61,Shipped
12632,1882,2025-06-05,47144.32,Completed
12633,3093,2025-02-16,112870.17,Completed
12634,4556,2025-11-13,59435.11,Pending
12635,141,2025-02-17,18111.89,Completed
12636,3977,2025-06-05,8602.56,Completed
12637,1892,2025-10-03,75405.25,Shipped
12638,805,2026-01-09,25656.63,Cancelled
12639,1807,2025-12-20,77777.85,Shipped
12640,3875,2025-02-18,68299.62,Pending
12641,4785,2025-09-21,0.0,Cancelled
12642,2101,2025-12-05,100214.11,Shipped
12643,2657,2025-11-09,0.0,Completed
12644,4539,2025-11-14,12843.05,Shipped
12645,3693,2025-06-08,16254.0,Completed
12646,4237,2025-02-15,0.0,Completed
12647,4846,2025-04-05,34579.48,Shipped
12648,1115,2025-03-15,6692.22,Shipped
12649,3555,2025-05-12,18804.08,Completed
12650,1868,2025-02-26,4687.17,Completed
12651,1122,2025-04-26,6963.3,Cancelled
12652,3765,2026-02-22,15616.86,Pending
12653,3565,2025-08-27,66068.43,Pending
12654,4737,2026-03-20,32878.96,Cancelled
12655,4696,2026-03-07,67410.69,Completed
12656,4605,2025-10-16,31309.85,Completed
12657,3456,2025-12-25,0.0,Completed
12658,3219,2025-06-15,25399.83,Completed
12659,1763,2025-05-14,97290.99,Shipped
12660,2569,2026-02-26,50339.27,Completed
12661,84,2025-07-21,0.0,Shipped
12662,4774,2025-10-01,56166.53,Completed
12663,525,2025-03-01,29564.67,Shipped
12664,4262,2025-12-24,70121.01,Shipped
12665,3676,2025-05-20,36827.25,Completed
12666,1559,2025-02-15,27908.2,Completed
12667,1778,2025-10-23,0.0,Shipped
12668,220,2025-11-15,95878.49,Pending
12669,2433,2025-05-23,57872.97,Shipped
12670,2088,2025-09-24,42348.83,Shipped
12671,2076,2025-07-27,28646.47,Shipped
12672,732,2025-01-20,29921.05,Completed
12673,4893,2026-01-27,24359.57,Cancelled
12674,854,2026-02-13,52121.27,Shipped
12675,2676,2026-03-18,23163.88,Shipped
12676,3082,2025-09-08,66621.62,Shipped
12677,601,2025-11-08,72010.41,Completed
12678,1563,2025-02-04,142741.85,Pending
12679,4303,2025-01-16,27537.72,Completed
12680,4339,2026-01-01,38512.5,Completed
12681,281,2025-11-17,57099.87,Shipped
12682,3155,2025-04-19,25929.0,Shipped
12683,3210,2025-03-22,101120.76,Shipped
12684,683,2025-07-15,25565.64,Completed
12685,65,2025-02-20,48685.2,Shipped
12686,2911,2025-08-24,56921.45,Shipped
12687,3458,2025-08-14,49678.12,Completed
12688,3414,2025-01-23,3613.55,Completed
12689,4647,2025-01-13,32588.12,Completed
12690,1227,2025-10-09,64685.17,Pending
12691,1891,2026-01-19,7037.2,Completed
12692,1052,2026-02-28,20467.86,Pending
12693,70,2025-12-27,26028.1,Cancelled
12694,3715,2025-03-18,25295.86,Cancelled
12695,1360,2026-02-25,0.0,Completed
12696,2881,2025-02-25,0.0,Completed
12697,345,2025-05-11,66999.46,Completed
12698,4829,2025-09-05,62312.0,Completed
12699,821,2026-03-03,59423.65,Completed
12700,314,2025-02-23,0.0,Completed
12701,316,2025-08-30,0.0,Cancelled
12702,3497,2025-06-17,17547.49,Shipped
12703,4034,2025-03-14,27401.65,Pending
12704,4849,2025-06-01,15734.2,Pending
12705,1254,2025-08-04,0.0,Shipped
12706,291,2025-10-25,40706.93,Pending
12707,1118,2025-08-28,57684.13,Completed
12708,3505,2025-07-24,21477.91,Cancelled
12709,363,2025-09-09,0.0,Completed
12710,2214,2026-01-23,52265.08,Cancelled
12711,2540,2025-11-28,36477.73,Pending
12712,1917,2025-07-04,142506.39,Cancelled
12713,4523,2025-03-02,0.0,Cancelled
12714,1785,2026-01-21,10411.24,Completed
12715,1728,2025-03-16,32408.69,Shipped
12716,3018,2025-02-28,101454.45,Shipped
12717,4276,2025-03-27,23407.89,Shipped
12718,2393,2025-03-02,15936.21,Pending
12719,936,2025-06-27,18376.25,Completed
12720,3671,2025-04-10,20485.53,Shipped
12721,2415,2026-01-05,47150.18,Completed
12722,2308,2026-02-19,3218.34,Cancelled
12723,3831,2025-06-02,0.0,Completed
12724,1346,2025-11-26,83838.49,Pending
12725,3303,2025-04-08,83479.14,Completed
12726,4738,2025-07-14,41318.48,Shipped
12727,1459,2026-02-12,115349.56,Completed
12728,682,2025-11-11,8638.99,Shipped
12729,218,2025-01-11,17993.28,Completed
12730,3806,2025-11-02,60814.05,Shipped
12731,3156,2025-05-01,15865.76,Completed
12732,1921,2025-03-20,56985.64,Shipped
12733,1212,2025-08-21,38299.19,Cancelled
12734,2976,2025-08-25,30830.1,Completed
12735,542,2025-04-02,2158.61,Shipped
12736,2787,2025-06-24,56815.66,Shipped
12737,4926,2025-03-13,42945.74,Shipped
12738,3470,2025-10-26,87828.13,Shipped
12739,3818,2025-07-14,54935.51,Shipped
12740,2677,2026-03-03,72658.36,Completed
12741,2746,2025-06-19,13630.32,Completed
12742,3030,2025-02-26,46594.45,Completed
12743,3283,2025-12-24,11289.15,Pending
12744,3119,2025-01-17,65196.22,Pending
12745,4266,2025-08-07,38580.09,Completed
12746,1801,2025-03-20,34924.62,Completed
12747,789,2025-09-28,133696.52,Shipped
12748,1142,2025-07-04,36511.24,Pending
12749,681,2025-10-28,65874.94,Completed
12750,2130,2026-02-05,0.0,Completed
12751,4936,2025-06-22,8803.39,Cancelled
12752,4336,2025-11-03,45112.15,Completed
12753,4175,2025-11-28,14767.77,Cancelled
12754,2861,2025-04-16,32720.36,Completed
12755,3165,2025-01-11,31717.68,Completed
12756,2659,2025-02-19,118317.86,Pending
12757,383,2025-08-16,21728.97,Completed
12758,683,2026-01-27,11406.74,Shipped
12759,2477,2025-11-24,95540.88,Shipped
12760,936,2026-01-06,81880.31,Completed
12761,3706,2025-09-10,37148.75,Completed
12762,3451,2026-01-17,12776.5,Cancelled
12763,4495,2026-01-14,0.0,Shipped
12764,4607,2025-05-03,19346.64,Cancelled
12765,965,2025-01-14,9438.88,Pending
12766,2868,2026-01-05,5116.12,Completed
12767,1675,2026-01-08,7410.5,Shipped
12768,1843,2025-12-14,1315.86,Completed
12769,207,2025-01-20,40635.0,Completed
12770,3102,2025-03-22,55635.58,Completed
12771,3514,2025-10-04,3207.62,Completed
12772,2445,2025-01-06,73710.63,Pending
12773,494,2025-02-06,5132.56,Shipped
12774,3109,2025-06-01,84245.49,Completed
12775,4642,2025-01-10,67967.0,Completed
12776,888,2025-02-22,1848.43,Completed
12777,3211,2026-02-07,31803.44,Shipped
12778,872,2025-11-13,29447.31,Pending
12779,2807,2025-04-21,31513.44,Pending
12780,3957,2026-01-12,47810.0,Pending
12781,1080,2025-06-19,58007.68,Completed
12782,4397,2025-07-26,63023.78,Completed
12783,3980,2025-10-04,49196.9,Cancelled
12784,4053,2025-01-24,0.0,Completed
12785,3798,2025-04-06,7616.68,Completed
12786,4263,2025-04-27,20845.31,Completed
12787,1330,2025-08-15,72073.4,Pending
12788,3357,2026-02-25,69430.5,Completed
12789,2951,2025-06-09,0.0,Completed
12790,2500,2025-05-14,15491.88,Shipped
12791,1055,2025-09-22,26761.75,Shipped
12792,2717,2025-06-06,0.0,Shipped
12793,3752,2025-10-07,32766.23,Shipped
12794,3025,2025-02-21,8667.88,Cancelled
12795,1819,2025-08-09,86839.72,Shipped
12796,1656,2025-12-18,17584.99,Cancelled
12797,2239,2025-04-12,8211.37,Completed
12798,4583,2025-06-21,80950.1,Shipped
12799,3919,2025-10-14,6818.75,Completed
12800,1577,2025-05-02,0.0,Shipped
12801,4609,2025-08-28,85880.86,Completed
12802,2626,2025-04-11,31629.0,Completed
12803,645,2026-03-22,77326.75,Completed
12804,2368,2026-02-22,37530.01,Completed
12805,119,2026-01-10,48840.35,Shipped
12806,2828,2026-03-15,5360.01,Completed
12807,4604,2026-01-13,42284.51,Shipped
12808,1907,2025-06-10,13768.86,Shipped
12809,2936,2025-02-21,37170.36,Pending
12810,2467,2026-01-01,7684.68,Completed
12811,34,2026-02-19,83609.75,Shipped
12812,4162,2026-01-03,20892.12,Completed
12813,3809,2026-03-07,77218.94,Shipped
12814,458,2025-01-30,78758.2,Completed
12815,2583,2025-08-19,9756.45,Shipped
12816,1597,2025-05-26,0.0,Completed
12817,4920,2025-11-01,11817.17,Pending
12818,1920,2025-10-28,16704.82,Pending
12819,4835,2026-02-22,73695.39,Shipped
12820,1550,2025-09-21,50206.32,Cancelled
12821,2301,2025-11-23,68701.1,Completed
12822,2610,2026-03-02,74162.91,Shipped
12823,3669,2025-01-03,20399.95,Cancelled
12824,1121,2026-02-13,38434.88,Pending
12825,3133,2025-09-21,12831.71,Cancelled
12826,4020,2025-06-07,48964.32,Completed
12827,3956,2025-08-03,6798.35,Shipped
12828,492,2025-04-30,26333.56,Cancelled
12829,1726,2025-05-01,49571.15,Cancelled
12830,3799,2025-04-21,35269.5,Completed
12831,3910,2025-01-14,85327.56,Completed
12832,2703,2026-02-03,35737.83,Cancelled
12833,1415,2025-05-26,41195.35,Shipped
12834,4123,2025-01-05,76104.95,Pending
12835,2564,2026-02-08,53405.44,Cancelled
12836,813,2025-02-26,22073.51,Shipped
12837,3604,2025-04-01,18864.84,Shipped
12838,1104,2025-09-18,14706.69,Pending
12839,803,2025-07-31,55716.13,Completed
12840,3703,2025-01-26,13763.72,Completed
12841,2642,2025-04-05,54738.07,Cancelled
12842,3121,2025-07-05,50976.37,Pending
12843,3424,2025-04-02,105604.76,Completed
12844,837,2025-03-20,0.0,Pending
12845,1647,2025-02-05,27106.05,Completed
12846,1609,2025-08-05,148043.77,Completed
12847,1920,2025-09-27,38666.74,Shipped
12848,1697,2025-03-11,22956.77,Shipped
12849,4083,2025-01-07,66060.13,Completed
12850,4687,2025-04-10,53641.23,Cancelled
12851,607,2025-08-05,0.0,Completed
12852,4768,2025-01-31,52149.93,Pending
12853,3309,2025-08-05,0.0,Shipped
12854,755,2025-10-04,51119.01,Completed
12855,3043,2025-05-27,40799.59,Completed
12856,4714,2025-03-23,18959.4,Pending
12857,1263,2025-05-02,0.0,Completed
12858,3152,2026-01-24,64405.78,Shipped
12859,4101,2026-02-03,98458.6,Cancelled
12860,3702,2025-10-27,42321.58,Cancelled
12861,3170,2025-07-25,74050.6,Pending
12862,3719,2025-12-16,106150.12,Completed
12863,763,2025-01-16,0.0,Completed
12864,3020,2025-05-20,1528.56,Cancelled
12865,1158,2025-01-24,51325.14,Cancelled
12866,133,2025-10-15,46094.29,Pending
12867,1145,2025-03-22,19258.7,Shipped
12868,2248,2025-07-20,35761.22,Shipped
12869,2838,2025-07-04,59584.59,Cancelled
12870,1448,2025-11-06,1250.04,Pending
12871,2337,2025-07-14,19987.74,Shipped
12872,4709,2025-07-10,13392.25,Shipped
12873,1157,2026-01-17,25854.24,Completed
12874,4153,2025-08-27,0.0,Completed
12875,4517,2025-07-29,78962.44,Completed
12876,2992,2025-03-11,8799.21,Cancelled
12877,1035,2026-02-04,41552.89,Completed
12878,3364,2026-01-04,59887.59,Completed
12879,1909,2025-03-08,24070.15,Completed
12880,1148,2025-09-14,17303.92,Shipped
12881,4884,2025-04-14,6866.92,Completed
12882,382,2026-03-13,57821.8,Completed
12883,1055,2026-03-27,7163.56,Pending
12884,3370,2025-08-04,0.0,Completed
12885,2692,2025-01-02,80575.46,Completed
12886,2704,2025-06-01,55047.28,Cancelled
12887,426,2025-11-23,22517.98,Cancelled
12888,1686,2025-07-23,24629.4,Completed
12889,1432,2025-04-28,25689.64,Shipped
12890,4768,2025-12-31,78649.97,Completed
12891,1362,2025-03-09,53573.85,Shipped
12892,1921,2025-11-15,0.0,Shipped
12893,238,2025-06-12,0.0,Cancelled
12894,1096,2025-11-07,19350.15,Pending
12895,4207,2025-07-29,32453.2,Cancelled
12896,39,2025-02-26,31403.04,Pending
12897,721,2025-12-15,32231.6,Completed
12898,2376,2025-02-17,40426.76,Completed
12899,2023,2026-01-09,65889.02,Shipped
12900,1876,2025-08-07,31946.63,Completed
12901,4816,2025-09-20,22117.25,Completed
12902,1828,2025-02-26,15554.33,Completed
12903,3398,2025-07-04,11381.62,Completed
12904,1307,2026-03-04,96242.06,Shipped
12905,2095,2025-03-15,68653.11,Cancelled
12906,1949,2026-02-27,36454.05,Cancelled
12907,4742,2025-06-21,52062.64,Shipped
12908,42,2025-08-11,53517.75,Shipped
12909,49,2025-11-25,0.0,Cancelled
12910,84,2026-01-22,16164.4,Shipped
12911,120,2025-08-26,19172.31,Cancelled
12912,4478,2026-01-10,65740.31,Completed
12913,4485,2025-09-02,12859.65,Completed
12914,2419,2025-10-28,27318.35,Completed
12915,2279,2025-07-10,39478.6,Cancelled
12916,674,2025-11-26,77468.01,Completed
12917,3817,2025-10-28,29532.52,Completed
12918,911,2025-06-22,79418.65,Completed
12919,2371,2025-08-02,63754.2,Cancelled
12920,2692,2025-09-22,73707.65,Shipped
12921,1561,2025-04-11,3207.62,Completed
12922,1115,2025-02-06,15811.66,Shipped
12923,3490,2025-03-11,54410.23,Shipped
12924,4082,2026-02-05,0.0,Cancelled
12925,1618,2025-10-16,0.0,Shipped
12926,652,2025-07-31,69649.28,Pending
12927,1464,2025-11-12,116081.66,Completed
12928,1631,2025-10-05,40340.73,Shipped
12929,1082,2025-09-05,40027.45,Pending
12930,2489,2025-02-27,11693.32,Completed
12931,773,2025-12-30,0.0,Completed
12932,1789,2025-07-15,22710.81,Completed
12933,857,2025-09-13,87218.07,Shipped
12934,873,2026-02-11,41019.42,Shipped
12935,2662,2025-09-02,12111.6,Shipped
12936,229,2025-11-04,42278.1,Pending
12937,2325,2025-05-13,77935.05,Completed
12938,1618,2025-05-21,54935.9,Completed
12939,2102,2025-04-15,29345.57,Pending
12940,4376,2026-03-23,46394.44,Shipped
12941,3623,2025-09-04,37269.19,Completed
12942,3429,2025-03-26,25949.86,Completed
12943,736,2025-03-13,3619.81,Shipped
12944,4878,2025-11-07,0.0,Completed
12945,4286,2025-05-07,24829.83,Completed
12946,2675,2025-04-09,45907.97,Pending
12947,466,2025-11-05,54548.58,Completed
12948,1670,2026-01-10,47663.36,Completed
12949,2706,2025-04-16,108793.7,Pending
12950,1729,2025-11-11,58740.79,Completed
12951,3698,2025-06-08,63712.02,Completed
12952,4294,2025-07-14,21711.13,Completed
12953,3685,2026-03-05,18650.35,Completed
12954,4230,2025-08-18,109387.62,Cancelled
12955,4035,2026-01-21,82020.95,Shipped
12956,1473,2025-07-20,34081.3,Pending
12957,1957,2025-10-31,5697.84,Completed
12958,900,2025-10-25,22845.7,Completed
12959,158,2025-01-04,4556.48,Completed
12960,3586,2025-09-26,72700.07,Shipped
12961,4051,2026-01-16,37659.28,Shipped
12962,3725,2025-04-22,63189.85,Cancelled
12963,362,2025-01-16,62047.85,Completed
12964,2204,2026-03-27,3492.99,Shipped
12965,3249,2025-08-15,50597.38,Completed
12966,3830,2026-01-24,79376.22,Shipped
12967,4172,2025-07-29,71987.76,Completed
12968,2608,2025-08-27,33946.54,Pending
12969,3798,2025-12-15,20093.65,Cancelled
12970,3641,2026-01-24,135789.52,Pending
12971,2677,2025-09-06,39710.73,Pending
12972,3033,2025-12-26,7566.84,Shipped
12973,912,2025-12-14,10793.05,Completed
12974,4516,2025-06-18,8996.64,Completed
12975,2380,2025-07-19,19217.76,Completed
12976,3138,2025-01-03,54036.44,Cancelled
12977,381,2025-10-01,93158.35,Completed
12978,688,2026-01-25,131052.3,Completed
12979,2113,2025-06-04,0.0,Shipped
12980,3604,2026-03-19,11206.04,Shipped
12981,4561,2025-05-25,39450.6,Completed
12982,2154,2026-01-04,60330.6,Completed
12983,2683,2025-07-10,29753.25,Shipped
12984,3477,2026-02-13,28725.19,Pending
12985,3437,2025-10-24,44060.36,Pending
12986,4940,2025-03-29,13682.04,Completed
12987,1631,2025-08-09,0.0,Shipped
12988,4203,2025-07-26,24352.98,Pending
12989,615,2025-11-13,1250.04,Completed
12990,4379,2026-03-11,25863.63,Shipped
12991,3265,2025-01-04,0.0,Completed
12992,2602,2025-12-01,31625.52,Completed
12993,2274,2026-02-06,0.0,Completed
12994,2591,2025-05-17,33026.63,Pending
12995,2764,2025-07-16,10281.69,Completed
12996,1898,2025-02-11,0.0,Shipped
12997,4228,2026-03-04,18301.08,Pending
12998,2079,2025-01-09,27828.0,Completed
12999,3381,2025-02-24,55208.63,Cancelled
13000,1328,2025-08-14,47008.72,Completed
13001,457,2025-06-12,56585.75,Completed
13002,3098,2025-02-22,39163.66,Shipped
13003,2269,2025-11-22,69499.75,Completed
13004,2820,2026-03-24,18940.8,Cancelled
13005,2732,2025-07-10,5516.61,Pending
13006,2256,2025-03-06,21776.34,Completed
13007,3197,2025-10-15,0.0,Shipped
13008,1500,2026-03-16,81622.73,Pending
13009,431,2025-01-01,60736.97,Completed
13010,895,2025-11-22,25963.92,Completed
13011,2104,2026-03-13,28185.92,Pending
13012,558,2025-07-06,57836.12,Completed
13013,1684,2025-07-13,12613.6,Shipped
13014,30,2025-05-20,141677.3,Pending
13015,455,2026-01-15,81556.91,Completed
13016,1319,2026-01-26,23533.05,Shipped
13017,3944,2025-06-06,0.0,Shipped
13018,350,2025-10-30,62350.14,Shipped
13019,4022,2026-01-04,9726.31,Completed
13020,3149,2025-03-10,39446.83,Completed
13021,2289,2025-03-15,20249.6,Shipped
13022,2165,2025-12-26,39277.64,Completed
13023,3469,2025-02-04,105221.04,Cancelled
13024,3698,2025-01-26,405.26,Completed
13025,1810,2026-03-05,70115.76,Pending
13026,4652,2026-01-14,82876.82,Shipped
13027,4919,2025-01-11,1850.05,Cancelled
13028,4734,2025-07-01,29589.45,Completed
13029,4261,2025-01-23,92691.61,Completed
13030,452,2026-01-07,1657.22,Cancelled
13031,3227,2025-06-10,13985.32,Completed
13032,4623,2025-07-24,20203.78,Completed
13033,4613,2025-03-23,122879.76,Shipped
13034,1206,2025-05-20,14793.64,Cancelled
13035,1242,2025-02-16,68238.06,Shipped
13036,243,2026-01-11,0.0,Completed
13037,3488,2025-09-27,36314.88,Pending
13038,158,2025-12-20,19487.9,Shipped
13039,4254,2025-12-24,55029.65,Completed
13040,4115,2025-09-14,40124.05,Shipped
13041,3835,2025-10-06,53500.56,Shipped
13042,3441,2025-05-09,49639.39,Shipped
13043,2077,2025-10-30,4347.98,Completed
13044,1988,2025-12-29,25829.04,Pending
13045,2315,2025-04-17,0.0,Shipped
13046,4615,2025-05-21,25929.0,Completed
13047,1461,2026-01-25,97693.15,Completed
13048,1395,2025-06-17,0.0,Pending
13049,3157,2025-03-20,152146.87,Cancelled
13050,765,2025-12-24,36442.83,Completed
13051,4529,2025-12-09,43260.8,Completed
13052,3189,2025-05-30,0.0,Completed
13053,420,2025-06-12,33852.8,Completed
13054,1520,2025-10-03,15315.2,Completed
13055,3356,2026-03-04,62446.38,Shipped
13056,3991,2025-01-03,38828.13,Shipped
13057,3548,2025-02-08,16753.27,Completed
13058,1724,2025-04-04,27087.81,Pending
13059,4088,2025-04-03,55796.61,Completed
13060,1362,2025-10-31,0.0,Cancelled
13061,3146,2026-01-04,0.0,Completed
13062,1603,2025-11-06,107825.19,Shipped
13063,1274,2025-01-29,2911.91,Cancelled
13064,4788,2025-01-19,25534.83,Shipped
13065,3478,2025-08-30,35236.44,Pending
13066,201,2025-06-01,42685.59,Shipped
13067,4492,2025-08-02,0.0,Shipped
13068,3345,2025-04-28,8821.96,Completed
13069,4229,2025-03-10,15520.92,Completed
13070,1651,2025-05-25,12097.89,Completed
13071,4738,2025-02-04,18764.96,Completed
13072,3666,2025-09-15,36342.64,Cancelled
13073,189,2025-04-10,31407.04,Cancelled
13074,1626,2025-05-06,2197.72,Completed
13075,48,2025-08-16,61893.12,Completed
13076,607,2026-03-22,59744.2,Shipped
13077,3440,2026-01-22,31187.38,Completed
13078,1483,2025-10-27,77584.91,Completed
13079,2862,2025-11-02,3146.12,Completed
13080,1351,2025-01-28,35485.14,Shipped
13081,3576,2025-04-13,18108.93,Cancelled
13082,2500,2025-08-27,16330.48,Shipped
13083,1236,2025-09-01,75650.32,Pending
13084,4667,2025-08-20,13974.18,Pending
13085,4397,2025-03-17,42621.26,Shipped
13086,2572,2025-05-29,35799.45,Pending
13087,4423,2026-01-31,24584.92,Completed
13088,46,2025-04-03,20718.66,Shipped
13089,4161,2025-05-15,22381.77,Shipped
13090,1925,2025-12-07,0.0,Completed
13091,736,2025-02-13,34981.44,Shipped
13092,4259,2025-12-24,8017.71,Pending
13093,4219,2025-11-10,16665.39,Completed
13094,419,2025-05-03,32863.64,Completed
13095,743,2026-02-01,72386.44,Completed
13096,4240,2025-02-15,0.0,Completed
13097,303,2025-09-01,77576.9,Completed
13098,2743,2025-06-27,17553.54,Completed
13099,1857,2025-04-01,4719.44,Shipped
13100,825,2026-02-22,37875.6,Completed
13101,1219,2025-10-01,92254.24,Completed
13102,1623,2026-02-18,69479.03,Completed
13103,4662,2025-04-03,65913.32,Cancelled
13104,544,2026-02-28,5202.54,Completed
13105,2223,2025-11-05,42599.9,Shipped
13106,450,2025-02-10,55110.49,Completed
13107,3842,2025-09-23,17254.66,Completed
13108,4211,2025-03-26,0.0,Shipped
13109,4503,2026-02-23,28974.29,Completed
13110,2941,2025-12-29,45732.28,Pending
13111,960,2025-02-06,8372.37,Completed
13112,3614,2025-10-08,0.0,Completed
13113,4033,2025-06-28,41441.73,Shipped
13114,2401,2025-02-13,9921.34,Shipped
13115,1416,2025-10-07,12647.58,Cancelled
13116,2900,2025-07-10,52535.36,Completed
13117,2431,2025-07-14,59946.63,Cancelled
13118,2192,2025-06-07,14718.29,Cancelled
13119,3702,2025-11-18,124241.96,Shipped
13120,1194,2025-09-19,45702.73,Shipped
13121,1638,2025-09-19,4716.21,Completed
13122,3258,2025-04-22,18484.5,Cancelled
13123,3880,2025-02-28,135596.89,Completed
13124,4240,2025-08-06,9447.36,Pending
13125,509,2026-03-07,10314.92,Completed
13126,2496,2025-10-26,107818.86,Cancelled
13127,2113,2026-02-28,81861.29,Shipped
13128,633,2025-03-17,11565.34,Completed
13129,3766,2026-03-09,19267.23,Completed
13130,4885,2026-03-08,41507.65,Completed
13131,4366,2025-04-01,61841.54,Completed
13132,1316,2025-11-06,7660.5,Completed
13133,2435,2025-09-04,0.0,Shipped
13134,2466,2025-02-23,27417.61,Pending
13135,2747,2025-03-29,0.0,Shipped
13136,3109,2026-01-27,9176.21,Pending
13137,3412,2025-03-11,29000.44,Completed
13138,2857,2025-12-01,57508.25,Completed
13139,2230,2025-08-16,13128.22,Shipped
13140,720,2025-04-05,0.0,Pending
13141,1946,2025-01-03,23895.55,Completed
13142,1084,2025-05-15,70987.55,Cancelled
13143,3258,2025-12-20,0.0,Completed
13144,1574,2026-01-18,0.0,Shipped
13145,4816,2025-06-12,0.0,Shipped
13146,4487,2026-02-15,31608.8,Completed
13147,1556,2025-10-17,0.0,Completed
13148,1883,2025-03-03,57996.65,Pending
13149,175,2025-08-25,938.71,Completed
13150,2350,2026-02-12,52011.4,Cancelled
13151,1354,2025-12-24,14611.24,Completed
13152,3833,2026-03-25,11884.33,Completed
13153,2183,2025-04-05,32144.67,Pending
13154,1522,2025-10-30,49103.83,Completed
13155,2411,2025-11-15,36411.4,Pending
13156,1534,2025-09-30,80352.56,Shipped
13157,3270,2025-01-31,57146.09,Shipped
13158,2600,2025-10-11,27858.03,Shipped
13159,2461,2025-04-07,0.0,Completed
13160,488,2025-05-11,26661.37,Completed
13161,1251,2025-10-23,4667.15,Completed
13162,2729,2025-10-12,0.0,Cancelled
13163,679,2025-04-08,6676.03,Pending
13164,3128,2025-07-30,63189.69,Shipped
13165,486,2025-03-23,80035.91,Completed
13166,538,2025-12-30,0.0,Completed
13167,2684,2025-03-25,26311.96,Completed
13168,4900,2025-08-02,45122.62,Shipped
13169,3787,2026-01-02,9206.62,Completed
13170,4696,2025-01-20,39265.35,Shipped
13171,2997,2025-03-07,24222.72,Pending
13172,4914,2025-03-14,106525.42,Cancelled
13173,3718,2025-10-14,0.0,Completed
13174,3748,2025-02-03,99923.93,Completed
13175,1955,2025-02-01,0.0,Pending
13176,3808,2025-01-30,32975.72,Pending
13177,3233,2025-03-18,32560.8,Completed
13178,3427,2025-05-26,28660.13,Pending
13179,4987,2025-04-22,23353.28,Completed
13180,2727,2025-04-05,55658.72,Cancelled
13181,3031,2026-03-22,95452.75,Cancelled
13182,1911,2025-04-18,9066.19,Cancelled
13183,2747,2025-02-24,0.0,Pending
13184,2669,2025-01-11,40900.45,Completed
13185,3300,2025-12-27,20097.0,Shipped
13186,2002,2025-04-15,55171.63,Completed
13187,2215,2025-10-11,51869.58,Shipped
13188,1935,2025-11-29,20686.88,Pending
13189,4257,2026-02-20,32908.02,Shipped
13190,2109,2025-04-12,41325.68,Shipped
13191,4663,2025-02-26,31386.05,Cancelled
13192,3633,2025-02-08,119973.81,Shipped
13193,4676,2025-11-20,52018.16,Completed
13194,334,2025-06-08,39539.74,Completed
13195,3307,2025-05-15,29447.16,Pending
13196,1534,2025-06-25,51793.83,Shipped
13197,354,2025-04-29,33042.4,Shipped
13198,4410,2026-02-16,42603.47,Completed
13199,608,2025-12-14,74740.46,Pending
13200,974,2025-04-25,6936.84,Cancelled
13201,2585,2025-05-15,2882.3,Shipped
13202,4220,2025-08-14,119339.32,Completed
13203,4222,2025-01-01,34135.86,Shipped
13204,3396,2025-06-27,2090.65,Pending
13205,1688,2025-08-26,42544.95,Completed
13206,4693,2025-03-05,18352.42,Completed
13207,3943,2025-06-08,0.0,Shipped
13208,1582,2025-02-27,40632.3,Completed
13209,2973,2025-01-31,0.0,Cancelled
13210,886,2025-12-14,52308.69,Shipped
13211,3544,2025-03-30,79333.83,Completed
13212,3782,2025-04-07,55653.47,Completed
13213,3458,2025-03-14,81828.44,Cancelled
13214,2200,2025-05-30,37813.66,Shipped
13215,2791,2025-12-06,33473.39,Shipped
13216,2155,2026-03-09,5114.14,Completed
13217,3259,2025-09-28,67160.93,Shipped
13218,399,2025-04-30,22072.74,Shipped
13219,2407,2025-04-24,84095.03,Pending
13220,4371,2025-12-05,66256.44,Completed
13221,3337,2025-09-15,18649.96,Shipped
13222,445,2025-05-22,12457.92,Pending
13223,439,2025-07-30,25053.75,Pending
13224,4144,2026-01-27,0.0,Shipped
13225,3535,2025-12-30,48864.13,Shipped
13226,3345,2025-02-13,67269.34,Completed
13227,219,2025-01-20,39575.65,Shipped
13228,2101,2026-01-09,7350.88,Cancelled
13229,463,2025-04-10,85088.85,Completed
13230,2741,2025-05-22,16400.4,Completed
13231,3980,2026-02-07,145218.59,Completed
13232,4071,2025-06-22,46396.24,Pending
13233,1588,2025-09-15,28972.08,Shipped
13234,2188,2025-09-25,26419.0,Shipped
13235,3977,2026-02-09,8180.09,Shipped
13236,4556,2025-09-25,16397.64,Cancelled
13237,1659,2025-10-08,0.0,Pending
13238,1406,2025-05-17,78094.01,Cancelled
13239,3950,2025-05-01,46991.86,Completed
13240,2809,2025-03-13,68288.81,Pending
13241,792,2025-05-27,0.0,Shipped
13242,4095,2025-08-11,95486.82,Shipped
13243,2331,2025-11-12,0.0,Completed
13244,196,2026-03-20,101125.4,Completed
13245,2304,2025-08-24,77665.46,Pending
13246,191,2025-08-11,33032.45,Cancelled
13247,2087,2025-07-02,122049.97,Completed
13248,1565,2025-11-05,42080.41,Shipped
13249,3666,2025-12-13,75231.2,Completed
13250,511,2025-04-21,0.0,Cancelled
13251,535,2025-09-19,64962.36,Completed
13252,3598,2025-04-05,131134.81,Pending
13253,2437,2025-03-20,18778.39,Completed
13254,3778,2026-03-24,105340.63,Pending
13255,1272,2025-12-28,58752.99,Completed
13256,3661,2025-11-29,6977.05,Shipped
13257,1466,2025-06-26,60787.77,Completed
13258,4695,2025-03-13,130801.29,Completed
13259,2831,2025-05-03,22206.76,Cancelled
13260,183,2025-04-24,0.0,Shipped
13261,2630,2025-04-12,56202.73,Pending
13262,2925,2025-11-10,49264.7,Completed
13263,4157,2026-03-01,7113.73,Cancelled
13264,1054,2026-02-01,28953.72,Completed
13265,1109,2025-04-25,63272.98,Cancelled
13266,3058,2026-03-24,82334.6,Cancelled
13267,1673,2025-05-09,5696.42,Shipped
13268,3534,2025-03-20,122062.66,Completed
13269,3311,2025-04-16,54337.29,Shipped
13270,1525,2025-08-18,72617.62,Completed
13271,405,2025-05-01,25268.7,Shipped
13272,3636,2026-03-08,27052.62,Completed
13273,3740,2025-07-17,46482.13,Completed
13274,2103,2026-03-11,24708.04,Cancelled
13275,2579,2025-10-23,140289.56,Completed
13276,4368,2025-04-27,25445.16,Cancelled
13277,3111,2025-08-04,202.63,Shipped
13278,4134,2025-05-21,0.0,Completed
13279,434,2026-01-09,20209.11,Shipped
13280,4588,2025-03-29,59790.58,Shipped
13281,2530,2025-11-21,116096.51,Completed
13282,739,2025-07-10,72512.16,Shipped
13283,1128,2025-01-21,17237.4,Cancelled
13284,2962,2026-02-13,7031.38,Completed
13285,4813,2025-11-23,6565.53,Cancelled
13286,286,2025-12-06,20673.47,Pending
13287,2251,2025-11-25,0.0,Pending
13288,196,2025-09-06,3115.92,Completed
13289,3738,2025-10-04,77813.65,Pending
13290,2987,2026-02-23,13652.46,Shipped
13291,2382,2025-01-16,0.0,Cancelled
13292,529,2025-08-25,26623.29,Shipped
13293,2792,2025-12-15,20694.64,Completed
13294,2750,2025-05-17,43621.69,Completed
13295,3636,2025-12-25,775.26,Pending
13296,4466,2025-06-12,25009.36,Completed
13297,1295,2026-02-06,58830.07,Cancelled
13298,4023,2025-10-01,41007.42,Completed
13299,4826,2025-02-13,75365.52,Completed
13300,2732,2026-01-15,0.0,Completed
13301,2387,2025-04-04,13257.63,Pending
13302,873,2025-09-24,62477.24,Pending
13303,4043,2025-11-13,0.0,Pending
13304,4388,2025-06-04,0.0,Pending
13305,3726,2025-12-16,30688.32,Pending
13306,528,2025-11-17,39353.57,Completed
13307,779,2025-08-19,23140.15,Completed
13308,3431,2025-12-19,60222.15,Pending
13309,1979,2025-09-01,75934.68,Shipped
13310,1749,2025-06-14,47177.91,Cancelled
13311,450,2025-11-21,29233.18,Completed
13312,3226,2025-03-09,25983.67,Completed
13313,3543,2025-05-29,60045.51,Completed
13314,2035,2025-02-03,23933.67,Completed
13315,2325,2025-03-22,8910.25,Cancelled
13316,1033,2025-01-20,8973.53,Completed
13317,2619,2025-06-09,18355.56,Shipped
13318,3618,2025-02-23,8127.0,Cancelled
13319,2756,2025-11-29,134059.45,Shipped
13320,4177,2025-07-11,80506.48,Completed
13321,3839,2025-08-30,0.0,Completed
13322,1601,2025-12-31,63466.97,Completed
13323,868,2025-06-29,1942.71,Completed
13324,4648,2025-10-21,119267.36,Shipped
13325,3671,2025-07-14,18352.42,Completed
13326,4910,2025-06-24,21482.1,Completed
13327,3948,2025-09-01,50268.53,Cancelled
13328,3147,2026-01-11,24200.3,Cancelled
13329,3616,2025-02-22,43120.0,Completed
13330,3045,2026-02-24,42039.58,Cancelled
13331,4739,2025-12-14,5418.04,Pending
13332,3518,2026-02-22,58111.92,Shipped
13333,240,2025-06-19,67533.04,Shipped
13334,2975,2025-06-01,18993.48,Cancelled
13335,3085,2025-03-14,50151.55,Completed
13336,4937,2025-12-24,87966.96,Completed
13337,2064,2025-06-11,5690.41,Completed
13338,1525,2026-01-26,23149.93,Cancelled
13339,1248,2025-07-14,40609.26,Completed
13340,4559,2025-10-09,38786.33,Completed
13341,4284,2025-03-25,57654.23,Shipped
13342,2082,2025-06-15,68423.37,Pending
13343,816,2025-12-22,100935.57,Pending
13344,1074,2025-02-01,0.0,Shipped
13345,4984,2025-12-15,45022.59,Shipped
13346,1268,2025-09-17,53340.86,Cancelled
13347,891,2025-10-16,0.0,Pending
13348,1881,2025-07-20,64522.88,Completed
13349,2540,2025-07-08,75014.35,Cancelled
13350,4810,2025-02-06,20840.36,Completed
13351,1489,2025-04-09,23642.74,Cancelled
13352,1234,2025-03-22,77240.9,Completed
13353,1662,2025-03-31,45357.08,Shipped
13354,1316,2026-03-10,8941.62,Completed
13355,3336,2025-09-09,59591.74,Cancelled
13356,3738,2026-03-08,10320.9,Completed
13357,1232,2026-03-15,26150.19,Shipped
13358,3554,2025-07-30,60964.11,Completed
13359,1104,2025-03-29,62277.08,Pending
13360,4650,2026-01-29,12596.48,Shipped
13361,400,2026-03-13,21470.27,Pending
13362,3487,2026-02-11,12866.8,Shipped
13363,2471,2025-10-23,16319.98,Completed
13364,1127,2025-05-30,80279.19,Pending
13365,1775,2025-09-18,74367.82,Shipped
13366,2799,2025-08-27,0.0,Pending
13367,688,2025-03-13,8802.86,Completed
13368,3264,2026-01-20,32268.04,Cancelled
13369,3515,2025-07-28,3409.58,Shipped
13370,1021,2026-01-10,38096.63,Pending
13371,100,2026-03-07,18497.8,Pending
13372,3632,2025-06-06,7618.17,Completed
13373,3055,2025-03-19,64602.75,Shipped
13374,543,2025-10-05,44779.78,Pending
13375,2974,2025-09-16,0.0,Cancelled
13376,3109,2025-06-26,57521.9,Completed
13377,656,2025-02-04,43651.96,Completed
13378,4893,2026-01-13,32914.77,Completed
13379,2577,2026-01-19,12745.08,Pending
13380,5000,2026-03-01,22619.44,Shipped
13381,4914,2026-02-23,47299.0,Cancelled
13382,2560,2025-05-10,76084.26,Completed
13383,30,2025-11-23,0.0,Pending
13384,3195,2025-06-22,84684.77,Shipped
13385,4053,2025-02-20,156523.13,Shipped
13386,3597,2025-06-02,85329.08,Shipped
13387,4680,2025-06-17,18867.61,Shipped
13388,3546,2025-11-26,18056.63,Shipped
13389,4731,2025-06-03,29462.01,Completed
13390,599,2026-01-31,0.0,Shipped
13391,327,2025-09-11,0.0,Pending
13392,4791,2025-07-07,48808.32,Cancelled
13393,3320,2025-05-24,91498.68,Pending
13394,4723,2025-10-15,11647.64,Shipped
13395,1698,2025-05-17,6963.3,Pending
13396,1307,2026-02-09,54608.76,Completed
13397,2537,2025-08-20,50555.73,Cancelled
13398,3278,2025-07-04,39688.75,Completed
13399,372,2025-04-05,9993.87,Shipped
13400,460,2025-05-31,63626.75,Completed
13401,4502,2025-12-17,12002.96,Completed
13402,3063,2025-11-04,0.0,Pending
13403,839,2025-12-10,38482.39,Completed
13404,4351,2025-03-27,88607.16,Pending
13405,4932,2025-06-14,0.0,Cancelled
13406,1102,2025-08-31,48587.62,Pending
13407,804,2025-09-16,516.84,Completed
13408,4755,2026-01-21,19011.08,Pending
13409,1561,2025-01-21,72536.55,Cancelled
13410,47,2025-10-28,0.0,Completed
13411,4676,2025-10-05,52150.62,Shipped
13412,1576,2025-11-30,0.0,Shipped
13413,2481,2025-05-02,2163.12,Cancelled
13414,1318,2025-08-07,91380.44,Cancelled
13415,4524,2025-03-18,7702.5,Pending
13416,1770,2026-03-16,69591.01,Completed
13417,2088,2025-04-07,21614.44,Shipped
13418,2340,2026-02-10,75137.94,Cancelled
13419,4469,2025-01-07,44382.07,Shipped
13420,253,2025-05-22,57878.13,Completed
13421,4522,2025-09-29,14119.83,Completed
13422,1546,2026-02-19,5705.95,Shipped
13423,4044,2025-09-24,32754.1,Completed
13424,2026,2026-03-15,38024.27,Completed
13425,2549,2026-03-10,80817.75,Pending
13426,961,2025-03-09,72293.36,Completed
13427,3499,2025-06-28,50216.1,Completed
13428,2311,2025-06-19,65370.61,Pending
13429,241,2025-06-17,28672.75,Shipped
13430,4513,2026-03-07,36454.05,Completed
13431,2627,2025-04-13,36270.47,Shipped
13432,2751,2025-01-08,0.0,Shipped
13433,1907,2026-01-15,60506.99,Pending
13434,1245,2026-01-01,0.0,Shipped
13435,3405,2025-10-27,4560.68,Shipped
13436,494,2025-03-25,44811.7,Cancelled
13437,3971,2025-04-06,60323.77,Completed
13438,4870,2025-06-10,24729.6,Completed
13439,3963,2026-02-07,40812.75,Pending
13440,4614,2026-03-19,22145.89,Completed
13441,661,2025-04-07,4830.58,Shipped
13442,3060,2025-12-10,23695.2,Shipped
13443,3855,2026-03-23,65376.53,Shipped
13444,4861,2025-02-15,98168.39,Completed
13445,3318,2025-07-18,3675.25,Cancelled
13446,1835,2025-11-27,7801.31,Completed
13447,3413,2025-09-09,9037.64,Pending
13448,4130,2025-11-18,58817.56,Completed
13449,2244,2026-02-25,85048.6,Completed
13450,3925,2025-02-03,45992.2,Shipped
13451,2145,2025-03-01,20435.11,Completed
13452,3726,2025-07-21,13026.57,Shipped
13453,501,2025-11-21,175750.16,Cancelled
13454,3650,2025-10-14,0.0,Shipped
13455,4468,2025-03-27,0.0,Completed
13456,3995,2025-11-27,29836.2,Completed
13457,22,2026-02-22,36542.38,Cancelled
13458,3435,2025-09-14,46380.65,Pending
13459,3992,2026-03-06,0.0,Completed
13460,819,2025-01-06,79142.5,Shipped
13461,2073,2025-01-28,24803.72,Pending
13462,1953,2025-04-10,25399.83,Shipped
13463,4351,2025-08-03,5383.01,Completed
13464,1324,2026-03-11,52983.3,Completed
13465,4456,2025-04-09,102580.24,Shipped
13466,3134,2025-11-04,13768.86,Shipped
13467,1077,2025-06-08,0.0,Completed
13468,812,2025-06-11,7839.59,Completed
13469,1324,2025-03-15,69694.86,Completed
13470,811,2025-12-12,0.0,Completed
13471,154,2026-01-05,2310.72,Shipped
13472,339,2026-03-15,24930.71,Completed
13473,1604,2025-02-24,87810.18,Completed
13474,2121,2025-02-05,31248.54,Completed
13475,3895,2026-03-11,8584.6,Completed
13476,3073,2025-01-06,41990.77,Cancelled
13477,3880,2025-12-19,50240.62,Shipped
13478,1340,2025-04-13,4001.98,Shipped
13479,516,2025-08-21,84445.32,Cancelled
13480,2770,2025-05-20,137452.09,Completed
13481,280,2025-04-08,39529.15,Pending
13482,3719,2025-05-11,68651.57,Pending
13483,566,2025-10-11,71302.99,Shipped
13484,4642,2025-04-18,25127.39,Cancelled
13485,4475,2025-01-11,31017.69,Completed
13486,184,2025-06-10,12851.16,Completed
13487,1106,2026-03-10,120244.51,Shipped
13488,2676,2025-07-17,0.0,Shipped
13489,390,2025-11-29,2678.09,Completed
13490,437,2025-06-13,16764.28,Completed
13491,3618,2025-12-10,7882.22,Shipped
13492,302,2026-02-08,5043.82,Pending
13493,3385,2026-02-25,23671.46,Shipped
13494,3717,2026-01-25,27290.48,Cancelled
13495,363,2025-02-24,41214.5,Shipped
13496,2275,2025-10-06,64019.37,Pending
13497,4595,2025-07-15,30134.52,Completed
13498,359,2026-01-14,43074.1,Completed
13499,4867,2025-10-19,67213.47,Completed
13500,2613,2025-04-22,7429.75,Cancelled
13501,1238,2026-01-04,18858.07,Completed
13502,4718,2025-05-25,24381.0,Cancelled
13503,146,2025-04-20,6977.05,Pending
13504,4540,2026-02-27,1060.93,Completed
13505,3488,2025-01-11,59185.3,Completed
13506,661,2025-03-11,36215.1,Completed
13507,1409,2025-05-13,3515.69,Pending
13508,4097,2025-11-07,54521.0,Shipped
13509,500,2025-03-30,17945.31,Completed
13510,232,2025-09-03,8588.7,Pending
13511,1602,2025-05-14,9402.04,Shipped
13512,2056,2025-02-27,20913.2,Completed
13513,455,2025-11-30,29709.0,Cancelled
13514,3220,2025-03-26,62164.91,Shipped
13515,727,2025-12-27,23594.99,Shipped
13516,229,2026-02-09,21179.19,Completed
13517,858,2026-02-04,11746.53,Completed
13518,3060,2025-12-19,46385.0,Cancelled
13519,127,2025-11-13,23488.88,Completed
13520,2261,2025-06-19,0.0,Completed
13521,521,2025-06-08,34113.1,Pending
13522,673,2025-04-13,25545.08,Pending
13523,759,2026-02-11,32271.78,Completed
13524,1861,2025-01-16,17144.03,Completed
13525,3618,2025-01-18,22792.05,Cancelled
13526,3261,2025-01-10,6683.17,Shipped
13527,4746,2025-10-31,1496.04,Pending
13528,3210,2025-05-15,77262.78,Pending
13529,4792,2025-01-27,3312.61,Shipped
13530,4120,2025-05-26,105936.47,Cancelled
13531,1763,2026-02-27,19684.47,Completed
13532,4026,2025-10-05,43227.64,Completed
13533,3234,2025-11-28,0.0,Pending
13534,3706,2025-10-03,9201.85,Completed
13535,4098,2025-10-06,53353.48,Shipped
13536,825,2025-12-18,21878.23,Shipped
13537,4079,2026-02-17,56399.81,Cancelled
13538,484,2025-02-14,0.0,Shipped
13539,4166,2025-02-02,25881.99,Completed
13540,424,2025-09-20,18376.25,Completed
13541,710,2025-07-22,12823.79,Completed
13542,2503,2025-03-27,19267.23,Completed
13543,2664,2026-03-12,0.0,Completed
13544,1133,2025-07-09,24750.69,Completed
13545,938,2025-12-10,43269.0,Completed
13546,3109,2025-07-26,42754.59,Completed
13547,4165,2025-06-18,28932.9,Shipped
13548,3826,2025-03-15,49638.37,Cancelled
13549,4493,2025-02-11,84805.79,Completed
13550,4275,2025-05-18,15576.42,Completed
13551,1542,2025-08-15,9638.33,Completed
13552,2287,2025-12-27,2904.06,Shipped
13553,2627,2025-06-30,136257.96,Shipped
13554,1295,2025-01-10,9007.25,Completed
13555,3474,2025-07-09,26697.41,Cancelled
13556,3673,2025-04-24,40743.84,Shipped
13557,2366,2025-09-09,20758.27,Shipped
13558,2706,2025-09-10,34341.28,Completed
13559,4724,2025-01-01,23675.85,Shipped
13560,4753,2025-01-25,63047.21,Cancelled
13561,2178,2025-05-08,10555.21,Completed
13562,4240,2025-07-20,68939.3,Completed
13563,2715,2025-11-14,98285.37,Shipped
13564,3165,2026-02-19,25259.94,Cancelled
13565,991,2025-08-11,29572.68,Completed
13566,2305,2026-03-14,58032.67,Completed
13567,4976,2025-11-06,30274.34,Shipped
13568,2170,2026-03-09,28206.12,Cancelled
13569,561,2025-06-13,16254.0,Pending
13570,2319,2025-07-06,12518.78,Shipped
13571,4770,2025-08-25,0.0,Shipped
13572,4225,2025-07-14,980.6,Completed
13573,1370,2025-02-03,27786.77,Completed
13574,4039,2025-03-03,0.0,Shipped
13575,879,2025-11-16,109807.17,Completed
13576,4462,2025-06-10,0.0,Completed
13577,4420,2025-04-25,22670.1,Shipped
13578,689,2025-02-02,38574.71,Cancelled
13579,3233,2026-01-12,27708.32,Shipped
13580,292,2025-12-08,62515.2,Completed
13581,2201,2025-05-20,29481.77,Completed
13582,1525,2025-07-26,0.0,Pending
13583,124,2025-05-05,76065.46,Shipped
13584,3661,2025-05-18,44146.18,Shipped
13585,793,2025-12-24,0.0,Cancelled
13586,290,2025-06-17,58001.44,Shipped
13587,3603,2025-04-23,12675.12,Pending
13588,3287,2025-07-13,102947.39,Shipped
13589,4152,2025-10-02,37492.49,Completed
13590,1935,2025-11-26,50548.31,Cancelled
13591,1351,2025-01-08,49354.34,Completed
13592,1768,2026-02-21,0.0,Cancelled
13593,667,2025-12-13,38560.14,Completed
13594,3919,2025-05-03,45233.44,Cancelled
13595,1564,2025-05-16,30558.91,Completed
13596,3893,2025-04-09,24999.92,Completed
13597,2889,2025-03-02,72316.44,Shipped
13598,1020,2025-07-28,46281.75,Shipped
13599,174,2025-03-26,49319.6,Shipped
13600,1903,2026-03-02,40733.44,Shipped
13601,788,2025-09-17,9250.25,Completed
13602,172,2025-01-26,73216.4,Completed
13603,30,2026-01-15,28295.69,Shipped
13604,2561,2025-05-10,25546.02,Pending
13605,4380,2025-06-11,3236.96,Completed
13606,4932,2025-10-23,94965.36,Completed
13607,3852,2025-04-10,38719.32,Shipped
13608,4774,2025-04-04,2663.77,Completed
13609,1485,2025-09-29,17539.98,Completed
13610,4789,2026-03-09,37865.85,Shipped
13611,1873,2025-02-23,19705.55,Cancelled
13612,4070,2025-12-30,25993.5,Shipped
13613,238,2026-01-15,2168.13,Completed
13614,4971,2026-02-01,57353.37,Shipped
13615,155,2025-05-09,679.17,Shipped
13616,4585,2025-02-05,34491.04,Shipped
13617,247,2025-07-25,133325.74,Completed
13618,2388,2026-02-15,3757.64,Completed
13619,3294,2025-10-25,33074.21,Cancelled
13620,1026,2025-03-17,995.65,Shipped
13621,2065,2025-12-30,37812.74,Shipped
13622,2426,2025-07-06,35098.48,Completed
13623,3625,2025-03-28,37198.76,Shipped
13624,2852,2026-02-28,77857.37,Cancelled
13625,1658,2025-11-28,36327.92,Pending
13626,4706,2025-02-13,29722.51,Completed
13627,134,2026-03-06,44339.54,Pending
13628,4402,2026-02-01,44392.55,Shipped
13629,417,2026-02-13,0.0,Cancelled
13630,3384,2025-03-03,38164.17,Completed
13631,899,2025-04-03,17714.91,Shipped
13632,3689,2026-01-11,0.0,Completed
13633,3768,2025-10-31,26517.54,Completed
13634,1286,2025-09-14,30382.76,Shipped
13635,1136,2026-03-24,78633.96,Shipped
13636,4045,2025-05-15,27247.77,Shipped
13637,4449,2025-08-14,48849.1,Shipped
13638,3730,2026-02-25,0.0,Cancelled
13639,4286,2026-02-20,0.0,Shipped
13640,3730,2025-04-04,56439.67,Completed
13641,4817,2025-05-31,63163.29,Shipped
13642,871,2025-02-12,14062.76,Completed
13643,1267,2025-02-16,34753.88,Completed
13644,2101,2025-09-10,18050.19,Shipped
13645,4840,2026-03-06,25751.88,Shipped
13646,2778,2025-08-11,24011.66,Cancelled
13647,333,2025-04-18,48817.85,Shipped
13648,1548,2025-05-21,40989.18,Shipped
13649,4029,2025-09-24,38591.17,Shipped
13650,2250,2025-02-07,48854.59,Completed
13651,232,2026-02-22,17249.24,Shipped
13652,4413,2025-12-14,72501.99,Completed
13653,2904,2025-01-06,15720.7,Completed
13654,4141,2026-03-17,20268.76,Cancelled
13655,3364,2025-07-21,0.0,Shipped
13656,1604,2026-01-09,48256.51,Pending
13657,3250,2025-06-28,4549.44,Shipped
13658,4103,2026-03-26,94081.52,Completed
13659,1790,2026-01-19,0.0,Shipped
13660,4473,2026-01-25,57935.21,Completed
13661,4082,2026-02-07,86618.44,Completed
13662,294,2025-10-17,13390.45,Completed
13663,4853,2025-03-28,88781.41,Pending
13664,2492,2025-09-16,13971.96,Completed
13665,554,2025-01-01,44621.33,Completed
13666,66,2025-04-17,62158.8,Shipped
13667,3195,2026-03-07,32003.61,Cancelled
13668,3887,2025-02-11,58479.39,Pending
13669,2743,2025-10-17,58901.83,Cancelled
13670,4264,2025-08-09,37834.97,Cancelled
13671,2771,2026-01-10,22471.22,Completed
13672,4954,2025-11-19,68822.24,Completed
13673,1262,2025-07-07,0.0,Pending
13674,2046,2025-09-17,50792.94,Completed
13675,3367,2025-10-21,19517.64,Shipped
13676,2220,2025-08-29,49130.3,Shipped
13677,1521,2025-10-12,27438.37,Shipped
13678,2084,2025-05-30,43339.4,Completed
13679,3827,2025-03-15,64365.57,Completed
13680,3548,2025-12-17,61101.92,Cancelled
13681,1327,2025-04-17,23504.96,Cancelled
13682,226,2026-03-09,0.0,Completed
13683,4518,2025-06-21,405.26,Cancelled
13684,4425,2026-03-22,19474.26,Pending
13685,1558,2025-06-02,7037.2,Completed
13686,2119,2026-02-03,66194.09,Shipped
13687,1433,2025-11-07,32339.49,Completed
13688,1051,2025-09-22,83295.85,Cancelled
13689,1843,2026-02-21,49071.25,Completed
13690,4873,2025-05-10,75153.32,Shipped
13691,2154,2025-01-11,44255.29,Completed
13692,2477,2025-12-02,40521.47,Completed
13693,2401,2025-03-23,19655.6,Shipped
13694,4768,2026-03-26,48868.54,Completed
13695,2137,2025-10-31,0.0,Completed
13696,4223,2026-03-21,0.0,Completed
13697,3433,2025-12-31,27657.88,Completed
13698,2195,2025-06-22,29999.49,Pending
13699,3907,2025-01-09,20041.08,Pending
13700,926,2025-01-07,41101.61,Shipped
13701,2579,2025-06-16,32580.47,Shipped
13702,4028,2025-10-25,62087.1,Shipped
13703,2414,2025-01-18,27839.94,Shipped
13704,4202,2025-01-11,0.0,Shipped
13705,3186,2025-06-24,0.0,Cancelled
13706,4658,2025-09-27,0.0,Shipped
13707,1813,2026-03-04,43296.9,Cancelled
13708,4941,2026-03-16,6622.36,Pending
13709,3366,2025-03-22,42081.14,Completed
13710,1865,2025-07-28,51047.88,Shipped
13711,169,2025-05-28,73885.85,Shipped
13712,4501,2025-04-18,21403.32,Completed
13713,4453,2025-02-19,20916.76,Cancelled
13714,4421,2025-09-28,38606.61,Completed
13715,1523,2026-02-12,64743.83,Shipped
13716,2484,2025-03-28,65959.16,Completed
13717,1560,2025-01-31,22711.92,Completed
13718,134,2025-08-30,20636.27,Completed
13719,3289,2025-03-21,48112.4,Shipped
13720,2960,2025-09-02,69608.02,Shipped
13721,640,2025-08-13,15864.28,Completed
13722,3698,2025-02-02,2173.99,Pending
13723,3749,2026-03-26,31596.08,Completed
13724,4004,2025-05-19,0.0,Completed
13725,3249,2025-08-23,26781.75,Shipped
13726,998,2025-06-25,53950.89,Completed
13727,4934,2025-01-01,35529.92,Shipped
13728,3800,2025-01-08,53115.46,Completed
13729,4303,2025-04-08,14333.99,Shipped
13730,211,2025-06-02,101902.42,Completed
13731,2266,2026-03-07,26325.24,Shipped
13732,878,2026-02-19,0.0,Cancelled
13733,4279,2025-06-30,105485.91,Shipped
13734,1857,2026-03-11,20082.64,Completed
13735,1460,2025-04-08,41527.32,Shipped
13736,4540,2025-03-24,26455.44,Shipped
13737,2496,2026-03-18,0.0,Completed
13738,785,2025-11-13,12851.16,Shipped
13739,887,2026-01-08,0.0,Completed
13740,1301,2025-05-24,20344.44,Pending
13741,943,2026-01-20,56791.49,Pending
13742,2726,2025-09-24,41511.7,Shipped
13743,3640,2025-11-26,135891.67,Shipped
13744,3356,2025-11-28,132996.66,Shipped
13745,4345,2025-11-15,35423.04,Pending
13746,3442,2025-04-23,19452.62,Shipped
13747,3570,2025-02-09,19587.75,Cancelled
13748,191,2025-02-01,48715.26,Completed
13749,649,2025-12-03,55451.73,Shipped
13750,70,2025-08-02,44850.15,Completed
13751,1411,2025-12-21,75975.4,Cancelled
13752,2189,2026-01-08,52713.04,Completed
13753,3369,2025-08-28,79076.63,Shipped
13754,3544,2026-03-01,78418.89,Completed
13755,2419,2025-08-03,16353.8,Shipped
13756,2162,2025-02-01,0.0,Pending
13757,4552,2025-01-07,57495.59,Cancelled
13758,2407,2025-08-06,89214.78,Cancelled
13759,2003,2025-04-04,70546.26,Shipped
13760,1115,2025-09-23,29292.67,Pending
13761,3152,2026-01-03,31524.63,Completed
13762,992,2025-07-25,70891.77,Completed
13763,4492,2025-06-09,88067.4,Shipped
13764,4216,2025-08-18,42046.24,Completed
13765,4569,2025-05-18,78667.91,Completed
13766,2889,2025-10-12,30768.98,Completed
13767,1987,2025-01-27,14865.39,Completed
13768,904,2025-02-14,21101.86,Shipped
13769,3781,2025-05-28,4653.8,Completed
13770,494,2025-11-08,46891.98,Shipped
13771,1454,2025-08-11,15897.39,Shipped
13772,1191,2025-04-23,33966.91,Shipped
13773,2452,2025-11-05,9035.35,Completed
13774,4276,2026-01-17,19955.08,Pending
13775,1862,2025-12-01,58380.4,Completed
13776,2901,2025-11-04,8634.83,Shipped
13777,238,2025-09-20,0.0,Completed
13778,3223,2025-08-30,60740.86,Shipped
13779,3461,2025-04-05,33484.7,Cancelled
13780,4337,2025-04-07,11055.84,Cancelled
13781,3981,2025-10-23,89253.03,Completed
13782,3405,2025-02-11,42728.03,Pending
13783,4918,2025-01-14,11326.26,Shipped
13784,4310,2025-10-02,66340.04,Cancelled
13785,1399,2025-12-08,47795.86,Shipped
13786,3370,2025-06-01,64174.43,Cancelled
13787,1626,2025-11-23,39314.86,Shipped
13788,4630,2025-05-16,13522.44,Completed
13789,4552,2025-07-07,60132.12,Shipped
13790,667,2025-07-08,189538.25,Cancelled
13791,3405,2025-10-20,0.0,Completed
13792,1897,2025-07-16,50033.42,Pending
13793,4334,2025-12-06,32763.51,Pending
13794,2586,2025-07-22,56945.17,Pending
13795,4656,2026-02-20,42361.05,Shipped
13796,2746,2025-01-20,5663.8,Cancelled
13797,1798,2025-03-05,28140.45,Shipped
13798,4623,2026-01-29,6942.27,Completed
13799,2642,2025-05-11,61152.46,Cancelled
13800,2858,2025-08-02,39216.19,Pending
13801,1187,2026-01-08,41989.32,Pending
13802,4002,2025-12-27,34409.3,Shipped
13803,2778,2025-08-20,10404.83,Completed
13804,2564,2026-02-20,23738.37,Completed
13805,4253,2026-01-24,37563.34,Shipped
13806,3670,2025-12-29,80741.72,Cancelled
13807,4966,2025-05-28,18758.34,Shipped
13808,2858,2025-05-04,4249.98,Shipped
13809,1258,2026-01-16,29059.4,Shipped
13810,25,2025-04-16,3065.91,Shipped
13811,291,2026-01-27,1936.3,Pending
13812,3863,2025-12-11,69134.5,Cancelled
13813,3190,2026-03-27,58125.75,Completed
13814,1413,2026-02-04,17612.84,Pending
13815,4510,2025-10-12,44143.13,Shipped
13816,1867,2025-06-08,51095.15,Completed
13817,3929,2025-10-23,53994.4,Cancelled
13818,1702,2025-07-12,28714.14,Pending
13819,398,2025-08-20,2173.99,Pending
13820,2416,2026-03-07,11565.34,Completed
13821,4592,2025-10-05,24444.97,Pending
13822,2878,2025-11-16,47175.42,Shipped
13823,2035,2025-11-11,17595.9,Cancelled
13824,3194,2025-06-09,73552.35,Shipped
13825,501,2025-07-25,18210.54,Completed
13826,792,2025-03-12,39003.61,Completed
13827,3752,2025-08-13,36431.34,Cancelled
13828,2617,2026-02-19,48044.4,Completed
13829,4311,2025-08-21,5078.78,Completed
13830,1653,2025-08-06,43929.23,Completed
13831,2129,2025-06-21,22338.84,Completed
13832,2767,2025-04-21,34408.99,Shipped
13833,4507,2025-04-22,19446.98,Shipped
13834,1387,2025-03-17,42096.51,Completed
13835,1247,2026-02-14,32732.46,Shipped
13836,76,2025-06-20,26699.97,Cancelled
13837,1621,2025-07-24,10982.92,Completed
13838,341,2025-06-17,5277.9,Shipped
13839,2449,2025-12-05,38041.65,Shipped
13840,384,2025-06-25,32220.52,Pending
13841,2450,2025-11-21,40177.31,Shipped
13842,1078,2025-01-27,24213.53,Cancelled
13843,4526,2025-07-04,13506.68,Completed
13844,4110,2025-08-16,0.0,Completed
13845,3406,2025-11-22,51424.02,Shipped
13846,1645,2025-01-19,57867.58,Pending
13847,83,2026-02-02,5157.46,Pending
13848,2254,2025-08-11,8735.14,Pending
13849,4565,2025-06-29,17343.8,Shipped
13850,2045,2026-02-04,14701.0,Completed
13851,1421,2025-06-15,56881.65,Completed
13852,1928,2025-07-05,34073.93,Pending
13853,3813,2025-12-28,27577.42,Shipped
13854,1748,2026-01-04,42541.42,Shipped
13855,565,2025-11-22,42558.05,Completed
13856,2894,2025-01-26,6053.48,Cancelled
13857,1945,2025-10-28,3398.58,Shipped
13858,933,2026-03-25,40852.04,Completed
13859,4055,2025-05-21,7355.48,Completed
13860,1363,2025-11-22,76514.99,Shipped
13861,1753,2026-03-26,24360.96,Shipped
13862,466,2025-02-23,10320.9,Cancelled
13863,534,2025-02-05,52963.66,Completed
13864,4974,2025-09-14,14412.56,Completed
13865,2301,2025-09-23,8566.05,Shipped
13866,250,2025-12-18,884.97,Completed
13867,1944,2025-08-19,22554.6,Completed
13868,4291,2025-11-12,7228.43,Completed
13869,4222,2025-02-16,12111.6,Completed
13870,2722,2026-01-08,106640.88,Completed
13871,504,2025-05-02,207355.59,Completed
13872,4298,2026-03-05,37632.07,Shipped
13873,4351,2025-07-28,89165.74,Cancelled
13874,4351,2025-01-23,41626.74,Cancelled
13875,925,2026-03-25,55957.68,Completed
13876,3080,2025-04-21,0.0,Shipped
13877,155,2025-10-10,16004.42,Completed
13878,1117,2025-01-16,14268.31,Completed
13879,4508,2025-12-28,64014.29,Pending
13880,4097,2025-09-20,21652.63,Shipped
13881,2659,2025-05-11,24009.97,Shipped
13882,1098,2025-03-13,23599.65,Cancelled
13883,60,2025-08-16,0.0,Shipped
13884,998,2026-02-08,104510.32,Pending
13885,3506,2026-01-07,0.0,Shipped
13886,1816,2026-02-25,70910.84,Completed
13887,376,2025-12-24,32380.23,Cancelled
13888,812,2025-10-31,32712.56,Completed
13889,2382,2026-03-09,17056.17,Pending
13890,2177,2025-07-17,55463.24,Shipped
13891,3461,2025-10-05,5934.47,Shipped
13892,4178,2025-11-11,124333.31,Completed
13893,2639,2025-09-12,23571.22,Shipped
13894,4887,2025-03-20,4995.3,Cancelled
13895,1909,2025-06-27,0.0,Shipped
13896,307,2025-07-04,47582.71,Completed
13897,1421,2025-07-04,69012.51,Shipped
13898,1926,2025-09-26,9305.56,Completed
13899,1715,2025-01-26,25128.48,Shipped
13900,1614,2025-11-11,155055.93,Shipped
13901,3593,2026-03-23,30536.12,Completed
13902,1834,2025-12-07,69600.8,Completed
13903,1632,2025-12-10,80024.02,Completed
13904,596,2025-08-23,72718.97,Completed
13905,2358,2025-06-13,798.26,Completed
13906,756,2026-03-13,33890.03,Completed
13907,975,2025-04-30,15232.96,Pending
13908,2783,2025-07-13,10547.07,Completed
13909,280,2025-11-16,29560.0,Shipped
13910,1551,2025-10-30,27781.02,Cancelled
13911,679,2025-11-24,52013.0,Completed
13912,3018,2025-06-19,14122.41,Completed
13913,2761,2025-02-03,0.0,Shipped
13914,1897,2026-01-01,55747.37,Completed
13915,1009,2025-01-12,69406.11,Shipped
13916,3441,2025-06-28,52889.4,Cancelled
13917,410,2025-10-12,33032.45,Cancelled
13918,4329,2026-02-09,139437.89,Shipped
13919,3379,2025-08-01,14508.63,Completed
13920,4548,2025-01-18,114688.16,Completed
13921,3137,2025-03-16,116138.84,Completed
13922,3014,2025-06-16,6523.02,Completed
13923,4232,2026-01-19,50334.39,Completed
13924,488,2026-01-02,0.0,Shipped
13925,686,2025-08-27,95204.51,Shipped
13926,1260,2025-07-27,16064.51,Cancelled
13927,4835,2025-10-23,26694.77,Cancelled
13928,2714,2025-04-23,89118.5,Shipped
13929,4240,2025-11-23,59964.38,Shipped
13930,3749,2025-04-08,64992.43,Pending
13931,436,2025-09-22,47934.71,Completed
13932,851,2026-02-13,29518.14,Pending
13933,4436,2025-04-15,48211.94,Completed
13934,1862,2025-12-22,37544.91,Shipped
13935,1341,2026-02-23,18973.41,Completed
13936,157,2025-04-22,29208.41,Completed
13937,3874,2026-02-14,0.0,Completed
13938,1940,2025-04-23,42853.59,Completed
13939,2258,2025-01-17,27040.39,Cancelled
13940,4857,2025-04-09,9786.82,Cancelled
13941,2855,2025-08-13,75419.35,Cancelled
13942,1115,2025-12-27,32674.89,Cancelled
13943,3951,2025-01-30,0.0,Completed
13944,1791,2025-10-17,44354.33,Pending
13945,4954,2025-07-19,7660.5,Completed
13946,2595,2025-01-11,42800.05,Completed
13947,1326,2025-09-20,12574.99,Pending
13948,485,2025-05-27,16825.95,Cancelled
13949,2056,2025-08-20,58336.63,Shipped
13950,3817,2025-06-19,33731.83,Shipped
13951,2533,2025-09-12,44268.86,Cancelled
13952,4899,2026-03-25,2903.35,Pending
13953,1537,2025-03-22,172449.58,Completed
13954,2534,2025-08-30,102738.87,Pending
13955,183,2025-07-02,80826.52,Shipped
13956,4959,2025-06-04,31078.54,Cancelled
13957,3067,2025-11-29,90946.95,Completed
13958,1,2025-03-19,18482.65,Completed
13959,815,2026-01-17,32546.18,Shipped
13960,1694,2026-03-13,23974.52,Shipped
13961,663,2026-03-03,53640.82,Pending
13962,2848,2025-08-08,24659.22,Pending
13963,1841,2025-05-28,5696.42,Completed
13964,565,2025-08-13,0.0,Completed
13965,703,2025-06-07,0.0,Completed
13966,3280,2025-07-02,22347.62,Completed
13967,1957,2025-03-27,95037.58,Shipped
13968,2771,2025-03-07,38465.26,Completed
13969,1223,2026-03-11,77088.88,Pending
13970,2782,2025-03-18,29099.4,Cancelled
13971,1202,2026-03-10,26380.68,Completed
13972,1428,2025-05-25,79070.24,Completed
13973,1132,2025-04-04,46739.55,Pending
13974,824,2025-02-18,15811.66,Completed
13975,2473,2025-07-05,0.0,Pending
13976,1216,2025-09-17,45795.19,Completed
13977,4005,2025-03-05,74519.72,Pending
13978,1219,2025-06-12,52958.52,Shipped
13979,4943,2026-01-12,69754.2,Shipped
13980,929,2025-12-21,54546.05,Completed
13981,1865,2025-05-11,40133.06,Shipped
13982,4196,2026-03-05,45162.81,Completed
13983,360,2025-10-01,32971.6,Completed
13984,2654,2026-03-01,51487.93,Completed
13985,4400,2025-10-22,94216.47,Completed
13986,684,2025-09-17,0.0,Cancelled
13987,2267,2026-01-19,0.0,Completed
13988,118,2025-07-06,83827.24,Completed
13989,3289,2025-07-27,73933.52,Completed
13990,3861,2025-03-30,0.0,Cancelled
13991,1647,2026-02-14,8474.03,Completed
13992,3765,2025-04-03,0.0,Completed
13993,2147,2026-02-13,85432.4,Pending
13994,298,2025-02-02,93250.28,Completed
13995,930,2026-03-25,87371.57,Shipped
13996,3280,2025-05-11,59705.73,Shipped
13997,3091,2026-02-12,111268.46,Cancelled
13998,2110,2025-10-08,13416.84,Shipped
13999,982,2026-03-26,33176.2,Cancelled
14000,2268,2025-05-13,10116.74,Completed
14001,87,2025-04-08,64818.75,Completed
14002,4557,2025-10-18,3464.18,Completed
14003,1393,2025-08-27,30332.34,Pending
14004,3847,2025-05-04,73268.24,Completed
14005,3655,2025-10-26,50603.64,Shipped
14006,940,2025-05-16,4087.88,Pending
14007,1655,2026-03-18,69798.85,Completed
14008,1542,2025-06-08,32430.98,Cancelled
14009,2240,2025-07-17,0.0,Pending
14010,176,2026-02-20,28913.35,Pending
14011,43,2025-08-31,49953.61,Completed
14012,2576,2025-12-05,42373.26,Shipped
14013,3830,2025-05-10,115569.41,Cancelled
14014,2698,2025-10-26,12394.7,Completed
14015,635,2025-04-15,81640.69,Shipped
14016,4402,2025-08-05,40627.32,Completed
14017,4879,2026-01-03,37191.12,Pending
14018,540,2025-08-25,28206.12,Completed
14019,417,2025-12-26,100230.07,Cancelled
14020,1470,2025-09-22,10362.2,Shipped
14021,242,2026-01-31,45659.12,Completed
14022,4067,2025-10-16,60027.28,Pending
14023,3239,2025-09-27,25854.24,Pending
14024,3324,2025-08-02,43499.2,Cancelled
14025,3710,2025-11-29,42005.8,Completed
14026,4294,2026-01-08,27323.27,Cancelled
14027,1455,2025-01-04,16563.05,Pending
14028,409,2025-02-14,9079.9,Completed
14029,3323,2025-12-17,75359.44,Completed
14030,2279,2025-03-25,117325.34,Shipped
14031,975,2025-11-21,8015.34,Shipped
14032,3319,2025-11-13,35418.96,Completed
14033,4979,2025-12-12,14844.1,Shipped
14034,1074,2025-12-28,51380.83,Shipped
14035,2316,2025-07-16,94640.94,Shipped
14036,2557,2025-08-06,54805.04,Cancelled
14037,981,2025-05-25,59626.35,Completed
14038,2004,2025-01-18,105475.59,Completed
14039,1616,2025-03-13,93196.75,Completed
14040,4232,2025-03-24,42500.89,Completed
14041,2612,2025-05-29,29725.0,Completed
14042,2765,2026-02-19,51150.18,Completed
14043,1274,2025-01-31,5911.04,Completed
14044,1155,2025-06-12,33399.82,Completed
14045,284,2025-07-30,43493.33,Shipped
14046,4603,2025-06-17,96937.47,Pending
14047,2615,2026-03-15,19514.34,Completed
14048,744,2025-08-21,36638.28,Completed
14049,3862,2025-06-15,46699.66,Shipped
14050,188,2025-05-11,4607.8,Completed
14051,1557,2025-11-24,23420.71,Shipped
14052,2624,2026-01-17,0.0,Pending
14053,290,2026-03-13,16141.0,Completed
14054,553,2025-12-21,9150.54,Completed
14055,58,2025-12-16,0.0,Cancelled
14056,2010,2025-03-31,9702.5,Pending
14057,2097,2025-04-28,2187.71,Pending
14058,1183,2025-02-21,19669.64,Shipped
14059,70,2025-03-01,69887.94,Cancelled
14060,3864,2025-02-09,72277.63,Completed
14061,1990,2025-05-05,110570.94,Completed
14062,2253,2025-06-05,0.0,Shipped
14063,3453,2026-01-31,93608.66,Cancelled
14064,2310,2026-02-03,80498.89,Shipped
14065,4128,2025-10-04,28404.9,Pending
14066,2263,2025-09-07,15561.82,Pending
14067,1583,2026-02-26,0.0,Shipped
14068,2084,2025-12-19,0.0,Completed
14069,4442,2026-03-17,74435.17,Shipped
14070,1851,2025-11-10,91325.42,Shipped
14071,1788,2026-01-30,98388.19,Shipped
14072,973,2025-06-01,12140.36,Completed
14073,1811,2025-01-06,19717.92,Pending
14074,1045,2025-03-04,14679.61,Completed
14075,2745,2026-02-11,84568.79,Shipped
14076,2904,2025-07-24,63333.31,Completed
14077,3854,2025-10-24,22955.38,Cancelled
14078,1338,2025-03-09,0.0,Shipped
14079,4193,2025-08-11,36273.9,Completed
14080,2224,2025-05-13,38606.69,Shipped
14081,4920,2025-11-28,113859.37,Completed
14082,3085,2025-05-04,63972.35,Cancelled
14083,3672,2025-08-26,19715.12,Pending
14084,729,2025-02-23,33347.94,Completed
14085,875,2026-02-05,69460.97,Cancelled
14086,4585,2025-08-13,76796.52,Shipped
14087,679,2025-11-03,93393.84,Shipped
14088,4898,2025-09-04,63756.37,Shipped
14089,3958,2025-03-02,0.0,Shipped
14090,3601,2026-02-25,41415.1,Completed
14091,1381,2025-04-15,41886.94,Shipped
14092,285,2025-04-11,74625.39,Completed
14093,873,2025-03-17,42037.2,Completed
14094,402,2025-08-15,44757.78,Pending
14095,4255,2025-10-06,81314.0,Shipped
14096,4551,2025-06-09,17654.5,Completed
14097,2702,2026-03-24,0.0,Completed
14098,2672,2025-12-18,61155.4,Shipped
14099,2692,2026-02-14,13776.09,Cancelled
14100,1036,2025-10-14,13033.45,Pending
14101,1256,2025-11-30,16289.94,Completed
14102,3337,2025-12-15,12140.65,Shipped
14103,525,2025-02-08,28428.42,Completed
14104,4911,2025-10-20,0.0,Completed
14105,4812,2026-01-28,78947.65,Shipped
14106,3819,2025-09-27,85391.98,Completed
14107,4897,2026-02-24,21836.03,Shipped
14108,2246,2025-09-08,86463.13,Completed
14109,3311,2025-04-18,22289.25,Completed
14110,2484,2025-08-27,68531.68,Completed
14111,2418,2025-07-04,73718.22,Completed
14112,4470,2025-08-08,65729.54,Shipped
14113,1220,2025-09-22,62812.16,Shipped
14114,3856,2025-10-19,30666.47,Shipped
14115,3811,2025-05-21,148153.14,Pending
14116,1418,2025-06-07,39789.92,Completed
14117,2717,2025-02-08,67464.99,Completed
14118,1234,2025-11-28,20162.37,Shipped
14119,1929,2025-06-12,37509.12,Shipped
14120,568,2025-06-14,159278.28,Cancelled
14121,4138,2025-08-01,34853.38,Completed
14122,1713,2025-05-07,61309.03,Completed
14123,268,2025-02-25,75871.28,Shipped
14124,2960,2025-01-05,22943.88,Completed
14125,1796,2025-04-03,20000.0,Cancelled
14126,644,2025-02-27,0.0,Completed
14127,1848,2025-08-09,84126.12,Shipped
14128,8,2025-10-31,24927.16,Completed
14129,4992,2025-10-21,52395.9,Shipped
14130,4835,2025-07-30,15745.6,Completed
14131,811,2025-04-16,66242.41,Completed
14132,2688,2025-12-26,46933.85,Shipped
14133,4573,2025-11-23,7779.87,Shipped
14134,1029,2025-08-15,40086.24,Pending
14135,2897,2025-01-18,77580.84,Cancelled
14136,889,2025-07-09,22199.43,Shipped
14137,4346,2025-08-18,9178.8,Pending
14138,2458,2025-05-11,0.0,Shipped
14139,1875,2026-01-12,2274.72,Pending
14140,3953,2025-09-24,19655.6,Shipped
14141,3529,2025-02-05,0.0,Completed
14142,1725,2025-07-30,38391.73,Completed
14143,2867,2026-01-03,19130.86,Completed
14144,4919,2025-11-03,17349.69,Pending
14145,2647,2025-10-14,37810.4,Pending
14146,4379,2026-01-23,76658.36,Pending
14147,504,2026-01-03,79151.18,Completed
14148,127,2026-02-14,33831.52,Completed
14149,4733,2025-07-18,18746.87,Completed
14150,3608,2025-02-15,26891.8,Completed
14151,699,2025-07-18,6826.23,Shipped
14152,454,2026-03-04,83831.27,Completed
14153,3871,2026-02-16,37381.26,Shipped
14154,2948,2025-02-18,27528.63,Completed
14155,1880,2025-05-27,43541.25,Completed
14156,3383,2025-04-30,11187.47,Completed
14157,655,2025-01-07,118112.82,Pending
14158,1861,2025-12-17,5137.22,Shipped
14159,1155,2025-09-15,45055.7,Shipped
14160,723,2025-04-19,112101.22,Pending
14161,773,2025-07-16,0.0,Shipped
14162,310,2026-02-03,46036.83,Pending
14163,2746,2026-02-14,95168.89,Completed
14164,2473,2025-05-23,58675.44,Completed
14165,1746,2025-11-28,53250.36,Cancelled
14166,1039,2026-02-16,18649.96,Shipped
14167,2169,2025-04-13,20726.97,Completed
14168,2191,2025-12-18,141578.96,Completed
14169,4791,2026-03-17,54339.7,Pending
14170,1819,2025-06-15,53406.35,Completed
14171,759,2025-10-10,45185.55,Completed
14172,1406,2025-01-23,34554.99,Cancelled
14173,1252,2026-03-24,42207.22,Completed
14174,4373,2026-01-05,24963.09,Cancelled
14175,4096,2025-11-25,49662.93,Completed
14176,2554,2025-06-23,0.0,Completed
14177,245,2025-05-08,32945.59,Completed
14178,3230,2025-06-29,22115.17,Pending
14179,1147,2025-11-17,46314.67,Pending
14180,1432,2025-08-08,88226.28,Shipped
14181,4804,2026-02-17,7393.06,Completed
14182,1742,2025-02-24,39042.65,Pending
14183,1671,2026-01-27,23800.23,Pending
14184,2614,2025-11-09,31816.69,Completed
14185,854,2025-05-01,124329.74,Completed
14186,3374,2025-05-04,41755.95,Shipped
14187,510,2025-05-08,54962.28,Cancelled
14188,3116,2025-12-10,39181.4,Cancelled
14189,4850,2025-12-30,0.0,Shipped
14190,921,2025-01-31,32698.13,Cancelled
14191,1880,2025-05-20,0.0,Completed
14192,1783,2025-09-05,23697.0,Pending
14193,3936,2025-12-23,23042.98,Cancelled
14194,2372,2025-01-28,13445.14,Cancelled
14195,114,2025-11-26,29814.92,Shipped
14196,3881,2025-07-25,36370.84,Pending
14197,2162,2026-02-09,66936.05,Completed
14198,133,2025-03-19,33023.75,Shipped
14199,4551,2025-06-22,84778.04,Cancelled
14200,214,2026-02-22,19725.32,Completed
14201,4802,2026-01-17,4976.39,Completed
14202,2771,2025-09-30,116266.91,Pending
14203,895,2025-09-17,61461.86,Shipped
14204,3264,2026-02-09,86173.66,Shipped
14205,2468,2025-07-17,54299.71,Completed
14206,4567,2025-12-08,29002.7,Shipped
14207,4515,2026-03-18,73922.24,Completed
14208,844,2025-10-13,0.0,Completed
14209,4815,2025-12-14,27555.43,Shipped
14210,1918,2025-01-01,23382.23,Completed
14211,4277,2025-12-15,13380.84,Shipped
14212,186,2026-01-25,69232.96,Completed
14213,93,2026-01-22,8809.81,Cancelled
14214,308,2025-04-07,30098.83,Completed
14215,4770,2025-04-23,73789.4,Completed
14216,2425,2025-09-28,10386.52,Completed
14217,3915,2025-06-17,37110.21,Completed
14218,1882,2025-09-18,3518.6,Completed
14219,3910,2026-03-09,12505.64,Completed
14220,1327,2025-10-16,0.0,Shipped
14221,3928,2025-01-25,25491.69,Cancelled
14222,1590,2025-09-16,8407.44,Pending
14223,3661,2025-09-25,0.0,Completed
14224,4652,2025-04-24,16725.6,Completed
14225,3597,2025-09-09,30756.16,Completed
14226,1762,2025-01-02,15815.32,Completed
14227,760,2025-12-07,0.0,Completed
14228,1338,2026-03-22,3800.6,Completed
14229,1033,2025-09-06,7882.22,Shipped
14230,555,2025-07-04,19870.34,Completed
14231,2853,2025-07-26,4563.94,Completed
14232,4349,2025-10-26,48322.35,Completed
14233,4301,2025-04-24,39848.75,Pending
14234,4061,2025-08-11,0.0,Completed
14235,4048,2026-03-17,72297.39,Pending
14236,756,2026-03-20,9833.42,Completed
14237,1592,2025-09-15,0.0,Shipped
14238,3812,2025-06-27,8002.21,Completed
14239,424,2025-05-01,0.0,Pending
14240,4553,2025-12-17,26514.97,Completed
14241,3166,2025-05-10,13995.8,Completed
14242,4463,2025-06-25,74836.07,Pending
14243,2158,2025-04-01,55132.73,Pending
14244,4651,2025-10-08,3468.76,Completed
14245,2440,2025-08-23,59818.39,Shipped
14246,2425,2025-05-19,52195.24,Shipped
14247,277,2025-03-15,18753.35,Completed
14248,306,2025-05-22,29167.96,Completed
14249,3999,2025-11-13,73589.82,Shipped
14250,3054,2025-01-16,114755.28,Completed
14251,2084,2025-07-30,6301.48,Shipped
14252,1736,2025-05-20,27657.88,Completed
14253,1810,2025-03-30,46083.91,Shipped
14254,784,2025-08-10,33291.52,Completed
14255,3002,2025-03-27,76197.49,Pending
14256,2614,2025-11-29,0.0,Shipped
14257,3058,2025-04-18,53150.66,Cancelled
14258,2891,2026-02-22,55987.76,Shipped
14259,3480,2026-03-09,33106.68,Shipped
14260,1130,2025-07-01,33826.58,Shipped
14261,130,2025-08-21,78626.75,Cancelled
14262,58,2026-03-14,83447.84,Completed
14263,1829,2025-06-21,1837.72,Pending
14264,4147,2025-12-29,54605.56,Completed
14265,1094,2025-04-16,30982.6,Cancelled
14266,1701,2025-06-08,13012.04,Completed
14267,4215,2025-10-03,0.0,Completed
14268,4272,2025-04-20,9937.83,Shipped
14269,133,2025-01-23,36915.82,Completed
14270,753,2025-01-01,44281.7,Cancelled
14271,31,2025-06-27,87792.18,Completed
14272,4208,2025-02-01,53301.42,Shipped
14273,1571,2026-03-22,74833.43,Completed
14274,2717,2025-02-25,20826.81,Pending
14275,4277,2025-02-09,6055.8,Shipped
14276,2322,2025-06-21,72711.5,Cancelled
14277,4424,2026-02-13,28204.89,Completed
14278,391,2026-03-01,20493.18,Completed
14279,3422,2025-04-02,68000.67,Completed
14280,2412,2025-01-17,0.0,Completed
14281,4793,2025-11-23,49099.05,Completed
14282,4566,2025-01-24,6158.58,Completed
14283,1337,2025-09-16,168177.47,Completed
14284,568,2025-04-20,62518.92,Pending
14285,3709,2025-10-24,19089.25,Completed
14286,3996,2025-06-11,59295.46,Shipped
14287,609,2025-04-06,10790.1,Shipped
14288,2142,2026-01-06,27537.9,Shipped
14289,3877,2026-01-31,85201.58,Shipped
14290,895,2026-02-14,0.0,Completed
14291,1548,2026-03-19,5676.68,Pending
14292,3176,2025-05-18,0.0,Completed
14293,4844,2025-06-10,27780.66,Completed
14294,1673,2025-02-03,55352.79,Cancelled
14295,331,2025-02-17,29719.0,Shipped
14296,4047,2026-01-27,26443.73,Shipped
14297,711,2025-08-25,46368.15,Pending
14298,1397,2025-09-13,53994.69,Completed
14299,2649,2025-07-10,39975.48,Shipped
14300,2083,2025-02-24,48597.72,Completed
14301,3743,2025-02-10,97797.31,Completed
14302,3159,2025-01-16,85811.54,Completed
14303,3311,2025-04-29,12210.48,Completed
14304,3065,2025-10-28,108074.12,Shipped
14305,1094,2025-02-18,4799.01,Shipped
14306,1731,2026-02-07,32609.69,Completed
14307,237,2025-11-02,0.0,Shipped
14308,486,2025-05-20,65813.98,Completed
14309,374,2025-06-05,27356.37,Completed
14310,1556,2025-05-30,44372.41,Completed
14311,1996,2025-07-09,67973.65,Completed
14312,445,2025-04-19,12844.82,Shipped
14313,4955,2025-01-21,54051.83,Completed
14314,1872,2025-09-08,52442.19,Completed
14315,7,2026-02-22,15591.31,Completed
14316,3472,2025-10-04,17328.98,Pending
14317,2896,2025-01-29,76979.75,Completed
14318,1251,2025-07-21,11565.98,Completed
14319,4418,2025-02-20,25567.34,Completed
14320,1232,2025-02-13,24411.21,Shipped
14321,3129,2025-06-07,17958.23,Completed
14322,2146,2025-10-08,78746.98,Shipped
14323,3227,2025-01-22,21638.7,Completed
14324,1172,2026-01-11,78445.13,Shipped
14325,4661,2025-02-03,15616.86,Cancelled
14326,4978,2025-05-27,1672.52,Completed
14327,4914,2025-07-25,59990.63,Completed
14328,3966,2025-10-27,0.0,Completed
14329,297,2025-02-02,0.0,Pending
14330,3123,2025-01-06,644.96,Shipped
14331,1881,2025-05-30,4375.42,Completed
14332,2240,2025-05-27,80149.32,Completed
14333,4833,2025-12-04,91663.61,Shipped
14334,1349,2025-01-01,50234.73,Shipped
14335,100,2025-06-02,0.0,Completed
14336,2723,2026-02-11,37104.43,Shipped
14337,602,2025-11-25,19814.25,Completed
14338,4045,2025-11-03,16488.25,Completed
14339,2624,2025-08-09,28696.29,Shipped
14340,482,2025-11-24,9558.81,Completed
14341,497,2025-05-07,34131.15,Shipped
14342,4386,2026-03-26,0.0,Shipped
14343,2100,2025-07-09,0.0,Completed
14344,2734,2026-03-01,4397.6,Shipped
14345,2797,2025-08-05,60639.33,Shipped
14346,2919,2026-01-25,76743.05,Shipped
14347,2126,2025-07-08,5686.8,Completed
14348,3462,2025-06-24,17913.94,Completed
14349,3261,2025-11-11,33488.94,Completed
14350,3395,2026-02-06,43454.65,Completed
14351,3167,2026-01-09,74039.0,Cancelled
14352,1559,2025-11-02,22714.1,Completed
14353,611,2026-02-02,50395.4,Shipped
14354,3889,2025-11-07,23269.0,Completed
14355,4491,2026-01-21,67458.02,Completed
14356,3855,2025-12-21,9837.7,Shipped
14357,3531,2025-11-15,28584.87,Completed
14358,3429,2025-05-07,39495.0,Pending
14359,3504,2025-01-24,78658.86,Pending
14360,2076,2026-01-27,89119.85,Cancelled
14361,4431,2025-12-31,78450.8,Shipped
14362,1980,2025-06-30,35072.54,Shipped
14363,2564,2025-12-28,47310.22,Shipped
14364,4,2025-11-09,14369.26,Shipped
14365,2548,2026-03-18,38071.94,Completed
14366,1626,2025-05-13,79399.83,Shipped
14367,24,2025-05-14,39344.46,Cancelled
14368,4551,2025-08-09,26800.05,Completed
14369,3744,2025-04-02,20734.86,Completed
14370,443,2025-08-29,67087.26,Cancelled
14371,3301,2025-11-25,0.0,Completed
14372,1715,2025-05-06,56017.33,Cancelled
14373,4430,2025-12-30,61286.25,Cancelled
14374,757,2026-02-11,98320.86,Completed
14375,4438,2025-07-18,82378.66,Completed
14376,3672,2025-06-07,85901.94,Completed
14377,2196,2025-12-23,91677.71,Pending
14378,3118,2025-02-27,12251.94,Shipped
14379,3458,2025-02-18,75742.54,Cancelled
14380,4775,2025-08-17,93824.26,Completed
14381,4545,2025-12-15,44676.59,Completed
14382,705,2025-03-15,115407.41,Pending
14383,1278,2026-01-22,30979.14,Completed
14384,1516,2025-09-17,2223.61,Pending
14385,4841,2025-08-10,49166.4,Shipped
14386,4443,2026-03-10,69812.4,Completed
14387,1170,2025-10-22,0.0,Shipped
14388,3024,2025-12-09,16602.84,Shipped
14389,2468,2026-03-07,11553.6,Pending
14390,1682,2025-08-30,28435.62,Shipped
14391,3299,2025-04-26,50919.44,Completed
14392,2815,2025-01-03,77718.89,Pending
14393,2138,2025-05-21,61804.09,Pending
14394,3088,2025-07-19,26803.56,Cancelled
14395,3044,2025-08-23,23075.06,Cancelled
14396,1130,2025-02-13,36607.29,Shipped
14397,2953,2025-02-08,13856.72,Shipped
14398,4234,2026-03-27,20796.81,Completed
14399,1602,2026-01-20,45159.66,Completed
14400,2241,2025-07-26,5022.68,Cancelled
14401,3141,2025-01-11,59727.6,Completed
14402,2108,2026-02-13,0.0,Shipped
14403,3699,2025-07-18,61733.51,Cancelled
14404,4308,2025-03-30,28728.43,Completed
14405,4828,2025-03-23,4549.44,Pending
14406,3687,2025-11-09,4289.39,Pending
14407,452,2025-09-28,70660.69,Completed
14408,3705,2025-02-14,48402.49,Completed
14409,634,2025-06-22,68105.47,Completed
14410,1974,2025-06-19,60757.5,Shipped
14411,4553,2025-02-19,3423.78,Pending
14412,1806,2025-08-26,0.0,Completed
14413,3245,2026-03-14,0.0,Shipped
14414,2978,2025-10-12,116733.11,Completed
14415,3389,2025-10-18,45147.49,Shipped
14416,4566,2025-05-28,2028.54,Pending
14417,1160,2025-03-22,29869.92,Shipped
14418,4004,2025-08-19,19690.36,Pending
14419,3829,2025-05-15,48006.14,Cancelled
14420,944,2025-04-24,32705.04,Completed
14421,2702,2025-04-29,111561.17,Shipped
14422,3284,2025-08-22,0.0,Completed
14423,4180,2026-01-11,50559.59,Shipped
14424,4068,2025-11-26,108498.78,Pending
14425,2555,2025-07-05,61988.57,Completed
14426,1210,2025-05-04,85085.21,Pending
14427,1726,2025-10-01,26429.43,Completed
14428,245,2026-01-26,57412.16,Completed
14429,731,2025-12-30,7882.22,Pending
14430,3980,2025-08-12,79829.74,Completed
14431,2562,2025-07-07,13865.69,Completed
14432,2182,2025-12-18,79139.59,Completed
14433,3474,2025-12-19,19710.68,Shipped
14434,1942,2025-12-16,41497.58,Completed
14435,2712,2025-01-11,40812.75,Cancelled
14436,444,2025-07-04,11826.36,Shipped
14437,3308,2025-12-05,5680.54,Shipped
14438,440,2025-10-02,28451.04,Completed
14439,1986,2025-09-04,26373.1,Pending
14440,1659,2025-05-19,21904.35,Pending
14441,350,2025-04-04,40030.69,Cancelled
14442,2368,2025-09-28,15830.08,Cancelled
14443,4578,2025-10-02,22562.52,Completed
14444,4359,2025-03-11,63800.76,Cancelled
14445,4174,2025-11-24,67222.65,Completed
14446,1346,2025-03-25,47186.9,Cancelled
14447,1086,2025-08-07,28817.55,Pending
14448,3241,2026-02-01,59837.71,Shipped
14449,3494,2025-12-03,49691.19,Completed
14450,1498,2026-01-09,43322.94,Shipped
14451,762,2025-12-20,36742.85,Completed
14452,2773,2026-01-09,25114.05,Shipped
14453,296,2025-09-20,37165.57,Shipped
14454,769,2025-05-08,47163.83,Shipped
14455,3378,2026-03-23,100115.98,Pending
14456,3933,2026-02-06,41023.04,Completed
14457,3032,2025-04-27,0.0,Completed
14458,1913,2025-06-21,68350.0,Cancelled
14459,3016,2025-07-01,21547.44,Cancelled
14460,505,2025-09-04,2884.6,Shipped
14461,4390,2026-02-26,53083.59,Cancelled
14462,3700,2025-01-07,0.0,Completed
14463,3085,2025-12-04,51481.32,Completed
14464,4952,2025-10-02,66898.56,Completed
14465,2635,2025-02-19,60388.59,Completed
14466,639,2025-07-14,24360.96,Pending
14467,4192,2025-04-28,53610.33,Completed
14468,1237,2025-07-04,94576.04,Completed
14469,1587,2025-06-20,0.0,Completed
14470,2161,2025-06-18,28462.2,Pending
14471,428,2025-08-10,41231.0,Pending
14472,1645,2026-02-05,44344.07,Shipped
14473,2686,2026-02-14,19925.26,Completed
14474,433,2026-01-04,26397.23,Shipped
14475,1324,2025-03-18,16558.52,Shipped
14476,2431,2025-05-10,39853.8,Shipped
14477,3283,2025-07-14,33279.6,Shipped
14478,2266,2025-09-27,12861.0,Completed
14479,1497,2025-02-28,42784.3,Shipped
14480,3614,2025-05-13,46074.21,Completed
14481,4725,2026-02-07,0.0,Shipped
14482,3697,2025-05-21,60938.16,Pending
14483,2855,2025-08-04,73132.04,Cancelled
14484,2441,2025-04-25,34534.8,Completed
14485,1166,2025-11-26,14243.48,Completed
14486,3329,2025-05-30,129582.71,Pending
14487,1192,2025-10-19,21869.21,Completed
14488,4240,2025-11-07,61888.57,Shipped
14489,330,2025-10-26,58609.48,Pending
14490,1986,2025-06-22,11369.18,Cancelled
14491,712,2026-03-26,39155.67,Completed
14492,1328,2025-12-17,124621.02,Pending
14493,2696,2025-03-21,27115.31,Shipped
14494,899,2025-11-14,12202.32,Completed
14495,3671,2025-06-14,62555.04,Cancelled
14496,418,2025-06-13,6952.75,Shipped
14497,1799,2025-11-04,20167.71,Pending
14498,2508,2025-03-01,46040.05,Shipped
14499,1488,2025-01-08,47077.44,Completed
14500,1184,2025-03-19,24624.28,Shipped
14501,2265,2025-10-26,5680.54,Completed
14502,1156,2026-02-23,9903.54,Cancelled
14503,4239,2026-01-05,23135.98,Shipped
14504,1873,2026-02-17,64011.14,Cancelled
14505,1625,2025-01-11,16306.67,Completed
14506,185,2025-03-08,25389.6,Completed
14507,3979,2025-01-15,23453.38,Pending
14508,1568,2025-11-06,96792.48,Shipped
14509,3087,2025-01-25,9166.62,Cancelled
14510,325,2025-11-16,7895.72,Shipped
14511,786,2025-09-21,20021.7,Completed
14512,4303,2025-09-17,35884.72,Shipped
14513,1052,2025-12-27,9668.48,Shipped
14514,359,2025-01-14,99464.15,Completed
14515,1861,2025-10-20,0.0,Cancelled
14516,2055,2025-12-07,22912.66,Completed
14517,1741,2025-06-02,31868.61,Completed
14518,3650,2025-03-17,23736.36,Completed
14519,4364,2025-11-25,23336.45,Completed
14520,1554,2025-02-17,0.0,Completed
14521,4434,2025-06-26,54959.25,Pending
14522,153,2026-03-14,15197.46,Shipped
14523,3162,2026-02-11,34046.44,Completed
14524,3698,2025-08-16,7705.83,Completed
14525,689,2025-03-27,32426.31,Shipped
14526,2697,2025-12-27,2785.35,Completed
14527,2290,2025-08-19,33903.96,Shipped
14528,4702,2025-02-01,7031.38,Completed
14529,3991,2026-02-07,0.0,Shipped
14530,2492,2025-08-16,98627.29,Shipped
14531,152,2025-12-01,42893.09,Completed
14532,126,2025-09-29,38867.78,Pending
14533,1265,2025-02-18,9170.75,Cancelled
14534,2273,2025-08-19,19759.74,Cancelled
14535,140,2025-12-16,26726.66,Completed
14536,1302,2025-01-03,74042.0,Shipped
14537,2916,2025-09-14,9789.77,Cancelled
14538,4189,2025-06-07,75929.41,Completed
14539,3757,2025-08-25,43898.76,Cancelled
14540,2695,2025-01-02,48127.3,Pending
14541,2056,2025-09-19,53689.61,Shipped
14542,1494,2025-02-02,10609.97,Shipped
14543,983,2025-09-17,9142.99,Completed
14544,911,2025-02-08,19196.04,Shipped
14545,20,2025-05-17,52451.9,Completed
14546,3004,2025-09-02,5013.84,Completed
14547,4335,2025-12-02,55409.95,Cancelled
14548,2188,2025-04-08,29233.3,Completed
14549,4634,2025-01-28,10661.02,Completed
14550,3702,2025-10-24,70376.24,Cancelled
14551,284,2026-01-20,32936.82,Shipped
14552,2225,2025-10-15,15243.52,Shipped
14553,3937,2025-03-17,18715.36,Cancelled
14554,4429,2026-01-23,12301.31,Pending
14555,2853,2025-09-15,65577.56,Shipped
14556,3295,2025-10-19,10161.41,Pending
14557,4770,2025-08-05,19246.03,Cancelled
14558,3453,2025-02-14,19675.4,Completed
14559,2100,2025-03-13,8034.27,Cancelled
14560,3486,2025-03-27,0.0,Completed
14561,2598,2026-01-28,0.0,Shipped
14562,3058,2025-12-28,0.0,Completed
14563,4829,2025-04-24,13646.04,Cancelled
14564,1770,2025-09-21,67604.24,Cancelled
14565,2939,2025-03-20,0.0,Completed
14566,2445,2025-12-07,12809.8,Cancelled
14567,3930,2025-05-05,0.0,Completed
14568,2035,2025-05-30,2114.76,Shipped
14569,1690,2026-02-26,7737.53,Completed
14570,4714,2025-06-24,27995.44,Shipped
14571,3230,2026-02-18,11019.31,Completed
14572,3885,2025-04-19,15837.8,Pending
14573,2143,2026-02-03,13852.16,Shipped
14574,2687,2025-02-14,40929.45,Pending
14575,4102,2025-02-28,15318.44,Pending
14576,3954,2025-03-18,111141.47,Shipped
14577,3663,2026-03-09,0.0,Completed
14578,2150,2025-02-22,76318.62,Completed
14579,4147,2025-01-20,13310.96,Shipped
14580,2211,2025-04-13,0.0,Shipped
14581,2460,2025-01-08,14061.51,Completed
14582,2296,2025-01-19,95081.48,Cancelled
14583,4273,2025-11-25,23400.89,Cancelled
14584,2710,2026-01-05,29657.77,Shipped
14585,1239,2025-06-16,31182.89,Cancelled
14586,3945,2025-06-11,37589.16,Shipped
14587,24,2026-02-21,10114.76,Shipped
14588,2718,2026-03-10,37167.39,Shipped
14589,4449,2025-04-02,38063.84,Completed
14590,1130,2025-02-21,0.0,Pending
14591,954,2026-02-25,47379.68,Completed
14592,2678,2025-09-09,9786.82,Shipped
14593,4014,2025-03-06,18191.85,Completed
14594,2500,2025-04-23,48063.09,Completed
14595,4774,2025-08-17,60331.93,Shipped
14596,4796,2026-01-06,80541.21,Pending
14597,2785,2025-03-07,33619.36,Shipped
14598,3896,2025-09-02,21240.84,Shipped
14599,4491,2025-03-31,101748.71,Completed
14600,184,2026-01-09,52696.14,Completed
14601,2289,2025-12-19,70920.17,Completed
14602,970,2025-01-02,11957.1,Completed
14603,1094,2025-06-29,45895.24,Shipped
14604,2752,2025-04-30,34090.11,Completed
14605,442,2025-02-07,63211.52,Completed
14606,2054,2025-11-05,23445.72,Cancelled
14607,4824,2026-03-14,44520.13,Completed
14608,187,2025-09-26,54478.68,Shipped
14609,3676,2025-02-03,62722.23,Shipped
14610,1160,2025-09-08,0.0,Completed
14611,808,2026-01-01,0.0,Completed
14612,2558,2025-10-09,68060.12,Shipped
14613,2453,2025-06-07,61578.51,Cancelled
14614,2512,2025-08-20,170130.68,Shipped
14615,2842,2025-07-14,141687.7,Completed
14616,1952,2025-12-10,62430.75,Shipped
14617,4087,2025-06-05,95766.6,Completed
14618,1471,2025-01-07,25168.27,Pending
14619,3670,2026-01-16,9066.19,Pending
14620,4662,2026-03-25,26915.05,Shipped
14621,1129,2026-01-02,25196.94,Completed
14622,91,2025-01-17,18515.53,Shipped
14623,4657,2025-03-06,123719.26,Completed
14624,2646,2025-11-04,30579.2,Pending
14625,3276,2026-01-17,24473.29,Completed
14626,3455,2025-04-13,3314.44,Cancelled
14627,1730,2025-11-20,0.0,Shipped
14628,2769,2025-04-07,33007.28,Cancelled
14629,1354,2025-09-09,2146.27,Shipped
14630,4788,2025-02-05,93532.22,Completed
14631,692,2025-04-22,8180.15,Completed
14632,503,2025-01-17,49704.15,Completed
14633,1019,2025-10-11,0.0,Completed
14634,1629,2025-07-26,22028.01,Completed
14635,3908,2025-01-03,0.0,Completed
14636,1758,2025-05-30,108892.33,Cancelled
14637,1464,2025-12-22,31313.73,Completed
14638,3323,2025-09-03,28264.19,Cancelled
14639,1179,2025-09-21,7193.88,Shipped
14640,3587,2025-02-08,3026.74,Shipped
14641,4460,2025-02-21,0.0,Shipped
14642,466,2025-02-01,51359.08,Completed
14643,1358,2026-01-22,51143.5,Completed
14644,3941,2025-09-20,20635.99,Shipped
14645,663,2025-09-29,121425.41,Pending
14646,954,2025-11-17,89283.46,Cancelled
14647,4337,2025-07-05,95442.04,Completed
14648,863,2025-09-28,0.0,Shipped
14649,1352,2025-08-27,64135.42,Pending
14650,614,2025-06-14,57114.27,Shipped
14651,3590,2025-07-13,50980.14,Pending
14652,4505,2026-03-01,0.0,Completed
14653,3639,2025-01-06,102950.54,Shipped
14654,1898,2026-01-02,71377.16,Shipped
14655,1583,2025-04-06,37128.35,Completed
14656,1657,2025-02-05,19765.16,Shipped
14657,3894,2026-02-17,19498.6,Shipped
14658,401,2025-09-16,25647.22,Shipped
14659,877,2025-05-23,52119.5,Cancelled
14660,35,2025-07-02,0.0,Shipped
14661,663,2025-11-24,50452.66,Pending
14662,479,2025-05-05,56066.9,Pending
14663,854,2026-03-13,30574.32,Pending
14664,4955,2026-01-03,0.0,Shipped
14665,1433,2026-03-07,7857.69,Completed
14666,299,2026-02-02,114657.08,Completed
14667,3788,2025-01-16,28088.29,Cancelled
14668,4952,2025-02-21,9970.75,Shipped
14669,3170,2025-05-12,50661.3,Completed
14670,3019,2025-07-06,0.0,Completed
14671,3911,2026-01-01,14639.3,Completed
14672,1249,2026-03-17,9201.54,Pending
14673,1847,2025-10-14,51171.0,Completed
14674,4429,2025-10-28,20350.65,Completed
14675,1614,2025-08-01,50548.9,Completed
14676,558,2025-11-12,38827.68,Shipped
14677,1346,2025-04-14,52100.66,Completed
14678,3303,2025-04-26,39350.36,Completed
14679,4757,2025-04-23,48885.54,Completed
14680,750,2025-01-21,1281.1,Completed
14681,3545,2025-09-14,28982.55,Cancelled
14682,238,2026-02-25,10012.7,Shipped
14683,3078,2026-01-26,88947.91,Cancelled
14684,1417,2025-01-20,45178.79,Shipped
14685,4845,2025-03-19,68240.35,Cancelled
14686,69,2025-12-09,43886.71,Completed
14687,3469,2025-03-22,2237.82,Pending
14688,3750,2025-11-05,77022.37,Shipped
14689,3881,2025-03-11,1131.95,Pending
14690,925,2025-07-01,58329.6,Completed
14691,3828,2025-09-25,79841.46,Completed
14692,1225,2025-07-09,49087.26,Shipped
14693,4327,2025-01-25,7246.03,Completed
14694,3444,2025-04-30,40924.73,Shipped
14695,1822,2025-01-06,22735.78,Shipped
14696,3301,2025-09-23,51095.46,Completed
14697,3920,2025-08-11,5304.65,Cancelled
14698,4309,2025-09-19,110063.04,Shipped
14699,389,2025-02-23,110547.53,Shipped
14700,3460,2025-11-02,0.0,Completed
14701,4818,2025-07-28,33145.05,Shipped
14702,2129,2025-04-18,32971.6,Completed
14703,1218,2025-12-12,30433.17,Shipped
14704,1223,2025-04-26,24039.92,Cancelled
14705,3543,2025-11-28,985.17,Cancelled
14706,1219,2025-04-28,45085.01,Shipped
14707,2799,2026-03-21,90841.4,Shipped
14708,3264,2025-07-16,32409.66,Pending
14709,1642,2026-01-16,45259.25,Cancelled
14710,556,2025-05-01,49215.69,Completed
14711,3940,2025-02-28,30497.42,Shipped
14712,4444,2025-01-02,6822.62,Shipped
14713,1641,2025-06-02,60915.38,Shipped
14714,4536,2025-05-14,27353.05,Pending
14715,4515,2025-10-15,115231.93,Cancelled
14716,531,2025-12-04,57245.3,Cancelled
14717,2305,2025-06-16,18132.38,Completed
14718,3929,2025-04-21,11025.75,Shipped
14719,3314,2025-12-10,57600.09,Cancelled
14720,3795,2025-01-14,13819.8,Completed
14721,1150,2025-07-18,26605.5,Shipped
14722,1801,2025-08-20,13932.45,Cancelled
14723,4579,2025-06-11,33476.95,Shipped
14724,1941,2026-01-20,43834.53,Completed
14725,684,2025-06-21,42795.42,Completed
14726,3941,2026-01-05,17329.85,Cancelled
14727,3911,2025-06-27,95371.16,Completed
14728,3074,2025-11-09,60933.48,Cancelled
14729,4223,2025-08-04,16156.58,Cancelled
14730,3867,2025-11-03,1848.43,Completed
14731,2509,2025-12-05,0.0,Shipped
14732,4303,2025-05-10,23299.3,Shipped
14733,4567,2026-03-02,33601.32,Shipped
14734,125,2025-04-10,58295.99,Cancelled
14735,2354,2025-12-20,17993.28,Completed
14736,143,2025-07-09,21463.29,Completed
14737,4801,2025-01-17,0.0,Cancelled
14738,4199,2025-02-20,0.0,Cancelled
14739,4982,2025-12-29,28233.15,Shipped
14740,4191,2025-09-10,12113.74,Completed
14741,2719,2026-02-12,29807.6,Cancelled
14742,2437,2025-11-11,48939.58,Shipped
14743,891,2025-01-02,93631.32,Completed
14744,4354,2025-05-29,31358.36,Shipped
14745,1809,2026-03-22,104027.46,Pending
14746,1124,2025-12-24,130271.47,Shipped
14747,183,2025-12-10,18028.92,Shipped
14748,1540,2025-10-09,80661.3,Shipped
14749,264,2025-06-17,71999.37,Shipped
14750,1106,2026-02-12,23641.65,Completed
14751,2920,2025-06-18,38374.32,Pending
14752,4222,2025-07-15,0.0,Shipped
14753,1607,2025-04-02,0.0,Completed
14754,1380,2025-06-07,6298.24,Cancelled
14755,3513,2026-03-15,2303.92,Cancelled
14756,4469,2025-05-20,37383.72,Pending
14757,2179,2025-10-29,17844.62,Shipped
14758,1550,2025-10-19,8456.47,Shipped
14759,2097,2025-02-07,54012.67,Pending
14760,312,2025-04-12,32713.83,Completed
14761,3497,2025-07-13,46389.05,Shipped
14762,405,2025-01-24,3872.6,Shipped
14763,3719,2025-12-16,19258.7,Completed
14764,1662,2025-09-10,23028.73,Shipped
14765,1573,2025-06-07,29217.3,Completed
14766,1567,2026-03-04,85232.22,Completed
14767,3773,2025-10-27,39677.95,Completed
14768,2628,2026-01-19,6679.0,Shipped
14769,3716,2025-02-28,2244.06,Completed
14770,871,2025-10-11,33408.15,Completed
14771,1123,2025-06-25,91811.24,Completed
14772,1659,2025-03-31,60447.58,Completed
14773,2075,2025-04-01,61616.61,Pending
14774,1483,2025-03-10,38998.15,Completed
14775,4030,2025-04-12,59614.95,Shipped
14776,4394,2025-08-04,48855.61,Cancelled
14777,4302,2025-07-23,43549.98,Completed
14778,131,2025-02-01,22184.77,Completed
14779,1714,2025-04-06,24435.38,Cancelled
14780,2577,2025-04-05,8365.28,Pending
14781,3126,2025-01-09,7719.06,Shipped
14782,4894,2025-06-03,66012.75,Completed
14783,2367,2025-09-25,16548.61,Completed
14784,197,2025-05-12,71424.04,Shipped
14785,1628,2025-01-07,29976.64,Shipped
14786,1008,2025-01-14,5067.19,Shipped
14787,1381,2025-05-18,89547.12,Completed
14788,3844,2025-06-19,0.0,Pending
14789,4604,2025-11-25,125584.44,Completed
14790,4206,2025-12-17,81415.13,Pending
14791,1394,2025-04-16,13705.84,Completed
14792,2754,2025-12-18,0.0,Shipped
14793,3635,2025-12-18,61485.04,Completed
14794,4910,2026-01-21,32300.24,Cancelled
14795,2433,2025-03-01,3400.65,Cancelled
14796,1719,2025-08-01,99614.29,Pending
14797,3258,2026-01-22,0.0,Completed
14798,3083,2025-02-13,48981.01,Completed
14799,4236,2026-01-01,0.0,Completed
14800,3847,2025-01-28,59947.43,Cancelled
14801,4555,2025-08-11,93044.22,Completed
14802,2062,2026-01-24,50817.3,Cancelled
14803,1107,2025-08-19,17432.04,Pending
14804,115,2025-01-08,59256.5,Completed
14805,1186,2026-01-29,26323.8,Shipped
14806,4570,2026-02-08,56205.94,Completed
14807,4917,2025-08-24,28206.12,Completed
14808,1247,2025-08-09,43408.8,Completed
14809,1401,2025-10-28,19430.16,Pending
14810,3366,2025-02-15,96134.03,Completed
14811,4551,2025-05-25,14712.8,Completed
14812,4201,2025-01-02,34369.73,Shipped
14813,318,2026-02-15,33366.68,Shipped
14814,3580,2025-03-28,34757.26,Cancelled
14815,4287,2026-03-07,91828.95,Completed
14816,1482,2025-04-26,0.0,Shipped
14817,4744,2025-11-23,84027.87,Completed
14818,3043,2025-05-19,31935.08,Completed
14819,3997,2025-06-12,46193.2,Cancelled
14820,2129,2025-01-08,135569.4,Shipped
14821,532,2026-02-09,89920.53,Shipped
14822,435,2025-09-18,42016.92,Completed
14823,631,2025-07-12,43974.07,Completed
14824,1699,2025-11-20,46287.43,Shipped
14825,1360,2025-10-26,49509.37,Shipped
14826,2670,2025-07-26,44937.7,Completed
14827,4000,2025-04-22,109239.36,Shipped
14828,1408,2025-04-01,47775.47,Completed
14829,4507,2025-04-28,0.0,Completed
14830,3630,2025-09-21,5109.85,Completed
14831,859,2025-07-15,18052.92,Shipped
14832,1614,2025-10-30,5710.1,Shipped
14833,4351,2025-03-08,23972.79,Completed
14834,19,2025-04-03,31205.02,Cancelled
14835,2896,2026-03-25,59647.63,Shipped
14836,2173,2025-06-14,10721.82,Cancelled
14837,656,2025-03-29,19241.78,Shipped
14838,4807,2025-01-03,13952.69,Shipped
14839,2822,2025-09-12,0.0,Pending
14840,1769,2025-09-21,0.0,Shipped
14841,4891,2026-01-18,125418.73,Completed
14842,88,2025-11-06,72108.02,Shipped
14843,3382,2025-03-04,27528.63,Cancelled
14844,718,2026-01-29,6519.7,Shipped
14845,4215,2026-03-06,17306.74,Shipped
14846,2646,2025-02-12,52399.26,Shipped
14847,1771,2025-12-17,0.0,Completed
14848,1525,2025-11-14,2064.18,Completed
14849,1250,2025-03-29,8962.34,Pending
14850,3482,2025-04-04,28638.05,Completed
14851,1412,2025-06-03,19662.34,Completed
14852,2960,2025-08-03,47726.97,Completed
14853,3744,2025-08-22,32716.2,Pending
14854,4868,2025-12-08,28615.38,Cancelled
14855,2239,2025-01-24,28147.61,Shipped
14856,241,2025-04-19,0.0,Completed
14857,4202,2025-05-22,20833.19,Shipped
14858,683,2026-02-04,452.78,Shipped
14859,2659,2025-08-13,0.0,Completed
14860,2693,2025-12-01,59115.41,Completed
14861,3481,2025-12-20,53346.42,Shipped
14862,3156,2025-10-20,19672.27,Shipped
14863,1536,2025-12-22,38336.32,Completed
14864,2177,2025-03-27,2882.3,Completed
14865,875,2026-03-25,34113.1,Completed
14866,1989,2026-01-18,91520.47,Shipped
14867,4397,2025-03-16,33514.7,Completed
14868,2938,2025-09-04,0.0,Shipped
14869,651,2026-01-31,67619.62,Completed
14870,3949,2025-11-17,27231.09,Cancelled
14871,3842,2025-04-27,57919.06,Cancelled
14872,3456,2025-01-08,0.0,Pending
14873,3437,2025-09-17,32440.02,Shipped
14874,3728,2025-03-04,39198.22,Completed
14875,1539,2026-02-26,34362.44,Completed
14876,3401,2025-03-06,2723.8,Completed
14877,1117,2025-06-27,81029.75,Completed
14878,3804,2025-04-29,12873.36,Completed
14879,4884,2025-07-05,49013.48,Cancelled
14880,2092,2025-07-26,5972.75,Completed
14881,2143,2025-06-19,57108.51,Completed
14882,794,2025-04-09,70790.44,Cancelled
14883,1224,2025-08-17,0.0,Shipped
14884,2053,2025-05-15,10012.7,Shipped
14885,2017,2025-10-23,4829.76,Shipped
14886,3185,2025-05-18,48397.47,Completed
14887,4736,2025-12-11,46325.38,Shipped
14888,4826,2025-05-15,37512.27,Shipped
14889,3665,2025-03-05,13392.25,Cancelled
14890,4284,2025-08-17,67050.89,Shipped
14891,4413,2025-02-01,26419.0,Completed
14892,2058,2026-02-21,53554.39,Pending
14893,2380,2025-06-06,6057.65,Completed
14894,1317,2025-11-29,35144.71,Completed
14895,3463,2026-03-20,41554.84,Cancelled
14896,4062,2026-03-13,55531.36,Completed
14897,3358,2025-09-02,71462.69,Completed
14898,4977,2025-05-05,19318.16,Cancelled
14899,1457,2025-12-06,29323.33,Pending
14900,4474,2025-03-06,14767.77,Completed
14901,316,2025-06-26,79967.76,Completed
14902,1506,2025-07-14,97716.59,Shipped
14903,1647,2025-12-01,4032.63,Cancelled
14904,3312,2025-05-28,99495.22,Shipped
14905,3516,2025-07-20,64651.65,Shipped
14906,1596,2025-01-23,26635.53,Pending
14907,233,2025-03-27,46282.6,Cancelled
14908,3191,2025-01-09,44814.55,Completed
14909,3911,2025-02-10,19288.6,Completed
14910,730,2025-09-20,38425.59,Shipped
14911,159,2026-01-27,10663.4,Pending
14912,3063,2025-04-14,63199.21,Shipped
14913,3504,2026-03-17,8400.33,Shipped
14914,694,2025-03-18,17113.72,Completed
14915,4019,2026-03-14,32894.7,Completed
14916,1439,2025-01-26,53808.14,Completed
14917,2275,2025-12-25,10143.5,Shipped
14918,3807,2025-07-01,47278.05,Completed
14919,1979,2025-06-30,51154.31,Completed
14920,3136,2025-07-12,77523.61,Completed
14921,3329,2025-12-08,38221.32,Shipped
14922,4011,2025-06-08,95384.25,Completed
14923,2216,2026-03-18,35783.63,Completed
14924,882,2025-12-08,10927.34,Completed
14925,4239,2026-03-11,67275.47,Completed
14926,2798,2025-08-03,28820.16,Completed
14927,4936,2025-09-20,12602.96,Completed
14928,1799,2025-12-15,6571.65,Shipped
14929,771,2026-01-03,25024.86,Completed
14930,2147,2025-03-19,0.0,Completed
14931,2978,2025-05-07,3631.96,Pending
14932,1930,2026-02-26,49655.77,Shipped
14933,2430,2026-03-09,22124.53,Shipped
14934,2483,2026-01-06,56889.0,Cancelled
14935,318,2026-02-12,50715.5,Completed
14936,563,2025-01-02,0.0,Completed
14937,1067,2025-06-11,31115.46,Completed
14938,3221,2025-05-16,73307.62,Pending
14939,2429,2025-11-22,7113.73,Shipped
14940,3506,2026-03-18,19866.94,Completed
14941,702,2025-03-17,78703.75,Pending
14942,4685,2026-02-23,59967.77,Shipped
14943,2979,2025-07-18,18125.17,Completed
14944,868,2025-11-08,9685.91,Completed
14945,3868,2025-12-20,53559.95,Pending
14946,3006,2025-03-12,4637.39,Shipped
14947,745,2025-07-07,13519.6,Pending
14948,4491,2025-12-12,7688.05,Completed
14949,2372,2025-07-23,82306.19,Completed
14950,2590,2025-03-17,127445.27,Completed
14951,3089,2025-01-21,0.0,Pending
14952,417,2025-12-27,109015.62,Completed
14953,534,2025-03-01,44888.46,Shipped
14954,131,2025-12-31,2774.17,Completed
14955,1963,2026-01-02,3104.98,Pending
14956,3510,2026-01-24,62907.54,Cancelled
14957,3555,2025-07-06,43842.19,Completed
14958,4669,2025-12-30,29771.6,Shipped
14959,4442,2025-01-13,36215.1,Shipped
14960,1988,2025-04-26,0.0,Shipped
14961,3080,2025-04-15,8002.21,Shipped
14962,3795,2025-07-12,37519.4,Cancelled
14963,2608,2025-03-25,42509.4,Completed
14964,1475,2026-02-10,67364.53,Cancelled
14965,4875,2025-12-22,35340.03,Completed
14966,3384,2025-08-17,22793.06,Cancelled
14967,1965,2025-02-09,0.0,Completed
14968,3777,2025-04-09,104453.39,Shipped
14969,4885,2025-01-18,13458.02,Cancelled
14970,4048,2025-02-02,9723.49,Shipped
14971,537,2025-04-29,48043.6,Shipped
14972,2549,2025-09-20,11785.47,Pending
14973,3523,2025-10-21,4799.01,Shipped
14974,1976,2025-03-10,31621.14,Completed
14975,924,2026-03-27,26562.92,Shipped
14976,4789,2025-08-30,0.0,Completed
14977,872,2025-03-10,48637.36,Completed
14978,4459,2025-11-07,29587.41,Completed
14979,4745,2025-03-27,0.0,Completed
14980,2044,2025-01-05,29170.47,Completed
14981,1550,2026-03-11,0.0,Cancelled
14982,2699,2025-06-03,27113.58,Completed
14983,2431,2025-01-10,28079.87,Completed
14984,275,2026-02-18,80932.25,Completed
14985,1331,2025-12-22,73765.45,Completed
14986,4183,2025-06-11,105051.15,Completed
14987,3572,2025-08-22,33270.14,Completed
14988,786,2025-11-13,0.0,Shipped
14989,3227,2025-08-24,51837.62,Cancelled
14990,4098,2025-12-17,0.0,Completed
14991,1896,2026-02-11,16299.25,Completed
14992,4054,2025-08-17,73204.05,Shipped
14993,3101,2026-03-12,45501.11,Completed
14994,1263,2025-09-07,27418.02,Completed
14995,3957,2025-05-08,81474.67,Shipped
14996,2103,2025-11-02,58907.07,Shipped
14997,2082,2025-04-02,122009.93,Completed
14998,670,2025-01-15,54689.37,Pending
14999,623,2025-04-05,42673.22,Completed
15000,3991,2026-02-15,27528.63,Completed
