flight_id,flight_no,origin_airport,destination_airport,flight_date,base_fare
700001,FL1000,6028,6018,2025-08-10,36116.95
700002,FL1001,6011,6010,2025-07-27,10005.82
700003,FL1002,6005,6023,2025-11-26,21969.21
700004,FL1003,6019,6011,2025-03-30,34496.36
700005,FL1004,6027,6004,2025-08-03,60668.61
700006,FL1005,6015,6004,2025-01-22,43248.2
700007,FL1006,6028,6006,2025-06-03,47398.33
700008,FL1007,6008,6019,2025-07-27,8225.79
700009,FL1008,6015,6003,2025-12-12,51293.43
700010,FL1009,6010,6018,2025-05-10,51682.25
700011,FL1010,6030,6019,2025-09-11,5192.64
700012,FL1011,6017,6006,2025-06-30,7309.02
700013,FL1012,6018,6024,2025-06-28,68764.91
700014,FL1013,6015,6008,2025-06-10,65243.84
700015,FL1014,6004,6029,2025-02-18,59933.85
700016,FL1015,6019,6030,2025-02-12,49922.96
700017,FL1016,6025,6001,2025-07-05,23568.01
700018,FL1017,6011,6027,2025-03-06,20202.19
700019,FL1018,6029,6016,2025-04-05,56690.12
700020,FL1019,6019,6014,2025-06-01,56375.74
700021,FL1020,6019,6004,2025-12-02,11140.37
700022,FL1021,6020,6009,2025-09-17,38286.07
700023,FL1022,6016,6008,2025-10-12,35097.11
700024,FL1023,6028,6017,2025-12-30,13147.58
700025,FL1024,6012,6022,2025-09-05,57919.7
700026,FL1025,6017,6028,2025-03-08,13966.91
700027,FL1026,6028,6021,2025-07-30,38195.58
700028,FL1027,6009,6016,2025-04-29,48390.07
700029,FL1028,6026,6008,2025-09-05,56878.1
700030,FL1029,6024,6023,2025-06-26,20541.11
700031,FL1030,6002,6004,2025-09-15,2786.05
700032,FL1031,6012,6025,2025-02-05,19320.35
700033,FL1032,6021,6026,2025-05-06,60045.91
700034,FL1033,6004,6030,2025-12-07,5342.24
700035,FL1034,6004,6010,2025-11-26,66389.99
700036,FL1035,6015,6019,2025-08-30,33817.33
700037,FL1036,6029,6002,2025-02-28,25697.37
700038,FL1037,6005,6018,2025-03-09,6277.98
700039,FL1038,6018,6014,2025-03-16,39020.14
700040,FL1039,6011,6012,2025-08-20,5254.43
700041,FL1040,6023,6020,2025-01-25,41130.71
700042,FL1041,6030,6025,2025-01-05,44671.55
700043,FL1042,6025,6027,2025-12-15,47005.71
700044,FL1043,6003,6011,2025-10-01,20824.39
700045,FL1044,6019,6021,2025-12-30,73163.68
700046,FL1045,6027,6013,2025-05-07,35720.85
700047,FL1046,6026,6006,2025-04-30,44155.61
700048,FL1047,6019,6027,2025-11-02,5064.25
700049,FL1048,6020,6002,2025-11-01,40719.5
700050,FL1049,6027,6004,2025-07-08,32760.22
700051,FL1050,6016,6015,2025-03-11,10362.42
700052,FL1051,6026,6019,2025-02-25,52449.23
700053,FL1052,6003,6001,2025-01-27,3599.32
700054,FL1053,6028,6007,2025-05-26,57324.82
700055,FL1054,6030,6011,2025-01-31,67354.23
700056,FL1055,6014,6004,2025-10-11,20940.45
700057,FL1056,6012,6007,2025-11-10,19175.38
700058,FL1057,6007,6018,2025-11-25,56022.82
700059,FL1058,6003,6006,2025-09-14,49874.89
700060,FL1059,6002,6025,2025-12-19,42543.78
700061,FL1060,6015,6004,2025-12-13,28516.92
700062,FL1061,6023,6018,2025-06-02,14689.01
700063,FL1062,6026,6007,2025-02-03,6278.23
700064,FL1063,6011,6018,2025-01-09,10600.42
700065,FL1064,6005,6030,2025-06-22,23179.7
700066,FL1065,6002,6003,2025-06-19,40107.16
700067,FL1066,6008,6001,2025-12-28,40659.37
700068,FL1067,6029,6010,2025-01-05,3336.85
700069,FL1068,6027,6021,2025-10-11,38390.75
700070,FL1069,6028,6015,2025-05-31,28274.04
700071,FL1070,6014,6028,2025-10-07,64764.13
700072,FL1071,6026,6024,2025-04-04,18068.3
700073,FL1072,6006,6023,2025-01-18,67658.41
700074,FL1073,6022,6025,2025-02-23,37503.79
700075,FL1074,6021,6014,2025-02-21,58078.02
700076,FL1075,6007,6002,2025-08-08,62546.92
700077,FL1076,6017,6009,2025-09-19,17527.64
700078,FL1077,6009,6013,2025-10-23,13293.15
700079,FL1078,6015,6001,2025-10-23,13128.64
700080,FL1079,6027,6016,2025-04-10,52482.24
700081,FL1080,6007,6007,2025-12-24,10771.35
700082,FL1081,6026,6026,2025-11-10,13286.91
700083,FL1082,6020,6022,2025-06-14,69758.68
700084,FL1083,6014,6006,2025-04-29,29117.14
700085,FL1084,6016,6005,2025-06-24,37638.47
700086,FL1085,6017,6019,2025-06-05,11721.9
700087,FL1086,6010,6011,2025-05-31,39866.49
700088,FL1087,6019,6021,2025-12-18,33871.43
700089,FL1088,6022,6018,2025-12-26,62883.81
700090,FL1089,6013,6030,2025-09-13,31796.97
700091,FL1090,6030,6014,2025-12-03,48947.0
700092,FL1091,6002,6013,2025-03-06,26546.92
700093,FL1092,6012,6014,2025-04-13,3711.77
700094,FL1093,6002,6001,2025-04-23,28198.98
700095,FL1094,6020,6028,2025-01-14,30487.46
700096,FL1095,6015,6004,2025-11-20,37568.65
700097,FL1096,6010,6021,2025-01-07,52607.37
700098,FL1097,6021,6003,2025-05-16,16337.03
700099,FL1098,6023,6006,2025-07-03,33416.92
700100,FL1099,6018,6001,2025-11-29,58608.34
700101,FL1100,6028,6023,2025-11-14,52938.04
700102,FL1101,6009,6013,2025-04-08,47378.88
700103,FL1102,6030,6023,2025-09-01,36321.0
700104,FL1103,6020,6012,2025-09-28,9813.27
700105,FL1104,6015,6013,2025-03-30,51927.95
700106,FL1105,6029,6004,2025-11-29,73390.2
700107,FL1106,6019,6020,2025-05-20,24779.63
700108,FL1107,6015,6007,2025-05-14,62968.83
700109,FL1108,6006,6018,2025-10-26,63308.95
700110,FL1109,6003,6015,2025-11-03,45350.01
700111,FL1110,6018,6007,2025-01-18,64254.26
700112,FL1111,6011,6019,2025-11-30,27561.13
700113,FL1112,6001,6029,2025-05-04,36171.16
700114,FL1113,6002,6026,2025-07-07,67902.95
700115,FL1114,6019,6006,2025-11-12,68178.97
700116,FL1115,6025,6004,2025-08-18,5203.54
700117,FL1116,6008,6013,2025-07-26,17022.34
700118,FL1117,6023,6024,2025-10-19,69336.91
700119,FL1118,6014,6009,2025-11-13,74055.72
700120,FL1119,6012,6014,2025-01-25,62154.91
700121,FL1120,6026,6027,2025-12-28,55835.56
700122,FL1121,6018,6001,2025-12-01,62587.65
700123,FL1122,6013,6001,2025-11-05,57287.34
700124,FL1123,6018,6002,2025-01-16,26427.56
700125,FL1124,6013,6004,2025-11-07,19757.81
700126,FL1125,6017,6025,2025-11-18,11331.23
700127,FL1126,6027,6022,2025-05-31,4522.54
700128,FL1127,6004,6015,2025-02-26,29967.54
700129,FL1128,6005,6017,2025-08-28,22517.05
700130,FL1129,6005,6024,2025-10-12,40211.63
700131,FL1130,6021,6002,2025-11-24,15130.84
700132,FL1131,6012,6024,2025-07-28,64809.0
700133,FL1132,6005,6023,2025-07-24,23246.0
700134,FL1133,6002,6017,2025-08-16,30305.76
700135,FL1134,6010,6026,2025-11-06,53200.11
700136,FL1135,6025,6018,2025-06-13,69253.37
700137,FL1136,6027,6011,2025-01-26,29534.32
700138,FL1137,6016,6008,2025-01-08,41710.11
700139,FL1138,6014,6021,2025-08-16,11862.2
700140,FL1139,6018,6019,2025-01-07,33871.77
700141,FL1140,6027,6017,2025-03-31,71068.3
700142,FL1141,6012,6007,2025-10-10,55135.65
700143,FL1142,6007,6021,2025-11-29,74954.32
700144,FL1143,6018,6030,2025-12-25,17454.29
700145,FL1144,6018,6021,2025-08-10,31656.26
700146,FL1145,6010,6017,2025-03-05,61078.28
700147,FL1146,6011,6006,2025-11-22,26146.06
700148,FL1147,6013,6016,2025-01-11,74845.28
700149,FL1148,6023,6006,2025-10-21,21176.23
700150,FL1149,6029,6017,2025-08-10,61818.53
700151,FL1150,6028,6003,2025-08-02,12732.54
700152,FL1151,6011,6029,2025-03-28,20957.88
700153,FL1152,6008,6024,2025-04-21,3787.08
700154,FL1153,6030,6023,2025-03-27,14617.04
700155,FL1154,6027,6006,2025-08-21,55274.34
700156,FL1155,6027,6029,2025-11-21,8763.87
700157,FL1156,6004,6029,2025-08-16,23696.72
700158,FL1157,6028,6019,2025-08-03,63322.21
700159,FL1158,6024,6001,2025-02-16,44513.11
700160,FL1159,6024,6028,2025-06-03,32771.96
700161,FL1160,6004,6001,2025-04-20,12037.72
700162,FL1161,6027,6019,2025-03-12,28664.85
700163,FL1162,6007,6025,2025-02-09,12665.16
700164,FL1163,6008,6008,2025-01-10,44412.81
700165,FL1164,6024,6025,2025-04-03,63871.93
700166,FL1165,6013,6006,2025-11-10,11818.43
700167,FL1166,6028,6024,2025-04-21,73995.8
700168,FL1167,6009,6007,2025-02-28,42515.44
700169,FL1168,6026,6001,2025-09-27,60448.82
700170,FL1169,6018,6028,2025-09-06,22254.37
700171,FL1170,6023,6015,2025-05-13,65847.75
700172,FL1171,6008,6011,2025-04-19,51376.74
700173,FL1172,6025,6028,2025-12-28,60179.26
700174,FL1173,6001,6018,2025-12-11,34427.96
700175,FL1174,6014,6001,2025-01-19,58012.9
700176,FL1175,6024,6028,2025-03-10,48605.82
700177,FL1176,6028,6006,2025-05-22,3857.65
700178,FL1177,6014,6005,2025-07-06,9625.59
700179,FL1178,6023,6006,2025-11-23,60605.25
700180,FL1179,6020,6023,2025-04-16,16383.76
700181,FL1180,6017,6005,2025-09-24,58450.39
700182,FL1181,6029,6007,2025-12-24,45788.22
700183,FL1182,6001,6016,2025-09-15,41994.07
700184,FL1183,6027,6028,2025-06-05,54449.97
700185,FL1184,6016,6022,2025-11-03,72704.68
700186,FL1185,6018,6016,2025-08-16,26762.12
700187,FL1186,6018,6011,2025-01-02,46520.19
700188,FL1187,6007,6026,2025-07-14,49419.29
700189,FL1188,6016,6013,2025-12-29,26439.15
700190,FL1189,6026,6008,2025-12-07,61952.68
700191,FL1190,6017,6005,2025-03-12,37194.59
700192,FL1191,6018,6030,2025-04-02,32833.13
700193,FL1192,6016,6020,2025-01-14,46256.39
700194,FL1193,6024,6014,2025-07-20,50718.41
700195,FL1194,6016,6030,2025-12-01,23330.79
700196,FL1195,6012,6001,2025-06-07,43455.47
700197,FL1196,6010,6026,2025-03-11,20991.44
700198,FL1197,6030,6011,2025-12-04,39098.37
700199,FL1198,6013,6026,2025-08-09,54460.93
700200,FL1199,6010,6017,2025-06-09,3758.97
700201,FL1200,6010,6023,2025-05-02,46753.93
700202,FL1201,6008,6030,2025-11-24,50036.72
700203,FL1202,6029,6018,2025-03-22,73251.69
700204,FL1203,6026,6023,2025-11-12,41150.56
700205,FL1204,6013,6001,2025-05-17,74965.07
700206,FL1205,6003,6030,2025-01-05,52805.22
700207,FL1206,6021,6021,2025-07-22,47051.88
700208,FL1207,6018,6021,2025-01-15,67572.68
700209,FL1208,6005,6011,2025-10-13,22567.37
700210,FL1209,6022,6015,2025-12-05,40643.84
700211,FL1210,6025,6020,2025-07-14,33637.84
700212,FL1211,6009,6022,2025-09-20,5511.15
700213,FL1212,6006,6010,2025-02-17,19005.01
700214,FL1213,6008,6028,2025-06-10,44878.2
700215,FL1214,6030,6006,2025-10-29,43201.67
700216,FL1215,6006,6028,2025-11-23,59451.36
700217,FL1216,6008,6018,2025-07-01,40565.88
700218,FL1217,6018,6030,2025-07-07,49984.05
700219,FL1218,6023,6005,2025-12-13,42532.2
700220,FL1219,6003,6015,2025-11-06,64979.69
700221,FL1220,6013,6008,2025-11-18,59451.31
700222,FL1221,6022,6005,2025-05-15,18019.87
700223,FL1222,6024,6026,2025-06-11,49154.66
700224,FL1223,6028,6025,2025-03-17,42674.07
700225,FL1224,6023,6014,2025-05-08,71926.15
700226,FL1225,6019,6013,2025-09-29,50442.06
700227,FL1226,6019,6010,2025-04-04,40355.45
700228,FL1227,6027,6030,2025-04-12,65376.31
700229,FL1228,6028,6028,2025-07-12,19298.26
700230,FL1229,6027,6019,2025-11-15,36551.16
700231,FL1230,6018,6002,2025-01-28,19137.11
700232,FL1231,6002,6011,2025-05-19,15908.78
700233,FL1232,6020,6019,2025-08-19,24041.29
700234,FL1233,6025,6004,2025-01-30,8622.69
700235,FL1234,6023,6019,2025-09-18,58365.91
700236,FL1235,6017,6023,2025-07-26,43412.72
700237,FL1236,6023,6007,2025-11-24,11508.55
700238,FL1237,6030,6028,2025-11-15,51098.27
700239,FL1238,6026,6005,2025-03-03,42322.14
700240,FL1239,6027,6001,2025-06-15,61227.63
700241,FL1240,6027,6002,2025-08-22,6917.32
700242,FL1241,6023,6005,2025-01-12,36095.14
700243,FL1242,6003,6014,2025-06-12,56933.99
700244,FL1243,6008,6006,2025-09-02,14303.46
700245,FL1244,6029,6029,2025-06-01,57728.98
700246,FL1245,6014,6028,2025-07-21,24454.11
700247,FL1246,6011,6016,2025-11-16,39825.62
700248,FL1247,6018,6003,2025-09-22,13971.37
700249,FL1248,6017,6022,2025-06-28,24427.46
700250,FL1249,6027,6010,2025-07-01,3111.98
700251,FL1250,6012,6029,2025-04-29,47660.37
700252,FL1251,6028,6027,2025-06-20,41658.11
700253,FL1252,6008,6010,2025-11-05,6536.87
700254,FL1253,6010,6007,2025-05-16,64231.2
700255,FL1254,6020,6011,2025-07-03,71768.81
700256,FL1255,6004,6029,2025-08-08,18798.01
700257,FL1256,6029,6013,2025-06-07,63934.66
700258,FL1257,6022,6029,2025-05-25,43632.52
700259,FL1258,6030,6025,2025-10-19,43528.62
700260,FL1259,6023,6029,2025-08-11,44527.07
700261,FL1260,6026,6010,2025-07-25,39759.82
700262,FL1261,6010,6002,2025-08-06,28401.45
700263,FL1262,6020,6022,2025-02-06,62634.99
700264,FL1263,6016,6029,2025-07-27,73003.51
700265,FL1264,6008,6003,2025-09-20,37872.74
700266,FL1265,6023,6027,2025-08-02,50770.91
700267,FL1266,6001,6024,2025-03-29,72699.38
700268,FL1267,6008,6013,2025-01-04,71855.07
700269,FL1268,6016,6010,2025-05-02,14045.66
700270,FL1269,6012,6027,2025-05-29,16944.11
700271,FL1270,6006,6030,2025-10-09,15942.11
700272,FL1271,6010,6011,2025-03-30,29970.52
700273,FL1272,6008,6021,2025-08-15,18976.04
700274,FL1273,6006,6013,2025-10-13,55242.99
700275,FL1274,6006,6014,2025-04-16,57237.34
700276,FL1275,6024,6024,2025-05-26,13551.25
700277,FL1276,6010,6025,2025-04-25,51193.99
700278,FL1277,6017,6014,2025-04-30,36845.45
700279,FL1278,6015,6008,2025-08-21,46167.96
700280,FL1279,6003,6001,2025-08-25,30429.2
700281,FL1280,6012,6007,2025-02-24,50358.09
700282,FL1281,6002,6019,2025-02-06,68287.21
700283,FL1282,6021,6003,2025-02-09,9486.6
700284,FL1283,6010,6024,2025-03-04,6800.41
700285,FL1284,6019,6018,2025-01-24,16670.44
700286,FL1285,6029,6029,2025-11-06,69940.93
700287,FL1286,6030,6024,2025-04-16,21614.09
700288,FL1287,6007,6022,2025-07-30,60801.05
700289,FL1288,6012,6025,2025-09-02,40217.12
700290,FL1289,6023,6022,2025-06-28,50875.36
700291,FL1290,6014,6010,2025-10-26,67906.45
700292,FL1291,6018,6020,2025-03-04,52737.01
700293,FL1292,6028,6019,2025-04-20,70798.82
700294,FL1293,6030,6015,2025-11-02,57374.56
700295,FL1294,6001,6023,2025-12-15,9103.04
700296,FL1295,6030,6005,2025-06-27,27640.25
700297,FL1296,6001,6026,2025-06-30,63211.07
700298,FL1297,6003,6009,2025-03-28,48940.5
700299,FL1298,6006,6016,2025-02-06,58808.27
700300,FL1299,6030,6008,2025-08-21,4025.79
700301,FL1300,6015,6018,2025-10-27,31510.76
700302,FL1301,6007,6001,2025-09-30,15310.96
700303,FL1302,6015,6026,2025-07-02,66302.66
700304,FL1303,6027,6021,2025-12-05,37470.42
700305,FL1304,6025,6009,2025-01-07,42550.0
700306,FL1305,6014,6012,2025-02-20,3000.62
700307,FL1306,6007,6012,2025-01-04,59525.57
700308,FL1307,6008,6013,2025-03-01,47143.69
700309,FL1308,6011,6027,2025-12-10,65260.19
700310,FL1309,6014,6010,2025-08-27,52098.83
700311,FL1310,6004,6029,2025-12-07,18038.14
700312,FL1311,6008,6020,2025-03-31,33799.22
700313,FL1312,6007,6018,2025-06-07,54306.54
700314,FL1313,6011,6007,2025-06-17,47983.83
700315,FL1314,6028,6007,2025-07-15,51120.11
700316,FL1315,6010,6008,2025-12-18,36845.53
700317,FL1316,6011,6027,2025-03-29,4162.24
700318,FL1317,6002,6007,2025-04-10,23060.04
700319,FL1318,6005,6029,2025-08-07,46377.95
700320,FL1319,6009,6004,2025-10-21,68150.57
700321,FL1320,6030,6012,2025-12-30,26019.17
700322,FL1321,6024,6011,2025-12-08,74615.57
700323,FL1322,6002,6005,2025-06-15,4810.07
700324,FL1323,6007,6027,2025-06-30,64614.25
700325,FL1324,6024,6006,2025-03-31,6115.76
700326,FL1325,6011,6015,2025-12-05,6733.85
700327,FL1326,6010,6003,2025-12-28,19764.72
700328,FL1327,6018,6019,2025-05-21,30758.19
700329,FL1328,6005,6015,2025-07-31,27913.67
700330,FL1329,6009,6019,2025-10-25,15355.68
700331,FL1330,6018,6017,2025-05-15,24256.6
700332,FL1331,6002,6014,2025-07-08,33989.44
700333,FL1332,6028,6030,2025-01-18,74597.0
700334,FL1333,6013,6007,2025-03-10,52808.09
700335,FL1334,6010,6002,2025-09-01,55891.0
700336,FL1335,6012,6027,2025-04-05,7031.65
700337,FL1336,6023,6029,2025-02-14,62881.08
700338,FL1337,6021,6001,2025-06-27,16931.57
700339,FL1338,6007,6025,2025-10-16,63950.02
700340,FL1339,6005,6006,2025-07-15,64795.52
700341,FL1340,6022,6017,2025-10-09,30624.78
700342,FL1341,6003,6023,2025-07-21,6052.85
700343,FL1342,6009,6019,2025-07-25,47512.89
700344,FL1343,6008,6025,2025-06-28,40666.4
700345,FL1344,6018,6010,2025-04-09,27466.21
700346,FL1345,6013,6024,2025-04-30,57012.73
700347,FL1346,6018,6018,2025-07-03,31258.96
700348,FL1347,6007,6013,2025-12-25,71451.76
700349,FL1348,6011,6002,2025-12-23,31111.32
700350,FL1349,6015,6002,2025-06-16,45589.61
700351,FL1350,6002,6003,2025-07-29,3148.42
700352,FL1351,6021,6012,2025-05-31,36703.09
700353,FL1352,6018,6008,2025-11-18,21552.91
700354,FL1353,6020,6014,2025-01-24,12360.3
700355,FL1354,6010,6001,2025-03-29,29416.17
700356,FL1355,6023,6023,2025-12-27,30268.48
700357,FL1356,6013,6025,2025-11-10,18991.72
700358,FL1357,6025,6006,2025-01-10,56654.63
700359,FL1358,6022,6027,2025-03-27,14724.86
700360,FL1359,6025,6011,2025-04-07,36671.47
700361,FL1360,6015,6029,2025-06-15,67951.4
700362,FL1361,6029,6016,2025-12-17,14325.11
700363,FL1362,6019,6004,2025-10-03,9316.33
700364,FL1363,6017,6011,2025-08-26,61242.86
700365,FL1364,6030,6023,2025-06-15,29019.98
700366,FL1365,6001,6023,2025-07-01,69680.21
700367,FL1366,6025,6004,2025-06-29,73671.99
700368,FL1367,6018,6020,2025-03-07,12628.95
700369,FL1368,6026,6012,2025-12-22,44444.39
700370,FL1369,6006,6024,2025-08-28,7443.22
700371,FL1370,6010,6009,2025-02-21,44340.47
700372,FL1371,6022,6015,2025-09-08,52656.24
700373,FL1372,6008,6012,2025-05-29,68222.96
700374,FL1373,6017,6011,2025-08-23,18078.14
700375,FL1374,6007,6027,2025-03-11,48752.75
700376,FL1375,6020,6027,2025-10-11,28619.05
700377,FL1376,6026,6027,2025-02-10,35216.01
700378,FL1377,6020,6012,2025-09-19,24117.64
700379,FL1378,6005,6023,2025-12-02,16720.83
700380,FL1379,6011,6027,2025-08-25,59492.71
700381,FL1380,6010,6013,2025-07-19,73467.34
700382,FL1381,6023,6011,2025-05-01,54911.21
700383,FL1382,6014,6022,2025-07-08,43625.63
700384,FL1383,6002,6030,2025-06-03,63203.35
700385,FL1384,6014,6026,2025-10-31,67814.77
700386,FL1385,6017,6002,2025-06-26,47196.62
700387,FL1386,6005,6020,2025-10-17,13199.26
700388,FL1387,6016,6007,2025-10-26,49771.6
700389,FL1388,6018,6022,2025-10-27,19398.62
700390,FL1389,6005,6015,2025-09-26,60913.35
700391,FL1390,6015,6006,2025-08-03,25657.43
700392,FL1391,6025,6029,2025-06-29,46692.68
700393,FL1392,6002,6023,2025-11-09,24711.4
700394,FL1393,6016,6007,2025-03-05,72435.89
700395,FL1394,6019,6025,2025-04-07,57419.5
700396,FL1395,6005,6019,2025-12-23,4367.95
700397,FL1396,6010,6020,2025-01-30,43549.12
700398,FL1397,6030,6009,2025-05-09,62798.15
700399,FL1398,6026,6019,2025-03-14,12594.77
700400,FL1399,6003,6004,2025-07-04,41494.83
700401,FL1400,6003,6022,2025-04-19,19246.83
700402,FL1401,6017,6029,2025-06-09,31172.92
700403,FL1402,6017,6001,2025-11-29,67258.43
700404,FL1403,6019,6019,2025-06-18,42813.31
700405,FL1404,6030,6020,2025-09-15,67285.25
700406,FL1405,6024,6019,2025-11-07,15286.59
700407,FL1406,6004,6012,2025-10-30,73507.14
700408,FL1407,6018,6001,2025-11-08,6203.09
700409,FL1408,6027,6003,2025-08-21,62371.04
700410,FL1409,6030,6010,2025-01-24,10525.19
700411,FL1410,6029,6014,2025-01-08,35803.34
700412,FL1411,6021,6026,2025-07-16,68664.56
700413,FL1412,6027,6020,2025-08-31,21152.4
700414,FL1413,6015,6018,2025-08-07,54182.67
700415,FL1414,6024,6025,2025-11-16,41480.42
700416,FL1415,6004,6022,2025-01-14,4740.58
700417,FL1416,6026,6013,2025-08-13,18625.32
700418,FL1417,6002,6016,2025-04-13,69661.06
700419,FL1418,6009,6020,2025-04-14,8648.93
700420,FL1419,6028,6010,2025-07-17,40051.59
700421,FL1420,6027,6009,2025-07-06,71379.17
700422,FL1421,6010,6002,2025-06-14,73797.42
700423,FL1422,6027,6013,2025-09-02,68031.15
700424,FL1423,6027,6022,2025-06-15,41252.64
700425,FL1424,6028,6006,2025-12-31,55984.01
700426,FL1425,6011,6002,2025-07-22,16566.52
700427,FL1426,6004,6030,2025-09-27,53818.64
700428,FL1427,6026,6004,2025-05-11,29356.29
700429,FL1428,6006,6008,2025-04-09,72430.16
700430,FL1429,6022,6021,2025-02-10,13717.96
700431,FL1430,6016,6019,2025-10-09,19832.39
700432,FL1431,6023,6001,2025-09-16,33167.26
700433,FL1432,6029,6001,2025-11-22,55640.97
700434,FL1433,6017,6006,2025-03-24,56106.84
700435,FL1434,6019,6028,2025-12-05,64310.86
700436,FL1435,6009,6006,2025-04-13,5725.12
700437,FL1436,6006,6018,2025-12-19,17613.62
700438,FL1437,6012,6010,2025-03-12,58369.73
700439,FL1438,6018,6003,2025-06-07,9706.43
700440,FL1439,6010,6020,2025-11-22,32200.75
700441,FL1440,6014,6030,2025-11-27,6579.34
700442,FL1441,6030,6027,2025-04-11,41970.63
700443,FL1442,6004,6005,2025-10-08,69352.3
700444,FL1443,6008,6023,2025-10-01,51279.91
700445,FL1444,6019,6026,2025-12-31,44299.12
700446,FL1445,6009,6003,2025-03-18,71856.51
700447,FL1446,6004,6029,2025-03-20,42298.11
700448,FL1447,6015,6030,2025-06-23,26496.15
700449,FL1448,6010,6008,2025-08-03,61824.79
700450,FL1449,6024,6027,2025-07-03,25566.95
700451,FL1450,6009,6016,2025-01-01,49899.75
700452,FL1451,6021,6015,2025-06-22,18130.84
700453,FL1452,6012,6028,2025-04-27,73592.38
700454,FL1453,6016,6018,2025-11-14,38134.4
700455,FL1454,6017,6023,2025-04-14,7482.7
700456,FL1455,6004,6012,2025-03-09,37386.76
700457,FL1456,6015,6015,2025-07-11,7805.12
700458,FL1457,6003,6001,2025-04-25,26200.92
700459,FL1458,6003,6021,2025-02-16,23648.44
700460,FL1459,6017,6028,2025-07-15,12355.33
700461,FL1460,6001,6028,2025-02-19,31766.68
700462,FL1461,6024,6006,2025-06-15,34967.57
700463,FL1462,6030,6027,2025-10-11,10381.11
700464,FL1463,6016,6004,2025-11-27,29455.91
700465,FL1464,6012,6029,2025-07-21,71607.61
700466,FL1465,6003,6023,2025-12-07,74147.83
700467,FL1466,6009,6025,2025-05-16,11716.01
700468,FL1467,6026,6029,2025-01-10,32414.77
700469,FL1468,6007,6024,2025-12-26,6821.9
700470,FL1469,6029,6008,2025-08-07,32541.05
700471,FL1470,6023,6014,2025-10-10,39587.0
700472,FL1471,6022,6011,2025-12-13,31813.58
700473,FL1472,6028,6024,2025-08-21,40930.92
700474,FL1473,6021,6009,2025-06-18,30396.59
700475,FL1474,6015,6029,2025-12-25,11211.28
700476,FL1475,6008,6030,2025-08-24,7535.25
700477,FL1476,6005,6009,2025-03-25,65294.63
700478,FL1477,6010,6024,2025-02-03,34063.85
700479,FL1478,6027,6014,2025-05-25,14678.34
700480,FL1479,6013,6008,2025-05-24,43247.24
700481,FL1480,6002,6010,2025-09-04,38225.12
700482,FL1481,6027,6007,2025-12-22,59770.71
700483,FL1482,6008,6028,2025-05-31,8113.13
700484,FL1483,6002,6027,2025-01-28,38738.49
700485,FL1484,6024,6013,2025-10-06,59045.77
700486,FL1485,6026,6012,2025-04-03,42925.21
700487,FL1486,6029,6026,2025-05-05,38278.77
700488,FL1487,6021,6002,2025-02-26,28435.86
700489,FL1488,6016,6017,2025-01-09,28732.03
700490,FL1489,6005,6020,2025-04-20,62011.46
700491,FL1490,6004,6010,2025-11-03,61368.06
700492,FL1491,6002,6017,2025-03-25,70771.18
700493,FL1492,6015,6014,2025-06-02,50073.58
700494,FL1493,6012,6003,2025-10-13,21800.58
700495,FL1494,6010,6024,2025-11-09,54868.14
700496,FL1495,6022,6021,2025-08-19,10089.1
700497,FL1496,6025,6012,2025-03-30,24243.05
700498,FL1497,6026,6010,2025-07-28,42860.45
700499,FL1498,6029,6024,2025-04-26,45748.12
700500,FL1499,6015,6029,2025-09-02,19946.48
700501,FL1500,6006,6003,2025-04-16,70027.22
700502,FL1501,6017,6017,2025-10-08,11124.74
700503,FL1502,6010,6019,2025-02-10,50227.83
700504,FL1503,6021,6002,2025-03-19,39210.6
700505,FL1504,6003,6023,2025-02-27,39001.36
700506,FL1505,6006,6019,2025-01-10,33723.63
700507,FL1506,6020,6002,2025-04-24,65717.82
700508,FL1507,6015,6029,2025-04-07,9018.03
700509,FL1508,6030,6027,2025-08-04,3563.74
700510,FL1509,6009,6019,2025-05-22,52118.4
700511,FL1510,6003,6009,2025-04-28,16998.55
700512,FL1511,6012,6016,2025-01-01,6715.79
700513,FL1512,6007,6022,2025-07-01,5609.13
700514,FL1513,6020,6018,2025-02-14,65202.23
700515,FL1514,6029,6026,2025-02-28,11510.65
700516,FL1515,6003,6014,2025-02-06,6742.84
700517,FL1516,6027,6015,2025-03-18,12915.22
700518,FL1517,6003,6002,2025-09-01,61443.57
700519,FL1518,6007,6003,2025-08-24,22028.66
700520,FL1519,6017,6003,2025-12-05,15653.42
700521,FL1520,6010,6016,2025-11-16,7957.8
700522,FL1521,6007,6002,2025-02-20,12092.45
700523,FL1522,6030,6029,2025-09-23,19117.85
700524,FL1523,6028,6015,2025-02-12,57795.01
700525,FL1524,6004,6006,2025-03-31,12460.45
700526,FL1525,6027,6028,2025-09-14,53606.53
700527,FL1526,6014,6022,2025-02-10,7903.66
700528,FL1527,6003,6016,2025-11-13,34144.12
700529,FL1528,6027,6014,2025-01-18,60795.82
700530,FL1529,6030,6007,2025-04-01,22692.61
700531,FL1530,6019,6014,2025-12-01,51400.68
700532,FL1531,6022,6016,2025-12-03,21600.79
700533,FL1532,6017,6004,2025-02-28,34043.85
700534,FL1533,6002,6001,2025-03-28,47600.74
700535,FL1534,6008,6014,2025-05-27,3954.89
700536,FL1535,6007,6012,2025-06-26,3770.76
700537,FL1536,6027,6003,2025-07-27,12327.54
700538,FL1537,6011,6020,2025-05-08,56829.92
700539,FL1538,6004,6016,2025-11-01,19853.34
700540,FL1539,6003,6010,2025-02-01,56690.21
700541,FL1540,6021,6021,2025-05-08,6214.91
700542,FL1541,6017,6018,2025-06-28,53804.21
700543,FL1542,6010,6006,2025-12-30,26132.56
700544,FL1543,6006,6008,2025-08-30,32546.97
700545,FL1544,6010,6016,2025-06-08,29460.56
700546,FL1545,6028,6029,2025-04-26,30603.4
700547,FL1546,6020,6009,2025-03-09,26550.66
700548,FL1547,6018,6005,2025-11-20,67942.41
700549,FL1548,6014,6022,2025-07-03,4784.85
700550,FL1549,6008,6022,2025-08-14,56338.56
700551,FL1550,6003,6029,2025-10-06,61196.9
700552,FL1551,6009,6030,2025-04-22,64036.1
700553,FL1552,6005,6017,2025-06-17,18631.81
700554,FL1553,6003,6011,2025-05-19,67036.79
700555,FL1554,6017,6018,2025-01-16,35096.83
700556,FL1555,6021,6028,2025-08-20,58289.45
700557,FL1556,6018,6028,2025-11-06,7826.68
700558,FL1557,6021,6010,2025-05-03,41016.1
700559,FL1558,6029,6019,2025-05-24,39818.49
700560,FL1559,6025,6003,2025-05-09,28378.53
700561,FL1560,6013,6017,2025-05-20,39698.55
700562,FL1561,6013,6021,2025-12-05,37420.59
700563,FL1562,6011,6012,2025-02-19,18188.27
700564,FL1563,6001,6023,2025-01-05,74861.16
700565,FL1564,6018,6021,2025-06-03,23058.73
700566,FL1565,6011,6015,2025-11-18,73056.65
700567,FL1566,6016,6017,2025-09-03,27002.92
700568,FL1567,6001,6002,2025-07-12,49558.17
700569,FL1568,6012,6015,2025-11-21,48674.05
700570,FL1569,6014,6015,2025-03-26,55327.38
700571,FL1570,6024,6025,2025-05-27,64014.62
700572,FL1571,6016,6010,2025-01-17,21379.18
700573,FL1572,6010,6008,2025-07-10,50017.2
700574,FL1573,6007,6021,2025-01-23,12610.42
700575,FL1574,6027,6016,2025-07-14,57852.98
700576,FL1575,6026,6005,2025-04-10,3315.84
700577,FL1576,6022,6008,2025-12-18,44375.56
700578,FL1577,6030,6004,2025-04-04,65404.3
700579,FL1578,6018,6009,2025-01-31,31724.0
700580,FL1579,6003,6015,2025-05-07,17456.93
700581,FL1580,6027,6014,2025-05-23,33214.56
700582,FL1581,6022,6009,2025-12-03,63131.01
700583,FL1582,6011,6004,2025-09-28,57621.12
700584,FL1583,6001,6002,2025-06-27,50468.61
700585,FL1584,6020,6021,2025-02-14,25264.3
700586,FL1585,6024,6018,2025-03-18,59378.86
700587,FL1586,6002,6016,2025-04-08,36814.77
700588,FL1587,6022,6008,2025-10-02,72554.43
700589,FL1588,6021,6015,2025-06-27,63033.99
700590,FL1589,6010,6019,2025-02-01,74500.2
700591,FL1590,6030,6011,2025-01-08,37168.73
700592,FL1591,6025,6029,2025-10-05,65716.43
700593,FL1592,6020,6003,2025-03-26,5666.85
700594,FL1593,6006,6014,2025-08-15,24284.0
700595,FL1594,6029,6025,2025-07-19,37472.23
700596,FL1595,6027,6003,2025-04-26,46958.89
700597,FL1596,6019,6023,2025-10-06,54184.03
700598,FL1597,6028,6002,2025-09-23,17565.73
700599,FL1598,6013,6003,2025-12-29,19772.22
700600,FL1599,6014,6024,2025-03-26,62196.51
700601,FL1600,6010,6016,2025-09-27,65129.14
700602,FL1601,6010,6011,2025-01-27,37319.46
700603,FL1602,6010,6010,2025-08-13,9340.15
700604,FL1603,6002,6022,2025-02-20,74252.56
700605,FL1604,6005,6025,2025-06-17,46282.97
700606,FL1605,6025,6004,2025-04-09,25960.79
700607,FL1606,6029,6029,2025-12-16,65735.89
700608,FL1607,6009,6004,2025-08-27,28792.06
700609,FL1608,6029,6020,2025-09-01,27158.15
700610,FL1609,6023,6008,2025-03-20,2989.65
700611,FL1610,6003,6027,2025-10-19,52074.32
700612,FL1611,6028,6023,2025-05-23,59259.88
700613,FL1612,6012,6012,2025-04-26,29378.72
700614,FL1613,6001,6028,2025-07-30,18335.56
700615,FL1614,6020,6003,2025-11-15,27411.4
700616,FL1615,6029,6003,2025-10-18,22483.34
700617,FL1616,6008,6001,2025-10-10,21731.9
700618,FL1617,6018,6002,2025-07-07,63566.66
700619,FL1618,6017,6006,2025-10-14,69982.56
700620,FL1619,6018,6013,2025-10-07,25886.04
700621,FL1620,6003,6025,2025-11-02,3800.15
700622,FL1621,6028,6023,2025-05-27,62598.16
700623,FL1622,6012,6005,2025-09-12,45011.24
700624,FL1623,6001,6014,2025-02-03,9642.46
700625,FL1624,6011,6010,2025-11-07,60901.26
700626,FL1625,6011,6026,2025-09-08,17339.96
700627,FL1626,6018,6026,2025-07-25,30201.05
700628,FL1627,6009,6014,2025-11-03,56203.04
700629,FL1628,6021,6012,2025-10-08,46835.46
700630,FL1629,6002,6005,2025-07-13,63953.12
700631,FL1630,6018,6028,2025-09-21,28477.57
700632,FL1631,6013,6005,2025-04-17,44151.57
700633,FL1632,6026,6013,2025-09-27,38733.57
700634,FL1633,6002,6001,2025-12-29,10145.66
700635,FL1634,6001,6025,2025-10-07,50817.19
700636,FL1635,6010,6026,2025-09-29,58911.77
700637,FL1636,6022,6023,2025-03-25,71014.2
700638,FL1637,6026,6022,2025-01-23,20098.59
700639,FL1638,6019,6014,2025-10-24,39503.24
700640,FL1639,6020,6006,2025-04-12,35832.74
700641,FL1640,6026,6026,2025-02-24,5290.38
700642,FL1641,6015,6018,2025-05-19,4741.99
700643,FL1642,6006,6030,2025-09-15,34983.04
700644,FL1643,6030,6015,2025-12-07,54372.49
700645,FL1644,6017,6018,2025-05-03,8030.46
700646,FL1645,6008,6018,2025-02-06,51349.03
700647,FL1646,6016,6017,2025-10-25,12594.71
700648,FL1647,6005,6013,2025-01-11,3631.83
700649,FL1648,6022,6017,2025-02-24,70479.7
700650,FL1649,6020,6030,2025-12-07,26603.34
700651,FL1650,6018,6008,2025-02-25,38338.58
700652,FL1651,6008,6022,2025-03-22,39389.69
700653,FL1652,6011,6026,2025-04-29,65029.49
700654,FL1653,6028,6017,2025-12-30,11769.33
700655,FL1654,6013,6014,2025-04-02,58459.82
700656,FL1655,6005,6026,2025-10-21,32440.93
700657,FL1656,6001,6020,2025-05-23,20603.11
700658,FL1657,6011,6030,2025-09-19,4230.5
700659,FL1658,6026,6013,2025-08-06,9888.48
700660,FL1659,6003,6022,2025-05-14,30743.3
700661,FL1660,6015,6008,2025-02-27,6226.92
700662,FL1661,6008,6017,2025-12-28,6260.12
700663,FL1662,6030,6004,2025-03-27,10828.16
700664,FL1663,6009,6025,2025-01-02,23079.49
700665,FL1664,6027,6026,2025-10-26,6666.6
700666,FL1665,6025,6012,2025-05-21,20635.87
700667,FL1666,6013,6025,2025-10-04,62021.51
700668,FL1667,6012,6007,2025-02-04,20960.76
700669,FL1668,6010,6004,2025-09-15,58275.99
700670,FL1669,6023,6019,2025-06-08,31966.09
700671,FL1670,6027,6009,2025-04-22,19066.38
700672,FL1671,6008,6024,2025-12-23,52585.52
700673,FL1672,6013,6024,2025-03-23,9081.4
700674,FL1673,6029,6009,2025-11-16,17613.37
700675,FL1674,6028,6027,2025-12-28,62504.3
700676,FL1675,6014,6005,2025-01-22,49754.45
700677,FL1676,6017,6008,2025-02-27,64497.93
700678,FL1677,6011,6010,2025-11-29,47936.06
700679,FL1678,6030,6016,2025-02-17,5126.72
700680,FL1679,6024,6015,2025-05-09,46982.41
700681,FL1680,6023,6028,2025-02-18,68291.46
700682,FL1681,6005,6005,2025-02-19,32079.6
700683,FL1682,6013,6029,2025-05-27,61208.33
700684,FL1683,6011,6028,2025-02-16,6832.01
700685,FL1684,6024,6009,2025-09-22,69250.08
700686,FL1685,6027,6005,2025-09-26,63928.24
700687,FL1686,6018,6030,2025-08-10,74608.48
700688,FL1687,6028,6029,2025-06-22,8041.17
700689,FL1688,6011,6021,2025-08-20,28553.92
700690,FL1689,6030,6019,2025-09-15,9166.82
700691,FL1690,6020,6014,2025-05-14,53294.68
700692,FL1691,6012,6011,2025-05-17,9382.99
700693,FL1692,6012,6022,2025-01-27,74248.53
700694,FL1693,6029,6018,2025-10-15,49271.0
700695,FL1694,6013,6019,2025-04-08,52843.04
700696,FL1695,6020,6028,2025-05-11,33473.04
700697,FL1696,6013,6004,2025-03-24,8046.45
700698,FL1697,6029,6028,2025-11-01,10224.34
700699,FL1698,6022,6013,2025-04-15,53065.02
700700,FL1699,6021,6005,2025-08-22,60718.91
700701,FL1700,6002,6022,2025-03-20,6546.39
700702,FL1701,6016,6009,2025-05-29,66025.75
700703,FL1702,6006,6016,2025-09-12,39342.34
700704,FL1703,6017,6009,2025-03-31,43430.62
700705,FL1704,6024,6025,2025-03-23,50626.43
700706,FL1705,6006,6025,2025-06-04,19557.3
700707,FL1706,6005,6017,2025-04-10,72151.72
700708,FL1707,6015,6007,2025-12-10,53843.74
700709,FL1708,6029,6030,2025-04-30,26701.1
700710,FL1709,6027,6004,2025-08-20,6730.22
700711,FL1710,6008,6027,2025-07-29,22568.74
700712,FL1711,6025,6021,2025-04-01,10850.14
700713,FL1712,6029,6010,2025-05-02,53997.99
700714,FL1713,6024,6025,2025-11-01,22640.59
700715,FL1714,6029,6015,2025-03-11,4565.51
700716,FL1715,6028,6027,2025-05-30,27508.0
700717,FL1716,6003,6009,2025-04-10,46250.19
700718,FL1717,6019,6002,2025-04-25,32378.84
700719,FL1718,6021,6007,2025-01-15,33293.44
700720,FL1719,6009,6020,2025-12-21,32047.54
700721,FL1720,6014,6002,2025-09-07,62713.27
700722,FL1721,6018,6013,2025-12-14,61355.91
700723,FL1722,6030,6014,2025-11-13,7481.34
700724,FL1723,6027,6002,2025-12-01,65546.06
700725,FL1724,6021,6009,2025-05-30,32250.86
700726,FL1725,6029,6019,2025-08-22,66458.27
700727,FL1726,6025,6004,2025-06-10,33322.41
700728,FL1727,6023,6005,2025-05-12,44574.74
700729,FL1728,6007,6010,2025-04-23,39235.65
700730,FL1729,6021,6003,2025-11-05,73423.28
700731,FL1730,6021,6015,2025-11-25,41050.79
700732,FL1731,6018,6021,2025-09-01,6131.77
700733,FL1732,6001,6015,2025-10-03,38916.56
700734,FL1733,6026,6022,2025-03-04,30543.23
700735,FL1734,6029,6030,2025-12-22,52602.29
700736,FL1735,6001,6022,2025-03-23,58924.17
700737,FL1736,6021,6025,2025-03-31,3348.84
700738,FL1737,6025,6010,2025-07-24,67335.09
700739,FL1738,6014,6003,2025-05-13,55536.99
700740,FL1739,6016,6013,2025-10-05,73699.69
700741,FL1740,6026,6002,2025-06-24,7247.85
700742,FL1741,6011,6016,2025-07-05,31198.83
700743,FL1742,6023,6011,2025-01-31,36519.19
700744,FL1743,6001,6013,2025-01-19,3051.52
700745,FL1744,6024,6005,2025-06-29,9122.84
700746,FL1745,6011,6008,2025-12-01,3868.11
700747,FL1746,6016,6014,2025-08-16,62693.12
700748,FL1747,6029,6008,2025-01-20,29449.66
700749,FL1748,6014,6019,2025-04-20,57961.16
700750,FL1749,6020,6028,2025-12-02,51790.8
700751,FL1750,6013,6011,2025-02-17,2800.36
700752,FL1751,6006,6017,2025-02-14,8378.39
700753,FL1752,6013,6017,2025-02-06,13424.96
700754,FL1753,6030,6005,2025-03-04,4322.56
700755,FL1754,6013,6028,2025-10-14,53939.57
700756,FL1755,6001,6010,2025-04-14,38999.16
700757,FL1756,6013,6011,2025-03-12,31596.82
700758,FL1757,6005,6020,2025-03-01,45745.02
700759,FL1758,6016,6003,2025-03-30,56995.0
700760,FL1759,6018,6028,2025-03-30,55759.21
700761,FL1760,6008,6015,2025-03-04,64135.05
700762,FL1761,6012,6010,2025-03-20,61094.0
700763,FL1762,6018,6026,2025-06-21,51303.89
700764,FL1763,6001,6017,2025-09-11,15408.96
700765,FL1764,6011,6016,2025-03-10,13399.73
700766,FL1765,6021,6019,2025-12-22,37965.79
700767,FL1766,6021,6027,2025-02-24,38717.82
700768,FL1767,6030,6022,2025-10-06,3126.68
700769,FL1768,6013,6020,2025-02-09,13768.87
700770,FL1769,6009,6013,2025-05-06,17281.84
700771,FL1770,6010,6011,2025-03-21,16937.58
700772,FL1771,6005,6019,2025-08-10,31920.0
700773,FL1772,6024,6010,2025-11-27,47263.77
700774,FL1773,6010,6028,2025-10-11,13835.32
700775,FL1774,6029,6021,2025-12-23,52364.97
700776,FL1775,6026,6005,2025-06-04,61846.59
700777,FL1776,6014,6024,2025-01-22,36884.48
700778,FL1777,6027,6003,2025-04-17,34062.38
700779,FL1778,6020,6011,2025-09-20,23389.0
700780,FL1779,6024,6023,2025-06-22,37283.86
700781,FL1780,6013,6009,2025-10-20,3432.3
700782,FL1781,6023,6022,2025-07-10,67481.23
700783,FL1782,6026,6015,2025-06-08,16104.47
700784,FL1783,6027,6020,2025-01-05,7013.44
700785,FL1784,6026,6010,2025-03-20,32147.52
700786,FL1785,6018,6009,2025-12-04,10366.98
700787,FL1786,6020,6027,2025-04-21,9083.9
700788,FL1787,6017,6005,2025-11-26,40906.76
700789,FL1788,6017,6004,2025-08-15,50989.62
700790,FL1789,6004,6023,2025-10-26,38782.58
700791,FL1790,6003,6020,2025-08-14,71058.29
700792,FL1791,6012,6004,2025-08-31,59011.7
700793,FL1792,6008,6005,2025-02-24,53723.44
700794,FL1793,6024,6017,2025-05-12,66224.87
700795,FL1794,6021,6007,2025-10-01,4573.35
700796,FL1795,6019,6021,2025-02-27,54307.63
700797,FL1796,6027,6005,2025-11-05,24688.72
700798,FL1797,6014,6023,2025-05-19,35932.66
700799,FL1798,6011,6028,2025-04-18,25027.58
700800,FL1799,6020,6026,2025-01-31,37220.13
700801,FL1800,6025,6015,2025-02-04,43563.51
700802,FL1801,6008,6006,2025-11-27,74402.3
700803,FL1802,6030,6024,2025-03-01,32592.21
700804,FL1803,6002,6029,2025-06-06,21254.31
700805,FL1804,6014,6015,2025-04-26,14819.06
700806,FL1805,6021,6020,2025-05-20,27857.42
700807,FL1806,6023,6005,2025-03-12,14137.95
700808,FL1807,6007,6021,2025-11-19,34671.24
700809,FL1808,6011,6029,2025-07-02,37592.15
700810,FL1809,6027,6014,2025-10-01,25795.28
700811,FL1810,6012,6024,2025-12-22,4279.5
700812,FL1811,6016,6021,2025-08-23,14312.79
700813,FL1812,6007,6006,2025-03-14,67541.73
700814,FL1813,6007,6018,2025-01-09,52122.38
700815,FL1814,6004,6016,2025-03-19,47263.89
700816,FL1815,6005,6001,2025-06-09,28066.4
700817,FL1816,6009,6007,2025-08-04,15144.83
700818,FL1817,6004,6020,2025-04-04,73845.98
700819,FL1818,6025,6012,2025-08-15,29503.94
700820,FL1819,6022,6026,2025-10-13,55956.8
700821,FL1820,6008,6016,2025-12-10,36080.23
700822,FL1821,6013,6004,2025-07-23,28138.81
700823,FL1822,6003,6005,2025-05-26,61939.18
700824,FL1823,6014,6010,2025-02-19,70595.72
700825,FL1824,6006,6002,2025-11-16,69072.73
700826,FL1825,6009,6029,2025-03-05,51431.05
700827,FL1826,6020,6027,2025-09-18,51619.14
700828,FL1827,6003,6027,2025-11-22,51870.66
700829,FL1828,6010,6018,2025-06-14,11876.81
700830,FL1829,6025,6021,2025-02-13,65704.32
700831,FL1830,6016,6015,2025-07-22,26805.56
700832,FL1831,6016,6012,2025-01-14,30231.45
700833,FL1832,6021,6005,2025-03-18,22379.22
700834,FL1833,6016,6022,2025-11-07,50356.83
700835,FL1834,6002,6017,2025-02-16,53348.31
700836,FL1835,6004,6023,2025-12-04,29119.04
700837,FL1836,6009,6001,2025-09-19,54098.9
700838,FL1837,6012,6005,2025-01-28,10720.65
700839,FL1838,6028,6023,2025-07-18,15998.95
700840,FL1839,6014,6015,2025-01-20,31801.27
700841,FL1840,6029,6022,2025-11-23,8753.73
700842,FL1841,6019,6007,2025-01-31,44335.09
700843,FL1842,6012,6016,2025-07-06,26163.58
700844,FL1843,6024,6015,2025-10-11,45349.24
700845,FL1844,6024,6024,2025-10-20,72920.5
700846,FL1845,6008,6021,2025-11-02,29400.13
700847,FL1846,6018,6003,2025-06-27,31698.83
700848,FL1847,6008,6029,2025-02-15,51022.56
700849,FL1848,6013,6018,2025-03-30,7567.48
700850,FL1849,6029,6012,2025-07-10,72473.61
700851,FL1850,6008,6007,2025-03-30,12735.8
700852,FL1851,6008,6005,2025-09-12,39305.83
700853,FL1852,6006,6018,2025-02-21,62027.69
700854,FL1853,6028,6017,2025-07-15,31778.29
700855,FL1854,6008,6001,2025-09-16,14454.88
700856,FL1855,6025,6004,2025-02-04,63024.51
700857,FL1856,6025,6025,2025-07-05,16051.42
700858,FL1857,6028,6001,2025-01-01,54538.65
700859,FL1858,6015,6029,2025-04-16,2706.85
700860,FL1859,6029,6023,2025-12-17,33564.04
700861,FL1860,6017,6018,2025-11-08,60606.3
700862,FL1861,6014,6015,2025-07-02,31036.31
700863,FL1862,6010,6027,2025-11-27,2705.15
700864,FL1863,6022,6002,2025-06-18,71997.42
700865,FL1864,6015,6007,2025-01-11,66539.71
700866,FL1865,6025,6022,2025-01-15,5181.97
700867,FL1866,6012,6025,2025-08-25,73831.68
700868,FL1867,6020,6011,2025-04-03,69002.99
700869,FL1868,6023,6001,2025-02-06,12706.26
700870,FL1869,6014,6017,2025-05-24,73165.6
700871,FL1870,6011,6027,2025-12-22,64636.31
700872,FL1871,6012,6027,2025-08-24,7358.6
700873,FL1872,6012,6014,2025-07-23,64906.3
700874,FL1873,6027,6013,2025-04-09,68073.64
700875,FL1874,6018,6021,2025-04-03,58324.85
700876,FL1875,6009,6006,2025-01-09,31185.15
700877,FL1876,6015,6015,2025-09-19,12223.7
700878,FL1877,6003,6013,2025-10-12,8309.28
700879,FL1878,6029,6011,2025-06-14,37196.73
700880,FL1879,6017,6010,2025-04-20,54970.67
700881,FL1880,6006,6004,2025-07-29,24953.37
700882,FL1881,6006,6008,2025-05-18,64841.41
700883,FL1882,6013,6010,2025-01-29,9642.82
700884,FL1883,6028,6006,2025-08-20,22098.63
700885,FL1884,6006,6023,2025-03-04,36844.83
700886,FL1885,6009,6013,2025-09-28,15020.58
700887,FL1886,6030,6013,2025-02-04,65325.03
700888,FL1887,6001,6001,2025-02-18,47385.59
700889,FL1888,6015,6027,2025-02-18,10038.8
700890,FL1889,6021,6025,2025-05-22,20232.2
700891,FL1890,6014,6028,2025-10-04,33964.45
700892,FL1891,6016,6013,2025-01-14,62532.92
700893,FL1892,6029,6009,2025-04-21,67987.25
700894,FL1893,6030,6001,2025-08-18,69240.65
700895,FL1894,6013,6027,2025-12-25,48337.72
700896,FL1895,6017,6015,2025-11-28,19800.95
700897,FL1896,6027,6011,2025-11-08,44396.27
700898,FL1897,6023,6019,2025-09-08,16181.67
700899,FL1898,6005,6011,2025-12-05,44396.08
700900,FL1899,6027,6016,2025-01-28,44960.2
700901,FL1900,6012,6024,2025-02-04,60684.49
700902,FL1901,6014,6027,2025-03-15,58835.85
700903,FL1902,6024,6019,2025-07-01,42167.94
700904,FL1903,6020,6013,2025-01-01,6519.12
700905,FL1904,6009,6024,2025-02-10,30075.8
700906,FL1905,6012,6010,2025-08-22,39733.84
700907,FL1906,6002,6005,2025-01-30,67792.08
700908,FL1907,6030,6009,2025-11-05,7717.55
700909,FL1908,6016,6027,2025-10-30,28353.8
700910,FL1909,6013,6001,2025-07-18,64635.73
700911,FL1910,6022,6023,2025-03-22,55390.83
700912,FL1911,6022,6015,2025-01-29,16812.37
700913,FL1912,6018,6008,2025-12-17,16420.64
700914,FL1913,6014,6014,2025-11-15,71246.05
700915,FL1914,6015,6030,2025-07-28,54642.01
700916,FL1915,6007,6017,2025-03-28,38696.75
700917,FL1916,6012,6024,2025-01-03,73040.99
700918,FL1917,6011,6030,2025-12-18,54060.89
700919,FL1918,6003,6018,2025-10-09,74690.13
700920,FL1919,6030,6028,2025-08-17,10035.17
700921,FL1920,6018,6016,2025-04-14,68323.53
700922,FL1921,6022,6004,2025-01-30,59549.89
700923,FL1922,6021,6012,2025-04-11,68225.93
700924,FL1923,6004,6014,2025-10-18,34402.08
700925,FL1924,6020,6019,2025-08-21,39297.96
700926,FL1925,6030,6018,2025-04-13,61930.86
700927,FL1926,6016,6002,2025-06-05,53105.61
700928,FL1927,6008,6017,2025-04-10,70779.33
700929,FL1928,6014,6014,2025-12-10,52884.9
700930,FL1929,6020,6015,2025-08-21,61066.95
700931,FL1930,6027,6013,2025-12-08,5492.11
700932,FL1931,6004,6028,2025-06-18,72916.45
700933,FL1932,6028,6015,2025-05-13,25365.04
700934,FL1933,6006,6021,2025-05-07,44523.58
700935,FL1934,6024,6016,2025-06-23,50234.68
700936,FL1935,6005,6019,2025-12-31,72278.09
700937,FL1936,6020,6024,2025-05-04,44208.49
700938,FL1937,6022,6012,2025-03-31,55061.14
700939,FL1938,6022,6012,2025-01-18,61719.27
700940,FL1939,6023,6022,2025-07-27,44444.69
700941,FL1940,6025,6012,2025-10-01,64431.41
700942,FL1941,6013,6024,2025-08-25,36312.72
700943,FL1942,6016,6014,2025-05-30,64012.77
700944,FL1943,6015,6013,2025-04-30,9988.56
700945,FL1944,6019,6013,2025-12-06,21584.18
700946,FL1945,6028,6006,2025-08-31,69255.16
700947,FL1946,6010,6019,2025-07-15,42740.91
700948,FL1947,6012,6001,2025-03-25,31795.8
700949,FL1948,6021,6021,2025-04-28,11746.15
700950,FL1949,6002,6012,2025-04-29,57159.17
700951,FL1950,6011,6004,2025-10-12,70819.8
700952,FL1951,6016,6008,2025-08-26,68501.42
700953,FL1952,6025,6016,2025-08-20,11675.29
700954,FL1953,6015,6019,2025-05-21,36182.91
700955,FL1954,6029,6021,2025-06-07,63734.5
700956,FL1955,6009,6008,2025-08-03,23064.66
700957,FL1956,6012,6013,2025-02-15,33395.92
700958,FL1957,6023,6012,2025-03-06,45550.66
700959,FL1958,6021,6021,2025-04-20,14242.6
700960,FL1959,6005,6010,2025-06-10,25853.19
700961,FL1960,6020,6027,2025-02-25,4752.93
700962,FL1961,6022,6008,2025-08-24,6565.79
700963,FL1962,6009,6010,2025-10-30,43312.74
700964,FL1963,6019,6005,2025-04-11,26089.44
700965,FL1964,6013,6023,2025-03-12,32019.85
700966,FL1965,6022,6023,2025-04-29,58748.04
700967,FL1966,6006,6030,2025-08-02,54216.99
700968,FL1967,6020,6008,2025-08-18,52353.39
700969,FL1968,6024,6012,2025-12-10,25367.97
700970,FL1969,6011,6019,2025-05-25,13644.33
700971,FL1970,6014,6016,2025-12-28,10034.36
700972,FL1971,6029,6004,2025-04-24,54969.56
700973,FL1972,6006,6005,2025-10-03,54239.22
700974,FL1973,6025,6018,2025-10-03,39007.34
700975,FL1974,6024,6023,2025-02-22,4416.23
700976,FL1975,6008,6015,2025-01-28,27752.71
700977,FL1976,6012,6029,2025-02-01,31573.26
700978,FL1977,6012,6002,2025-10-07,69860.71
700979,FL1978,6025,6020,2025-05-14,40790.62
700980,FL1979,6009,6009,2025-03-05,73689.11
700981,FL1980,6005,6018,2025-02-25,34560.13
700982,FL1981,6005,6024,2025-08-10,19248.91
700983,FL1982,6012,6020,2025-09-24,39767.63
700984,FL1983,6001,6021,2025-12-25,44883.41
700985,FL1984,6019,6004,2025-01-24,25963.14
700986,FL1985,6017,6006,2025-10-13,39574.72
700987,FL1986,6027,6010,2025-02-06,11843.0
700988,FL1987,6025,6008,2025-04-30,52077.22
700989,FL1988,6012,6018,2025-12-26,61333.22
700990,FL1989,6028,6028,2025-06-29,22700.94
700991,FL1990,6022,6026,2025-11-15,56573.08
700992,FL1991,6023,6020,2025-09-16,56644.59
700993,FL1992,6025,6024,2025-11-28,10139.14
700994,FL1993,6025,6026,2025-12-01,61433.44
700995,FL1994,6024,6020,2025-08-12,14733.51
700996,FL1995,6007,6020,2025-07-25,59814.6
700997,FL1996,6008,6015,2025-01-19,34646.88
700998,FL1997,6003,6006,2025-11-21,71751.59
700999,FL1998,6021,6001,2025-04-22,50495.07
701000,FL1999,6018,6001,2025-12-23,6455.21
701001,FL2000,6016,6012,2025-02-19,59296.57
701002,FL2001,6012,6019,2025-04-17,7435.31
701003,FL2002,6018,6004,2025-12-13,65937.06
701004,FL2003,6019,6023,2025-02-09,48664.02
701005,FL2004,6006,6025,2025-10-13,21966.92
701006,FL2005,6015,6017,2025-11-30,25181.78
701007,FL2006,6011,6030,2025-06-29,28048.0
701008,FL2007,6029,6016,2025-12-16,35235.73
701009,FL2008,6005,6006,2025-03-03,42802.5
701010,FL2009,6011,6012,2025-12-23,51637.33
701011,FL2010,6012,6030,2025-05-24,59516.1
701012,FL2011,6006,6007,2025-10-13,13630.86
701013,FL2012,6009,6025,2025-10-22,64927.7
701014,FL2013,6021,6007,2025-04-02,52579.12
701015,FL2014,6030,6028,2025-02-23,47789.24
701016,FL2015,6007,6011,2025-06-28,44359.67
701017,FL2016,6025,6025,2025-10-03,34798.75
701018,FL2017,6005,6021,2025-10-25,9340.98
701019,FL2018,6008,6030,2025-09-20,30660.4
701020,FL2019,6008,6017,2025-11-29,25327.85
701021,FL2020,6030,6021,2025-04-21,47103.39
701022,FL2021,6005,6006,2025-09-23,39394.74
701023,FL2022,6019,6019,2025-05-04,3648.06
701024,FL2023,6010,6029,2025-12-09,67231.84
701025,FL2024,6023,6020,2025-03-01,64320.75
701026,FL2025,6028,6019,2025-04-16,42485.03
701027,FL2026,6026,6022,2025-06-01,41776.99
701028,FL2027,6003,6015,2025-04-03,43091.99
701029,FL2028,6018,6020,2025-11-08,66798.9
701030,FL2029,6013,6022,2025-07-13,17132.85
701031,FL2030,6024,6009,2025-05-22,63636.47
701032,FL2031,6022,6023,2025-02-07,43471.89
701033,FL2032,6001,6020,2025-09-03,51084.87
701034,FL2033,6017,6023,2025-01-19,67457.41
701035,FL2034,6024,6018,2025-12-26,28831.06
701036,FL2035,6009,6009,2025-04-17,44797.76
701037,FL2036,6015,6030,2025-04-23,16035.63
701038,FL2037,6022,6016,2025-12-09,17196.23
701039,FL2038,6026,6028,2025-01-21,47022.51
701040,FL2039,6023,6016,2025-05-11,71661.74
701041,FL2040,6008,6015,2025-12-29,7909.53
701042,FL2041,6021,6018,2025-04-16,16017.86
701043,FL2042,6009,6025,2025-02-27,20974.78
701044,FL2043,6021,6008,2025-10-17,44110.39
701045,FL2044,6025,6016,2025-10-09,15658.72
701046,FL2045,6002,6020,2025-05-22,20388.53
701047,FL2046,6030,6001,2025-02-21,34123.87
701048,FL2047,6011,6018,2025-11-02,19874.43
701049,FL2048,6027,6019,2025-06-19,62904.07
701050,FL2049,6003,6025,2025-10-06,63175.03
701051,FL2050,6016,6001,2025-09-13,23364.46
701052,FL2051,6009,6001,2025-01-24,11835.18
701053,FL2052,6023,6004,2025-01-02,22182.71
701054,FL2053,6018,6012,2025-09-27,40838.07
701055,FL2054,6006,6024,2025-04-22,22637.37
701056,FL2055,6027,6014,2025-11-22,15265.58
701057,FL2056,6023,6009,2025-06-19,21874.13
701058,FL2057,6020,6020,2025-09-30,45909.1
701059,FL2058,6013,6026,2025-12-31,62297.66
701060,FL2059,6014,6021,2025-03-08,28435.8
701061,FL2060,6030,6001,2025-03-25,43436.85
701062,FL2061,6015,6014,2025-10-11,56222.35
701063,FL2062,6012,6018,2025-05-22,24664.54
701064,FL2063,6029,6003,2025-03-16,48943.09
701065,FL2064,6015,6015,2025-01-04,51783.4
701066,FL2065,6020,6003,2025-10-18,38761.34
701067,FL2066,6030,6017,2025-04-27,2648.98
701068,FL2067,6023,6019,2025-12-23,5333.25
701069,FL2068,6008,6011,2025-12-19,48991.01
701070,FL2069,6018,6008,2025-07-04,12176.76
701071,FL2070,6030,6013,2025-09-08,8378.89
701072,FL2071,6005,6011,2025-06-27,46545.54
701073,FL2072,6026,6002,2025-03-04,63000.75
701074,FL2073,6002,6009,2025-04-25,19760.28
701075,FL2074,6006,6025,2025-01-23,72341.88
701076,FL2075,6009,6020,2025-05-09,58643.52
701077,FL2076,6017,6022,2025-02-13,12308.96
701078,FL2077,6025,6019,2025-10-07,69220.01
701079,FL2078,6003,6019,2025-10-28,11125.12
701080,FL2079,6019,6006,2025-10-03,55829.72
701081,FL2080,6015,6010,2025-07-12,34689.88
701082,FL2081,6015,6001,2025-10-01,31435.49
701083,FL2082,6016,6006,2025-10-15,29836.36
701084,FL2083,6029,6024,2025-08-13,74330.54
701085,FL2084,6010,6009,2025-12-20,8543.01
701086,FL2085,6016,6025,2025-12-16,28106.92
701087,FL2086,6015,6027,2025-06-24,54856.05
701088,FL2087,6006,6026,2025-08-10,60940.4
701089,FL2088,6010,6019,2025-10-21,45561.98
701090,FL2089,6011,6001,2025-02-01,6414.79
701091,FL2090,6003,6010,2025-09-28,56529.89
701092,FL2091,6008,6009,2025-01-25,9498.84
701093,FL2092,6028,6015,2025-04-30,34733.57
701094,FL2093,6024,6006,2025-03-25,27632.5
701095,FL2094,6027,6022,2025-09-14,12509.03
701096,FL2095,6027,6024,2025-09-27,16708.18
701097,FL2096,6026,6019,2025-08-13,53979.24
701098,FL2097,6018,6002,2025-08-08,48648.0
701099,FL2098,6025,6013,2025-03-03,39044.72
701100,FL2099,6018,6003,2025-11-11,12350.74
701101,FL2100,6024,6011,2025-05-01,71449.54
701102,FL2101,6027,6022,2025-09-28,14943.86
701103,FL2102,6007,6004,2025-06-08,68379.18
701104,FL2103,6006,6026,2025-12-10,7610.69
701105,FL2104,6025,6022,2025-10-12,44131.81
701106,FL2105,6013,6005,2025-12-19,46908.58
701107,FL2106,6006,6001,2025-05-19,42502.04
701108,FL2107,6020,6001,2025-07-13,57326.58
701109,FL2108,6024,6016,2025-01-01,64460.8
701110,FL2109,6022,6001,2025-02-01,41127.45
701111,FL2110,6002,6026,2025-10-09,32749.53
701112,FL2111,6027,6028,2025-06-16,52999.39
701113,FL2112,6025,6007,2025-03-29,64588.18
701114,FL2113,6015,6013,2025-12-10,38217.52
701115,FL2114,6021,6018,2025-03-29,34460.9
701116,FL2115,6019,6015,2025-08-08,45037.59
701117,FL2116,6010,6017,2025-06-13,29811.23
701118,FL2117,6009,6015,2025-04-30,47247.18
701119,FL2118,6010,6029,2025-10-22,7380.6
701120,FL2119,6027,6027,2025-11-22,54594.97
701121,FL2120,6002,6025,2025-12-11,70700.19
701122,FL2121,6016,6001,2025-03-23,31015.14
701123,FL2122,6023,6003,2025-02-18,53603.03
701124,FL2123,6030,6028,2025-10-01,14369.52
701125,FL2124,6019,6007,2025-02-28,12035.63
701126,FL2125,6004,6003,2025-12-08,30641.42
701127,FL2126,6006,6029,2025-12-28,68297.36
701128,FL2127,6002,6012,2025-12-26,19202.78
701129,FL2128,6013,6026,2025-07-12,74015.77
701130,FL2129,6006,6009,2025-11-29,6064.74
701131,FL2130,6012,6021,2025-09-18,37329.78
701132,FL2131,6021,6027,2025-10-15,4548.73
701133,FL2132,6003,6013,2025-04-22,64589.25
701134,FL2133,6007,6028,2025-10-06,37865.21
701135,FL2134,6017,6002,2025-06-27,9155.65
701136,FL2135,6019,6007,2025-07-14,5559.06
701137,FL2136,6013,6001,2025-01-04,65777.17
701138,FL2137,6026,6030,2025-01-17,55962.87
701139,FL2138,6005,6008,2025-03-04,26612.16
701140,FL2139,6007,6004,2025-05-22,68992.09
701141,FL2140,6003,6005,2025-04-11,13497.82
701142,FL2141,6004,6003,2025-07-07,7472.75
701143,FL2142,6001,6019,2025-04-20,22077.4
701144,FL2143,6030,6013,2025-10-07,67573.76
701145,FL2144,6022,6013,2025-02-19,20745.96
701146,FL2145,6025,6018,2025-06-19,18392.74
701147,FL2146,6026,6021,2025-03-12,61214.59
701148,FL2147,6019,6020,2025-07-09,51763.4
701149,FL2148,6027,6003,2025-10-04,21528.09
701150,FL2149,6004,6027,2025-01-30,38316.1
701151,FL2150,6023,6023,2025-09-30,35335.32
701152,FL2151,6029,6016,2025-05-08,3350.43
701153,FL2152,6027,6019,2025-03-11,50443.16
701154,FL2153,6010,6024,2025-05-23,31464.98
701155,FL2154,6018,6030,2025-08-10,10151.02
701156,FL2155,6021,6017,2025-02-12,50907.35
701157,FL2156,6026,6008,2025-01-18,69138.44
701158,FL2157,6029,6015,2025-06-01,4972.17
701159,FL2158,6001,6005,2025-06-01,24781.88
701160,FL2159,6004,6012,2025-03-29,15016.35
701161,FL2160,6012,6011,2025-03-31,26837.83
701162,FL2161,6024,6002,2025-12-13,21837.92
701163,FL2162,6003,6027,2025-01-26,36529.77
701164,FL2163,6014,6015,2025-12-28,73567.02
701165,FL2164,6012,6010,2025-09-29,12823.05
701166,FL2165,6028,6022,2025-11-11,44124.05
701167,FL2166,6003,6024,2025-06-01,44075.09
701168,FL2167,6018,6030,2025-02-11,47570.44
701169,FL2168,6023,6013,2025-01-23,45808.27
701170,FL2169,6007,6024,2025-04-01,27487.17
701171,FL2170,6025,6018,2025-06-24,29863.54
701172,FL2171,6026,6028,2025-02-06,14379.99
701173,FL2172,6018,6028,2025-07-25,9413.89
701174,FL2173,6023,6024,2025-06-25,20803.23
701175,FL2174,6001,6004,2025-10-08,21367.67
701176,FL2175,6017,6012,2025-12-09,71883.37
701177,FL2176,6008,6028,2025-09-04,23289.85
701178,FL2177,6027,6010,2025-01-05,35007.63
701179,FL2178,6001,6030,2025-10-30,40444.53
701180,FL2179,6028,6003,2025-04-05,44308.51
701181,FL2180,6030,6023,2025-07-27,65043.77
701182,FL2181,6026,6019,2025-08-31,52258.19
701183,FL2182,6006,6015,2025-09-16,6524.5
701184,FL2183,6014,6022,2025-11-26,11489.09
701185,FL2184,6008,6029,2025-04-20,68298.19
701186,FL2185,6005,6011,2025-06-10,72023.1
701187,FL2186,6004,6005,2025-05-27,42909.76
701188,FL2187,6023,6024,2025-07-20,17570.33
701189,FL2188,6006,6006,2025-08-22,10083.48
701190,FL2189,6004,6018,2025-10-20,26214.41
701191,FL2190,6018,6004,2025-05-26,3512.75
701192,FL2191,6004,6028,2025-03-15,55752.72
701193,FL2192,6005,6029,2025-04-07,57805.37
701194,FL2193,6022,6030,2025-06-10,70699.9
701195,FL2194,6013,6001,2025-11-25,50738.11
701196,FL2195,6020,6008,2025-01-13,64366.21
701197,FL2196,6013,6003,2025-07-17,57590.07
701198,FL2197,6008,6014,2025-06-03,21943.0
701199,FL2198,6025,6023,2025-04-16,74198.07
701200,FL2199,6001,6013,2025-08-19,72406.91
701201,FL2200,6021,6002,2025-09-18,22581.1
701202,FL2201,6002,6025,2025-11-20,62881.32
701203,FL2202,6012,6009,2025-06-23,63220.39
701204,FL2203,6001,6013,2025-05-14,25968.66
701205,FL2204,6019,6004,2025-01-20,45789.0
701206,FL2205,6008,6016,2025-06-29,67775.04
701207,FL2206,6018,6013,2025-12-18,49294.05
701208,FL2207,6028,6021,2025-03-11,53496.25
701209,FL2208,6005,6029,2025-01-27,24806.2
701210,FL2209,6007,6024,2025-04-05,54373.25
701211,FL2210,6011,6027,2025-01-23,69306.19
701212,FL2211,6007,6025,2025-05-01,33087.47
701213,FL2212,6029,6012,2025-05-21,47219.58
701214,FL2213,6018,6028,2025-04-09,33961.43
701215,FL2214,6001,6010,2025-06-17,16333.53
701216,FL2215,6021,6019,2025-01-07,70097.92
701217,FL2216,6020,6024,2025-03-23,4880.66
701218,FL2217,6029,6002,2025-10-15,64556.25
701219,FL2218,6010,6018,2025-10-30,10784.62
701220,FL2219,6027,6019,2025-06-17,73353.05
701221,FL2220,6030,6026,2025-09-07,28938.86
701222,FL2221,6007,6003,2025-01-08,61265.88
701223,FL2222,6013,6014,2025-08-02,64450.94
701224,FL2223,6006,6013,2025-04-19,57563.32
701225,FL2224,6024,6003,2025-05-29,43560.51
701226,FL2225,6003,6021,2025-01-22,45883.88
701227,FL2226,6027,6003,2025-12-02,13720.64
701228,FL2227,6030,6017,2025-03-14,59532.68
701229,FL2228,6012,6028,2025-07-30,27842.21
701230,FL2229,6029,6021,2025-12-06,70688.27
701231,FL2230,6001,6026,2025-01-10,46712.88
701232,FL2231,6011,6003,2025-06-15,17788.22
701233,FL2232,6014,6016,2025-09-09,31547.92
701234,FL2233,6003,6006,2025-11-10,51438.36
701235,FL2234,6026,6004,2025-05-19,74305.61
701236,FL2235,6012,6022,2025-07-28,48165.2
701237,FL2236,6022,6030,2025-01-29,36095.29
701238,FL2237,6024,6011,2025-04-19,12910.18
701239,FL2238,6001,6010,2025-03-26,10524.01
701240,FL2239,6002,6016,2025-03-27,55319.44
701241,FL2240,6019,6003,2025-08-26,15253.58
701242,FL2241,6007,6017,2025-10-02,46209.54
701243,FL2242,6010,6011,2025-04-02,62789.81
701244,FL2243,6011,6028,2025-04-15,70764.27
701245,FL2244,6028,6006,2025-05-24,50005.94
701246,FL2245,6023,6017,2025-01-07,71893.54
701247,FL2246,6026,6011,2025-12-26,54898.1
701248,FL2247,6030,6006,2025-02-11,14783.48
701249,FL2248,6019,6024,2025-11-10,27791.75
701250,FL2249,6013,6005,2025-03-27,9687.52
701251,FL2250,6008,6024,2025-05-31,42746.83
701252,FL2251,6004,6026,2025-04-02,69159.39
701253,FL2252,6018,6025,2025-01-12,8029.04
701254,FL2253,6012,6007,2025-05-07,3741.06
701255,FL2254,6007,6018,2025-04-30,56545.13
701256,FL2255,6023,6021,2025-12-08,14265.77
701257,FL2256,6022,6026,2025-12-06,12391.77
701258,FL2257,6011,6004,2025-09-01,32366.12
701259,FL2258,6019,6021,2025-10-04,39920.44
701260,FL2259,6020,6020,2025-05-06,67901.46
701261,FL2260,6001,6009,2025-07-05,31779.0
701262,FL2261,6012,6025,2025-02-27,55729.25
701263,FL2262,6022,6022,2025-11-09,40455.79
701264,FL2263,6025,6018,2025-08-02,55391.36
701265,FL2264,6024,6021,2025-08-13,15873.32
701266,FL2265,6028,6029,2025-09-25,18476.63
701267,FL2266,6027,6022,2025-08-26,54699.05
701268,FL2267,6003,6022,2025-03-11,51777.66
701269,FL2268,6027,6007,2025-05-18,69661.99
701270,FL2269,6001,6010,2025-05-23,60761.95
701271,FL2270,6006,6030,2025-02-25,45230.95
701272,FL2271,6028,6022,2025-09-09,23191.4
701273,FL2272,6004,6011,2025-11-24,39832.51
701274,FL2273,6004,6018,2025-01-13,30679.75
701275,FL2274,6005,6012,2025-09-18,13204.88
701276,FL2275,6026,6002,2025-04-28,24751.69
701277,FL2276,6014,6007,2025-08-04,24300.53
701278,FL2277,6028,6028,2025-07-15,46508.59
701279,FL2278,6023,6002,2025-10-08,67438.34
701280,FL2279,6020,6017,2025-12-15,33772.15
701281,FL2280,6001,6003,2025-09-28,17756.07
701282,FL2281,6019,6007,2025-11-24,27092.93
701283,FL2282,6022,6013,2025-02-10,49678.52
701284,FL2283,6016,6018,2025-07-09,34965.83
701285,FL2284,6028,6019,2025-07-26,48945.07
701286,FL2285,6014,6008,2025-03-04,12000.83
701287,FL2286,6007,6005,2025-08-15,31295.6
701288,FL2287,6002,6015,2025-04-13,65213.13
701289,FL2288,6016,6010,2025-03-10,45450.52
701290,FL2289,6026,6028,2025-02-22,10799.29
701291,FL2290,6016,6012,2025-06-04,72657.56
701292,FL2291,6027,6022,2025-10-22,46978.8
701293,FL2292,6016,6024,2025-06-09,8614.88
701294,FL2293,6017,6014,2025-07-24,74969.88
701295,FL2294,6010,6021,2025-12-21,19134.5
701296,FL2295,6009,6030,2025-07-08,52346.04
701297,FL2296,6018,6028,2025-10-03,53325.68
701298,FL2297,6010,6009,2025-03-26,10386.91
701299,FL2298,6023,6007,2025-03-18,13848.59
701300,FL2299,6011,6030,2025-07-21,28016.0
701301,FL2300,6015,6009,2025-09-03,3134.35
701302,FL2301,6002,6026,2025-11-23,71307.27
701303,FL2302,6003,6023,2025-04-19,9335.2
701304,FL2303,6011,6022,2025-02-03,38299.34
701305,FL2304,6010,6012,2025-03-03,34183.93
701306,FL2305,6016,6019,2025-01-25,55523.48
701307,FL2306,6017,6004,2025-11-09,56525.3
701308,FL2307,6017,6025,2025-02-23,34350.04
701309,FL2308,6006,6016,2025-09-07,48994.11
701310,FL2309,6021,6026,2025-11-09,27122.77
701311,FL2310,6025,6027,2025-12-07,73734.63
701312,FL2311,6010,6005,2025-02-09,8974.48
701313,FL2312,6011,6020,2025-03-28,74269.05
701314,FL2313,6001,6010,2025-12-19,16866.95
701315,FL2314,6007,6029,2025-06-09,46808.88
701316,FL2315,6022,6006,2025-09-07,68472.61
701317,FL2316,6029,6020,2025-07-09,36945.46
701318,FL2317,6003,6005,2025-09-02,34211.8
701319,FL2318,6024,6029,2025-04-04,67670.76
701320,FL2319,6007,6030,2025-08-25,61204.64
701321,FL2320,6002,6024,2025-05-18,33046.62
701322,FL2321,6029,6014,2025-05-04,66436.52
701323,FL2322,6013,6004,2025-01-02,63176.74
701324,FL2323,6010,6027,2025-08-20,40458.75
701325,FL2324,6030,6008,2025-04-27,26263.89
701326,FL2325,6008,6007,2025-08-13,46924.4
701327,FL2326,6010,6016,2025-04-04,64906.73
701328,FL2327,6002,6006,2025-09-30,65949.33
701329,FL2328,6018,6007,2025-12-28,47072.52
701330,FL2329,6024,6008,2025-06-14,9111.43
701331,FL2330,6016,6012,2025-12-20,8257.22
701332,FL2331,6012,6004,2025-11-12,25632.18
701333,FL2332,6014,6029,2025-06-07,35269.92
701334,FL2333,6026,6008,2025-02-10,15304.17
701335,FL2334,6029,6028,2025-12-13,34536.0
701336,FL2335,6023,6023,2025-07-18,24872.26
701337,FL2336,6019,6005,2025-10-06,63675.11
701338,FL2337,6026,6002,2025-09-01,49855.34
701339,FL2338,6027,6029,2025-05-10,58746.29
701340,FL2339,6001,6023,2025-02-26,7815.15
701341,FL2340,6024,6012,2025-02-24,58701.7
701342,FL2341,6018,6003,2025-06-03,31393.96
701343,FL2342,6019,6002,2025-07-22,10496.19
701344,FL2343,6011,6026,2025-03-30,6205.44
701345,FL2344,6030,6004,2025-10-15,7949.78
701346,FL2345,6015,6011,2025-07-31,54907.63
701347,FL2346,6026,6006,2025-04-27,18106.44
701348,FL2347,6026,6006,2025-04-22,6701.44
701349,FL2348,6011,6011,2025-01-11,16448.48
701350,FL2349,6029,6017,2025-06-28,44489.49
701351,FL2350,6027,6010,2025-03-23,21814.7
701352,FL2351,6026,6028,2025-06-13,46956.28
701353,FL2352,6010,6006,2025-01-17,63042.81
701354,FL2353,6015,6008,2025-01-01,18778.8
701355,FL2354,6016,6030,2025-04-19,48527.02
701356,FL2355,6024,6012,2025-01-23,8609.37
701357,FL2356,6005,6021,2025-04-27,41008.84
701358,FL2357,6024,6005,2025-08-14,72018.59
701359,FL2358,6028,6008,2025-04-08,52242.85
701360,FL2359,6013,6029,2025-11-26,8599.24
701361,FL2360,6024,6029,2025-01-12,42560.31
701362,FL2361,6010,6002,2025-03-31,66737.88
701363,FL2362,6028,6016,2025-10-01,64337.23
701364,FL2363,6007,6020,2025-11-18,24632.85
701365,FL2364,6009,6026,2025-08-29,42273.64
701366,FL2365,6001,6029,2025-11-22,4478.32
701367,FL2366,6023,6002,2025-02-06,19542.39
701368,FL2367,6024,6018,2025-08-08,23887.39
701369,FL2368,6017,6020,2025-08-31,19051.55
701370,FL2369,6007,6011,2025-10-10,5635.68
701371,FL2370,6002,6027,2025-07-12,73787.63
701372,FL2371,6022,6028,2025-11-28,54963.24
701373,FL2372,6029,6028,2025-05-19,17005.53
701374,FL2373,6003,6030,2025-01-25,38751.37
701375,FL2374,6022,6026,2025-06-29,46422.24
701376,FL2375,6016,6010,2025-12-15,21347.31
701377,FL2376,6013,6010,2025-08-30,44962.18
701378,FL2377,6012,6020,2025-11-17,47887.83
701379,FL2378,6013,6009,2025-05-02,9268.28
701380,FL2379,6016,6009,2025-10-08,43603.85
701381,FL2380,6008,6007,2025-01-11,58976.73
701382,FL2381,6016,6004,2025-09-03,58879.82
701383,FL2382,6017,6028,2025-07-16,35014.57
701384,FL2383,6022,6026,2025-03-20,32499.24
701385,FL2384,6009,6006,2025-05-12,12913.88
701386,FL2385,6011,6026,2025-12-02,9564.45
701387,FL2386,6015,6002,2025-09-13,39598.05
701388,FL2387,6023,6018,2025-07-24,10382.32
701389,FL2388,6019,6022,2025-04-19,33632.41
701390,FL2389,6030,6006,2025-01-23,5218.25
701391,FL2390,6014,6021,2025-01-08,74143.71
701392,FL2391,6020,6019,2025-01-30,7646.32
701393,FL2392,6019,6013,2025-02-15,68832.23
701394,FL2393,6015,6009,2025-07-20,53746.13
701395,FL2394,6022,6010,2025-03-04,33253.11
701396,FL2395,6013,6016,2025-08-23,66466.21
701397,FL2396,6024,6001,2025-06-15,56180.9
701398,FL2397,6017,6025,2025-08-05,7782.85
701399,FL2398,6007,6016,2025-12-10,12027.72
701400,FL2399,6026,6018,2025-05-09,61044.35
701401,FL2400,6008,6027,2025-02-12,51010.27
701402,FL2401,6005,6004,2025-07-26,33122.32
701403,FL2402,6005,6001,2025-06-10,17235.94
701404,FL2403,6014,6029,2025-12-09,18060.26
701405,FL2404,6021,6010,2025-11-20,11456.87
701406,FL2405,6021,6003,2025-08-30,12959.18
701407,FL2406,6004,6002,2025-12-09,29797.89
701408,FL2407,6015,6029,2025-01-20,17355.72
701409,FL2408,6011,6021,2025-12-27,36507.96
701410,FL2409,6023,6026,2025-08-30,52015.28
701411,FL2410,6007,6026,2025-12-02,60973.07
701412,FL2411,6005,6015,2025-09-09,70496.16
701413,FL2412,6010,6010,2025-03-24,56603.75
701414,FL2413,6028,6019,2025-01-15,3772.09
701415,FL2414,6011,6014,2025-09-03,27822.02
701416,FL2415,6006,6003,2025-11-24,74463.62
701417,FL2416,6013,6023,2025-07-05,7849.82
701418,FL2417,6003,6015,2025-04-30,18068.13
701419,FL2418,6004,6015,2025-01-02,59658.76
701420,FL2419,6007,6021,2025-06-08,43829.43
701421,FL2420,6013,6012,2025-05-26,13449.37
701422,FL2421,6029,6026,2025-04-14,74822.61
701423,FL2422,6027,6026,2025-07-20,26983.26
701424,FL2423,6023,6003,2025-10-22,51627.69
701425,FL2424,6012,6010,2025-09-29,34449.53
701426,FL2425,6012,6003,2025-08-04,58231.74
701427,FL2426,6016,6007,2025-05-24,20377.93
701428,FL2427,6024,6009,2025-06-26,53502.74
701429,FL2428,6006,6005,2025-12-29,34849.29
701430,FL2429,6009,6017,2025-10-11,15083.24
701431,FL2430,6010,6014,2025-07-22,33574.17
701432,FL2431,6004,6025,2025-09-21,56487.65
701433,FL2432,6006,6002,2025-07-21,43704.63
701434,FL2433,6019,6009,2025-10-07,31939.02
701435,FL2434,6009,6028,2025-11-03,42679.01
701436,FL2435,6016,6014,2025-04-13,6987.4
701437,FL2436,6023,6003,2025-08-02,3909.41
701438,FL2437,6012,6030,2025-07-21,67410.34
701439,FL2438,6021,6020,2025-11-20,60770.32
701440,FL2439,6015,6028,2025-04-28,33212.8
701441,FL2440,6028,6029,2025-03-06,74654.76
701442,FL2441,6015,6026,2025-05-18,58428.3
701443,FL2442,6001,6003,2025-01-23,54566.89
701444,FL2443,6029,6029,2025-03-26,28467.42
701445,FL2444,6017,6015,2025-09-27,61003.46
701446,FL2445,6023,6008,2025-02-16,67809.32
701447,FL2446,6007,6008,2025-10-19,18773.72
701448,FL2447,6029,6006,2025-09-29,71235.3
701449,FL2448,6018,6006,2025-08-19,10810.1
701450,FL2449,6026,6023,2025-12-22,63496.86
701451,FL2450,6013,6022,2025-02-16,66810.34
701452,FL2451,6022,6005,2025-11-11,31815.21
701453,FL2452,6021,6013,2025-01-01,56011.45
701454,FL2453,6011,6016,2025-06-05,48449.56
701455,FL2454,6018,6001,2025-07-06,35329.91
701456,FL2455,6002,6014,2025-10-31,71474.57
701457,FL2456,6029,6023,2025-06-13,38080.61
701458,FL2457,6017,6017,2025-04-01,60428.88
701459,FL2458,6027,6016,2025-01-02,50589.24
701460,FL2459,6010,6008,2025-01-28,27940.01
701461,FL2460,6022,6010,2025-02-22,5808.54
701462,FL2461,6030,6030,2025-07-11,14527.47
701463,FL2462,6026,6024,2025-01-10,13761.2
701464,FL2463,6006,6012,2025-08-26,32873.27
701465,FL2464,6029,6019,2025-01-15,4670.62
701466,FL2465,6007,6010,2025-07-30,54150.68
701467,FL2466,6016,6023,2025-02-17,36338.01
701468,FL2467,6006,6027,2025-04-10,39317.48
701469,FL2468,6009,6020,2025-08-15,14817.39
701470,FL2469,6027,6015,2025-02-23,36194.62
701471,FL2470,6008,6026,2025-10-04,35335.74
701472,FL2471,6002,6025,2025-06-15,14120.18
701473,FL2472,6002,6018,2025-05-01,13318.55
701474,FL2473,6022,6010,2025-10-08,12554.2
701475,FL2474,6022,6018,2025-01-26,50276.14
701476,FL2475,6023,6012,2025-03-31,35454.07
701477,FL2476,6027,6025,2025-06-25,56200.52
701478,FL2477,6008,6021,2025-11-09,15431.57
701479,FL2478,6010,6029,2025-04-23,8225.42
701480,FL2479,6018,6007,2025-10-30,38771.77
701481,FL2480,6001,6010,2025-09-01,72269.36
701482,FL2481,6028,6017,2025-12-21,55444.04
701483,FL2482,6015,6006,2025-07-06,42033.01
701484,FL2483,6021,6011,2025-03-23,74218.73
701485,FL2484,6005,6027,2025-02-21,45326.95
701486,FL2485,6023,6026,2025-01-27,57266.72
701487,FL2486,6013,6030,2025-06-21,18312.47
701488,FL2487,6015,6015,2025-02-12,52543.96
701489,FL2488,6022,6019,2025-11-02,38344.22
701490,FL2489,6023,6019,2025-09-09,5899.48
701491,FL2490,6027,6024,2025-05-20,53847.56
701492,FL2491,6010,6014,2025-03-20,36113.27
701493,FL2492,6010,6005,2025-01-09,58900.27
701494,FL2493,6001,6029,2025-02-09,11884.01
701495,FL2494,6026,6020,2025-12-28,7525.84
701496,FL2495,6018,6006,2025-08-10,4148.88
701497,FL2496,6026,6018,2025-09-23,54964.18
701498,FL2497,6030,6020,2025-04-20,34871.63
701499,FL2498,6002,6008,2025-10-14,43329.34
701500,FL2499,6016,6023,2025-10-27,29947.25
701501,FL2500,6028,6010,2025-04-19,74323.28
701502,FL2501,6005,6020,2025-02-12,37590.27
701503,FL2502,6011,6030,2025-09-01,14339.64
701504,FL2503,6020,6017,2025-10-15,26083.15
701505,FL2504,6028,6022,2025-09-17,2555.23
701506,FL2505,6019,6009,2025-05-25,32231.21
701507,FL2506,6017,6009,2025-12-16,48303.82
701508,FL2507,6027,6030,2025-02-24,18661.67
701509,FL2508,6012,6023,2025-06-18,54665.46
701510,FL2509,6006,6004,2025-02-09,8585.71
701511,FL2510,6024,6025,2025-12-13,20768.4
701512,FL2511,6026,6026,2025-11-29,24386.4
701513,FL2512,6022,6030,2025-09-13,38339.14
701514,FL2513,6021,6018,2025-07-24,43593.26
701515,FL2514,6025,6012,2025-03-21,60019.52
701516,FL2515,6024,6016,2025-11-12,53046.61
701517,FL2516,6008,6022,2025-11-18,74205.52
701518,FL2517,6024,6016,2025-01-24,3109.03
701519,FL2518,6005,6003,2025-02-07,23204.32
701520,FL2519,6003,6028,2025-03-25,39027.49
701521,FL2520,6012,6001,2025-05-07,28659.22
701522,FL2521,6014,6020,2025-08-14,32366.93
701523,FL2522,6008,6026,2025-12-21,9092.03
701524,FL2523,6006,6011,2025-05-22,44578.02
701525,FL2524,6023,6028,2025-03-29,7892.72
701526,FL2525,6019,6022,2025-12-23,26446.04
701527,FL2526,6013,6019,2025-09-23,47737.81
701528,FL2527,6007,6015,2025-09-28,30437.79
701529,FL2528,6019,6003,2025-04-30,35347.76
701530,FL2529,6017,6001,2025-04-16,61481.48
701531,FL2530,6023,6021,2025-07-05,72879.91
701532,FL2531,6024,6018,2025-03-07,56278.09
701533,FL2532,6020,6007,2025-03-19,22125.57
701534,FL2533,6015,6016,2025-04-27,51275.32
701535,FL2534,6008,6013,2025-07-09,31785.36
701536,FL2535,6029,6014,2025-04-23,38236.12
701537,FL2536,6023,6024,2025-08-26,47632.58
701538,FL2537,6030,6023,2025-03-19,15871.61
701539,FL2538,6013,6005,2025-07-27,5386.46
701540,FL2539,6027,6002,2025-07-09,7151.55
701541,FL2540,6009,6014,2025-06-06,40488.3
701542,FL2541,6007,6012,2025-12-14,15990.17
701543,FL2542,6013,6017,2025-11-07,69462.97
701544,FL2543,6016,6004,2025-05-20,46456.83
701545,FL2544,6020,6007,2025-05-08,42986.06
701546,FL2545,6020,6010,2025-02-27,63641.33
701547,FL2546,6014,6020,2025-03-19,58520.55
701548,FL2547,6005,6028,2025-07-15,38665.33
701549,FL2548,6002,6009,2025-08-16,18702.0
701550,FL2549,6002,6007,2025-10-28,72481.4
701551,FL2550,6012,6018,2025-10-10,48509.59
701552,FL2551,6028,6029,2025-07-12,27925.71
701553,FL2552,6022,6014,2025-03-08,36449.29
701554,FL2553,6004,6015,2025-02-02,67355.58
701555,FL2554,6019,6014,2025-05-17,35871.41
701556,FL2555,6015,6012,2025-03-15,64455.64
701557,FL2556,6004,6014,2025-10-21,31911.6
701558,FL2557,6012,6006,2025-10-09,61417.46
701559,FL2558,6018,6021,2025-09-24,32816.57
701560,FL2559,6006,6006,2025-05-16,41515.39
701561,FL2560,6020,6012,2025-07-02,34742.33
701562,FL2561,6010,6011,2025-04-21,59435.5
701563,FL2562,6007,6019,2025-05-29,68070.47
701564,FL2563,6007,6006,2025-06-03,50330.17
701565,FL2564,6027,6014,2025-01-24,26020.59
701566,FL2565,6013,6023,2025-10-29,9595.53
701567,FL2566,6003,6012,2025-11-07,59741.75
701568,FL2567,6005,6002,2025-06-26,74009.89
701569,FL2568,6017,6014,2025-07-29,33447.09
701570,FL2569,6010,6006,2025-05-10,71428.17
701571,FL2570,6025,6021,2025-07-22,22816.65
701572,FL2571,6029,6026,2025-09-13,36867.45
701573,FL2572,6003,6015,2025-08-27,8218.4
701574,FL2573,6023,6009,2025-11-25,16387.49
701575,FL2574,6002,6007,2025-12-12,43936.79
701576,FL2575,6016,6020,2025-09-08,32605.93
701577,FL2576,6018,6006,2025-01-25,57003.74
701578,FL2577,6004,6026,2025-03-15,51576.73
701579,FL2578,6002,6004,2025-08-13,35510.54
701580,FL2579,6023,6004,2025-01-16,11463.67
701581,FL2580,6010,6023,2025-02-13,44915.85
701582,FL2581,6010,6007,2025-06-02,62739.04
701583,FL2582,6004,6021,2025-11-19,16512.99
701584,FL2583,6026,6020,2025-06-25,55888.12
701585,FL2584,6026,6011,2025-06-01,32237.53
701586,FL2585,6021,6003,2025-06-08,49781.46
701587,FL2586,6001,6024,2025-02-03,6349.24
701588,FL2587,6017,6020,2025-05-10,15884.36
701589,FL2588,6006,6029,2025-11-11,45332.1
701590,FL2589,6021,6027,2025-04-21,36852.87
701591,FL2590,6010,6019,2025-05-24,6345.54
701592,FL2591,6006,6026,2025-02-26,37139.33
701593,FL2592,6029,6003,2025-09-13,27359.26
701594,FL2593,6004,6022,2025-05-01,26429.33
701595,FL2594,6027,6006,2025-12-07,74219.56
701596,FL2595,6002,6012,2025-08-31,4809.24
701597,FL2596,6016,6027,2025-05-04,61840.66
701598,FL2597,6023,6006,2025-06-14,7740.63
701599,FL2598,6015,6016,2025-10-31,24650.13
701600,FL2599,6010,6018,2025-02-08,58433.59
701601,FL2600,6024,6011,2025-03-25,15355.94
701602,FL2601,6027,6023,2025-09-22,18956.87
701603,FL2602,6008,6027,2025-12-01,33654.73
701604,FL2603,6001,6001,2025-02-24,39514.75
701605,FL2604,6013,6015,2025-05-26,20831.81
701606,FL2605,6011,6017,2025-07-16,3778.92
701607,FL2606,6025,6026,2025-12-14,64545.55
701608,FL2607,6008,6017,2025-12-24,32151.34
701609,FL2608,6019,6014,2025-06-15,30569.74
701610,FL2609,6010,6009,2025-08-30,53221.56
701611,FL2610,6009,6007,2025-09-10,39183.78
701612,FL2611,6016,6029,2025-12-17,12881.87
701613,FL2612,6013,6006,2025-11-11,60758.09
701614,FL2613,6028,6016,2025-10-18,4861.84
701615,FL2614,6010,6004,2025-09-25,32992.84
701616,FL2615,6029,6021,2025-04-01,36874.79
701617,FL2616,6021,6029,2025-10-30,31536.15
701618,FL2617,6018,6003,2025-11-09,48658.72
701619,FL2618,6009,6015,2025-10-02,71930.98
701620,FL2619,6003,6021,2025-09-29,50166.0
701621,FL2620,6014,6017,2025-02-20,58624.65
701622,FL2621,6029,6016,2025-06-02,54240.22
701623,FL2622,6012,6024,2025-11-29,64105.47
701624,FL2623,6010,6025,2025-10-03,35478.26
701625,FL2624,6024,6004,2025-09-05,64695.83
701626,FL2625,6020,6027,2025-07-24,42096.75
701627,FL2626,6012,6004,2025-07-21,62805.86
701628,FL2627,6028,6026,2025-03-15,35771.57
701629,FL2628,6011,6021,2025-03-06,9413.77
701630,FL2629,6016,6010,2025-12-31,5189.98
701631,FL2630,6023,6006,2025-08-13,24757.28
701632,FL2631,6011,6009,2025-05-27,72415.45
701633,FL2632,6026,6001,2025-03-21,27715.17
701634,FL2633,6027,6029,2025-12-19,35473.25
701635,FL2634,6024,6009,2025-10-22,66910.52
701636,FL2635,6005,6004,2025-03-31,34146.94
701637,FL2636,6006,6012,2025-09-01,6863.97
701638,FL2637,6004,6002,2025-07-16,16591.56
701639,FL2638,6012,6020,2025-02-06,53886.61
701640,FL2639,6028,6006,2025-08-04,41075.37
701641,FL2640,6029,6012,2025-06-06,22742.12
701642,FL2641,6013,6028,2025-05-24,48006.69
701643,FL2642,6010,6026,2025-11-28,51371.8
701644,FL2643,6006,6025,2025-07-13,59952.71
701645,FL2644,6001,6014,2025-01-19,42626.21
701646,FL2645,6016,6014,2025-07-28,62691.67
701647,FL2646,6025,6025,2025-02-04,52320.26
701648,FL2647,6014,6017,2025-12-28,34224.17
701649,FL2648,6014,6011,2025-08-18,74853.03
701650,FL2649,6005,6020,2025-08-11,32810.82
701651,FL2650,6009,6019,2025-06-19,49695.76
701652,FL2651,6003,6022,2025-01-14,18452.49
701653,FL2652,6027,6024,2025-09-06,3659.72
701654,FL2653,6002,6021,2025-01-02,3948.44
701655,FL2654,6001,6023,2025-08-05,50334.17
701656,FL2655,6015,6029,2025-06-04,54227.5
701657,FL2656,6028,6022,2025-05-08,24120.71
701658,FL2657,6012,6003,2025-01-03,12391.24
701659,FL2658,6010,6018,2025-09-30,36995.27
701660,FL2659,6021,6016,2025-06-23,52428.85
701661,FL2660,6006,6010,2025-08-01,9050.48
701662,FL2661,6022,6012,2025-09-12,62839.86
701663,FL2662,6026,6027,2025-07-15,14658.44
701664,FL2663,6014,6026,2025-01-15,58139.74
701665,FL2664,6002,6027,2025-09-30,22510.33
701666,FL2665,6028,6019,2025-11-03,8932.94
701667,FL2666,6010,6019,2025-06-06,30828.58
701668,FL2667,6016,6022,2025-06-23,53307.91
701669,FL2668,6028,6021,2025-09-29,3502.53
701670,FL2669,6011,6019,2025-05-02,20987.23
701671,FL2670,6019,6021,2025-05-21,71879.07
701672,FL2671,6006,6020,2025-05-17,47348.71
701673,FL2672,6027,6018,2025-02-04,4256.6
701674,FL2673,6004,6015,2025-08-22,35184.62
701675,FL2674,6010,6001,2025-05-19,22469.24
701676,FL2675,6003,6005,2025-03-24,44384.14
701677,FL2676,6018,6026,2025-08-08,3613.76
701678,FL2677,6017,6005,2025-06-23,61022.24
701679,FL2678,6007,6017,2025-11-27,46115.43
701680,FL2679,6008,6001,2025-10-12,8628.42
701681,FL2680,6018,6009,2025-05-13,39810.72
701682,FL2681,6025,6011,2025-06-11,46349.66
701683,FL2682,6020,6020,2025-03-25,35218.75
701684,FL2683,6028,6005,2025-02-07,9071.51
701685,FL2684,6027,6020,2025-12-26,44452.92
701686,FL2685,6017,6025,2025-05-28,47672.76
701687,FL2686,6011,6004,2025-10-03,24146.38
701688,FL2687,6004,6020,2025-09-25,21407.07
701689,FL2688,6027,6008,2025-10-12,61299.84
701690,FL2689,6016,6012,2025-01-28,38747.67
701691,FL2690,6018,6030,2025-05-07,5009.42
701692,FL2691,6003,6016,2025-12-09,57995.28
701693,FL2692,6029,6006,2025-03-21,53709.72
701694,FL2693,6030,6008,2025-07-31,74264.69
701695,FL2694,6001,6019,2025-03-06,55237.48
701696,FL2695,6020,6004,2025-02-08,37179.84
701697,FL2696,6025,6010,2025-05-10,32612.76
701698,FL2697,6014,6021,2025-01-13,17518.04
701699,FL2698,6026,6025,2025-07-06,7946.78
701700,FL2699,6024,6015,2025-01-20,35426.15
701701,FL2700,6001,6003,2025-07-19,58241.81
701702,FL2701,6021,6018,2025-12-05,27986.53
701703,FL2702,6012,6017,2025-09-16,37107.64
701704,FL2703,6027,6020,2025-03-26,26592.81
701705,FL2704,6017,6018,2025-02-20,13120.32
701706,FL2705,6020,6029,2025-11-07,39532.38
701707,FL2706,6023,6009,2025-08-24,12747.22
701708,FL2707,6008,6026,2025-01-02,41243.9
701709,FL2708,6029,6019,2025-04-29,12631.84
701710,FL2709,6015,6007,2025-09-02,50326.59
701711,FL2710,6019,6023,2025-05-03,66193.52
701712,FL2711,6015,6026,2025-03-10,32916.1
701713,FL2712,6002,6012,2025-10-28,42735.55
701714,FL2713,6010,6021,2025-06-04,59529.71
701715,FL2714,6022,6022,2025-04-08,26070.25
701716,FL2715,6005,6025,2025-06-20,59829.28
701717,FL2716,6004,6015,2025-03-25,42856.83
701718,FL2717,6019,6026,2025-10-23,65195.71
701719,FL2718,6030,6001,2025-02-19,37045.83
701720,FL2719,6001,6029,2025-05-22,16439.76
701721,FL2720,6015,6002,2025-04-19,71134.12
701722,FL2721,6018,6014,2025-11-09,7687.91
701723,FL2722,6003,6019,2025-07-30,56958.48
701724,FL2723,6003,6004,2025-03-28,15938.0
701725,FL2724,6012,6024,2025-10-18,7453.14
701726,FL2725,6018,6014,2025-04-05,72238.4
701727,FL2726,6021,6023,2025-06-10,23490.09
701728,FL2727,6016,6025,2025-02-15,14381.38
701729,FL2728,6020,6015,2025-11-30,18283.71
701730,FL2729,6005,6005,2025-03-17,73846.43
701731,FL2730,6029,6012,2025-11-14,29834.43
701732,FL2731,6029,6030,2025-10-29,63100.82
701733,FL2732,6024,6009,2025-11-05,35892.41
701734,FL2733,6015,6012,2025-06-04,17553.97
701735,FL2734,6023,6005,2025-06-15,37739.14
701736,FL2735,6028,6028,2025-12-14,50495.93
701737,FL2736,6013,6013,2025-12-24,65427.75
701738,FL2737,6027,6002,2025-08-30,51823.55
701739,FL2738,6018,6020,2025-08-17,66362.05
701740,FL2739,6019,6018,2025-05-14,29425.29
701741,FL2740,6022,6027,2025-12-27,5273.76
701742,FL2741,6030,6029,2025-10-24,31896.35
701743,FL2742,6030,6012,2025-05-12,44101.49
701744,FL2743,6013,6009,2025-06-02,65964.46
701745,FL2744,6003,6029,2025-11-15,14270.14
701746,FL2745,6010,6011,2025-04-18,62279.03
701747,FL2746,6027,6027,2025-11-03,68262.87
701748,FL2747,6015,6024,2025-08-18,19820.02
701749,FL2748,6023,6026,2025-06-18,43563.53
701750,FL2749,6023,6007,2025-04-15,8721.91
701751,FL2750,6026,6020,2025-08-04,19448.26
701752,FL2751,6025,6027,2025-03-11,63456.54
701753,FL2752,6024,6016,2025-09-26,29280.94
701754,FL2753,6019,6030,2025-06-27,70634.56
701755,FL2754,6019,6030,2025-01-17,34032.44
701756,FL2755,6004,6029,2025-09-15,4651.2
701757,FL2756,6018,6007,2025-11-13,3525.5
701758,FL2757,6018,6030,2025-09-08,41688.27
701759,FL2758,6019,6005,2025-10-25,43190.19
701760,FL2759,6014,6026,2025-07-11,26862.36
701761,FL2760,6001,6028,2025-01-10,8086.67
701762,FL2761,6027,6020,2025-02-16,35599.44
701763,FL2762,6020,6020,2025-04-20,2685.27
701764,FL2763,6006,6024,2025-07-17,45630.25
701765,FL2764,6002,6019,2025-08-16,70906.09
701766,FL2765,6014,6013,2025-06-30,7782.21
701767,FL2766,6022,6027,2025-09-21,19969.81
701768,FL2767,6022,6010,2025-08-30,69466.57
701769,FL2768,6019,6027,2025-05-25,21089.36
701770,FL2769,6019,6020,2025-09-24,48640.76
701771,FL2770,6030,6026,2025-07-27,22876.15
701772,FL2771,6013,6006,2025-11-02,53771.3
701773,FL2772,6004,6025,2025-06-30,30534.32
701774,FL2773,6019,6017,2025-03-17,52071.84
701775,FL2774,6022,6029,2025-02-04,35317.27
701776,FL2775,6015,6003,2025-04-02,19321.28
701777,FL2776,6022,6009,2025-12-13,54503.66
701778,FL2777,6016,6004,2025-07-04,73628.13
701779,FL2778,6010,6021,2025-09-12,57346.78
701780,FL2779,6030,6024,2025-06-22,25433.45
701781,FL2780,6029,6030,2025-02-24,63222.65
701782,FL2781,6023,6007,2025-03-30,23043.06
701783,FL2782,6025,6028,2025-03-15,3856.14
701784,FL2783,6013,6015,2025-01-30,73743.12
701785,FL2784,6012,6026,2025-09-05,6730.47
701786,FL2785,6002,6001,2025-11-20,54591.66
701787,FL2786,6021,6013,2025-08-18,41617.06
701788,FL2787,6001,6023,2025-10-08,68171.23
701789,FL2788,6006,6022,2025-05-04,61618.08
701790,FL2789,6014,6027,2025-08-04,6739.86
701791,FL2790,6028,6008,2025-12-05,27611.47
701792,FL2791,6016,6019,2025-12-07,8463.98
701793,FL2792,6016,6019,2025-06-23,72590.41
701794,FL2793,6009,6008,2025-10-05,66313.51
701795,FL2794,6015,6018,2025-02-14,64156.42
701796,FL2795,6009,6008,2025-05-24,44661.52
701797,FL2796,6008,6018,2025-05-08,13620.66
701798,FL2797,6014,6020,2025-04-28,4575.58
701799,FL2798,6014,6007,2025-08-07,36326.73
701800,FL2799,6028,6001,2025-10-24,15569.34
701801,FL2800,6017,6006,2025-12-01,8790.32
701802,FL2801,6020,6022,2025-08-29,23896.53
701803,FL2802,6010,6015,2025-07-10,46681.65
701804,FL2803,6024,6008,2025-05-16,32601.18
701805,FL2804,6016,6023,2025-04-08,67144.49
701806,FL2805,6011,6025,2025-08-07,38561.67
701807,FL2806,6004,6006,2025-11-27,72373.98
701808,FL2807,6023,6007,2025-05-16,25433.72
701809,FL2808,6021,6008,2025-03-26,7291.71
701810,FL2809,6015,6016,2025-07-02,45006.53
701811,FL2810,6021,6009,2025-08-28,72979.98
701812,FL2811,6029,6025,2025-10-07,71666.72
701813,FL2812,6006,6013,2025-12-18,57713.14
701814,FL2813,6024,6026,2025-08-26,19799.3
701815,FL2814,6028,6015,2025-10-01,59558.73
701816,FL2815,6005,6029,2025-06-06,28465.52
701817,FL2816,6026,6007,2025-09-13,27914.68
701818,FL2817,6016,6003,2025-04-16,64779.42
701819,FL2818,6019,6011,2025-09-17,18265.04
701820,FL2819,6030,6010,2025-04-09,40770.72
701821,FL2820,6030,6021,2025-08-27,3239.59
701822,FL2821,6026,6026,2025-07-05,71351.92
701823,FL2822,6014,6029,2025-02-11,27731.48
701824,FL2823,6005,6029,2025-04-29,14590.68
701825,FL2824,6014,6019,2025-06-21,74183.11
701826,FL2825,6028,6022,2025-07-21,57600.06
701827,FL2826,6005,6010,2025-03-13,20404.39
701828,FL2827,6010,6029,2025-07-30,53885.98
701829,FL2828,6004,6011,2025-02-15,38991.04
701830,FL2829,6001,6023,2025-05-30,69433.66
701831,FL2830,6006,6002,2025-09-24,74634.64
701832,FL2831,6025,6016,2025-01-18,16764.51
701833,FL2832,6018,6009,2025-02-08,13353.16
701834,FL2833,6002,6014,2025-08-05,22554.57
701835,FL2834,6003,6002,2025-12-03,22383.39
701836,FL2835,6008,6006,2025-01-08,19890.59
701837,FL2836,6016,6018,2025-06-08,5635.79
701838,FL2837,6016,6008,2025-09-22,17114.13
701839,FL2838,6004,6013,2025-10-03,62889.45
701840,FL2839,6028,6021,2025-11-19,21981.64
701841,FL2840,6002,6002,2025-12-27,63700.37
701842,FL2841,6012,6004,2025-05-16,54970.58
701843,FL2842,6024,6012,2025-12-20,70384.72
701844,FL2843,6023,6009,2025-06-06,11890.25
701845,FL2844,6002,6017,2025-05-29,42159.18
701846,FL2845,6015,6006,2025-06-05,62760.87
701847,FL2846,6026,6009,2025-08-08,31959.52
701848,FL2847,6011,6019,2025-03-23,20774.06
701849,FL2848,6024,6021,2025-04-05,51010.92
701850,FL2849,6009,6020,2025-12-14,18980.25
701851,FL2850,6011,6030,2025-07-22,11218.77
701852,FL2851,6028,6027,2025-09-17,50022.8
701853,FL2852,6029,6029,2025-01-25,63026.17
701854,FL2853,6024,6011,2025-06-10,40942.77
701855,FL2854,6016,6012,2025-07-06,49061.08
701856,FL2855,6024,6027,2025-08-29,73539.7
701857,FL2856,6021,6019,2025-10-17,51863.12
701858,FL2857,6007,6026,2025-11-23,22908.18
701859,FL2858,6003,6004,2025-12-12,12994.82
701860,FL2859,6010,6022,2025-01-01,25240.95
701861,FL2860,6029,6026,2025-04-22,10538.19
701862,FL2861,6015,6019,2025-04-04,13415.69
701863,FL2862,6018,6019,2025-03-07,21296.74
701864,FL2863,6017,6002,2025-05-07,34652.32
701865,FL2864,6019,6018,2025-10-27,25914.73
701866,FL2865,6007,6026,2025-03-09,37977.44
701867,FL2866,6002,6028,2025-09-04,33551.67
701868,FL2867,6029,6027,2025-10-31,72603.97
701869,FL2868,6014,6005,2025-07-08,21470.27
701870,FL2869,6017,6003,2025-07-13,18726.33
701871,FL2870,6015,6013,2025-03-11,72917.69
701872,FL2871,6001,6015,2025-05-15,53828.3
701873,FL2872,6025,6026,2025-07-19,17120.7
701874,FL2873,6013,6028,2025-04-12,61789.29
701875,FL2874,6008,6012,2025-02-23,38646.5
701876,FL2875,6029,6021,2025-02-20,56412.11
701877,FL2876,6025,6018,2025-07-30,31901.93
701878,FL2877,6025,6012,2025-10-31,18471.2
701879,FL2878,6007,6007,2025-04-22,14434.4
701880,FL2879,6023,6019,2025-02-05,37887.02
701881,FL2880,6016,6017,2025-05-09,41184.87
701882,FL2881,6005,6009,2025-12-01,46164.59
701883,FL2882,6013,6017,2025-09-26,9761.73
701884,FL2883,6025,6009,2025-12-02,21717.44
701885,FL2884,6030,6010,2025-10-24,12329.67
701886,FL2885,6027,6008,2025-07-29,7934.69
701887,FL2886,6030,6002,2025-09-03,7301.41
701888,FL2887,6027,6018,2025-11-18,17960.71
701889,FL2888,6023,6017,2025-11-23,25997.43
701890,FL2889,6009,6027,2025-03-15,26832.31
701891,FL2890,6006,6024,2025-01-25,70696.2
701892,FL2891,6029,6015,2025-07-24,31772.56
701893,FL2892,6005,6009,2025-04-29,60039.85
701894,FL2893,6011,6025,2025-09-01,33216.14
701895,FL2894,6005,6013,2025-10-11,60938.0
701896,FL2895,6006,6019,2025-07-14,64193.07
701897,FL2896,6018,6009,2025-03-17,14400.9
701898,FL2897,6030,6024,2025-12-05,28766.87
701899,FL2898,6013,6025,2025-08-17,52779.38
701900,FL2899,6009,6022,2025-04-27,33415.93
701901,FL2900,6009,6012,2025-12-31,56615.81
701902,FL2901,6026,6019,2025-08-10,67457.05
701903,FL2902,6023,6008,2025-10-31,41275.46
701904,FL2903,6023,6004,2025-08-16,42046.77
701905,FL2904,6029,6015,2025-04-06,44679.85
701906,FL2905,6024,6013,2025-05-12,42099.22
701907,FL2906,6012,6011,2025-12-27,29593.8
701908,FL2907,6023,6004,2025-04-24,63007.17
701909,FL2908,6023,6012,2025-02-18,17294.43
701910,FL2909,6028,6002,2025-11-19,36015.9
701911,FL2910,6005,6025,2025-05-05,14757.68
701912,FL2911,6015,6021,2025-12-28,39531.01
701913,FL2912,6028,6015,2025-05-24,14481.17
701914,FL2913,6009,6015,2025-07-12,54117.02
701915,FL2914,6010,6018,2025-11-18,72028.39
701916,FL2915,6029,6010,2025-06-18,72461.86
701917,FL2916,6016,6021,2025-07-14,66915.34
701918,FL2917,6022,6029,2025-06-30,42129.46
701919,FL2918,6015,6023,2025-06-02,10979.78
701920,FL2919,6030,6008,2025-10-13,40064.45
701921,FL2920,6017,6011,2025-12-12,47672.91
701922,FL2921,6012,6015,2025-09-21,9734.13
701923,FL2922,6017,6020,2025-03-06,51795.16
701924,FL2923,6014,6029,2025-06-08,23491.61
701925,FL2924,6001,6010,2025-04-18,67939.27
701926,FL2925,6006,6026,2025-07-04,70224.32
701927,FL2926,6027,6007,2025-03-28,11668.43
701928,FL2927,6029,6023,2025-05-05,64967.81
701929,FL2928,6015,6017,2025-02-01,37062.59
701930,FL2929,6014,6024,2025-05-07,20319.98
701931,FL2930,6012,6010,2025-09-26,36730.77
701932,FL2931,6002,6015,2025-05-30,15496.07
701933,FL2932,6015,6030,2025-12-18,16279.25
701934,FL2933,6002,6021,2025-02-14,50866.39
701935,FL2934,6007,6016,2025-09-12,35193.76
701936,FL2935,6019,6023,2025-12-02,5093.98
701937,FL2936,6015,6006,2025-10-07,31080.58
701938,FL2937,6030,6005,2025-03-20,41636.62
701939,FL2938,6005,6029,2025-11-28,67427.63
701940,FL2939,6016,6013,2025-08-05,51967.48
701941,FL2940,6019,6029,2025-02-20,6399.81
701942,FL2941,6030,6025,2025-02-07,5367.25
701943,FL2942,6020,6028,2025-04-24,74020.59
701944,FL2943,6011,6026,2025-12-12,46489.43
701945,FL2944,6003,6022,2025-01-21,37396.87
701946,FL2945,6005,6008,2025-06-27,34204.49
701947,FL2946,6008,6002,2025-07-11,6471.69
701948,FL2947,6024,6001,2025-02-09,14757.19
701949,FL2948,6024,6008,2025-05-14,72097.06
701950,FL2949,6011,6004,2025-09-07,26407.76
701951,FL2950,6022,6011,2025-07-12,71280.06
701952,FL2951,6008,6003,2025-02-18,40547.33
701953,FL2952,6005,6011,2025-01-25,8076.15
701954,FL2953,6018,6029,2025-03-17,70908.61
701955,FL2954,6002,6024,2025-03-30,12555.49
701956,FL2955,6022,6007,2025-04-07,47858.37
701957,FL2956,6029,6021,2025-03-01,66682.25
701958,FL2957,6010,6018,2025-11-03,70528.0
701959,FL2958,6026,6023,2025-10-27,24958.45
701960,FL2959,6024,6027,2025-05-22,63796.29
701961,FL2960,6001,6009,2025-12-08,29990.18
701962,FL2961,6007,6006,2025-08-15,66062.49
701963,FL2962,6028,6006,2025-01-17,19385.97
701964,FL2963,6022,6010,2025-12-10,55634.57
701965,FL2964,6006,6026,2025-07-26,45419.56
701966,FL2965,6012,6022,2025-03-25,14928.3
701967,FL2966,6020,6025,2025-09-02,38561.74
701968,FL2967,6027,6022,2025-02-21,3804.05
701969,FL2968,6026,6010,2025-07-15,9339.87
701970,FL2969,6014,6009,2025-12-10,29201.97
701971,FL2970,6011,6025,2025-12-29,63093.18
701972,FL2971,6023,6010,2025-05-30,72675.04
701973,FL2972,6027,6019,2025-01-18,9586.77
701974,FL2973,6030,6003,2025-06-17,46947.5
701975,FL2974,6002,6001,2025-07-08,61753.78
701976,FL2975,6017,6020,2025-04-11,64344.95
701977,FL2976,6001,6022,2025-11-11,49670.7
701978,FL2977,6029,6024,2025-12-24,18132.46
701979,FL2978,6030,6005,2025-06-19,3552.34
701980,FL2979,6017,6016,2025-06-18,49024.03
701981,FL2980,6018,6011,2025-10-28,34660.97
701982,FL2981,6002,6009,2025-08-02,33909.97
701983,FL2982,6025,6005,2025-07-03,39337.92
701984,FL2983,6014,6015,2025-02-25,6124.57
701985,FL2984,6023,6023,2025-03-20,28753.62
701986,FL2985,6025,6016,2025-12-05,27670.36
701987,FL2986,6006,6015,2025-03-03,54918.52
701988,FL2987,6023,6005,2025-10-28,59062.34
701989,FL2988,6028,6009,2025-03-04,19016.54
701990,FL2989,6003,6002,2025-03-22,44019.25
701991,FL2990,6029,6009,2025-09-20,23997.65
701992,FL2991,6007,6014,2025-05-11,54525.01
701993,FL2992,6002,6016,2025-09-17,53067.51
701994,FL2993,6011,6024,2025-06-23,32610.48
701995,FL2994,6018,6013,2025-01-10,12585.58
701996,FL2995,6011,6024,2025-09-24,63591.33
701997,FL2996,6010,6006,2025-05-26,16307.28
701998,FL2997,6001,6024,2025-10-03,74344.07
701999,FL2998,6022,6023,2025-08-02,32756.77
702000,FL2999,6024,6015,2025-02-19,69810.36
702001,FL3000,6008,6012,2025-12-06,58582.11
702002,FL3001,6028,6024,2025-02-05,44356.17
702003,FL3002,6014,6001,2025-08-27,74474.1
702004,FL3003,6029,6027,2025-12-11,63603.63
702005,FL3004,6014,6007,2025-02-14,59532.98
702006,FL3005,6002,6002,2025-08-30,62806.73
702007,FL3006,6028,6003,2025-02-22,19277.28
702008,FL3007,6028,6029,2025-07-19,10715.01
702009,FL3008,6027,6016,2025-06-14,25817.44
702010,FL3009,6024,6026,2025-07-04,68967.59
702011,FL3010,6017,6013,2025-02-05,29265.05
702012,FL3011,6025,6025,2025-02-04,14298.51
702013,FL3012,6015,6013,2025-07-25,14133.49
702014,FL3013,6006,6019,2025-12-23,63236.11
702015,FL3014,6008,6003,2025-09-06,15018.92
702016,FL3015,6009,6024,2025-06-09,35856.76
702017,FL3016,6025,6002,2025-12-23,25121.01
702018,FL3017,6013,6017,2025-03-07,22291.85
702019,FL3018,6002,6029,2025-08-27,18689.22
702020,FL3019,6016,6021,2025-08-08,27656.51
702021,FL3020,6027,6003,2025-05-12,35986.06
702022,FL3021,6006,6010,2025-06-12,16588.82
702023,FL3022,6025,6028,2025-04-10,30136.02
702024,FL3023,6016,6015,2025-09-11,70699.88
702025,FL3024,6010,6006,2025-03-13,35599.46
702026,FL3025,6010,6008,2025-09-30,29672.48
702027,FL3026,6022,6010,2025-10-26,12590.63
702028,FL3027,6010,6030,2025-10-22,58559.07
702029,FL3028,6012,6029,2025-04-27,35249.23
702030,FL3029,6011,6010,2025-04-10,18732.2
702031,FL3030,6008,6014,2025-07-01,30159.04
702032,FL3031,6001,6024,2025-05-22,22490.41
702033,FL3032,6010,6018,2025-09-28,50680.09
702034,FL3033,6027,6001,2025-09-05,20278.59
702035,FL3034,6006,6009,2025-03-15,29936.92
702036,FL3035,6022,6007,2025-09-28,52681.94
702037,FL3036,6029,6012,2025-09-23,44652.42
702038,FL3037,6005,6030,2025-01-28,32302.26
702039,FL3038,6009,6018,2025-10-16,26823.7
702040,FL3039,6016,6025,2025-07-20,43303.13
702041,FL3040,6009,6016,2025-03-29,42081.09
702042,FL3041,6018,6025,2025-12-01,13659.44
702043,FL3042,6002,6019,2025-10-19,17138.99
702044,FL3043,6028,6017,2025-07-05,22561.07
702045,FL3044,6010,6009,2025-11-29,67971.93
702046,FL3045,6024,6003,2025-01-31,2790.72
702047,FL3046,6026,6020,2025-05-03,68461.11
702048,FL3047,6004,6007,2025-12-22,55810.23
702049,FL3048,6009,6030,2025-01-13,8228.17
702050,FL3049,6013,6013,2025-03-15,8861.73
702051,FL3050,6019,6009,2025-01-29,70957.73
702052,FL3051,6015,6008,2025-12-05,48008.77
702053,FL3052,6012,6012,2025-10-19,9695.01
702054,FL3053,6010,6008,2025-01-03,53751.09
702055,FL3054,6012,6028,2025-10-11,9612.26
702056,FL3055,6020,6011,2025-10-23,72297.69
702057,FL3056,6006,6029,2025-01-28,36501.99
702058,FL3057,6020,6025,2025-02-01,28541.12
702059,FL3058,6016,6019,2025-08-27,3732.48
702060,FL3059,6018,6013,2025-05-23,56386.41
702061,FL3060,6016,6006,2025-10-28,21872.57
702062,FL3061,6003,6030,2025-02-13,51535.92
702063,FL3062,6022,6020,2025-08-11,41565.97
702064,FL3063,6027,6022,2025-06-13,44474.49
702065,FL3064,6017,6014,2025-05-03,27542.51
702066,FL3065,6020,6009,2025-11-06,57061.72
702067,FL3066,6007,6007,2025-09-17,43358.68
702068,FL3067,6022,6011,2025-05-01,10130.48
702069,FL3068,6027,6023,2025-07-05,51771.11
702070,FL3069,6015,6012,2025-02-19,65414.13
702071,FL3070,6021,6001,2025-01-31,21855.44
702072,FL3071,6008,6003,2025-10-15,19316.44
702073,FL3072,6011,6009,2025-11-08,41467.99
702074,FL3073,6022,6024,2025-09-10,19127.55
702075,FL3074,6024,6004,2025-10-15,48117.1
702076,FL3075,6006,6006,2025-10-08,17768.44
702077,FL3076,6015,6006,2025-01-02,11321.09
702078,FL3077,6021,6021,2025-07-04,6625.6
702079,FL3078,6017,6023,2025-10-03,12440.45
702080,FL3079,6025,6015,2025-04-02,9812.17
702081,FL3080,6003,6028,2025-06-20,8576.36
702082,FL3081,6008,6027,2025-02-04,68996.47
702083,FL3082,6019,6020,2025-11-06,32189.33
702084,FL3083,6026,6014,2025-11-05,58003.06
702085,FL3084,6003,6006,2025-09-06,69148.64
702086,FL3085,6023,6024,2025-10-05,36843.72
702087,FL3086,6006,6023,2025-08-12,7841.74
702088,FL3087,6025,6010,2025-07-30,10090.09
702089,FL3088,6025,6014,2025-12-30,45799.43
702090,FL3089,6004,6011,2025-10-11,68402.48
702091,FL3090,6006,6007,2025-05-31,10492.48
702092,FL3091,6003,6017,2025-04-06,29065.2
702093,FL3092,6029,6022,2025-11-02,44780.28
702094,FL3093,6007,6003,2025-09-10,72427.88
702095,FL3094,6004,6006,2025-02-26,34744.23
702096,FL3095,6002,6002,2025-11-19,38238.93
702097,FL3096,6019,6013,2025-07-28,3188.0
702098,FL3097,6021,6013,2025-10-19,31645.23
702099,FL3098,6030,6022,2025-05-31,52985.69
702100,FL3099,6008,6003,2025-06-06,15286.21
702101,FL3100,6015,6017,2025-07-22,28128.52
702102,FL3101,6024,6006,2025-07-17,17151.24
702103,FL3102,6023,6001,2025-04-16,52957.62
702104,FL3103,6008,6023,2025-04-15,24373.12
702105,FL3104,6005,6022,2025-12-17,58721.85
702106,FL3105,6009,6017,2025-02-23,12508.56
702107,FL3106,6008,6016,2025-06-17,20169.84
702108,FL3107,6006,6025,2025-09-28,32655.34
702109,FL3108,6007,6012,2025-05-23,18501.32
702110,FL3109,6008,6030,2025-03-26,54434.0
702111,FL3110,6017,6010,2025-08-02,71814.63
702112,FL3111,6004,6005,2025-05-31,40567.15
702113,FL3112,6007,6014,2025-12-05,6654.42
702114,FL3113,6009,6009,2025-05-17,40250.74
702115,FL3114,6001,6024,2025-05-11,25835.27
702116,FL3115,6028,6016,2025-11-06,74401.95
702117,FL3116,6011,6021,2025-05-23,23958.34
702118,FL3117,6014,6010,2025-02-17,40287.52
702119,FL3118,6018,6026,2025-01-09,50159.07
702120,FL3119,6030,6029,2025-10-30,63972.93
702121,FL3120,6014,6028,2025-03-17,24131.77
702122,FL3121,6007,6002,2025-08-12,30231.83
702123,FL3122,6003,6029,2025-10-11,42506.98
702124,FL3123,6020,6007,2025-11-25,72248.35
702125,FL3124,6006,6013,2025-03-04,40473.62
702126,FL3125,6023,6030,2025-12-05,15933.3
702127,FL3126,6030,6004,2025-11-09,74591.01
702128,FL3127,6013,6015,2025-08-17,5813.46
702129,FL3128,6001,6001,2025-07-11,59552.82
702130,FL3129,6015,6005,2025-04-23,38101.77
702131,FL3130,6018,6014,2025-07-09,32935.67
702132,FL3131,6024,6006,2025-06-05,23907.31
702133,FL3132,6025,6009,2025-02-02,63774.89
702134,FL3133,6015,6009,2025-01-11,38816.2
702135,FL3134,6010,6011,2025-09-26,48743.01
702136,FL3135,6017,6027,2025-09-17,23739.11
702137,FL3136,6018,6025,2025-01-01,63746.44
702138,FL3137,6024,6026,2025-09-26,69313.43
702139,FL3138,6007,6014,2025-10-31,56642.65
702140,FL3139,6024,6017,2025-08-22,64328.54
702141,FL3140,6005,6011,2025-12-30,22046.15
702142,FL3141,6025,6026,2025-06-20,59728.0
702143,FL3142,6015,6027,2025-03-22,43493.75
702144,FL3143,6012,6030,2025-05-03,36123.82
702145,FL3144,6025,6005,2025-05-28,67831.27
702146,FL3145,6028,6025,2025-11-24,52191.46
702147,FL3146,6009,6002,2025-09-29,54674.31
702148,FL3147,6016,6027,2025-09-22,24590.16
702149,FL3148,6029,6008,2025-06-27,63173.52
702150,FL3149,6019,6023,2025-05-22,17379.77
702151,FL3150,6013,6027,2025-02-19,5191.33
702152,FL3151,6013,6030,2025-04-24,8524.95
702153,FL3152,6026,6011,2025-11-24,15889.02
702154,FL3153,6003,6011,2025-04-10,64152.56
702155,FL3154,6025,6018,2025-08-01,51292.7
702156,FL3155,6012,6025,2025-08-17,12253.63
702157,FL3156,6006,6016,2025-01-07,18562.1
702158,FL3157,6010,6011,2025-04-13,2630.74
702159,FL3158,6004,6025,2025-07-28,52390.84
702160,FL3159,6022,6016,2025-05-30,51419.28
702161,FL3160,6021,6009,2025-05-05,52595.51
702162,FL3161,6019,6009,2025-12-23,34247.9
702163,FL3162,6017,6008,2025-05-10,5773.65
702164,FL3163,6019,6015,2025-12-30,11571.12
702165,FL3164,6007,6016,2025-09-03,61209.93
702166,FL3165,6019,6013,2025-07-31,30343.97
702167,FL3166,6015,6022,2025-04-15,40544.36
702168,FL3167,6007,6023,2025-04-23,74613.21
702169,FL3168,6022,6011,2025-03-15,63763.94
702170,FL3169,6021,6024,2025-11-23,31954.26
702171,FL3170,6017,6009,2025-12-17,53402.51
702172,FL3171,6029,6016,2025-10-12,73410.12
702173,FL3172,6017,6010,2025-06-06,8402.6
702174,FL3173,6003,6005,2025-07-25,17243.32
702175,FL3174,6004,6015,2025-12-04,69904.79
702176,FL3175,6016,6019,2025-12-09,25374.02
702177,FL3176,6009,6003,2025-03-05,56638.11
702178,FL3177,6026,6025,2025-07-18,43961.93
702179,FL3178,6012,6006,2025-11-24,13468.14
702180,FL3179,6028,6006,2025-10-09,68113.38
702181,FL3180,6007,6009,2025-03-29,16959.38
702182,FL3181,6011,6014,2025-12-10,11973.9
702183,FL3182,6018,6030,2025-12-24,30964.59
702184,FL3183,6005,6015,2025-06-03,20942.3
702185,FL3184,6002,6024,2025-07-06,50612.87
702186,FL3185,6025,6024,2025-06-08,47029.11
702187,FL3186,6023,6028,2025-03-15,31666.04
702188,FL3187,6023,6009,2025-09-12,14894.93
702189,FL3188,6009,6002,2025-05-18,41972.95
702190,FL3189,6005,6029,2025-09-27,67822.42
702191,FL3190,6005,6006,2025-01-21,61601.83
702192,FL3191,6023,6005,2025-10-21,73063.4
702193,FL3192,6004,6030,2025-06-20,71582.27
702194,FL3193,6017,6020,2025-11-12,6201.38
702195,FL3194,6027,6010,2025-09-13,17980.5
702196,FL3195,6022,6007,2025-06-10,68198.86
702197,FL3196,6007,6015,2025-01-13,55163.71
702198,FL3197,6003,6028,2025-12-18,13319.76
702199,FL3198,6006,6019,2025-09-24,46377.44
702200,FL3199,6017,6026,2025-03-06,31407.76
702201,FL3200,6019,6007,2025-08-20,31759.33
702202,FL3201,6030,6009,2025-10-03,6382.12
702203,FL3202,6011,6019,2025-02-27,55709.05
702204,FL3203,6023,6015,2025-12-23,49164.45
702205,FL3204,6027,6029,2025-04-22,15401.89
702206,FL3205,6003,6027,2025-08-31,68414.27
702207,FL3206,6003,6024,2025-10-07,61208.56
702208,FL3207,6005,6008,2025-03-28,60571.61
702209,FL3208,6013,6026,2025-01-28,15380.83
702210,FL3209,6020,6019,2025-10-31,67769.83
702211,FL3210,6015,6015,2025-02-12,24197.68
702212,FL3211,6001,6001,2025-10-18,70284.84
702213,FL3212,6025,6023,2025-12-05,65817.92
702214,FL3213,6004,6023,2025-10-21,11862.05
702215,FL3214,6008,6004,2025-09-20,37399.63
702216,FL3215,6020,6016,2025-01-09,11576.36
702217,FL3216,6011,6010,2025-12-26,9936.6
702218,FL3217,6021,6020,2025-04-23,36551.96
702219,FL3218,6020,6022,2025-08-25,30072.79
702220,FL3219,6012,6026,2025-06-11,42279.91
702221,FL3220,6002,6013,2025-08-23,48142.18
702222,FL3221,6007,6018,2025-03-23,4222.2
702223,FL3222,6014,6003,2025-08-06,73774.05
702224,FL3223,6025,6013,2025-05-03,58738.49
702225,FL3224,6009,6019,2025-10-17,24152.46
702226,FL3225,6012,6003,2025-03-13,37340.86
702227,FL3226,6008,6008,2025-07-18,4686.95
702228,FL3227,6001,6010,2025-05-06,45688.26
702229,FL3228,6019,6018,2025-02-28,34648.91
702230,FL3229,6008,6008,2025-01-24,26946.78
702231,FL3230,6001,6021,2025-03-11,33832.6
702232,FL3231,6021,6021,2025-09-30,30616.76
702233,FL3232,6026,6010,2025-01-29,26974.22
702234,FL3233,6010,6013,2025-09-29,56992.66
702235,FL3234,6009,6005,2025-04-30,33251.44
702236,FL3235,6005,6007,2025-11-06,43735.1
702237,FL3236,6016,6011,2025-09-14,64623.95
702238,FL3237,6006,6016,2025-10-28,63324.13
702239,FL3238,6022,6004,2025-10-11,15126.18
702240,FL3239,6017,6018,2025-10-23,54003.94
702241,FL3240,6017,6023,2025-11-08,61359.47
702242,FL3241,6011,6005,2025-01-30,71562.8
702243,FL3242,6006,6013,2025-10-19,34535.87
702244,FL3243,6018,6020,2025-09-12,7666.08
702245,FL3244,6030,6007,2025-10-17,24522.57
702246,FL3245,6001,6005,2025-07-30,70055.8
702247,FL3246,6010,6023,2025-10-08,74834.4
702248,FL3247,6028,6007,2025-05-14,7726.97
702249,FL3248,6025,6007,2025-04-14,10831.85
702250,FL3249,6004,6027,2025-02-18,4952.28
702251,FL3250,6019,6002,2025-11-20,70457.82
702252,FL3251,6013,6014,2025-01-10,23943.69
702253,FL3252,6027,6009,2025-12-05,65716.73
702254,FL3253,6004,6025,2025-03-22,54816.24
702255,FL3254,6004,6024,2025-01-23,72641.04
702256,FL3255,6023,6017,2025-10-26,4356.79
702257,FL3256,6025,6016,2025-10-05,74308.52
702258,FL3257,6028,6016,2025-12-22,9078.95
702259,FL3258,6020,6018,2025-12-18,67758.73
702260,FL3259,6030,6018,2025-07-01,40224.38
702261,FL3260,6013,6030,2025-05-20,51061.61
702262,FL3261,6021,6022,2025-07-28,13542.28
702263,FL3262,6023,6005,2025-06-08,34669.64
702264,FL3263,6030,6017,2025-08-23,9839.14
702265,FL3264,6006,6006,2025-02-09,15788.35
702266,FL3265,6024,6003,2025-02-17,68018.26
702267,FL3266,6026,6002,2025-03-28,31809.2
702268,FL3267,6020,6021,2025-06-22,41065.65
702269,FL3268,6014,6026,2025-09-09,23480.74
702270,FL3269,6026,6006,2025-08-27,49066.76
702271,FL3270,6014,6004,2025-08-07,68228.85
702272,FL3271,6001,6009,2025-12-07,42256.66
702273,FL3272,6015,6006,2025-11-23,32250.19
702274,FL3273,6003,6021,2025-12-31,6774.89
702275,FL3274,6008,6025,2025-01-30,15850.9
702276,FL3275,6019,6016,2025-03-29,54726.38
702277,FL3276,6011,6012,2025-11-04,12121.68
702278,FL3277,6025,6001,2025-05-12,5007.06
702279,FL3278,6025,6002,2025-08-17,9613.43
702280,FL3279,6028,6008,2025-08-15,25955.27
702281,FL3280,6018,6023,2025-06-02,45446.47
702282,FL3281,6011,6015,2025-11-29,22242.53
702283,FL3282,6012,6022,2025-08-23,27295.31
702284,FL3283,6011,6026,2025-04-28,61990.91
702285,FL3284,6022,6011,2025-03-03,72350.2
702286,FL3285,6011,6003,2025-04-27,71757.58
702287,FL3286,6014,6024,2025-09-17,13329.35
702288,FL3287,6005,6024,2025-04-07,29437.36
702289,FL3288,6013,6020,2025-03-04,13117.84
702290,FL3289,6028,6001,2025-05-25,74299.44
702291,FL3290,6013,6004,2025-07-21,26858.32
702292,FL3291,6022,6002,2025-12-06,39054.73
702293,FL3292,6005,6029,2025-09-27,62020.82
702294,FL3293,6025,6008,2025-01-13,68962.41
702295,FL3294,6026,6008,2025-08-07,19655.6
702296,FL3295,6025,6010,2025-10-19,9463.13
702297,FL3296,6023,6012,2025-10-27,62088.7
702298,FL3297,6019,6023,2025-07-31,7986.78
702299,FL3298,6005,6014,2025-04-06,45048.12
702300,FL3299,6010,6006,2025-05-10,43354.11
702301,FL3300,6004,6020,2025-11-30,26575.95
702302,FL3301,6006,6017,2025-04-09,46838.69
702303,FL3302,6026,6025,2025-12-06,25231.91
702304,FL3303,6009,6008,2025-06-21,60805.34
702305,FL3304,6017,6015,2025-12-13,38213.98
702306,FL3305,6018,6006,2025-11-07,18873.98
702307,FL3306,6010,6003,2025-04-02,33928.93
702308,FL3307,6029,6027,2025-01-15,42927.3
702309,FL3308,6012,6024,2025-08-22,27495.93
702310,FL3309,6013,6022,2025-11-04,26013.99
702311,FL3310,6007,6010,2025-11-02,50895.45
702312,FL3311,6030,6026,2025-06-26,26618.94
702313,FL3312,6025,6019,2025-11-15,67325.11
702314,FL3313,6019,6012,2025-09-26,3944.4
702315,FL3314,6019,6001,2025-12-03,43882.56
702316,FL3315,6003,6017,2025-02-03,30259.25
702317,FL3316,6022,6023,2025-02-17,21785.83
702318,FL3317,6010,6029,2025-06-23,38552.77
702319,FL3318,6004,6030,2025-05-01,21198.07
702320,FL3319,6019,6007,2025-07-22,58500.74
702321,FL3320,6020,6028,2025-09-18,32875.83
702322,FL3321,6002,6023,2025-09-12,74472.44
702323,FL3322,6013,6001,2025-01-12,74759.09
702324,FL3323,6008,6023,2025-08-26,43125.48
702325,FL3324,6025,6016,2025-05-10,17774.89
702326,FL3325,6006,6004,2025-03-28,8474.37
702327,FL3326,6025,6023,2025-12-16,26661.56
702328,FL3327,6006,6030,2025-03-22,39979.01
702329,FL3328,6018,6019,2025-05-22,24626.02
702330,FL3329,6015,6028,2025-12-09,25634.38
702331,FL3330,6029,6026,2025-12-28,69895.07
702332,FL3331,6017,6014,2025-09-02,23323.6
702333,FL3332,6001,6008,2025-10-25,55662.74
702334,FL3333,6011,6004,2025-04-02,71784.08
702335,FL3334,6023,6005,2025-10-11,67810.91
702336,FL3335,6013,6017,2025-03-03,39383.7
702337,FL3336,6013,6024,2025-12-25,41282.62
702338,FL3337,6029,6030,2025-06-23,23133.94
702339,FL3338,6027,6014,2025-01-24,11673.81
702340,FL3339,6024,6030,2025-10-09,62103.34
702341,FL3340,6016,6020,2025-10-02,25665.02
702342,FL3341,6014,6005,2025-10-21,58744.1
702343,FL3342,6019,6018,2025-09-30,23055.1
702344,FL3343,6014,6011,2025-05-17,60944.78
702345,FL3344,6029,6029,2025-12-06,24446.37
702346,FL3345,6027,6012,2025-05-14,10078.46
702347,FL3346,6001,6003,2025-07-19,62006.1
702348,FL3347,6027,6008,2025-07-25,24949.91
702349,FL3348,6030,6030,2025-12-15,65726.32
702350,FL3349,6003,6014,2025-04-11,55789.41
702351,FL3350,6005,6027,2025-09-01,64642.33
702352,FL3351,6002,6002,2025-09-27,66966.77
702353,FL3352,6027,6027,2025-02-06,58574.61
702354,FL3353,6007,6014,2025-08-22,4704.63
702355,FL3354,6009,6005,2025-08-31,65788.89
702356,FL3355,6029,6003,2025-04-17,59743.72
702357,FL3356,6015,6027,2025-08-25,30954.62
702358,FL3357,6023,6028,2025-05-04,9139.45
702359,FL3358,6029,6018,2025-02-01,67940.44
702360,FL3359,6012,6009,2025-05-10,14391.36
702361,FL3360,6017,6004,2025-06-03,20946.99
702362,FL3361,6005,6015,2025-04-07,45296.44
702363,FL3362,6015,6017,2025-01-14,31599.5
702364,FL3363,6005,6028,2025-03-19,72888.07
702365,FL3364,6003,6020,2025-07-04,73857.32
702366,FL3365,6022,6002,2025-03-18,49040.44
702367,FL3366,6018,6030,2025-05-01,32001.22
702368,FL3367,6018,6027,2025-07-07,32099.74
702369,FL3368,6020,6021,2025-07-24,59209.34
702370,FL3369,6010,6013,2025-10-15,63447.34
702371,FL3370,6012,6013,2025-06-02,15759.22
702372,FL3371,6011,6001,2025-05-15,45918.7
702373,FL3372,6005,6023,2025-01-19,73567.7
702374,FL3373,6028,6019,2025-09-04,73092.42
702375,FL3374,6007,6012,2025-01-25,40198.8
702376,FL3375,6006,6007,2025-04-06,26276.21
702377,FL3376,6002,6007,2025-11-15,49784.92
702378,FL3377,6001,6011,2025-02-24,57307.57
702379,FL3378,6024,6026,2025-04-10,30936.56
702380,FL3379,6026,6010,2025-10-31,69171.88
702381,FL3380,6013,6002,2025-05-28,28752.02
702382,FL3381,6014,6017,2025-10-17,8476.51
702383,FL3382,6022,6006,2025-06-03,25503.5
702384,FL3383,6025,6022,2025-01-10,28544.84
702385,FL3384,6018,6027,2025-04-05,25694.14
702386,FL3385,6026,6030,2025-01-17,34270.64
702387,FL3386,6009,6001,2025-12-04,23619.88
702388,FL3387,6020,6007,2025-11-02,6124.56
702389,FL3388,6004,6005,2025-05-31,59542.03
702390,FL3389,6015,6018,2025-04-01,31329.23
702391,FL3390,6006,6018,2025-02-05,32991.21
702392,FL3391,6008,6015,2025-03-19,64353.76
702393,FL3392,6028,6006,2025-01-29,70540.55
702394,FL3393,6017,6029,2025-08-08,24484.38
702395,FL3394,6005,6001,2025-02-27,38802.02
702396,FL3395,6004,6023,2025-09-19,44473.14
702397,FL3396,6012,6006,2025-04-13,6993.74
702398,FL3397,6006,6015,2025-04-28,43236.2
702399,FL3398,6002,6030,2025-08-01,28761.42
702400,FL3399,6002,6005,2025-03-05,65545.0
702401,FL3400,6017,6010,2025-10-21,30595.32
702402,FL3401,6003,6011,2025-07-26,59575.92
702403,FL3402,6003,6011,2025-06-04,27077.81
702404,FL3403,6018,6018,2025-07-14,9254.85
702405,FL3404,6015,6010,2025-07-14,59773.85
702406,FL3405,6029,6010,2025-05-04,25325.77
702407,FL3406,6021,6007,2025-02-21,62000.88
702408,FL3407,6027,6004,2025-10-22,41049.68
702409,FL3408,6030,6008,2025-06-08,46853.34
702410,FL3409,6026,6010,2025-10-18,7745.62
702411,FL3410,6016,6024,2025-03-20,36612.26
702412,FL3411,6010,6023,2025-10-17,30485.51
702413,FL3412,6013,6029,2025-11-10,61593.17
702414,FL3413,6022,6025,2025-02-15,32247.37
702415,FL3414,6008,6009,2025-08-03,5297.0
702416,FL3415,6019,6013,2025-11-18,71011.9
702417,FL3416,6023,6021,2025-01-22,67200.52
702418,FL3417,6029,6002,2025-02-21,54763.27
702419,FL3418,6001,6005,2025-07-03,4811.95
702420,FL3419,6027,6001,2025-07-22,71591.97
702421,FL3420,6015,6003,2025-06-22,55031.37
702422,FL3421,6017,6029,2025-09-10,46262.21
702423,FL3422,6015,6027,2025-11-12,41610.88
702424,FL3423,6015,6003,2025-09-29,37428.28
702425,FL3424,6004,6017,2025-10-23,22778.27
702426,FL3425,6030,6026,2025-12-27,63630.08
702427,FL3426,6020,6016,2025-03-18,64864.46
702428,FL3427,6007,6003,2025-02-04,2794.86
702429,FL3428,6019,6029,2025-05-08,17952.36
702430,FL3429,6017,6010,2025-10-20,69403.0
702431,FL3430,6015,6001,2025-09-13,10387.73
702432,FL3431,6023,6028,2025-11-17,65059.28
702433,FL3432,6009,6002,2025-03-12,55453.7
702434,FL3433,6008,6029,2025-11-23,45929.21
702435,FL3434,6005,6001,2025-06-14,38606.6
702436,FL3435,6013,6009,2025-02-25,28515.89
702437,FL3436,6007,6023,2025-03-30,19060.59
702438,FL3437,6028,6017,2025-02-28,47158.83
702439,FL3438,6026,6018,2025-12-14,42240.56
702440,FL3439,6013,6005,2025-12-07,45928.68
702441,FL3440,6026,6009,2025-03-24,65299.96
702442,FL3441,6022,6014,2025-05-25,62351.08
702443,FL3442,6013,6010,2025-08-16,49056.54
702444,FL3443,6004,6030,2025-12-07,21366.46
702445,FL3444,6021,6029,2025-06-13,4573.45
702446,FL3445,6006,6010,2025-09-18,36400.21
702447,FL3446,6009,6015,2025-03-03,73847.67
702448,FL3447,6024,6029,2025-10-09,7829.52
702449,FL3448,6030,6024,2025-11-14,19647.39
702450,FL3449,6025,6011,2025-07-02,24966.93
702451,FL3450,6024,6029,2025-02-26,37859.49
702452,FL3451,6023,6002,2025-10-15,28935.36
702453,FL3452,6024,6019,2025-01-15,7647.68
702454,FL3453,6010,6022,2025-01-11,66201.55
702455,FL3454,6018,6002,2025-04-30,34459.32
702456,FL3455,6011,6002,2025-08-26,60113.33
702457,FL3456,6013,6026,2025-08-29,63413.79
702458,FL3457,6015,6014,2025-06-30,64000.02
702459,FL3458,6027,6002,2025-08-25,4844.8
702460,FL3459,6012,6002,2025-03-06,2797.31
702461,FL3460,6030,6002,2025-06-05,57995.43
702462,FL3461,6018,6002,2025-11-20,67960.05
702463,FL3462,6008,6006,2025-01-27,4621.13
702464,FL3463,6028,6009,2025-09-07,23407.76
702465,FL3464,6009,6022,2025-01-12,47614.24
702466,FL3465,6013,6004,2025-03-01,10573.08
702467,FL3466,6017,6008,2025-05-23,6957.17
702468,FL3467,6002,6029,2025-07-31,13592.21
702469,FL3468,6005,6019,2025-12-14,14442.31
702470,FL3469,6018,6008,2025-11-28,67892.69
702471,FL3470,6004,6009,2025-02-21,66431.28
702472,FL3471,6028,6021,2025-10-12,64483.39
702473,FL3472,6027,6017,2025-12-02,13058.85
702474,FL3473,6019,6027,2025-06-19,71449.49
702475,FL3474,6002,6005,2025-01-01,14593.12
702476,FL3475,6014,6020,2025-01-24,29101.83
702477,FL3476,6002,6025,2025-07-11,37197.26
702478,FL3477,6024,6013,2025-02-25,39443.06
702479,FL3478,6002,6004,2025-11-08,46307.64
702480,FL3479,6017,6008,2025-12-24,7693.22
702481,FL3480,6011,6005,2025-02-27,24370.25
702482,FL3481,6023,6028,2025-10-26,68277.38
702483,FL3482,6026,6014,2025-08-13,52777.08
702484,FL3483,6013,6010,2025-07-09,33915.7
702485,FL3484,6014,6004,2025-09-07,27655.39
702486,FL3485,6014,6008,2025-09-25,66720.56
702487,FL3486,6016,6014,2025-12-21,9101.13
702488,FL3487,6011,6014,2025-10-04,41150.27
702489,FL3488,6029,6007,2025-04-21,54981.41
702490,FL3489,6015,6014,2025-03-28,16605.06
702491,FL3490,6005,6010,2025-12-18,7030.34
702492,FL3491,6026,6002,2025-01-03,28704.21
702493,FL3492,6024,6013,2025-12-17,39182.09
702494,FL3493,6015,6009,2025-09-25,64627.12
702495,FL3494,6010,6012,2025-10-02,74628.88
702496,FL3495,6008,6023,2025-12-30,25363.63
702497,FL3496,6028,6019,2025-01-13,50856.46
702498,FL3497,6010,6023,2025-12-25,26912.92
702499,FL3498,6025,6027,2025-12-09,15052.54
702500,FL3499,6006,6019,2025-08-06,33934.31
702501,FL3500,6021,6014,2025-09-02,23146.8
702502,FL3501,6016,6022,2025-02-21,62160.24
702503,FL3502,6002,6024,2025-12-25,33468.52
702504,FL3503,6006,6002,2025-04-14,20530.16
702505,FL3504,6014,6018,2025-12-17,57809.92
702506,FL3505,6025,6024,2025-12-31,43828.43
702507,FL3506,6004,6003,2025-04-07,65444.49
702508,FL3507,6010,6002,2025-08-13,29022.96
702509,FL3508,6011,6010,2025-10-03,30451.51
702510,FL3509,6006,6010,2025-12-05,49481.19
702511,FL3510,6027,6022,2025-08-24,30692.35
702512,FL3511,6001,6013,2025-04-28,68874.3
702513,FL3512,6023,6005,2025-10-27,16080.14
702514,FL3513,6010,6030,2025-10-28,46347.52
702515,FL3514,6021,6005,2025-09-04,23751.88
702516,FL3515,6026,6011,2025-04-28,51857.49
702517,FL3516,6002,6021,2025-07-04,46104.49
702518,FL3517,6011,6005,2025-01-18,54541.94
702519,FL3518,6004,6029,2025-06-07,68711.35
702520,FL3519,6009,6013,2025-07-08,7590.23
702521,FL3520,6028,6007,2025-08-05,18172.97
702522,FL3521,6022,6012,2025-06-07,6154.83
702523,FL3522,6013,6022,2025-10-27,11971.57
702524,FL3523,6017,6022,2025-02-03,17898.48
702525,FL3524,6001,6006,2025-12-04,3681.25
702526,FL3525,6029,6019,2025-02-22,50163.87
702527,FL3526,6003,6026,2025-01-28,22154.86
702528,FL3527,6003,6010,2025-01-28,54443.36
702529,FL3528,6028,6027,2025-10-29,65451.92
702530,FL3529,6015,6026,2025-11-10,62577.52
702531,FL3530,6016,6005,2025-07-19,33302.19
702532,FL3531,6016,6003,2025-06-06,28820.09
702533,FL3532,6025,6025,2025-06-30,39629.47
702534,FL3533,6020,6011,2025-10-02,5766.35
702535,FL3534,6013,6015,2025-09-09,10515.47
702536,FL3535,6029,6007,2025-02-02,30609.79
702537,FL3536,6005,6025,2025-10-15,65796.27
702538,FL3537,6017,6010,2025-11-07,51124.59
702539,FL3538,6027,6008,2025-06-15,56427.77
702540,FL3539,6026,6007,2025-05-11,7491.24
702541,FL3540,6012,6026,2025-08-17,39831.79
702542,FL3541,6011,6026,2025-09-29,40128.5
702543,FL3542,6025,6018,2025-08-23,3931.52
702544,FL3543,6004,6009,2025-11-26,41273.98
702545,FL3544,6009,6011,2025-02-10,42297.61
702546,FL3545,6028,6002,2025-01-09,11108.78
702547,FL3546,6019,6026,2025-05-06,45107.43
702548,FL3547,6024,6018,2025-10-27,5139.37
702549,FL3548,6010,6025,2025-02-25,50395.09
702550,FL3549,6002,6022,2025-02-06,26294.01
702551,FL3550,6027,6005,2025-09-15,21654.72
702552,FL3551,6022,6019,2025-07-22,52967.02
702553,FL3552,6002,6025,2025-02-18,18336.96
702554,FL3553,6006,6025,2025-12-13,42312.66
702555,FL3554,6026,6020,2025-08-01,51313.39
702556,FL3555,6015,6006,2025-03-01,27561.04
702557,FL3556,6014,6004,2025-11-23,73824.81
702558,FL3557,6010,6012,2025-01-10,56943.56
702559,FL3558,6016,6013,2025-10-28,41018.05
702560,FL3559,6029,6007,2025-12-30,48541.8
702561,FL3560,6023,6014,2025-11-13,71713.83
702562,FL3561,6021,6004,2025-02-09,58224.38
702563,FL3562,6010,6013,2025-10-20,21834.45
702564,FL3563,6009,6016,2025-07-24,50783.4
702565,FL3564,6013,6023,2025-06-17,14845.42
702566,FL3565,6012,6013,2025-12-28,61780.49
702567,FL3566,6007,6004,2025-07-04,33444.4
702568,FL3567,6025,6018,2025-10-08,38923.65
702569,FL3568,6018,6010,2025-05-15,52255.33
702570,FL3569,6030,6012,2025-09-29,57408.87
702571,FL3570,6029,6005,2025-03-14,71770.52
702572,FL3571,6006,6013,2025-07-25,57370.39
702573,FL3572,6020,6006,2025-04-18,31598.06
702574,FL3573,6021,6024,2025-06-06,35820.75
702575,FL3574,6008,6025,2025-02-06,3475.19
702576,FL3575,6019,6019,2025-09-13,31628.27
702577,FL3576,6013,6014,2025-10-31,67814.57
702578,FL3577,6004,6008,2025-01-18,31049.55
702579,FL3578,6017,6017,2025-05-24,31765.69
702580,FL3579,6010,6011,2025-10-22,36746.8
702581,FL3580,6017,6017,2025-03-24,54322.9
702582,FL3581,6021,6024,2025-03-08,57066.09
702583,FL3582,6008,6010,2025-10-09,40256.06
702584,FL3583,6002,6030,2025-04-27,52532.86
702585,FL3584,6015,6007,2025-01-08,11570.3
702586,FL3585,6004,6007,2025-09-09,14499.35
702587,FL3586,6016,6003,2025-01-28,5298.39
702588,FL3587,6025,6027,2025-07-01,4898.83
702589,FL3588,6023,6030,2025-02-14,3784.91
702590,FL3589,6003,6018,2025-09-25,4885.59
702591,FL3590,6018,6029,2025-07-25,32566.7
702592,FL3591,6022,6028,2025-04-11,42461.13
702593,FL3592,6006,6023,2025-07-22,74552.7
702594,FL3593,6003,6002,2025-03-24,44440.88
702595,FL3594,6023,6021,2025-05-02,73433.73
702596,FL3595,6009,6005,2025-04-08,19297.63
702597,FL3596,6029,6020,2025-12-31,16032.59
702598,FL3597,6017,6030,2025-09-16,35530.57
702599,FL3598,6005,6006,2025-07-12,43238.42
702600,FL3599,6006,6022,2025-10-25,63595.17
702601,FL3600,6013,6003,2025-01-03,58822.32
702602,FL3601,6014,6019,2025-03-26,72193.62
702603,FL3602,6018,6021,2025-10-20,17123.27
702604,FL3603,6011,6023,2025-02-21,58272.84
702605,FL3604,6009,6017,2025-05-03,55087.19
702606,FL3605,6005,6015,2025-07-09,26006.51
702607,FL3606,6009,6015,2025-01-14,3018.6
702608,FL3607,6005,6015,2025-12-03,74138.1
702609,FL3608,6027,6002,2025-10-17,4619.42
702610,FL3609,6016,6015,2025-10-06,19347.53
702611,FL3610,6014,6018,2025-01-04,26646.12
702612,FL3611,6005,6004,2025-08-12,61385.83
702613,FL3612,6021,6004,2025-07-17,23051.26
702614,FL3613,6022,6010,2025-07-31,3003.41
702615,FL3614,6011,6007,2025-12-13,10171.23
702616,FL3615,6001,6017,2025-11-10,28020.33
702617,FL3616,6001,6012,2025-10-11,73873.45
702618,FL3617,6006,6025,2025-12-16,6707.08
702619,FL3618,6002,6003,2025-07-13,35198.92
702620,FL3619,6014,6014,2025-11-25,64007.27
702621,FL3620,6022,6017,2025-12-25,68146.5
702622,FL3621,6028,6002,2025-04-16,4395.76
702623,FL3622,6029,6030,2025-06-11,68686.93
702624,FL3623,6027,6009,2025-09-19,25939.84
702625,FL3624,6009,6008,2025-01-07,4134.28
702626,FL3625,6003,6011,2025-06-17,12616.7
702627,FL3626,6030,6009,2025-10-12,70619.69
702628,FL3627,6011,6007,2025-12-16,56135.56
702629,FL3628,6007,6024,2025-05-12,24213.33
702630,FL3629,6010,6019,2025-07-05,43210.98
702631,FL3630,6002,6003,2025-12-19,4874.86
702632,FL3631,6028,6027,2025-06-04,20923.04
702633,FL3632,6025,6013,2025-05-12,35781.32
702634,FL3633,6013,6003,2025-06-14,72731.93
702635,FL3634,6022,6015,2025-11-20,69810.11
702636,FL3635,6011,6017,2025-05-19,38947.18
702637,FL3636,6018,6019,2025-05-11,28503.59
702638,FL3637,6002,6013,2025-08-25,72163.41
702639,FL3638,6029,6015,2025-08-19,23938.42
702640,FL3639,6022,6027,2025-10-19,63727.94
702641,FL3640,6018,6020,2025-02-01,58854.59
702642,FL3641,6024,6029,2025-02-24,17098.6
702643,FL3642,6009,6013,2025-12-29,73371.22
702644,FL3643,6030,6001,2025-07-21,59660.64
702645,FL3644,6028,6019,2025-08-18,18419.43
702646,FL3645,6005,6024,2025-12-25,35181.19
702647,FL3646,6012,6010,2025-10-27,73780.24
702648,FL3647,6010,6006,2025-04-13,63312.59
702649,FL3648,6001,6008,2025-01-04,4840.11
702650,FL3649,6020,6027,2025-03-15,35584.65
702651,FL3650,6010,6001,2025-05-04,59007.62
702652,FL3651,6017,6022,2025-07-18,30155.64
702653,FL3652,6007,6013,2025-05-04,27478.13
702654,FL3653,6004,6024,2025-01-16,63277.22
702655,FL3654,6009,6026,2025-08-25,27257.1
702656,FL3655,6018,6021,2025-01-06,7716.08
702657,FL3656,6003,6020,2025-02-17,62040.03
702658,FL3657,6011,6021,2025-03-04,15045.92
702659,FL3658,6011,6005,2025-12-02,46068.21
702660,FL3659,6027,6010,2025-03-20,42249.64
702661,FL3660,6010,6029,2025-10-08,14115.58
702662,FL3661,6007,6030,2025-09-07,39676.73
702663,FL3662,6029,6016,2025-11-14,27149.57
702664,FL3663,6015,6003,2025-10-03,39716.54
702665,FL3664,6019,6029,2025-10-22,23138.77
702666,FL3665,6015,6024,2025-07-06,72091.61
702667,FL3666,6022,6009,2025-12-09,19484.77
702668,FL3667,6018,6024,2025-06-01,41193.12
702669,FL3668,6021,6027,2025-03-11,11978.49
702670,FL3669,6007,6001,2025-02-26,53853.81
702671,FL3670,6006,6006,2025-06-03,35601.68
702672,FL3671,6010,6011,2025-06-26,11616.34
702673,FL3672,6020,6005,2025-06-03,8819.63
702674,FL3673,6011,6014,2025-06-04,7684.09
702675,FL3674,6001,6029,2025-11-30,42103.29
702676,FL3675,6028,6021,2025-12-11,27199.18
702677,FL3676,6018,6003,2025-12-18,73695.16
702678,FL3677,6022,6005,2025-11-02,18638.79
702679,FL3678,6005,6017,2025-05-17,14758.78
702680,FL3679,6027,6021,2025-08-16,18180.22
702681,FL3680,6025,6018,2025-02-08,65186.7
702682,FL3681,6002,6007,2025-10-27,30636.03
702683,FL3682,6001,6007,2025-01-19,58730.27
702684,FL3683,6022,6019,2025-05-29,60815.29
702685,FL3684,6007,6017,2025-02-15,32151.83
702686,FL3685,6004,6005,2025-11-08,5098.36
702687,FL3686,6028,6020,2025-08-16,44630.86
702688,FL3687,6012,6022,2025-04-05,63715.4
702689,FL3688,6018,6006,2025-05-30,42770.3
702690,FL3689,6015,6024,2025-03-21,25605.73
702691,FL3690,6001,6003,2025-06-30,58520.52
702692,FL3691,6009,6006,2025-08-23,10312.11
702693,FL3692,6029,6028,2025-12-31,48293.77
702694,FL3693,6028,6010,2025-07-28,16051.73
702695,FL3694,6012,6024,2025-03-09,59065.23
702696,FL3695,6026,6008,2025-09-13,66419.24
702697,FL3696,6020,6013,2025-04-16,67336.61
702698,FL3697,6006,6008,2025-05-05,64898.57
702699,FL3698,6020,6001,2025-08-09,47320.72
702700,FL3699,6024,6020,2025-07-30,3849.27
702701,FL3700,6017,6012,2025-03-25,20730.53
702702,FL3701,6007,6002,2025-10-04,35277.31
702703,FL3702,6013,6030,2025-03-04,45294.66
702704,FL3703,6024,6005,2025-03-18,33086.54
702705,FL3704,6029,6019,2025-11-19,23230.85
702706,FL3705,6028,6027,2025-11-20,14309.81
702707,FL3706,6029,6009,2025-01-11,42011.99
702708,FL3707,6025,6016,2025-04-17,60678.87
702709,FL3708,6009,6011,2025-08-23,57234.99
702710,FL3709,6020,6013,2025-03-03,12914.04
702711,FL3710,6014,6006,2025-10-10,70095.08
702712,FL3711,6019,6024,2025-11-07,58340.14
702713,FL3712,6027,6024,2025-09-21,55503.35
702714,FL3713,6019,6019,2025-02-07,36038.72
702715,FL3714,6011,6008,2025-01-11,58863.96
702716,FL3715,6011,6027,2025-03-16,36864.84
702717,FL3716,6015,6010,2025-01-23,44045.11
702718,FL3717,6017,6002,2025-09-19,74292.09
702719,FL3718,6006,6007,2025-06-03,54997.45
702720,FL3719,6030,6021,2025-05-24,37510.18
702721,FL3720,6002,6021,2025-06-08,12869.42
702722,FL3721,6027,6012,2025-08-03,20720.97
702723,FL3722,6013,6023,2025-02-24,60293.76
702724,FL3723,6028,6007,2025-08-29,16205.03
702725,FL3724,6002,6028,2025-02-03,29677.93
702726,FL3725,6001,6011,2025-09-17,31631.46
702727,FL3726,6025,6015,2025-02-11,10958.38
702728,FL3727,6030,6014,2025-01-11,9297.25
702729,FL3728,6016,6004,2025-07-06,31759.97
702730,FL3729,6030,6020,2025-10-08,24641.26
702731,FL3730,6003,6012,2025-08-16,28976.62
702732,FL3731,6010,6002,2025-09-11,58807.1
702733,FL3732,6030,6030,2025-07-12,37055.75
702734,FL3733,6009,6014,2025-03-10,6357.67
702735,FL3734,6021,6005,2025-09-09,9045.72
702736,FL3735,6008,6005,2025-10-27,11331.41
702737,FL3736,6018,6004,2025-09-25,56018.21
702738,FL3737,6006,6024,2025-08-09,14274.66
702739,FL3738,6022,6025,2025-12-29,18410.08
702740,FL3739,6007,6020,2025-04-02,25405.69
702741,FL3740,6008,6023,2025-08-14,66931.51
702742,FL3741,6028,6002,2025-12-12,3421.24
702743,FL3742,6006,6027,2025-01-08,36364.08
702744,FL3743,6009,6005,2025-03-19,74217.31
702745,FL3744,6028,6007,2025-11-07,22599.59
702746,FL3745,6025,6019,2025-07-09,40290.38
702747,FL3746,6022,6015,2025-11-19,5506.99
702748,FL3747,6026,6008,2025-02-27,33201.67
702749,FL3748,6026,6022,2025-05-16,56716.88
702750,FL3749,6010,6021,2025-12-19,10379.7
702751,FL3750,6023,6020,2025-06-12,19074.23
702752,FL3751,6021,6019,2025-08-28,33185.09
702753,FL3752,6010,6018,2025-06-14,59909.56
702754,FL3753,6029,6030,2025-11-04,52866.19
702755,FL3754,6006,6002,2025-12-03,65476.66
702756,FL3755,6019,6005,2025-01-30,19781.14
702757,FL3756,6002,6006,2025-02-26,68839.13
702758,FL3757,6004,6030,2025-12-22,8064.43
702759,FL3758,6009,6002,2025-06-06,3914.48
702760,FL3759,6009,6008,2025-01-23,46693.75
702761,FL3760,6014,6006,2025-09-24,63179.62
702762,FL3761,6022,6014,2025-06-19,7920.57
702763,FL3762,6024,6026,2025-05-10,2797.13
702764,FL3763,6015,6023,2025-11-30,71302.22
702765,FL3764,6016,6023,2025-11-06,59668.1
702766,FL3765,6006,6019,2025-08-26,50786.35
702767,FL3766,6021,6017,2025-10-08,61247.1
702768,FL3767,6019,6016,2025-07-17,37287.42
702769,FL3768,6020,6014,2025-11-07,63148.42
702770,FL3769,6026,6006,2025-10-27,14119.31
702771,FL3770,6015,6029,2025-07-20,67174.61
702772,FL3771,6006,6008,2025-03-04,66666.21
702773,FL3772,6025,6007,2025-06-30,47624.4
702774,FL3773,6021,6020,2025-06-14,45151.36
702775,FL3774,6001,6019,2025-11-05,22196.47
702776,FL3775,6017,6025,2025-09-11,19987.87
702777,FL3776,6004,6020,2025-06-27,64695.41
702778,FL3777,6021,6007,2025-10-13,4091.54
702779,FL3778,6029,6004,2025-08-08,7712.95
702780,FL3779,6013,6004,2025-04-14,55150.45
702781,FL3780,6001,6016,2025-08-08,16672.39
702782,FL3781,6001,6004,2025-11-18,42802.44
702783,FL3782,6004,6015,2025-10-09,22569.93
702784,FL3783,6030,6002,2025-11-01,45876.35
702785,FL3784,6010,6027,2025-03-31,32373.04
702786,FL3785,6017,6011,2025-01-23,23109.49
702787,FL3786,6029,6023,2025-01-24,43474.64
702788,FL3787,6002,6001,2025-01-03,35213.46
702789,FL3788,6007,6029,2025-03-17,61794.88
702790,FL3789,6025,6023,2025-05-03,55701.34
702791,FL3790,6017,6019,2025-02-09,34955.24
702792,FL3791,6008,6014,2025-01-26,17276.73
702793,FL3792,6011,6011,2025-09-10,48563.46
702794,FL3793,6013,6025,2025-07-23,7026.66
702795,FL3794,6009,6006,2025-11-22,25970.7
702796,FL3795,6026,6015,2025-11-25,28088.97
702797,FL3796,6013,6019,2025-11-14,63030.64
702798,FL3797,6023,6007,2025-05-14,21439.27
702799,FL3798,6018,6006,2025-06-18,61018.17
702800,FL3799,6018,6010,2025-08-20,54483.6
702801,FL3800,6027,6008,2025-08-07,38213.23
702802,FL3801,6005,6030,2025-10-28,3010.96
702803,FL3802,6026,6006,2025-02-14,68905.15
702804,FL3803,6026,6030,2025-01-29,73594.06
702805,FL3804,6009,6020,2025-04-06,66698.86
702806,FL3805,6008,6021,2025-02-15,23135.47
702807,FL3806,6017,6030,2025-01-09,60954.88
702808,FL3807,6030,6025,2025-01-26,16734.5
702809,FL3808,6017,6021,2025-03-20,60858.2
702810,FL3809,6010,6029,2025-09-07,49281.04
702811,FL3810,6001,6017,2025-06-28,51782.19
702812,FL3811,6025,6004,2025-02-09,66442.74
702813,FL3812,6009,6026,2025-11-06,4571.66
702814,FL3813,6011,6003,2025-02-23,53683.23
702815,FL3814,6016,6024,2025-01-29,47674.33
702816,FL3815,6008,6016,2025-11-23,57258.19
702817,FL3816,6017,6026,2025-12-07,11400.25
702818,FL3817,6006,6021,2025-04-09,43864.24
702819,FL3818,6006,6019,2025-01-21,24323.82
702820,FL3819,6018,6018,2025-08-02,33573.03
702821,FL3820,6018,6009,2025-04-13,29471.82
702822,FL3821,6012,6016,2025-08-11,58715.88
702823,FL3822,6023,6014,2025-09-05,70634.5
702824,FL3823,6004,6015,2025-03-20,71682.78
702825,FL3824,6008,6027,2025-01-14,47092.03
702826,FL3825,6015,6021,2025-01-30,74804.23
702827,FL3826,6014,6030,2025-02-10,69437.61
702828,FL3827,6020,6014,2025-12-05,55214.43
702829,FL3828,6028,6005,2025-09-09,38858.72
702830,FL3829,6019,6022,2025-06-01,70698.68
702831,FL3830,6002,6017,2025-06-11,26836.21
702832,FL3831,6029,6006,2025-11-01,16486.38
702833,FL3832,6011,6026,2025-08-07,20308.17
702834,FL3833,6026,6022,2025-03-23,9796.81
702835,FL3834,6012,6023,2025-05-29,25090.86
702836,FL3835,6025,6011,2025-12-12,65802.05
702837,FL3836,6001,6029,2025-01-10,63586.05
702838,FL3837,6011,6010,2025-03-08,36481.95
702839,FL3838,6028,6029,2025-05-16,16019.94
702840,FL3839,6017,6008,2025-08-28,63908.97
702841,FL3840,6005,6014,2025-10-04,73129.54
702842,FL3841,6027,6016,2025-09-18,37100.69
702843,FL3842,6009,6021,2025-01-04,54114.23
702844,FL3843,6017,6027,2025-08-17,33719.32
702845,FL3844,6018,6001,2025-03-28,29463.52
702846,FL3845,6025,6005,2025-05-03,31615.07
702847,FL3846,6023,6011,2025-02-18,69458.18
702848,FL3847,6029,6010,2025-10-02,48386.01
702849,FL3848,6021,6014,2025-12-03,16530.13
702850,FL3849,6020,6001,2025-12-07,25760.01
702851,FL3850,6008,6001,2025-07-19,60901.31
702852,FL3851,6030,6010,2025-10-02,47051.13
702853,FL3852,6012,6018,2025-03-20,32957.69
702854,FL3853,6020,6024,2025-09-09,34308.52
702855,FL3854,6014,6007,2025-07-29,16739.8
702856,FL3855,6022,6027,2025-04-16,28322.81
702857,FL3856,6020,6013,2025-08-22,73985.19
702858,FL3857,6013,6010,2025-01-18,66226.67
702859,FL3858,6007,6002,2025-09-12,17343.42
702860,FL3859,6020,6003,2025-04-23,6700.3
702861,FL3860,6028,6006,2025-03-11,52274.76
702862,FL3861,6004,6021,2025-12-14,24516.52
702863,FL3862,6030,6023,2025-12-01,20468.15
702864,FL3863,6023,6005,2025-02-20,14244.79
702865,FL3864,6027,6021,2025-12-29,36275.75
702866,FL3865,6027,6022,2025-03-28,74058.57
702867,FL3866,6011,6029,2025-07-09,61492.05
702868,FL3867,6024,6012,2025-03-31,6516.4
702869,FL3868,6018,6001,2025-08-16,10293.29
702870,FL3869,6016,6011,2025-12-31,52401.8
702871,FL3870,6013,6026,2025-07-27,73722.81
702872,FL3871,6022,6003,2025-06-24,66021.09
702873,FL3872,6011,6030,2025-08-30,67749.81
702874,FL3873,6005,6010,2025-05-19,65971.19
702875,FL3874,6004,6018,2025-07-09,38780.17
702876,FL3875,6013,6029,2025-03-26,46085.62
702877,FL3876,6020,6013,2025-12-23,19618.11
702878,FL3877,6020,6005,2025-01-09,58001.04
702879,FL3878,6007,6009,2025-08-31,36763.91
702880,FL3879,6026,6017,2025-06-30,24988.04
702881,FL3880,6012,6022,2025-08-26,53401.7
702882,FL3881,6025,6005,2025-04-03,38782.29
702883,FL3882,6017,6006,2025-07-08,61878.74
702884,FL3883,6025,6030,2025-07-18,9051.59
702885,FL3884,6027,6020,2025-05-01,44533.64
702886,FL3885,6011,6023,2025-01-04,14512.72
702887,FL3886,6029,6030,2025-02-19,65942.64
702888,FL3887,6002,6024,2025-05-18,38459.31
702889,FL3888,6021,6025,2025-08-22,55361.91
702890,FL3889,6023,6014,2025-10-27,22492.3
702891,FL3890,6002,6018,2025-11-10,74255.17
702892,FL3891,6003,6009,2025-11-30,55715.52
702893,FL3892,6021,6030,2025-07-05,44603.89
702894,FL3893,6025,6018,2025-10-04,45598.26
702895,FL3894,6020,6010,2025-11-08,74798.46
702896,FL3895,6014,6002,2025-07-24,24787.26
702897,FL3896,6014,6004,2025-08-24,36196.16
702898,FL3897,6011,6022,2025-08-02,4091.75
702899,FL3898,6009,6007,2025-12-10,51457.25
702900,FL3899,6003,6001,2025-02-25,63150.23
702901,FL3900,6018,6008,2025-05-07,35180.56
702902,FL3901,6028,6005,2025-03-29,30506.72
702903,FL3902,6026,6010,2025-09-08,52892.76
702904,FL3903,6004,6017,2025-02-02,51107.15
702905,FL3904,6001,6011,2025-05-08,63499.56
702906,FL3905,6029,6017,2025-03-25,7559.35
702907,FL3906,6030,6007,2025-06-24,52688.46
702908,FL3907,6017,6011,2025-09-15,34344.05
702909,FL3908,6004,6018,2025-02-08,3891.6
702910,FL3909,6009,6019,2025-01-01,22182.5
702911,FL3910,6030,6030,2025-11-27,57546.49
702912,FL3911,6022,6021,2025-04-06,31339.38
702913,FL3912,6029,6026,2025-12-25,8701.94
702914,FL3913,6003,6025,2025-10-18,10497.59
702915,FL3914,6002,6020,2025-09-17,29931.96
702916,FL3915,6004,6017,2025-04-15,37352.14
702917,FL3916,6025,6017,2025-11-14,25557.93
702918,FL3917,6018,6017,2025-10-17,28818.52
702919,FL3918,6017,6022,2025-08-16,68977.07
702920,FL3919,6028,6002,2025-09-10,41843.64
702921,FL3920,6004,6005,2025-04-06,68026.45
702922,FL3921,6007,6026,2025-05-13,5157.73
702923,FL3922,6004,6007,2025-01-22,52471.56
702924,FL3923,6023,6004,2025-10-05,66240.61
702925,FL3924,6025,6007,2025-09-18,61189.69
702926,FL3925,6005,6029,2025-02-24,21144.47
702927,FL3926,6011,6003,2025-07-18,30186.15
702928,FL3927,6002,6001,2025-01-04,62366.31
702929,FL3928,6021,6005,2025-11-27,6463.16
702930,FL3929,6011,6020,2025-07-27,8209.05
702931,FL3930,6023,6010,2025-04-16,22564.34
702932,FL3931,6028,6015,2025-10-07,33463.93
702933,FL3932,6025,6030,2025-12-27,67357.75
702934,FL3933,6006,6023,2025-02-26,10392.9
702935,FL3934,6027,6027,2025-03-29,21817.89
702936,FL3935,6026,6017,2025-09-01,31201.98
702937,FL3936,6018,6003,2025-12-26,59280.78
702938,FL3937,6004,6021,2025-06-03,51890.52
702939,FL3938,6012,6017,2025-11-15,46266.83
702940,FL3939,6013,6009,2025-01-31,25434.97
702941,FL3940,6019,6008,2025-11-18,46766.75
702942,FL3941,6012,6001,2025-07-17,59981.82
702943,FL3942,6008,6029,2025-11-25,17583.62
702944,FL3943,6002,6015,2025-09-24,74008.22
702945,FL3944,6029,6008,2025-04-24,21728.71
702946,FL3945,6004,6004,2025-10-24,19288.88
702947,FL3946,6029,6026,2025-05-24,28225.37
702948,FL3947,6030,6019,2025-01-14,21586.93
702949,FL3948,6008,6018,2025-12-20,46058.81
702950,FL3949,6015,6007,2025-02-20,50884.78
702951,FL3950,6001,6009,2025-01-28,4354.6
702952,FL3951,6021,6010,2025-02-19,6028.14
702953,FL3952,6009,6009,2025-08-15,69273.19
702954,FL3953,6013,6019,2025-06-08,73586.52
702955,FL3954,6001,6030,2025-04-03,12337.46
702956,FL3955,6008,6016,2025-06-26,74395.25
702957,FL3956,6022,6025,2025-06-22,28470.99
702958,FL3957,6010,6019,2025-03-23,58099.22
702959,FL3958,6018,6007,2025-02-07,19355.63
702960,FL3959,6006,6019,2025-02-26,39623.25
702961,FL3960,6021,6015,2025-01-20,58871.25
702962,FL3961,6006,6020,2025-01-21,15026.51
702963,FL3962,6018,6006,2025-10-21,58879.25
702964,FL3963,6021,6010,2025-11-02,70277.35
702965,FL3964,6013,6003,2025-09-30,5859.0
702966,FL3965,6021,6008,2025-03-02,46868.39
702967,FL3966,6024,6009,2025-07-02,59871.21
702968,FL3967,6002,6014,2025-01-14,4141.97
702969,FL3968,6001,6005,2025-03-28,7224.01
702970,FL3969,6009,6020,2025-10-28,43953.23
702971,FL3970,6014,6008,2025-07-25,50382.89
702972,FL3971,6025,6007,2025-10-07,42271.58
702973,FL3972,6026,6027,2025-06-30,58822.05
702974,FL3973,6026,6001,2025-11-07,35324.69
702975,FL3974,6006,6008,2025-11-08,58298.36
702976,FL3975,6010,6011,2025-10-20,69110.11
702977,FL3976,6024,6001,2025-11-20,64789.25
702978,FL3977,6015,6003,2025-03-13,12288.85
702979,FL3978,6011,6025,2025-09-04,3328.47
702980,FL3979,6011,6018,2025-08-10,11067.13
702981,FL3980,6013,6003,2025-01-30,56972.79
702982,FL3981,6004,6017,2025-08-10,54538.33
702983,FL3982,6028,6004,2025-11-05,27362.93
702984,FL3983,6025,6002,2025-04-04,38495.63
702985,FL3984,6004,6023,2025-04-08,18113.34
702986,FL3985,6026,6014,2025-01-06,5824.15
702987,FL3986,6021,6009,2025-04-05,50671.73
702988,FL3987,6006,6008,2025-09-20,12017.9
702989,FL3988,6017,6026,2025-01-08,66889.87
702990,FL3989,6028,6022,2025-02-17,26422.46
702991,FL3990,6013,6014,2025-12-04,70579.71
702992,FL3991,6012,6025,2025-04-24,25150.07
702993,FL3992,6009,6023,2025-09-14,39442.39
702994,FL3993,6002,6012,2025-05-10,12265.52
702995,FL3994,6005,6025,2025-10-08,39678.48
702996,FL3995,6019,6015,2025-09-19,59813.32
702997,FL3996,6004,6023,2025-09-14,34333.33
702998,FL3997,6021,6030,2025-05-08,40291.18
702999,FL3998,6006,6011,2025-09-28,25024.14
703000,FL3999,6009,6011,2025-06-04,21039.44
703001,FL4000,6023,6017,2025-12-30,39164.83
703002,FL4001,6002,6005,2025-07-31,30210.82
703003,FL4002,6003,6022,2025-10-01,15265.97
703004,FL4003,6026,6010,2025-11-03,56335.58
703005,FL4004,6007,6011,2025-02-03,36091.04
703006,FL4005,6019,6024,2025-11-22,16953.09
703007,FL4006,6008,6029,2025-12-16,58996.06
703008,FL4007,6008,6021,2025-11-26,41852.18
703009,FL4008,6014,6016,2025-03-30,67368.19
703010,FL4009,6010,6009,2025-10-06,32205.13
703011,FL4010,6018,6022,2025-11-07,38696.25
703012,FL4011,6027,6003,2025-02-24,20879.35
703013,FL4012,6005,6007,2025-05-10,31330.36
703014,FL4013,6027,6021,2025-06-28,3793.98
703015,FL4014,6015,6009,2025-08-06,26446.62
703016,FL4015,6006,6006,2025-04-26,60936.0
703017,FL4016,6027,6015,2025-10-23,45791.3
703018,FL4017,6012,6007,2025-09-13,32783.0
703019,FL4018,6011,6025,2025-01-22,49484.2
703020,FL4019,6018,6012,2025-09-27,52234.57
703021,FL4020,6021,6026,2025-06-19,60270.58
703022,FL4021,6012,6023,2025-12-11,42742.16
703023,FL4022,6016,6012,2025-06-06,39847.64
703024,FL4023,6008,6010,2025-10-13,14811.72
703025,FL4024,6002,6020,2025-03-23,42500.7
703026,FL4025,6003,6008,2025-10-22,18505.38
703027,FL4026,6006,6020,2025-12-27,29254.55
703028,FL4027,6029,6025,2025-05-07,69047.62
703029,FL4028,6011,6016,2025-02-21,52119.3
703030,FL4029,6019,6008,2025-11-04,3850.2
703031,FL4030,6027,6024,2025-10-08,15071.85
703032,FL4031,6018,6010,2025-06-20,42659.65
703033,FL4032,6017,6001,2025-06-10,72557.94
703034,FL4033,6005,6028,2025-06-29,57949.03
703035,FL4034,6013,6004,2025-08-02,65317.02
703036,FL4035,6026,6015,2025-11-19,17235.47
703037,FL4036,6008,6030,2025-02-01,23751.27
703038,FL4037,6008,6017,2025-07-29,74166.69
703039,FL4038,6023,6025,2025-08-28,39206.46
703040,FL4039,6005,6004,2025-01-01,18327.66
703041,FL4040,6010,6013,2025-01-05,4528.55
703042,FL4041,6024,6004,2025-11-13,35302.15
703043,FL4042,6016,6025,2025-09-05,16908.82
703044,FL4043,6029,6026,2025-04-26,46562.56
703045,FL4044,6019,6005,2025-10-01,27476.01
703046,FL4045,6029,6013,2025-05-30,24412.92
703047,FL4046,6026,6018,2025-09-01,62428.87
703048,FL4047,6018,6016,2025-09-27,52780.65
703049,FL4048,6026,6006,2025-09-26,26228.93
703050,FL4049,6017,6020,2025-12-12,18003.33
703051,FL4050,6004,6014,2025-04-30,69154.79
703052,FL4051,6013,6014,2025-12-15,32423.92
703053,FL4052,6009,6017,2025-06-29,38531.63
703054,FL4053,6028,6001,2025-09-01,71353.95
703055,FL4054,6002,6016,2025-07-23,17257.07
703056,FL4055,6017,6001,2025-07-02,47637.21
703057,FL4056,6029,6011,2025-09-11,36554.91
703058,FL4057,6008,6017,2025-02-27,65726.95
703059,FL4058,6028,6018,2025-06-26,28518.02
703060,FL4059,6027,6016,2025-07-04,57336.06
703061,FL4060,6008,6029,2025-09-02,35654.57
703062,FL4061,6006,6026,2025-11-10,8040.34
703063,FL4062,6020,6016,2025-04-04,24314.0
703064,FL4063,6028,6009,2025-11-18,15507.42
703065,FL4064,6025,6011,2025-04-21,25822.78
703066,FL4065,6010,6012,2025-09-02,34128.5
703067,FL4066,6029,6005,2025-12-06,22948.61
703068,FL4067,6010,6002,2025-10-04,16755.88
703069,FL4068,6025,6020,2025-02-08,34757.76
703070,FL4069,6007,6011,2025-09-30,38539.9
703071,FL4070,6022,6028,2025-06-06,55308.04
703072,FL4071,6002,6021,2025-10-04,60142.01
703073,FL4072,6030,6017,2025-11-20,16566.68
703074,FL4073,6002,6002,2025-05-30,6994.28
703075,FL4074,6007,6010,2025-03-23,12425.2
703076,FL4075,6008,6002,2025-06-30,18012.48
703077,FL4076,6013,6008,2025-10-06,38538.11
703078,FL4077,6003,6028,2025-06-22,24064.05
703079,FL4078,6020,6026,2025-08-25,63893.71
703080,FL4079,6014,6016,2025-09-26,10089.77
703081,FL4080,6024,6028,2025-08-24,39597.34
703082,FL4081,6027,6011,2025-12-20,6770.74
703083,FL4082,6016,6030,2025-09-30,63492.84
703084,FL4083,6013,6008,2025-03-10,6223.12
703085,FL4084,6007,6026,2025-06-06,58703.65
703086,FL4085,6025,6022,2025-01-19,57380.09
703087,FL4086,6027,6022,2025-12-04,36354.71
703088,FL4087,6020,6020,2025-10-20,26697.82
703089,FL4088,6013,6021,2025-07-06,22543.28
703090,FL4089,6024,6015,2025-01-03,11824.13
703091,FL4090,6008,6009,2025-06-14,72695.28
703092,FL4091,6023,6029,2025-02-13,60423.4
703093,FL4092,6004,6023,2025-07-24,36762.09
703094,FL4093,6003,6019,2025-01-07,11582.58
703095,FL4094,6018,6024,2025-10-22,8009.7
703096,FL4095,6022,6027,2025-03-28,70479.81
703097,FL4096,6028,6008,2025-10-11,31776.66
703098,FL4097,6017,6023,2025-05-21,29450.72
703099,FL4098,6029,6024,2025-10-18,9459.6
703100,FL4099,6006,6027,2025-10-23,29085.74
703101,FL4100,6010,6022,2025-04-14,6329.4
703102,FL4101,6004,6015,2025-02-09,18272.29
703103,FL4102,6024,6001,2025-03-28,23605.62
703104,FL4103,6029,6020,2025-02-06,70695.7
703105,FL4104,6008,6006,2025-07-06,24444.7
703106,FL4105,6006,6023,2025-10-10,9103.85
703107,FL4106,6014,6026,2025-04-04,53169.05
703108,FL4107,6007,6007,2025-11-14,55746.34
703109,FL4108,6026,6020,2025-03-27,43360.41
703110,FL4109,6026,6009,2025-08-02,17800.91
703111,FL4110,6024,6025,2025-11-27,8347.34
703112,FL4111,6018,6025,2025-01-27,55001.57
703113,FL4112,6009,6014,2025-09-03,39216.28
703114,FL4113,6005,6019,2025-01-07,22400.63
703115,FL4114,6026,6019,2025-04-12,68509.36
703116,FL4115,6019,6002,2025-05-06,22779.49
703117,FL4116,6013,6001,2025-03-09,31562.01
703118,FL4117,6016,6018,2025-08-16,69870.95
703119,FL4118,6014,6010,2025-02-21,44474.03
703120,FL4119,6023,6002,2025-06-09,59502.53
703121,FL4120,6014,6004,2025-05-20,7013.45
703122,FL4121,6023,6028,2025-04-03,11202.25
703123,FL4122,6030,6025,2025-08-20,65444.85
703124,FL4123,6007,6009,2025-07-27,36159.8
703125,FL4124,6002,6024,2025-11-25,15679.39
703126,FL4125,6023,6024,2025-03-14,44409.15
703127,FL4126,6022,6018,2025-01-24,4015.93
703128,FL4127,6020,6001,2025-07-13,7497.76
703129,FL4128,6019,6025,2025-10-12,21984.51
703130,FL4129,6013,6011,2025-04-13,74259.75
703131,FL4130,6018,6005,2025-09-20,54278.27
703132,FL4131,6004,6026,2025-01-06,10482.71
703133,FL4132,6029,6021,2025-10-16,14846.61
703134,FL4133,6013,6008,2025-04-27,41289.74
703135,FL4134,6016,6004,2025-06-23,62981.37
703136,FL4135,6019,6023,2025-10-14,36559.73
703137,FL4136,6011,6015,2025-05-20,24783.22
703138,FL4137,6004,6016,2025-08-24,73204.07
703139,FL4138,6010,6018,2025-06-06,72149.75
703140,FL4139,6002,6007,2025-12-20,62905.06
703141,FL4140,6010,6024,2025-05-24,68735.6
703142,FL4141,6015,6029,2025-04-14,40740.82
703143,FL4142,6019,6024,2025-11-11,19562.89
703144,FL4143,6011,6012,2025-01-18,72377.14
703145,FL4144,6020,6027,2025-01-23,17076.48
703146,FL4145,6009,6010,2025-07-22,34883.62
703147,FL4146,6014,6026,2025-02-23,7432.02
703148,FL4147,6023,6013,2025-12-06,30128.11
703149,FL4148,6029,6017,2025-11-01,49903.82
703150,FL4149,6001,6021,2025-05-11,51816.24
703151,FL4150,6012,6007,2025-11-24,60692.29
703152,FL4151,6004,6011,2025-04-18,56025.34
703153,FL4152,6006,6030,2025-11-25,20457.11
703154,FL4153,6007,6005,2025-11-27,13044.75
703155,FL4154,6021,6020,2025-01-08,18569.61
703156,FL4155,6015,6001,2025-05-10,29981.61
703157,FL4156,6029,6017,2025-01-17,48563.8
703158,FL4157,6012,6003,2025-11-10,19708.09
703159,FL4158,6012,6030,2025-06-22,19685.55
703160,FL4159,6015,6007,2025-10-05,71367.4
703161,FL4160,6018,6028,2025-09-17,37031.45
703162,FL4161,6022,6022,2025-10-17,53777.3
703163,FL4162,6004,6012,2025-06-14,38260.68
703164,FL4163,6030,6003,2025-03-23,59335.67
703165,FL4164,6003,6012,2025-08-08,14183.48
703166,FL4165,6015,6029,2025-02-02,14046.29
703167,FL4166,6016,6012,2025-08-14,39018.24
703168,FL4167,6015,6006,2025-06-05,19149.22
703169,FL4168,6028,6029,2025-08-18,68183.02
703170,FL4169,6025,6002,2025-10-13,30792.62
703171,FL4170,6029,6006,2025-05-03,35650.48
703172,FL4171,6006,6005,2025-11-29,32059.9
703173,FL4172,6015,6015,2025-12-03,23787.44
703174,FL4173,6026,6016,2025-09-02,21378.54
703175,FL4174,6014,6013,2025-03-13,68016.65
703176,FL4175,6005,6002,2025-07-20,46922.16
703177,FL4176,6006,6030,2025-01-21,16491.53
703178,FL4177,6002,6020,2025-04-10,54790.67
703179,FL4178,6013,6011,2025-08-09,18460.17
703180,FL4179,6022,6008,2025-04-27,73286.9
703181,FL4180,6002,6020,2025-05-01,31089.71
703182,FL4181,6013,6028,2025-09-09,37266.34
703183,FL4182,6006,6026,2025-10-26,69232.57
703184,FL4183,6028,6020,2025-07-09,15497.53
703185,FL4184,6008,6028,2025-11-01,26464.98
703186,FL4185,6020,6025,2025-11-23,53884.7
703187,FL4186,6017,6025,2025-12-07,25633.66
703188,FL4187,6014,6014,2025-08-01,38853.13
703189,FL4188,6030,6011,2025-08-23,33076.06
703190,FL4189,6024,6005,2025-05-05,6342.4
703191,FL4190,6016,6009,2025-11-28,27363.69
703192,FL4191,6024,6021,2025-09-10,61856.18
703193,FL4192,6030,6005,2025-05-24,32242.16
703194,FL4193,6014,6027,2025-03-08,20569.83
703195,FL4194,6029,6011,2025-10-05,69042.75
703196,FL4195,6021,6030,2025-04-18,55603.12
703197,FL4196,6008,6002,2025-01-03,37078.78
703198,FL4197,6001,6017,2025-11-23,62019.96
703199,FL4198,6019,6008,2025-12-15,32481.6
703200,FL4199,6005,6016,2025-12-05,71138.54
703201,FL4200,6010,6018,2025-05-02,63677.97
703202,FL4201,6027,6030,2025-06-16,25211.19
703203,FL4202,6011,6016,2025-01-28,62140.07
703204,FL4203,6025,6023,2025-01-23,27309.52
703205,FL4204,6029,6002,2025-04-29,18936.77
703206,FL4205,6014,6013,2025-03-17,71288.24
703207,FL4206,6027,6013,2025-03-28,62946.17
703208,FL4207,6008,6028,2025-11-24,53871.65
703209,FL4208,6002,6021,2025-05-18,39426.16
703210,FL4209,6022,6015,2025-07-18,63153.2
703211,FL4210,6013,6008,2025-10-27,69107.43
703212,FL4211,6009,6029,2025-01-06,68072.21
703213,FL4212,6003,6002,2025-01-30,74140.58
703214,FL4213,6025,6012,2025-09-05,26168.55
703215,FL4214,6030,6001,2025-03-26,19815.61
703216,FL4215,6007,6019,2025-07-06,19977.19
703217,FL4216,6025,6021,2025-12-30,49084.12
703218,FL4217,6004,6007,2025-04-22,66678.81
703219,FL4218,6023,6030,2025-05-09,61687.32
703220,FL4219,6030,6016,2025-04-05,14950.93
703221,FL4220,6024,6021,2025-12-11,63768.01
703222,FL4221,6010,6021,2025-10-02,36969.74
703223,FL4222,6002,6012,2025-07-29,56559.99
703224,FL4223,6030,6030,2025-10-30,17666.16
703225,FL4224,6014,6009,2025-03-16,26645.12
703226,FL4225,6008,6002,2025-02-01,74701.9
703227,FL4226,6020,6029,2025-05-27,25755.68
703228,FL4227,6030,6015,2025-01-31,18460.79
703229,FL4228,6023,6003,2025-07-01,18403.05
703230,FL4229,6008,6006,2025-06-20,21556.24
703231,FL4230,6016,6030,2025-07-03,64805.54
703232,FL4231,6028,6021,2025-04-16,34020.54
703233,FL4232,6011,6001,2025-09-09,30176.2
703234,FL4233,6013,6008,2025-12-23,44767.68
703235,FL4234,6026,6012,2025-09-24,67473.96
703236,FL4235,6027,6017,2025-11-28,18922.44
703237,FL4236,6007,6012,2025-02-24,39124.13
703238,FL4237,6013,6010,2025-05-07,35278.98
703239,FL4238,6025,6026,2025-03-26,23558.82
703240,FL4239,6017,6015,2025-09-03,17920.63
703241,FL4240,6013,6019,2025-08-12,23575.18
703242,FL4241,6024,6009,2025-09-10,39376.72
703243,FL4242,6016,6022,2025-02-28,19476.56
703244,FL4243,6017,6007,2025-12-05,6612.23
703245,FL4244,6023,6015,2025-10-24,15684.46
703246,FL4245,6019,6001,2025-07-04,26449.49
703247,FL4246,6018,6008,2025-11-03,67398.32
703248,FL4247,6009,6014,2025-07-19,30942.31
703249,FL4248,6024,6030,2025-07-21,22895.22
703250,FL4249,6008,6030,2025-12-26,60460.56
703251,FL4250,6030,6004,2025-06-25,43729.7
703252,FL4251,6001,6028,2025-11-23,53690.46
703253,FL4252,6007,6006,2025-05-31,54250.21
703254,FL4253,6028,6012,2025-06-24,71441.36
703255,FL4254,6029,6025,2025-01-07,3216.16
703256,FL4255,6022,6001,2025-04-17,50542.01
703257,FL4256,6027,6025,2025-08-13,74554.28
703258,FL4257,6023,6016,2025-09-08,55524.34
703259,FL4258,6021,6020,2025-04-21,29161.66
703260,FL4259,6008,6013,2025-09-01,35108.8
703261,FL4260,6002,6001,2025-11-04,11910.77
703262,FL4261,6007,6015,2025-02-01,54203.12
703263,FL4262,6009,6020,2025-07-07,9320.52
703264,FL4263,6027,6021,2025-11-18,11798.36
703265,FL4264,6019,6022,2025-06-15,61044.16
703266,FL4265,6024,6008,2025-11-26,35564.0
703267,FL4266,6018,6011,2025-08-15,31820.47
703268,FL4267,6004,6012,2025-04-10,43773.62
703269,FL4268,6009,6007,2025-03-22,7387.88
703270,FL4269,6019,6027,2025-07-29,65598.37
703271,FL4270,6004,6023,2025-01-16,74984.98
703272,FL4271,6008,6021,2025-02-09,68414.53
703273,FL4272,6029,6010,2025-07-13,11334.29
703274,FL4273,6007,6010,2025-05-02,61206.42
703275,FL4274,6011,6029,2025-02-21,23254.33
703276,FL4275,6002,6004,2025-03-29,43389.04
703277,FL4276,6030,6003,2025-06-07,68528.73
703278,FL4277,6018,6029,2025-08-29,73936.67
703279,FL4278,6002,6007,2025-07-13,8395.65
703280,FL4279,6012,6017,2025-01-01,10104.31
703281,FL4280,6014,6022,2025-05-04,24660.81
703282,FL4281,6003,6005,2025-10-02,44305.32
703283,FL4282,6011,6027,2025-06-05,52788.3
703284,FL4283,6008,6012,2025-03-01,20894.03
703285,FL4284,6022,6024,2025-11-23,15084.55
703286,FL4285,6029,6021,2025-08-15,24187.3
703287,FL4286,6019,6013,2025-12-21,35536.4
703288,FL4287,6006,6027,2025-12-06,29969.21
703289,FL4288,6020,6009,2025-06-11,52668.9
703290,FL4289,6001,6014,2025-05-07,58868.21
703291,FL4290,6012,6001,2025-09-09,69172.87
703292,FL4291,6021,6016,2025-08-29,30728.49
703293,FL4292,6019,6010,2025-11-06,3323.82
703294,FL4293,6026,6007,2025-11-09,8996.19
703295,FL4294,6028,6015,2025-04-21,53556.87
703296,FL4295,6019,6006,2025-08-19,41999.52
703297,FL4296,6007,6011,2025-05-19,50299.1
703298,FL4297,6030,6011,2025-08-02,36248.62
703299,FL4298,6023,6020,2025-09-23,9761.42
703300,FL4299,6012,6015,2025-12-22,50653.57
703301,FL4300,6018,6019,2025-07-10,17209.85
703302,FL4301,6022,6021,2025-04-24,68248.99
703303,FL4302,6005,6005,2025-05-27,38086.69
703304,FL4303,6016,6025,2025-08-15,52404.08
703305,FL4304,6003,6024,2025-07-13,35002.98
703306,FL4305,6008,6028,2025-07-21,19501.53
703307,FL4306,6017,6009,2025-02-05,8365.15
703308,FL4307,6007,6002,2025-10-05,48593.08
703309,FL4308,6022,6001,2025-02-28,20155.33
703310,FL4309,6017,6027,2025-08-22,66749.82
703311,FL4310,6020,6027,2025-11-13,25647.04
703312,FL4311,6028,6018,2025-05-07,39169.7
703313,FL4312,6009,6005,2025-03-25,34001.85
703314,FL4313,6002,6001,2025-04-04,4528.9
703315,FL4314,6022,6030,2025-09-24,6581.07
703316,FL4315,6010,6022,2025-09-06,8641.98
703317,FL4316,6001,6021,2025-08-27,28486.3
703318,FL4317,6017,6009,2025-06-18,59465.62
703319,FL4318,6028,6022,2025-07-11,43062.3
703320,FL4319,6017,6002,2025-04-25,45259.6
703321,FL4320,6020,6005,2025-09-02,57392.34
703322,FL4321,6021,6014,2025-06-01,50792.88
703323,FL4322,6017,6024,2025-08-17,28231.59
703324,FL4323,6011,6020,2025-11-03,24017.78
703325,FL4324,6020,6013,2025-03-24,62120.88
703326,FL4325,6026,6011,2025-08-28,57624.65
703327,FL4326,6004,6005,2025-03-21,56059.98
703328,FL4327,6003,6030,2025-01-22,50029.76
703329,FL4328,6014,6023,2025-01-06,36825.48
703330,FL4329,6028,6013,2025-11-28,13219.07
703331,FL4330,6014,6011,2025-05-22,16318.41
703332,FL4331,6027,6030,2025-10-03,13060.51
703333,FL4332,6007,6030,2025-08-31,37493.78
703334,FL4333,6007,6002,2025-10-01,11654.57
703335,FL4334,6026,6019,2025-10-05,69529.65
703336,FL4335,6002,6008,2025-07-28,32641.48
703337,FL4336,6010,6003,2025-05-30,36638.97
703338,FL4337,6023,6021,2025-09-02,61667.27
703339,FL4338,6019,6022,2025-11-24,36997.73
703340,FL4339,6008,6023,2025-04-26,42206.69
703341,FL4340,6030,6001,2025-11-24,47184.07
703342,FL4341,6007,6001,2025-09-10,5770.97
703343,FL4342,6001,6009,2025-03-03,15905.43
703344,FL4343,6001,6014,2025-03-10,72679.09
703345,FL4344,6001,6016,2025-05-09,22202.02
703346,FL4345,6025,6015,2025-11-19,43302.74
703347,FL4346,6023,6023,2025-10-02,49239.33
703348,FL4347,6016,6015,2025-10-13,66355.18
703349,FL4348,6016,6017,2025-06-07,49358.94
703350,FL4349,6014,6001,2025-05-19,9477.69
703351,FL4350,6029,6030,2025-01-12,18797.87
703352,FL4351,6014,6018,2025-11-08,36837.16
703353,FL4352,6023,6001,2025-06-08,44290.83
703354,FL4353,6017,6028,2025-11-27,51390.7
703355,FL4354,6001,6018,2025-07-24,57915.93
703356,FL4355,6008,6001,2025-03-24,10609.7
703357,FL4356,6025,6009,2025-12-30,9256.67
703358,FL4357,6004,6020,2025-03-26,35480.44
703359,FL4358,6029,6020,2025-08-19,67884.03
703360,FL4359,6013,6029,2025-07-29,71764.32
703361,FL4360,6016,6027,2025-11-24,65023.97
703362,FL4361,6018,6015,2025-07-05,50005.08
703363,FL4362,6016,6014,2025-02-26,61823.82
703364,FL4363,6022,6005,2025-04-22,40561.87
703365,FL4364,6013,6029,2025-01-05,72993.23
703366,FL4365,6001,6025,2025-03-29,27262.8
703367,FL4366,6010,6021,2025-12-11,68783.94
703368,FL4367,6007,6009,2025-10-24,46680.22
703369,FL4368,6012,6012,2025-07-31,54776.78
703370,FL4369,6011,6016,2025-10-23,17085.47
703371,FL4370,6002,6015,2025-11-09,7636.12
703372,FL4371,6013,6005,2025-02-01,8272.77
703373,FL4372,6020,6020,2025-01-20,40548.28
703374,FL4373,6012,6014,2025-07-14,74681.89
703375,FL4374,6001,6023,2025-04-11,6571.26
703376,FL4375,6022,6005,2025-02-25,59879.57
703377,FL4376,6004,6024,2025-01-23,17875.49
703378,FL4377,6007,6010,2025-09-22,34108.92
703379,FL4378,6004,6025,2025-11-09,31519.81
703380,FL4379,6005,6022,2025-09-14,18292.25
703381,FL4380,6028,6023,2025-08-26,36407.64
703382,FL4381,6002,6001,2025-08-15,68343.72
703383,FL4382,6018,6018,2025-08-24,41607.05
703384,FL4383,6013,6021,2025-08-05,56295.86
703385,FL4384,6026,6009,2025-11-16,63677.58
703386,FL4385,6029,6005,2025-12-20,58355.54
703387,FL4386,6024,6019,2025-11-09,51865.12
703388,FL4387,6018,6018,2025-10-31,9584.2
703389,FL4388,6016,6028,2025-09-21,71691.73
703390,FL4389,6010,6026,2025-12-19,72997.41
703391,FL4390,6030,6004,2025-11-25,17993.77
703392,FL4391,6011,6020,2025-02-13,67912.07
703393,FL4392,6025,6029,2025-03-16,30302.77
703394,FL4393,6022,6006,2025-02-01,39368.12
703395,FL4394,6018,6017,2025-07-04,61227.53
703396,FL4395,6028,6007,2025-04-17,61393.17
703397,FL4396,6005,6019,2025-02-12,13155.74
703398,FL4397,6005,6024,2025-01-15,33742.52
703399,FL4398,6030,6021,2025-09-17,30793.76
703400,FL4399,6014,6017,2025-05-10,14610.16
703401,FL4400,6008,6025,2025-09-13,40629.72
703402,FL4401,6022,6009,2025-12-20,53040.88
703403,FL4402,6016,6003,2025-08-25,63194.7
703404,FL4403,6028,6021,2025-07-27,73907.55
703405,FL4404,6018,6015,2025-07-20,44049.77
703406,FL4405,6025,6026,2025-08-26,30900.82
703407,FL4406,6001,6011,2025-09-09,58548.86
703408,FL4407,6004,6022,2025-05-17,51490.05
703409,FL4408,6017,6013,2025-10-03,13260.22
703410,FL4409,6004,6017,2025-11-22,7698.4
703411,FL4410,6028,6011,2025-06-13,5009.91
703412,FL4411,6011,6030,2025-02-07,37869.16
703413,FL4412,6011,6014,2025-10-15,54089.95
703414,FL4413,6012,6008,2025-05-12,48366.56
703415,FL4414,6013,6013,2025-02-25,32054.96
703416,FL4415,6030,6008,2025-07-06,57186.17
703417,FL4416,6011,6005,2025-04-15,7350.84
703418,FL4417,6016,6011,2025-11-01,56059.75
703419,FL4418,6007,6013,2025-11-02,6975.73
703420,FL4419,6022,6029,2025-07-14,45730.75
703421,FL4420,6023,6010,2025-08-19,41302.18
703422,FL4421,6004,6007,2025-12-29,44953.91
703423,FL4422,6025,6002,2025-11-10,46881.09
703424,FL4423,6007,6025,2025-11-27,6114.65
703425,FL4424,6016,6028,2025-09-18,73462.76
703426,FL4425,6006,6018,2025-04-19,33304.82
703427,FL4426,6012,6007,2025-06-09,31609.13
703428,FL4427,6030,6021,2025-03-03,7822.68
703429,FL4428,6012,6030,2025-04-04,45181.0
703430,FL4429,6011,6017,2025-11-16,32846.83
703431,FL4430,6019,6008,2025-10-21,42701.86
703432,FL4431,6021,6007,2025-04-11,53183.95
703433,FL4432,6010,6002,2025-06-16,43653.81
703434,FL4433,6012,6020,2025-10-10,56603.06
703435,FL4434,6007,6001,2025-05-12,69409.87
703436,FL4435,6029,6004,2025-09-18,2762.07
703437,FL4436,6028,6012,2025-10-23,59958.24
703438,FL4437,6019,6011,2025-10-26,11883.14
703439,FL4438,6019,6030,2025-08-31,26692.61
703440,FL4439,6027,6008,2025-10-30,64153.84
703441,FL4440,6018,6018,2025-12-31,37312.62
703442,FL4441,6028,6013,2025-12-14,15504.06
703443,FL4442,6019,6007,2025-04-15,11588.92
703444,FL4443,6026,6002,2025-05-15,51291.59
703445,FL4444,6001,6026,2025-10-14,57850.57
703446,FL4445,6017,6019,2025-09-09,20739.79
703447,FL4446,6009,6009,2025-09-09,30098.45
703448,FL4447,6014,6012,2025-11-09,54948.55
703449,FL4448,6016,6023,2025-03-23,12154.51
703450,FL4449,6019,6005,2025-06-24,68469.26
703451,FL4450,6023,6017,2025-03-09,74191.15
703452,FL4451,6011,6004,2025-09-01,8058.72
703453,FL4452,6001,6009,2025-09-10,45761.94
703454,FL4453,6024,6023,2025-05-24,6193.78
703455,FL4454,6026,6010,2025-08-21,48295.84
703456,FL4455,6005,6022,2025-06-14,32448.59
703457,FL4456,6020,6017,2025-10-30,65752.22
703458,FL4457,6009,6019,2025-03-17,35193.14
703459,FL4458,6030,6011,2025-05-08,30535.96
703460,FL4459,6013,6027,2025-07-27,55717.45
703461,FL4460,6009,6020,2025-08-10,45928.95
703462,FL4461,6006,6009,2025-10-19,62527.51
703463,FL4462,6026,6027,2025-10-12,37849.16
703464,FL4463,6028,6006,2025-07-08,7578.96
703465,FL4464,6010,6004,2025-12-05,27839.69
703466,FL4465,6015,6022,2025-06-25,53640.55
703467,FL4466,6017,6004,2025-02-21,14416.12
703468,FL4467,6030,6009,2025-01-29,33830.15
703469,FL4468,6005,6002,2025-04-24,71686.26
703470,FL4469,6020,6027,2025-02-05,9048.84
703471,FL4470,6018,6021,2025-04-24,28801.85
703472,FL4471,6005,6022,2025-07-05,9325.65
703473,FL4472,6018,6020,2025-05-03,29378.3
703474,FL4473,6019,6001,2025-06-10,53174.52
703475,FL4474,6010,6027,2025-01-14,52679.91
703476,FL4475,6018,6008,2025-01-09,22794.27
703477,FL4476,6029,6019,2025-04-20,71150.19
703478,FL4477,6001,6003,2025-01-15,31257.59
703479,FL4478,6023,6007,2025-01-26,58797.25
703480,FL4479,6008,6029,2025-09-17,36716.24
703481,FL4480,6004,6027,2025-12-07,49263.91
703482,FL4481,6016,6027,2025-10-25,58595.53
703483,FL4482,6005,6025,2025-04-27,19862.65
703484,FL4483,6017,6019,2025-10-30,16523.05
703485,FL4484,6021,6004,2025-07-20,60266.95
703486,FL4485,6030,6021,2025-04-15,38709.85
703487,FL4486,6022,6024,2025-10-08,8611.77
703488,FL4487,6013,6013,2025-06-23,22409.68
703489,FL4488,6010,6025,2025-11-04,61185.44
703490,FL4489,6018,6010,2025-08-11,43128.02
703491,FL4490,6026,6021,2025-03-25,23034.85
703492,FL4491,6001,6028,2025-04-02,11441.78
703493,FL4492,6014,6020,2025-07-19,35841.66
703494,FL4493,6012,6014,2025-04-24,53360.04
703495,FL4494,6010,6004,2025-04-14,17555.44
703496,FL4495,6009,6013,2025-03-13,9185.66
703497,FL4496,6026,6011,2025-07-24,36825.7
703498,FL4497,6007,6007,2025-04-10,71402.42
703499,FL4498,6028,6016,2025-02-05,30903.02
703500,FL4499,6018,6008,2025-01-06,20894.38
703501,FL4500,6030,6001,2025-08-03,45703.13
703502,FL4501,6017,6030,2025-02-20,74035.75
703503,FL4502,6028,6001,2025-10-08,38601.4
703504,FL4503,6029,6021,2025-12-22,4137.98
703505,FL4504,6011,6002,2025-03-01,51339.07
703506,FL4505,6008,6012,2025-12-01,65583.92
703507,FL4506,6029,6020,2025-09-04,41253.21
703508,FL4507,6004,6029,2025-06-05,14754.56
703509,FL4508,6008,6014,2025-03-22,8980.12
703510,FL4509,6021,6030,2025-11-19,49732.61
703511,FL4510,6026,6017,2025-10-28,17120.84
703512,FL4511,6007,6023,2025-04-14,63568.17
703513,FL4512,6001,6004,2025-04-19,11963.01
703514,FL4513,6014,6002,2025-05-14,61303.7
703515,FL4514,6010,6013,2025-05-13,30794.96
703516,FL4515,6020,6028,2025-04-21,43847.76
703517,FL4516,6009,6024,2025-08-22,12747.27
703518,FL4517,6014,6018,2025-01-18,5186.01
703519,FL4518,6020,6006,2025-09-09,63396.9
703520,FL4519,6012,6024,2025-02-20,53432.68
703521,FL4520,6021,6009,2025-04-05,8330.03
703522,FL4521,6012,6002,2025-11-29,60112.13
703523,FL4522,6010,6011,2025-07-27,19590.42
703524,FL4523,6022,6008,2025-11-05,3391.79
703525,FL4524,6029,6007,2025-07-30,30642.51
703526,FL4525,6003,6022,2025-05-13,22403.47
703527,FL4526,6017,6002,2025-01-31,58686.66
703528,FL4527,6001,6006,2025-09-01,48509.46
703529,FL4528,6019,6025,2025-08-06,33527.63
703530,FL4529,6028,6028,2025-10-01,27354.5
703531,FL4530,6003,6005,2025-12-02,40205.03
703532,FL4531,6002,6010,2025-07-06,8101.58
703533,FL4532,6028,6006,2025-02-11,29244.26
703534,FL4533,6015,6004,2025-01-04,3595.69
703535,FL4534,6007,6030,2025-11-16,47106.18
703536,FL4535,6027,6020,2025-09-16,21622.27
703537,FL4536,6015,6007,2025-01-10,65527.76
703538,FL4537,6029,6021,2025-12-29,11272.99
703539,FL4538,6012,6013,2025-08-29,40709.37
703540,FL4539,6009,6024,2025-12-19,33824.33
703541,FL4540,6030,6022,2025-04-05,41853.24
703542,FL4541,6029,6027,2025-10-18,43168.25
703543,FL4542,6003,6024,2025-11-13,70680.75
703544,FL4543,6030,6015,2025-05-19,15232.23
703545,FL4544,6027,6015,2025-03-25,28025.22
703546,FL4545,6027,6019,2025-04-02,30307.6
703547,FL4546,6004,6002,2025-08-14,13923.08
703548,FL4547,6024,6023,2025-12-22,25882.03
703549,FL4548,6001,6010,2025-04-04,23071.5
703550,FL4549,6020,6006,2025-11-07,65485.31
703551,FL4550,6027,6010,2025-03-10,30435.1
703552,FL4551,6028,6005,2025-06-03,71360.62
703553,FL4552,6001,6017,2025-10-11,46535.15
703554,FL4553,6023,6021,2025-04-27,29838.68
703555,FL4554,6021,6001,2025-11-12,42991.34
703556,FL4555,6013,6013,2025-06-23,51040.12
703557,FL4556,6007,6005,2025-06-11,33310.04
703558,FL4557,6011,6013,2025-09-04,25454.98
703559,FL4558,6021,6006,2025-01-13,25888.72
703560,FL4559,6012,6016,2025-03-15,7820.89
703561,FL4560,6021,6007,2025-05-20,47235.59
703562,FL4561,6028,6019,2025-07-12,19600.98
703563,FL4562,6009,6018,2025-04-24,22491.27
703564,FL4563,6015,6010,2025-10-07,41032.4
703565,FL4564,6021,6016,2025-08-10,71575.26
703566,FL4565,6028,6025,2025-02-09,11589.53
703567,FL4566,6009,6004,2025-03-21,49353.79
703568,FL4567,6008,6028,2025-12-05,62382.63
703569,FL4568,6009,6003,2025-11-18,74381.25
703570,FL4569,6009,6019,2025-02-07,12243.77
703571,FL4570,6019,6007,2025-05-28,15657.4
703572,FL4571,6030,6011,2025-12-20,23509.25
703573,FL4572,6030,6028,2025-07-10,25982.7
703574,FL4573,6005,6019,2025-08-20,41891.09
703575,FL4574,6029,6023,2025-07-20,36480.41
703576,FL4575,6014,6004,2025-08-06,36869.92
703577,FL4576,6010,6007,2025-03-21,68042.79
703578,FL4577,6004,6012,2025-03-15,7504.71
703579,FL4578,6020,6029,2025-01-10,58638.95
703580,FL4579,6018,6017,2025-03-30,8574.66
703581,FL4580,6025,6018,2025-12-02,6547.7
703582,FL4581,6029,6010,2025-07-25,39299.36
703583,FL4582,6010,6005,2025-07-11,24991.13
703584,FL4583,6030,6001,2025-01-13,50944.26
703585,FL4584,6003,6001,2025-03-09,44565.44
703586,FL4585,6028,6012,2025-07-23,74345.03
703587,FL4586,6028,6030,2025-05-17,54476.96
703588,FL4587,6015,6030,2025-03-25,32590.71
703589,FL4588,6017,6013,2025-02-09,55249.38
703590,FL4589,6022,6015,2025-11-20,29021.08
703591,FL4590,6006,6015,2025-05-14,56996.42
703592,FL4591,6002,6026,2025-11-11,72805.9
703593,FL4592,6021,6008,2025-12-17,60288.77
703594,FL4593,6020,6007,2025-04-08,51347.89
703595,FL4594,6009,6005,2025-10-19,15048.63
703596,FL4595,6023,6029,2025-04-20,42916.76
703597,FL4596,6025,6017,2025-06-21,30430.4
703598,FL4597,6030,6009,2025-01-10,56190.08
703599,FL4598,6001,6011,2025-02-16,43632.24
703600,FL4599,6009,6027,2025-03-09,5304.03
703601,FL4600,6016,6017,2025-02-18,29838.68
703602,FL4601,6018,6023,2025-01-22,13319.91
703603,FL4602,6008,6014,2025-12-30,64261.96
703604,FL4603,6011,6002,2025-07-12,66334.56
703605,FL4604,6020,6019,2025-06-01,43184.6
703606,FL4605,6019,6021,2025-03-31,73832.73
703607,FL4606,6020,6026,2025-08-31,69303.56
703608,FL4607,6024,6010,2025-06-03,50105.5
703609,FL4608,6003,6018,2025-02-08,20545.19
703610,FL4609,6010,6013,2025-05-11,18275.05
703611,FL4610,6008,6011,2025-03-10,10826.23
703612,FL4611,6016,6026,2025-01-06,49631.47
703613,FL4612,6015,6025,2025-04-25,50340.47
703614,FL4613,6004,6022,2025-09-09,74632.21
703615,FL4614,6001,6015,2025-12-21,15468.62
703616,FL4615,6001,6008,2025-07-09,58819.7
703617,FL4616,6023,6026,2025-07-10,14919.69
703618,FL4617,6001,6021,2025-12-04,15109.77
703619,FL4618,6008,6018,2025-12-09,19225.37
703620,FL4619,6029,6003,2025-10-21,37594.56
703621,FL4620,6014,6003,2025-02-24,29083.0
703622,FL4621,6021,6018,2025-09-27,71298.8
703623,FL4622,6006,6007,2025-01-24,29696.84
703624,FL4623,6028,6001,2025-06-13,8030.0
703625,FL4624,6007,6018,2025-12-03,42651.21
703626,FL4625,6007,6018,2025-02-01,18931.57
703627,FL4626,6003,6002,2025-10-09,54539.43
703628,FL4627,6024,6023,2025-04-24,19535.73
703629,FL4628,6007,6025,2025-01-12,41859.51
703630,FL4629,6025,6030,2025-10-09,5133.31
703631,FL4630,6012,6015,2025-07-22,58880.65
703632,FL4631,6003,6010,2025-09-14,10073.53
703633,FL4632,6002,6027,2025-10-11,23927.45
703634,FL4633,6019,6029,2025-01-19,15930.82
703635,FL4634,6025,6003,2025-07-16,66939.98
703636,FL4635,6022,6020,2025-11-18,65921.78
703637,FL4636,6010,6005,2025-11-06,27053.75
703638,FL4637,6018,6021,2025-08-27,49950.57
703639,FL4638,6012,6026,2025-05-14,70672.66
703640,FL4639,6004,6013,2025-09-19,18148.78
703641,FL4640,6021,6009,2025-07-14,10348.06
703642,FL4641,6001,6019,2025-09-20,73024.4
703643,FL4642,6008,6016,2025-01-11,58519.23
703644,FL4643,6026,6025,2025-11-11,53656.18
703645,FL4644,6016,6024,2025-06-15,55598.53
703646,FL4645,6013,6003,2025-03-14,45942.9
703647,FL4646,6025,6003,2025-11-13,27734.68
703648,FL4647,6029,6014,2025-03-30,67771.52
703649,FL4648,6019,6018,2025-03-13,59216.24
703650,FL4649,6028,6013,2025-09-29,68227.74
703651,FL4650,6008,6007,2025-05-07,49065.16
703652,FL4651,6022,6003,2025-01-19,49390.57
703653,FL4652,6029,6007,2025-04-13,19640.61
703654,FL4653,6013,6020,2025-12-05,4117.22
703655,FL4654,6005,6026,2025-05-31,53031.96
703656,FL4655,6018,6006,2025-11-13,62858.18
703657,FL4656,6022,6014,2025-02-07,39300.99
703658,FL4657,6024,6030,2025-06-17,52415.99
703659,FL4658,6002,6002,2025-10-12,67226.45
703660,FL4659,6020,6021,2025-12-30,49991.46
703661,FL4660,6017,6025,2025-02-19,5705.63
703662,FL4661,6009,6027,2025-09-07,37088.98
703663,FL4662,6004,6013,2025-06-10,50860.08
703664,FL4663,6012,6013,2025-05-09,26346.37
703665,FL4664,6024,6018,2025-07-07,34081.92
703666,FL4665,6011,6010,2025-01-08,37273.41
703667,FL4666,6001,6024,2025-10-01,69463.15
703668,FL4667,6022,6019,2025-07-25,25253.94
703669,FL4668,6028,6030,2025-12-14,26570.78
703670,FL4669,6011,6013,2025-05-03,35527.1
703671,FL4670,6010,6015,2025-03-02,49165.79
703672,FL4671,6026,6010,2025-12-12,66247.48
703673,FL4672,6020,6024,2025-11-28,45394.92
703674,FL4673,6021,6010,2025-11-13,71146.12
703675,FL4674,6014,6027,2025-05-05,11692.02
703676,FL4675,6028,6022,2025-09-14,23976.27
703677,FL4676,6021,6027,2025-05-31,39234.09
703678,FL4677,6015,6020,2025-01-22,47597.8
703679,FL4678,6001,6014,2025-02-17,42457.4
703680,FL4679,6030,6012,2025-01-03,65390.26
703681,FL4680,6009,6020,2025-01-23,47007.89
703682,FL4681,6001,6027,2025-08-20,14540.21
703683,FL4682,6003,6018,2025-12-17,14668.04
703684,FL4683,6005,6007,2025-04-01,69903.71
703685,FL4684,6024,6017,2025-12-24,55296.08
703686,FL4685,6023,6030,2025-03-21,46909.12
703687,FL4686,6018,6008,2025-11-22,51370.91
703688,FL4687,6008,6024,2025-06-10,6308.67
703689,FL4688,6008,6005,2025-09-23,64832.15
703690,FL4689,6001,6008,2025-10-05,67681.93
703691,FL4690,6029,6029,2025-12-27,70569.2
703692,FL4691,6017,6028,2025-11-23,43985.5
703693,FL4692,6022,6027,2025-11-26,40464.64
703694,FL4693,6007,6028,2025-05-29,69522.11
703695,FL4694,6025,6010,2025-02-21,34285.57
703696,FL4695,6019,6030,2025-05-26,38879.91
703697,FL4696,6014,6006,2025-05-24,25059.32
703698,FL4697,6025,6014,2025-04-18,9144.32
703699,FL4698,6012,6017,2025-07-13,49179.77
703700,FL4699,6005,6025,2025-02-08,50007.66
703701,FL4700,6023,6006,2025-02-11,53835.85
703702,FL4701,6024,6019,2025-01-02,59661.27
703703,FL4702,6018,6027,2025-06-14,67922.62
703704,FL4703,6029,6017,2025-11-13,48284.08
703705,FL4704,6001,6013,2025-05-03,27868.44
703706,FL4705,6025,6007,2025-03-10,64404.59
703707,FL4706,6020,6015,2025-04-15,4834.27
703708,FL4707,6030,6020,2025-03-02,56069.66
703709,FL4708,6004,6023,2025-05-10,36710.98
703710,FL4709,6003,6016,2025-01-23,12553.97
703711,FL4710,6027,6016,2025-08-27,66656.46
703712,FL4711,6018,6007,2025-11-06,16853.32
703713,FL4712,6015,6019,2025-07-26,58352.46
703714,FL4713,6002,6015,2025-11-09,17807.76
703715,FL4714,6016,6012,2025-02-02,44029.41
703716,FL4715,6014,6020,2025-08-25,18907.3
703717,FL4716,6028,6025,2025-06-09,70263.79
703718,FL4717,6017,6008,2025-11-09,26604.43
703719,FL4718,6001,6024,2025-05-24,4918.68
703720,FL4719,6020,6007,2025-11-07,51490.18
703721,FL4720,6005,6009,2025-08-14,46829.31
703722,FL4721,6013,6007,2025-04-15,5780.99
703723,FL4722,6022,6002,2025-12-12,51156.25
703724,FL4723,6015,6018,2025-06-30,53583.96
703725,FL4724,6019,6001,2025-07-06,47214.51
703726,FL4725,6011,6024,2025-02-23,73639.77
703727,FL4726,6004,6026,2025-05-09,45422.97
703728,FL4727,6003,6006,2025-09-24,58665.8
703729,FL4728,6011,6003,2025-06-27,69790.81
703730,FL4729,6024,6023,2025-07-24,45908.96
703731,FL4730,6024,6003,2025-11-20,33846.34
703732,FL4731,6008,6006,2025-12-28,16244.61
703733,FL4732,6009,6023,2025-03-25,17204.79
703734,FL4733,6002,6025,2025-06-18,13595.36
703735,FL4734,6008,6006,2025-02-05,49629.49
703736,FL4735,6005,6010,2025-04-08,38466.24
703737,FL4736,6016,6026,2025-04-16,24195.84
703738,FL4737,6025,6005,2025-03-25,17007.33
703739,FL4738,6003,6017,2025-10-17,59316.5
703740,FL4739,6004,6019,2025-01-24,23437.8
703741,FL4740,6002,6030,2025-03-14,45721.57
703742,FL4741,6012,6027,2025-11-28,16181.44
703743,FL4742,6019,6018,2025-03-03,38175.28
703744,FL4743,6015,6014,2025-09-28,13737.74
703745,FL4744,6007,6005,2025-08-15,12276.08
703746,FL4745,6006,6005,2025-06-25,11338.68
703747,FL4746,6027,6005,2025-05-26,67050.32
703748,FL4747,6017,6021,2025-04-13,35356.62
703749,FL4748,6024,6021,2025-03-15,9408.56
703750,FL4749,6022,6006,2025-03-04,54516.33
703751,FL4750,6008,6019,2025-09-09,41715.97
703752,FL4751,6017,6030,2025-10-09,44716.43
703753,FL4752,6001,6013,2025-11-12,51327.63
703754,FL4753,6025,6020,2025-10-23,46410.62
703755,FL4754,6011,6028,2025-11-29,15681.45
703756,FL4755,6001,6015,2025-11-12,11378.56
703757,FL4756,6030,6018,2025-09-13,54628.55
703758,FL4757,6024,6001,2025-04-23,72212.69
703759,FL4758,6022,6017,2025-10-24,6011.11
703760,FL4759,6029,6014,2025-09-07,34714.25
703761,FL4760,6016,6007,2025-12-26,61803.33
703762,FL4761,6022,6001,2025-01-20,72969.92
703763,FL4762,6028,6020,2025-11-23,24011.39
703764,FL4763,6028,6004,2025-05-26,17348.15
703765,FL4764,6029,6024,2025-08-21,50848.46
703766,FL4765,6010,6015,2025-03-16,15603.82
703767,FL4766,6024,6013,2025-05-11,60593.2
703768,FL4767,6020,6028,2025-09-04,19431.47
703769,FL4768,6001,6028,2025-06-16,35550.55
703770,FL4769,6013,6009,2025-01-04,68673.49
703771,FL4770,6002,6012,2025-07-04,33448.5
703772,FL4771,6011,6019,2025-05-10,69957.12
703773,FL4772,6006,6021,2025-11-04,41433.97
703774,FL4773,6022,6025,2025-01-21,17420.96
703775,FL4774,6018,6003,2025-11-14,59698.26
703776,FL4775,6030,6027,2025-04-21,64835.27
703777,FL4776,6012,6011,2025-04-28,66154.91
703778,FL4777,6022,6011,2025-12-31,5336.22
703779,FL4778,6006,6020,2025-05-13,58786.4
703780,FL4779,6028,6009,2025-05-01,22606.52
703781,FL4780,6003,6019,2025-07-24,7738.6
703782,FL4781,6022,6012,2025-07-14,56216.02
703783,FL4782,6023,6016,2025-07-29,73862.04
703784,FL4783,6004,6015,2025-01-23,10591.73
703785,FL4784,6030,6012,2025-10-21,49653.06
703786,FL4785,6017,6014,2025-06-02,32257.9
703787,FL4786,6016,6026,2025-04-25,52668.65
703788,FL4787,6020,6030,2025-02-13,20598.73
703789,FL4788,6009,6006,2025-05-04,61841.44
703790,FL4789,6017,6008,2025-12-06,60211.73
703791,FL4790,6007,6004,2025-12-18,2931.14
703792,FL4791,6005,6011,2025-11-21,54167.47
703793,FL4792,6013,6005,2025-02-27,11561.21
703794,FL4793,6028,6009,2025-08-15,41678.76
703795,FL4794,6003,6004,2025-04-05,61329.84
703796,FL4795,6016,6015,2025-04-02,57596.93
703797,FL4796,6013,6002,2025-11-29,69354.74
703798,FL4797,6008,6028,2025-06-18,9185.28
703799,FL4798,6004,6003,2025-05-06,31455.73
703800,FL4799,6006,6015,2025-03-17,39663.88
703801,FL4800,6009,6003,2025-10-09,9836.49
703802,FL4801,6019,6008,2025-12-25,12779.31
703803,FL4802,6025,6029,2025-05-25,60990.48
703804,FL4803,6016,6009,2025-02-19,31484.74
703805,FL4804,6016,6013,2025-02-19,60958.38
703806,FL4805,6012,6005,2025-01-21,33258.91
703807,FL4806,6001,6027,2025-05-04,11450.94
703808,FL4807,6027,6002,2025-11-14,19818.74
703809,FL4808,6025,6001,2025-02-04,13021.76
703810,FL4809,6025,6026,2025-12-08,13471.74
703811,FL4810,6028,6026,2025-11-16,34356.05
703812,FL4811,6003,6004,2025-06-13,63563.23
703813,FL4812,6009,6012,2025-05-26,61430.78
703814,FL4813,6019,6026,2025-01-18,16529.88
703815,FL4814,6004,6003,2025-03-27,22352.92
703816,FL4815,6019,6024,2025-11-27,32079.67
703817,FL4816,6001,6007,2025-01-30,38969.22
703818,FL4817,6017,6007,2025-04-26,20451.43
703819,FL4818,6008,6012,2025-10-12,66406.8
703820,FL4819,6013,6020,2025-03-15,8200.26
703821,FL4820,6013,6002,2025-04-16,36869.94
703822,FL4821,6012,6020,2025-01-08,30089.9
703823,FL4822,6010,6019,2025-02-19,53574.02
703824,FL4823,6011,6022,2025-05-07,24711.13
703825,FL4824,6029,6004,2025-05-27,13554.43
703826,FL4825,6025,6004,2025-02-25,15640.09
703827,FL4826,6028,6007,2025-05-12,58778.72
703828,FL4827,6009,6021,2025-11-20,59176.23
703829,FL4828,6023,6002,2025-02-20,3007.76
703830,FL4829,6023,6012,2025-05-29,47281.07
703831,FL4830,6002,6024,2025-10-13,49506.62
703832,FL4831,6004,6013,2025-07-05,12900.36
703833,FL4832,6007,6003,2025-01-21,72151.72
703834,FL4833,6006,6003,2025-01-05,29724.03
703835,FL4834,6030,6009,2025-01-22,16652.03
703836,FL4835,6015,6014,2025-11-17,73096.1
703837,FL4836,6011,6024,2025-09-24,23505.5
703838,FL4837,6009,6005,2025-01-08,48275.6
703839,FL4838,6022,6001,2025-12-06,69240.85
703840,FL4839,6029,6015,2025-05-26,32306.39
703841,FL4840,6016,6028,2025-03-29,63712.6
703842,FL4841,6004,6021,2025-04-22,41442.23
703843,FL4842,6025,6022,2025-05-24,29838.39
703844,FL4843,6027,6030,2025-10-19,4284.17
703845,FL4844,6017,6005,2025-12-24,6874.43
703846,FL4845,6023,6021,2025-11-26,60363.28
703847,FL4846,6002,6011,2025-04-10,25244.61
703848,FL4847,6025,6015,2025-12-19,29686.31
703849,FL4848,6009,6027,2025-11-07,70090.28
703850,FL4849,6027,6013,2025-11-17,53972.41
703851,FL4850,6010,6029,2025-03-22,37622.91
703852,FL4851,6021,6021,2025-11-29,52816.66
703853,FL4852,6006,6013,2025-04-16,59851.89
703854,FL4853,6003,6005,2025-07-20,53338.23
703855,FL4854,6026,6009,2025-10-13,8979.54
703856,FL4855,6003,6029,2025-07-11,56288.05
703857,FL4856,6003,6026,2025-10-15,38159.73
703858,FL4857,6028,6004,2025-08-13,31814.21
703859,FL4858,6024,6019,2025-02-16,46509.64
703860,FL4859,6029,6020,2025-09-16,46893.51
703861,FL4860,6010,6020,2025-11-09,66130.55
703862,FL4861,6008,6018,2025-10-11,69617.1
703863,FL4862,6018,6004,2025-07-16,14084.71
703864,FL4863,6026,6025,2025-03-13,33652.93
703865,FL4864,6013,6030,2025-11-08,18840.49
703866,FL4865,6002,6011,2025-06-07,7117.85
703867,FL4866,6001,6027,2025-10-02,10739.99
703868,FL4867,6003,6025,2025-03-03,3909.01
703869,FL4868,6018,6014,2025-07-30,4721.15
703870,FL4869,6009,6012,2025-06-05,43408.13
703871,FL4870,6002,6003,2025-12-07,33766.5
703872,FL4871,6008,6028,2025-12-02,9121.91
703873,FL4872,6018,6030,2025-09-12,3841.67
703874,FL4873,6015,6020,2025-11-24,32502.96
703875,FL4874,6002,6012,2025-12-04,48914.96
703876,FL4875,6005,6030,2025-12-18,60339.86
703877,FL4876,6028,6017,2025-11-24,17682.97
703878,FL4877,6028,6006,2025-04-10,11847.5
703879,FL4878,6017,6013,2025-10-31,20538.28
703880,FL4879,6018,6008,2025-09-01,23206.92
703881,FL4880,6025,6017,2025-07-09,29424.85
703882,FL4881,6027,6011,2025-11-08,14500.31
703883,FL4882,6015,6027,2025-11-29,26924.32
703884,FL4883,6026,6015,2025-05-29,54257.52
703885,FL4884,6024,6012,2025-03-17,36674.7
703886,FL4885,6024,6026,2025-09-13,55380.43
703887,FL4886,6027,6022,2025-11-10,64079.23
703888,FL4887,6012,6002,2025-07-04,74842.56
703889,FL4888,6013,6011,2025-06-11,71575.54
703890,FL4889,6001,6025,2025-05-16,25799.44
703891,FL4890,6011,6016,2025-10-01,7831.99
703892,FL4891,6006,6022,2025-05-04,36527.92
703893,FL4892,6026,6008,2025-11-01,59718.18
703894,FL4893,6006,6021,2025-07-13,47686.53
703895,FL4894,6013,6002,2025-08-04,73048.2
703896,FL4895,6021,6016,2025-04-13,12572.91
703897,FL4896,6030,6014,2025-12-27,42235.97
703898,FL4897,6008,6006,2025-11-26,16164.59
703899,FL4898,6018,6013,2025-01-01,21811.24
703900,FL4899,6007,6007,2025-02-24,35324.55
703901,FL4900,6014,6002,2025-04-28,59968.55
703902,FL4901,6010,6015,2025-04-21,35204.51
703903,FL4902,6009,6003,2025-06-11,59801.37
703904,FL4903,6002,6019,2025-03-19,51013.27
703905,FL4904,6026,6006,2025-02-16,22254.49
703906,FL4905,6020,6001,2025-10-09,24914.66
703907,FL4906,6026,6022,2025-03-06,57169.58
703908,FL4907,6004,6006,2025-08-20,69495.59
703909,FL4908,6014,6019,2025-03-28,65478.7
703910,FL4909,6010,6019,2025-05-31,45403.38
703911,FL4910,6005,6009,2025-08-14,29875.74
703912,FL4911,6028,6021,2025-03-10,74703.92
703913,FL4912,6013,6014,2025-11-15,10010.34
703914,FL4913,6026,6025,2025-12-22,27884.85
703915,FL4914,6010,6013,2025-08-12,72583.64
703916,FL4915,6022,6025,2025-01-31,27074.02
703917,FL4916,6005,6009,2025-05-25,72637.3
703918,FL4917,6028,6014,2025-05-05,30362.4
703919,FL4918,6011,6009,2025-07-16,22392.8
703920,FL4919,6013,6028,2025-03-31,35875.32
703921,FL4920,6003,6002,2025-05-12,52607.57
703922,FL4921,6003,6023,2025-05-08,29017.49
703923,FL4922,6004,6015,2025-04-18,6672.6
703924,FL4923,6011,6015,2025-03-05,52266.82
703925,FL4924,6004,6025,2025-01-23,69158.63
703926,FL4925,6010,6014,2025-11-08,35602.49
703927,FL4926,6010,6004,2025-11-19,8691.8
703928,FL4927,6008,6015,2025-05-04,25580.88
703929,FL4928,6001,6020,2025-07-08,40866.24
703930,FL4929,6029,6010,2025-07-30,19481.57
703931,FL4930,6023,6022,2025-04-17,19435.77
703932,FL4931,6018,6027,2025-09-21,70155.46
703933,FL4932,6006,6011,2025-11-01,67671.89
703934,FL4933,6005,6011,2025-08-17,31504.41
703935,FL4934,6024,6019,2025-10-26,29302.48
703936,FL4935,6012,6026,2025-02-05,56153.83
703937,FL4936,6022,6012,2025-10-19,12740.04
703938,FL4937,6018,6030,2025-08-01,14779.26
703939,FL4938,6006,6020,2025-06-25,13226.9
703940,FL4939,6024,6015,2025-07-24,23471.57
703941,FL4940,6026,6022,2025-06-27,74289.86
703942,FL4941,6007,6026,2025-12-16,18566.41
703943,FL4942,6027,6026,2025-07-10,13908.74
703944,FL4943,6014,6014,2025-08-08,22636.61
703945,FL4944,6022,6021,2025-07-26,16451.4
703946,FL4945,6019,6027,2025-03-26,25537.87
703947,FL4946,6025,6013,2025-11-27,20613.27
703948,FL4947,6021,6028,2025-04-13,6857.57
703949,FL4948,6029,6018,2025-12-09,47203.89
703950,FL4949,6022,6003,2025-09-20,9315.87
703951,FL4950,6002,6030,2025-11-15,6148.68
703952,FL4951,6028,6030,2025-04-17,57421.17
703953,FL4952,6027,6012,2025-12-30,50862.13
703954,FL4953,6024,6006,2025-06-11,15049.27
703955,FL4954,6006,6027,2025-12-21,6464.75
703956,FL4955,6016,6014,2025-12-16,3590.62
703957,FL4956,6025,6019,2025-09-01,26727.59
703958,FL4957,6027,6004,2025-01-13,55316.79
703959,FL4958,6005,6010,2025-01-01,51818.45
703960,FL4959,6008,6009,2025-02-10,56174.3
703961,FL4960,6028,6013,2025-12-06,21902.11
703962,FL4961,6018,6020,2025-01-27,74576.57
703963,FL4962,6024,6027,2025-07-30,44604.83
703964,FL4963,6028,6003,2025-02-04,49172.51
703965,FL4964,6002,6007,2025-12-31,21855.04
703966,FL4965,6013,6022,2025-06-04,46017.16
703967,FL4966,6008,6013,2025-11-20,3640.02
703968,FL4967,6006,6020,2025-03-19,33329.86
703969,FL4968,6005,6001,2025-03-28,24502.86
703970,FL4969,6021,6021,2025-04-29,10112.27
703971,FL4970,6028,6001,2025-11-02,66099.65
703972,FL4971,6003,6020,2025-05-18,56638.61
703973,FL4972,6019,6002,2025-09-01,65192.99
703974,FL4973,6019,6029,2025-04-11,30852.95
703975,FL4974,6018,6012,2025-10-03,15152.84
703976,FL4975,6025,6001,2025-11-27,17316.02
703977,FL4976,6028,6005,2025-03-29,10222.32
703978,FL4977,6012,6009,2025-06-21,62469.33
703979,FL4978,6009,6027,2025-02-05,21854.36
703980,FL4979,6012,6010,2025-03-01,54393.71
703981,FL4980,6020,6012,2025-08-19,22361.27
703982,FL4981,6014,6024,2025-11-22,25561.86
703983,FL4982,6005,6008,2025-08-03,4078.78
703984,FL4983,6024,6016,2025-11-09,44429.05
703985,FL4984,6013,6030,2025-07-14,32250.7
703986,FL4985,6004,6023,2025-07-10,29265.58
703987,FL4986,6017,6001,2025-11-08,72337.37
703988,FL4987,6010,6007,2025-11-21,45805.03
703989,FL4988,6004,6027,2025-11-07,7247.87
703990,FL4989,6010,6024,2025-08-22,57191.04
703991,FL4990,6006,6011,2025-01-13,7425.58
703992,FL4991,6023,6007,2025-04-23,9282.1
703993,FL4992,6024,6023,2025-04-03,14377.0
703994,FL4993,6020,6029,2025-05-27,46186.84
703995,FL4994,6028,6004,2025-06-04,71600.62
703996,FL4995,6029,6006,2025-02-02,15001.09
703997,FL4996,6008,6025,2025-10-26,22324.6
703998,FL4997,6002,6021,2025-03-20,16027.25
703999,FL4998,6026,6020,2025-09-05,15526.03
704000,FL4999,6030,6017,2025-02-17,24592.56
704001,FL5000,6023,6015,2025-04-16,27237.54
704002,FL5001,6003,6013,2025-03-22,29135.46
704003,FL5002,6017,6001,2025-09-10,70093.64
704004,FL5003,6028,6029,2025-04-24,42895.06
704005,FL5004,6001,6019,2025-10-26,9204.8
704006,FL5005,6026,6003,2025-06-30,17184.82
704007,FL5006,6012,6020,2025-02-04,62653.33
704008,FL5007,6006,6012,2025-03-05,18942.87
704009,FL5008,6012,6029,2025-06-20,55252.43
704010,FL5009,6028,6004,2025-04-26,42626.19
704011,FL5010,6011,6002,2025-10-15,27689.11
704012,FL5011,6015,6005,2025-09-14,4417.49
704013,FL5012,6029,6006,2025-07-26,37522.18
704014,FL5013,6026,6012,2025-03-09,23883.69
704015,FL5014,6015,6026,2025-11-01,5498.01
704016,FL5015,6002,6004,2025-11-10,16828.04
704017,FL5016,6009,6003,2025-12-16,19069.46
704018,FL5017,6010,6016,2025-05-15,37895.89
704019,FL5018,6024,6022,2025-12-10,66946.97
704020,FL5019,6021,6030,2025-07-22,46118.69
704021,FL5020,6010,6024,2025-07-07,13138.27
704022,FL5021,6001,6018,2025-05-06,73019.73
704023,FL5022,6023,6012,2025-12-17,22772.37
704024,FL5023,6030,6009,2025-10-08,29422.13
704025,FL5024,6025,6008,2025-06-14,27829.62
704026,FL5025,6016,6028,2025-11-10,4850.56
704027,FL5026,6029,6029,2025-06-26,9859.88
704028,FL5027,6024,6024,2025-11-19,56538.45
704029,FL5028,6011,6024,2025-12-12,16399.1
704030,FL5029,6002,6004,2025-11-20,56815.71
704031,FL5030,6010,6001,2025-01-05,11573.13
704032,FL5031,6007,6020,2025-10-02,34360.6
704033,FL5032,6001,6021,2025-08-21,62023.72
704034,FL5033,6024,6022,2025-04-17,56885.69
704035,FL5034,6017,6022,2025-11-25,49170.35
704036,FL5035,6013,6008,2025-01-29,73136.7
704037,FL5036,6005,6010,2025-05-12,13695.0
704038,FL5037,6002,6016,2025-08-19,45865.09
704039,FL5038,6023,6027,2025-01-22,50128.22
704040,FL5039,6025,6027,2025-11-20,5615.43
704041,FL5040,6029,6024,2025-05-27,21846.49
704042,FL5041,6017,6008,2025-10-10,14936.64
704043,FL5042,6027,6020,2025-08-22,10243.0
704044,FL5043,6020,6027,2025-04-13,69441.24
704045,FL5044,6015,6002,2025-03-11,25571.34
704046,FL5045,6028,6005,2025-02-28,56231.7
704047,FL5046,6021,6012,2025-07-26,35181.63
704048,FL5047,6008,6018,2025-11-20,2733.21
704049,FL5048,6017,6010,2025-02-28,53717.1
704050,FL5049,6005,6011,2025-04-09,71116.76
704051,FL5050,6026,6012,2025-07-28,14056.21
704052,FL5051,6007,6024,2025-05-23,29879.84
704053,FL5052,6009,6001,2025-08-17,20773.79
704054,FL5053,6022,6018,2025-03-20,56131.63
704055,FL5054,6030,6007,2025-04-14,38248.13
704056,FL5055,6004,6024,2025-01-31,41072.25
704057,FL5056,6005,6002,2025-11-25,59135.12
704058,FL5057,6011,6018,2025-03-17,26932.23
704059,FL5058,6005,6026,2025-10-16,38468.6
704060,FL5059,6005,6010,2025-07-18,59059.65
704061,FL5060,6024,6012,2025-07-10,14268.12
704062,FL5061,6028,6007,2025-09-20,47109.89
704063,FL5062,6013,6019,2025-09-09,56811.77
704064,FL5063,6008,6004,2025-11-08,32117.62
704065,FL5064,6007,6021,2025-05-26,54604.56
704066,FL5065,6015,6029,2025-07-06,18380.42
704067,FL5066,6019,6012,2025-08-03,14331.72
704068,FL5067,6030,6023,2025-09-23,60957.87
704069,FL5068,6004,6006,2025-12-11,64986.83
704070,FL5069,6016,6028,2025-01-19,21857.07
704071,FL5070,6012,6011,2025-07-03,17811.68
704072,FL5071,6027,6017,2025-02-17,18895.06
704073,FL5072,6015,6019,2025-06-13,53850.86
704074,FL5073,6023,6029,2025-07-06,53465.8
704075,FL5074,6022,6028,2025-12-25,18464.24
704076,FL5075,6002,6021,2025-02-18,26204.21
704077,FL5076,6020,6020,2025-03-04,48704.53
704078,FL5077,6018,6017,2025-01-08,10447.46
704079,FL5078,6015,6028,2025-01-03,14935.39
704080,FL5079,6018,6015,2025-09-24,72849.84
704081,FL5080,6010,6018,2025-04-08,3274.26
704082,FL5081,6023,6009,2025-07-13,59889.01
704083,FL5082,6027,6018,2025-05-01,48662.15
704084,FL5083,6019,6009,2025-08-16,65835.51
704085,FL5084,6013,6013,2025-07-28,53313.82
704086,FL5085,6014,6025,2025-12-28,66408.98
704087,FL5086,6009,6015,2025-10-08,49074.3
704088,FL5087,6011,6002,2025-02-10,30042.39
704089,FL5088,6030,6016,2025-11-27,51117.95
704090,FL5089,6008,6010,2025-11-08,53771.28
704091,FL5090,6029,6012,2025-04-18,54743.33
704092,FL5091,6018,6001,2025-05-18,14150.67
704093,FL5092,6004,6008,2025-12-11,19156.98
704094,FL5093,6005,6022,2025-08-12,22912.94
704095,FL5094,6010,6017,2025-04-08,9810.1
704096,FL5095,6015,6021,2025-03-21,49511.7
704097,FL5096,6021,6011,2025-11-17,12812.21
704098,FL5097,6022,6027,2025-01-20,24656.52
704099,FL5098,6011,6001,2025-01-19,59038.32
704100,FL5099,6012,6007,2025-02-09,72599.48
704101,FL5100,6021,6011,2025-11-10,74374.65
704102,FL5101,6007,6014,2025-11-24,6284.53
704103,FL5102,6006,6003,2025-08-10,35723.96
704104,FL5103,6006,6014,2025-07-07,53589.47
704105,FL5104,6008,6029,2025-08-12,42739.84
704106,FL5105,6005,6011,2025-07-31,12765.21
704107,FL5106,6013,6016,2025-01-11,70295.14
704108,FL5107,6022,6006,2025-03-12,40922.94
704109,FL5108,6027,6026,2025-05-13,10517.88
704110,FL5109,6022,6015,2025-05-15,33869.76
704111,FL5110,6006,6027,2025-04-01,61036.18
704112,FL5111,6024,6007,2025-05-09,54928.74
704113,FL5112,6012,6023,2025-10-09,10418.18
704114,FL5113,6007,6028,2025-03-28,65149.29
704115,FL5114,6027,6028,2025-09-24,39787.17
704116,FL5115,6023,6010,2025-02-03,10289.82
704117,FL5116,6014,6029,2025-07-20,15069.14
704118,FL5117,6015,6016,2025-01-08,28826.68
704119,FL5118,6014,6022,2025-05-17,48580.2
704120,FL5119,6016,6025,2025-03-31,55733.82
704121,FL5120,6011,6024,2025-02-01,43780.76
704122,FL5121,6012,6028,2025-07-29,61207.69
704123,FL5122,6020,6010,2025-02-03,49934.67
704124,FL5123,6018,6003,2025-01-10,73165.86
704125,FL5124,6024,6029,2025-07-15,16643.64
704126,FL5125,6002,6027,2025-11-19,42212.11
704127,FL5126,6024,6024,2025-08-01,66332.23
704128,FL5127,6001,6030,2025-05-28,5033.24
704129,FL5128,6018,6014,2025-06-16,50867.88
704130,FL5129,6020,6023,2025-10-15,69860.18
704131,FL5130,6030,6028,2025-05-13,61218.19
704132,FL5131,6017,6016,2025-02-11,50489.32
704133,FL5132,6007,6019,2025-09-15,28124.5
704134,FL5133,6028,6002,2025-10-23,60745.28
704135,FL5134,6015,6009,2025-02-06,50744.69
704136,FL5135,6009,6001,2025-09-14,32897.79
704137,FL5136,6030,6023,2025-10-25,56524.35
704138,FL5137,6022,6020,2025-11-02,22109.19
704139,FL5138,6011,6005,2025-01-08,24270.08
704140,FL5139,6011,6007,2025-08-26,54234.32
704141,FL5140,6024,6029,2025-07-06,6150.17
704142,FL5141,6013,6010,2025-06-17,35730.87
704143,FL5142,6025,6010,2025-12-28,55082.79
704144,FL5143,6014,6011,2025-04-05,9821.11
704145,FL5144,6016,6030,2025-12-23,52749.63
704146,FL5145,6012,6003,2025-05-12,6391.87
704147,FL5146,6024,6017,2025-07-26,66078.63
704148,FL5147,6004,6005,2025-11-10,64784.73
704149,FL5148,6024,6017,2025-09-05,37701.25
704150,FL5149,6011,6017,2025-07-04,13442.84
704151,FL5150,6012,6011,2025-01-06,60252.6
704152,FL5151,6010,6017,2025-10-08,3977.75
704153,FL5152,6012,6022,2025-09-11,51833.97
704154,FL5153,6021,6012,2025-12-05,66169.74
704155,FL5154,6026,6025,2025-09-19,22385.25
704156,FL5155,6020,6016,2025-12-12,68671.62
704157,FL5156,6030,6030,2025-10-05,66237.35
704158,FL5157,6014,6026,2025-10-01,43591.28
704159,FL5158,6012,6016,2025-07-23,23778.94
704160,FL5159,6015,6012,2025-11-16,7911.9
704161,FL5160,6024,6005,2025-02-17,73298.03
704162,FL5161,6021,6016,2025-05-01,60315.89
704163,FL5162,6015,6017,2025-01-07,3702.2
704164,FL5163,6025,6010,2025-03-05,57625.6
704165,FL5164,6021,6026,2025-02-27,26047.51
704166,FL5165,6015,6023,2025-07-02,27376.12
704167,FL5166,6004,6004,2025-08-28,47375.28
704168,FL5167,6005,6030,2025-08-08,63465.41
704169,FL5168,6011,6005,2025-03-26,52184.17
704170,FL5169,6016,6028,2025-06-23,19552.4
704171,FL5170,6029,6002,2025-03-19,60026.23
704172,FL5171,6024,6024,2025-02-03,74256.35
704173,FL5172,6001,6009,2025-06-07,59092.55
704174,FL5173,6011,6015,2025-02-19,50554.06
704175,FL5174,6018,6010,2025-03-24,68065.09
704176,FL5175,6028,6026,2025-11-02,25871.04
704177,FL5176,6025,6029,2025-09-22,48507.4
704178,FL5177,6014,6001,2025-06-21,74615.48
704179,FL5178,6004,6013,2025-02-15,54652.59
704180,FL5179,6003,6011,2025-04-27,50595.38
704181,FL5180,6014,6017,2025-10-29,21817.01
704182,FL5181,6005,6029,2025-04-04,42638.08
704183,FL5182,6011,6017,2025-03-13,23260.63
704184,FL5183,6009,6010,2025-08-15,17197.35
704185,FL5184,6026,6022,2025-02-10,68602.69
704186,FL5185,6008,6015,2025-04-15,7270.76
704187,FL5186,6018,6010,2025-06-09,8620.01
704188,FL5187,6003,6008,2025-04-15,43738.72
704189,FL5188,6030,6018,2025-12-10,34937.58
704190,FL5189,6003,6017,2025-04-02,2521.04
704191,FL5190,6018,6017,2025-05-28,28801.52
704192,FL5191,6002,6019,2025-09-12,60661.89
704193,FL5192,6030,6003,2025-06-05,56681.64
704194,FL5193,6018,6004,2025-06-22,3454.36
704195,FL5194,6006,6010,2025-04-21,48527.73
704196,FL5195,6020,6006,2025-08-16,65947.66
704197,FL5196,6019,6003,2025-06-27,56214.51
704198,FL5197,6008,6011,2025-11-17,74630.87
704199,FL5198,6006,6012,2025-04-22,69895.39
704200,FL5199,6016,6006,2025-03-31,60643.58
704201,FL5200,6017,6006,2025-08-22,20105.77
704202,FL5201,6001,6030,2025-07-16,19390.72
704203,FL5202,6030,6006,2025-02-16,5028.41
704204,FL5203,6021,6028,2025-06-26,73134.63
704205,FL5204,6029,6016,2025-06-18,40839.56
704206,FL5205,6021,6010,2025-09-10,10123.22
704207,FL5206,6012,6015,2025-02-02,64517.01
704208,FL5207,6011,6018,2025-11-07,57267.95
704209,FL5208,6003,6020,2025-03-04,46553.18
704210,FL5209,6026,6019,2025-04-16,22657.48
704211,FL5210,6003,6013,2025-10-31,18107.06
704212,FL5211,6020,6005,2025-05-11,16308.15
704213,FL5212,6027,6001,2025-11-01,54030.27
704214,FL5213,6029,6004,2025-01-29,64382.43
704215,FL5214,6002,6003,2025-01-25,56588.71
704216,FL5215,6019,6028,2025-02-17,55202.35
704217,FL5216,6012,6010,2025-06-22,21134.11
704218,FL5217,6021,6030,2025-06-06,40049.96
704219,FL5218,6011,6027,2025-02-14,16765.82
704220,FL5219,6029,6021,2025-03-04,31810.72
704221,FL5220,6009,6005,2025-04-21,43888.88
704222,FL5221,6028,6019,2025-05-25,22175.78
704223,FL5222,6007,6027,2025-08-16,68205.74
704224,FL5223,6026,6010,2025-06-16,26202.21
704225,FL5224,6021,6006,2025-04-08,57412.36
704226,FL5225,6010,6018,2025-01-24,9861.97
704227,FL5226,6029,6029,2025-07-22,15841.37
704228,FL5227,6011,6030,2025-12-10,43260.36
704229,FL5228,6027,6019,2025-04-13,54851.35
704230,FL5229,6002,6003,2025-05-31,54335.93
704231,FL5230,6018,6008,2025-04-02,60159.07
704232,FL5231,6019,6025,2025-02-03,40760.18
704233,FL5232,6018,6026,2025-10-14,8490.85
704234,FL5233,6017,6027,2025-08-09,69822.49
704235,FL5234,6012,6019,2025-12-02,22433.43
704236,FL5235,6004,6017,2025-03-04,69109.48
704237,FL5236,6021,6019,2025-11-18,64299.32
704238,FL5237,6005,6023,2025-05-21,26911.55
704239,FL5238,6006,6015,2025-12-16,32793.8
704240,FL5239,6017,6027,2025-09-25,19977.24
704241,FL5240,6004,6011,2025-03-22,26372.08
704242,FL5241,6020,6024,2025-05-15,7757.18
704243,FL5242,6014,6022,2025-02-02,18289.07
704244,FL5243,6028,6024,2025-12-25,64500.45
704245,FL5244,6010,6025,2025-03-24,68199.11
704246,FL5245,6008,6001,2025-10-03,48428.18
704247,FL5246,6025,6023,2025-07-28,59936.59
704248,FL5247,6010,6013,2025-04-22,12164.3
704249,FL5248,6002,6009,2025-05-20,70661.46
704250,FL5249,6003,6018,2025-06-27,28303.17
704251,FL5250,6006,6016,2025-12-22,25100.95
704252,FL5251,6014,6026,2025-08-18,3435.26
704253,FL5252,6009,6015,2025-02-16,25018.81
704254,FL5253,6006,6028,2025-04-20,36098.86
704255,FL5254,6011,6021,2025-01-05,49390.95
704256,FL5255,6008,6009,2025-06-24,7615.94
704257,FL5256,6012,6021,2025-08-27,68475.01
704258,FL5257,6023,6025,2025-09-18,32841.2
704259,FL5258,6004,6027,2025-12-27,40420.88
704260,FL5259,6017,6006,2025-07-05,6353.2
704261,FL5260,6013,6003,2025-10-10,21813.33
704262,FL5261,6019,6001,2025-08-16,53582.45
704263,FL5262,6005,6004,2025-08-13,8136.08
704264,FL5263,6011,6029,2025-03-18,60615.04
704265,FL5264,6020,6019,2025-03-10,20604.86
704266,FL5265,6013,6004,2025-03-15,37170.18
704267,FL5266,6008,6027,2025-11-27,58574.24
704268,FL5267,6008,6007,2025-01-16,56048.97
704269,FL5268,6007,6029,2025-02-23,73174.7
704270,FL5269,6024,6011,2025-08-08,74286.63
704271,FL5270,6028,6029,2025-07-04,66772.83
704272,FL5271,6029,6023,2025-01-02,61565.88
704273,FL5272,6006,6021,2025-11-16,63821.38
704274,FL5273,6007,6003,2025-09-05,28307.66
704275,FL5274,6009,6010,2025-02-04,55061.15
704276,FL5275,6003,6025,2025-07-22,8951.78
704277,FL5276,6022,6004,2025-07-14,66692.52
704278,FL5277,6019,6016,2025-12-25,36794.05
704279,FL5278,6019,6016,2025-07-14,49130.22
704280,FL5279,6026,6004,2025-03-16,68516.93
704281,FL5280,6029,6001,2025-06-04,37182.39
704282,FL5281,6026,6024,2025-02-05,52801.7
704283,FL5282,6029,6018,2025-08-20,48369.82
704284,FL5283,6018,6030,2025-04-05,9408.92
704285,FL5284,6007,6007,2025-07-29,67237.02
704286,FL5285,6026,6023,2025-10-25,65501.32
704287,FL5286,6001,6009,2025-07-05,59992.69
704288,FL5287,6013,6015,2025-03-04,50780.11
704289,FL5288,6008,6014,2025-02-03,60057.42
704290,FL5289,6006,6023,2025-04-18,54407.93
704291,FL5290,6017,6028,2025-07-13,4968.56
704292,FL5291,6017,6018,2025-05-09,46576.59
704293,FL5292,6016,6022,2025-02-28,54459.83
704294,FL5293,6028,6023,2025-03-05,44947.65
704295,FL5294,6019,6014,2025-09-06,58448.85
704296,FL5295,6022,6027,2025-07-02,56561.41
704297,FL5296,6013,6009,2025-08-21,36797.62
704298,FL5297,6005,6015,2025-06-07,59585.14
704299,FL5298,6008,6016,2025-01-03,36876.79
704300,FL5299,6014,6009,2025-05-20,52398.66
704301,FL5300,6013,6012,2025-04-16,5829.69
704302,FL5301,6002,6025,2025-09-09,14776.02
704303,FL5302,6025,6024,2025-12-22,31086.14
704304,FL5303,6015,6021,2025-05-06,23979.81
704305,FL5304,6008,6011,2025-04-02,22359.03
704306,FL5305,6006,6013,2025-11-01,10958.98
704307,FL5306,6010,6022,2025-04-25,24512.85
704308,FL5307,6029,6009,2025-08-15,12876.56
704309,FL5308,6027,6022,2025-10-20,23958.45
704310,FL5309,6026,6014,2025-07-26,14905.2
704311,FL5310,6015,6021,2025-06-17,66700.22
704312,FL5311,6009,6025,2025-12-05,21236.2
704313,FL5312,6005,6009,2025-11-07,74911.33
704314,FL5313,6025,6023,2025-04-13,26338.62
704315,FL5314,6013,6024,2025-05-09,69647.44
704316,FL5315,6016,6022,2025-10-24,15883.82
704317,FL5316,6018,6015,2025-04-26,49177.06
704318,FL5317,6004,6024,2025-01-01,61994.31
704319,FL5318,6010,6028,2025-11-01,31729.42
704320,FL5319,6019,6027,2025-04-20,38827.49
704321,FL5320,6011,6003,2025-11-09,40502.05
704322,FL5321,6010,6007,2025-02-04,21872.88
704323,FL5322,6018,6010,2025-08-05,15333.87
704324,FL5323,6026,6022,2025-07-27,34378.74
704325,FL5324,6030,6006,2025-06-16,57871.57
704326,FL5325,6030,6021,2025-12-25,53330.05
704327,FL5326,6010,6027,2025-12-31,13975.44
704328,FL5327,6020,6016,2025-05-31,64358.72
704329,FL5328,6008,6028,2025-03-03,21450.85
704330,FL5329,6015,6006,2025-07-24,68151.61
704331,FL5330,6009,6011,2025-12-09,43419.66
704332,FL5331,6006,6019,2025-11-11,72990.45
704333,FL5332,6004,6019,2025-04-08,26191.06
704334,FL5333,6014,6023,2025-08-22,16005.87
704335,FL5334,6024,6014,2025-04-20,48021.32
704336,FL5335,6016,6019,2025-03-10,54429.51
704337,FL5336,6007,6008,2025-05-23,41086.33
704338,FL5337,6027,6012,2025-10-28,20197.73
704339,FL5338,6001,6013,2025-06-03,20741.23
704340,FL5339,6026,6022,2025-03-05,6299.35
704341,FL5340,6012,6030,2025-08-01,55236.24
704342,FL5341,6003,6007,2025-09-12,22512.71
704343,FL5342,6025,6030,2025-07-10,69922.14
704344,FL5343,6023,6027,2025-07-20,10509.67
704345,FL5344,6006,6011,2025-09-18,43849.92
704346,FL5345,6017,6015,2025-08-07,32342.44
704347,FL5346,6014,6019,2025-06-29,60347.18
704348,FL5347,6005,6016,2025-01-17,25207.34
704349,FL5348,6030,6022,2025-08-13,29257.62
704350,FL5349,6015,6005,2025-06-06,42512.64
704351,FL5350,6026,6004,2025-06-06,13257.35
704352,FL5351,6021,6024,2025-04-05,11091.28
704353,FL5352,6024,6029,2025-11-07,25942.51
704354,FL5353,6005,6014,2025-05-14,61920.67
704355,FL5354,6028,6017,2025-01-21,73550.09
704356,FL5355,6027,6030,2025-11-20,73038.81
704357,FL5356,6021,6008,2025-10-29,15929.89
704358,FL5357,6002,6005,2025-02-25,52626.7
704359,FL5358,6019,6030,2025-03-31,49388.04
704360,FL5359,6006,6026,2025-03-05,31119.32
704361,FL5360,6015,6027,2025-04-17,47492.67
704362,FL5361,6029,6021,2025-01-28,6524.9
704363,FL5362,6011,6022,2025-03-11,61229.16
704364,FL5363,6015,6014,2025-04-20,12683.28
704365,FL5364,6029,6020,2025-04-11,26789.29
704366,FL5365,6026,6005,2025-01-02,27059.55
704367,FL5366,6030,6017,2025-09-02,18342.27
704368,FL5367,6026,6009,2025-01-30,33998.33
704369,FL5368,6025,6025,2025-11-27,52828.98
704370,FL5369,6010,6015,2025-12-03,56331.32
704371,FL5370,6002,6016,2025-08-02,39526.22
704372,FL5371,6017,6019,2025-07-07,31611.26
704373,FL5372,6020,6018,2025-08-31,33457.06
704374,FL5373,6021,6014,2025-03-17,31377.48
704375,FL5374,6023,6017,2025-09-06,35723.27
704376,FL5375,6001,6002,2025-06-13,73368.59
704377,FL5376,6004,6027,2025-05-07,50021.91
704378,FL5377,6002,6015,2025-07-03,25241.45
704379,FL5378,6005,6006,2025-07-17,18351.06
704380,FL5379,6015,6001,2025-05-22,34992.13
704381,FL5380,6015,6003,2025-09-05,53171.48
704382,FL5381,6027,6001,2025-09-03,23575.75
704383,FL5382,6012,6028,2025-04-18,15488.62
704384,FL5383,6005,6012,2025-09-10,69216.97
704385,FL5384,6008,6001,2025-09-16,73371.28
704386,FL5385,6008,6014,2025-09-05,45113.03
704387,FL5386,6030,6024,2025-04-10,43440.03
704388,FL5387,6022,6016,2025-06-08,68679.92
704389,FL5388,6018,6023,2025-01-23,53799.35
704390,FL5389,6022,6029,2025-08-12,27615.16
704391,FL5390,6013,6027,2025-09-24,32702.88
704392,FL5391,6030,6025,2025-01-25,9414.22
704393,FL5392,6026,6026,2025-08-31,19096.65
704394,FL5393,6020,6027,2025-04-19,68281.84
704395,FL5394,6015,6015,2025-01-14,8263.18
704396,FL5395,6029,6001,2025-07-02,56034.47
704397,FL5396,6011,6014,2025-10-05,69208.69
704398,FL5397,6005,6008,2025-05-03,29093.62
704399,FL5398,6018,6009,2025-05-03,62082.64
704400,FL5399,6019,6030,2025-07-10,72220.15
704401,FL5400,6010,6023,2025-02-12,45529.85
704402,FL5401,6025,6006,2025-02-21,54991.95
704403,FL5402,6004,6019,2025-07-25,53385.3
704404,FL5403,6029,6024,2025-06-22,56780.36
704405,FL5404,6030,6005,2025-06-22,43781.52
704406,FL5405,6028,6006,2025-10-16,14986.02
704407,FL5406,6002,6002,2025-07-08,58229.99
704408,FL5407,6019,6002,2025-09-27,61441.98
704409,FL5408,6007,6010,2025-08-27,50304.74
704410,FL5409,6013,6027,2025-07-01,61049.65
704411,FL5410,6002,6017,2025-08-12,11402.99
704412,FL5411,6001,6027,2025-10-08,57288.68
704413,FL5412,6012,6015,2025-06-05,22211.76
704414,FL5413,6010,6018,2025-08-11,58137.79
704415,FL5414,6001,6020,2025-02-19,10665.15
704416,FL5415,6007,6015,2025-09-26,18488.12
704417,FL5416,6013,6017,2025-09-30,48295.36
704418,FL5417,6017,6022,2025-06-17,45102.21
704419,FL5418,6004,6011,2025-08-15,22995.93
704420,FL5419,6002,6028,2025-11-17,14148.3
704421,FL5420,6008,6021,2025-02-23,65955.79
704422,FL5421,6030,6005,2025-03-24,57755.68
704423,FL5422,6009,6026,2025-09-24,6209.39
704424,FL5423,6004,6008,2025-11-26,18445.07
704425,FL5424,6020,6028,2025-07-03,17245.98
704426,FL5425,6011,6005,2025-06-30,20953.06
704427,FL5426,6010,6012,2025-02-27,27452.6
704428,FL5427,6028,6007,2025-04-02,23079.69
704429,FL5428,6016,6019,2025-11-08,44632.26
704430,FL5429,6028,6010,2025-01-28,18552.47
704431,FL5430,6026,6013,2025-11-06,7256.58
704432,FL5431,6019,6013,2025-06-12,68495.23
704433,FL5432,6020,6005,2025-04-17,5034.25
704434,FL5433,6013,6022,2025-04-27,40798.72
704435,FL5434,6003,6016,2025-12-10,72140.63
704436,FL5435,6030,6022,2025-02-07,3809.57
704437,FL5436,6021,6002,2025-01-04,65018.04
704438,FL5437,6005,6017,2025-02-10,8720.89
704439,FL5438,6003,6026,2025-07-25,33557.62
704440,FL5439,6010,6017,2025-03-18,48266.08
704441,FL5440,6021,6027,2025-03-27,47264.12
704442,FL5441,6022,6018,2025-03-05,26949.28
704443,FL5442,6020,6030,2025-06-17,15050.82
704444,FL5443,6006,6017,2025-04-20,17363.52
704445,FL5444,6014,6013,2025-06-20,60192.83
704446,FL5445,6018,6007,2025-05-19,61421.13
704447,FL5446,6023,6020,2025-07-26,13083.86
704448,FL5447,6019,6015,2025-10-09,6899.17
704449,FL5448,6019,6023,2025-04-29,16528.49
704450,FL5449,6020,6008,2025-04-28,8401.97
704451,FL5450,6010,6013,2025-08-13,32146.13
704452,FL5451,6027,6010,2025-09-20,6992.53
704453,FL5452,6026,6023,2025-10-31,74246.21
704454,FL5453,6006,6018,2025-08-17,33086.24
704455,FL5454,6007,6022,2025-07-20,32793.5
704456,FL5455,6001,6023,2025-01-12,68094.36
704457,FL5456,6004,6025,2025-05-09,71705.32
704458,FL5457,6027,6005,2025-06-04,6161.48
704459,FL5458,6024,6008,2025-10-13,9436.55
704460,FL5459,6020,6013,2025-12-04,25206.67
704461,FL5460,6026,6030,2025-09-07,14267.39
704462,FL5461,6018,6017,2025-06-05,62912.17
704463,FL5462,6018,6002,2025-02-01,22109.04
704464,FL5463,6005,6001,2025-10-03,22408.56
704465,FL5464,6017,6030,2025-01-09,18306.35
704466,FL5465,6029,6005,2025-02-21,29479.13
704467,FL5466,6029,6024,2025-12-17,34935.17
704468,FL5467,6012,6025,2025-11-01,21208.93
704469,FL5468,6018,6023,2025-05-20,46927.8
704470,FL5469,6029,6017,2025-06-04,53160.32
704471,FL5470,6004,6023,2025-05-14,13176.74
704472,FL5471,6008,6002,2025-08-29,24291.54
704473,FL5472,6028,6012,2025-09-21,15891.26
704474,FL5473,6009,6023,2025-03-12,58474.74
704475,FL5474,6006,6003,2025-09-29,23020.6
704476,FL5475,6023,6026,2025-11-17,33330.88
704477,FL5476,6020,6014,2025-09-14,73338.64
704478,FL5477,6026,6003,2025-08-15,6610.33
704479,FL5478,6027,6029,2025-09-28,9843.26
704480,FL5479,6007,6003,2025-01-11,64412.75
704481,FL5480,6022,6021,2025-05-04,31164.98
704482,FL5481,6017,6029,2025-05-18,54799.41
704483,FL5482,6017,6011,2025-06-20,27162.29
704484,FL5483,6007,6015,2025-11-16,42447.3
704485,FL5484,6025,6002,2025-11-03,54845.72
704486,FL5485,6001,6004,2025-12-04,39951.49
704487,FL5486,6013,6016,2025-02-05,46361.72
704488,FL5487,6012,6022,2025-03-28,35755.46
704489,FL5488,6030,6004,2025-06-17,64382.1
704490,FL5489,6010,6001,2025-12-27,11997.46
704491,FL5490,6026,6003,2025-04-20,24588.25
704492,FL5491,6007,6011,2025-02-07,56768.9
704493,FL5492,6001,6010,2025-06-28,41972.8
704494,FL5493,6022,6020,2025-07-13,71727.15
704495,FL5494,6030,6026,2025-09-23,62119.98
704496,FL5495,6009,6008,2025-05-20,73484.95
704497,FL5496,6027,6026,2025-03-23,45741.0
704498,FL5497,6007,6008,2025-05-04,73675.68
704499,FL5498,6002,6007,2025-01-15,4808.97
704500,FL5499,6022,6004,2025-03-29,30729.27
704501,FL5500,6019,6025,2025-05-25,16007.86
704502,FL5501,6002,6025,2025-10-16,51284.06
704503,FL5502,6003,6008,2025-06-17,16670.26
704504,FL5503,6015,6004,2025-07-26,67754.1
704505,FL5504,6003,6008,2025-01-14,21891.7
704506,FL5505,6028,6014,2025-10-12,6780.43
704507,FL5506,6020,6012,2025-05-13,68119.09
704508,FL5507,6020,6011,2025-11-07,16366.97
704509,FL5508,6017,6015,2025-12-30,9538.54
704510,FL5509,6015,6020,2025-11-21,39123.1
704511,FL5510,6027,6004,2025-12-09,28341.08
704512,FL5511,6012,6016,2025-05-23,19621.13
704513,FL5512,6024,6018,2025-06-25,13304.04
704514,FL5513,6013,6028,2025-04-02,10827.63
704515,FL5514,6017,6010,2025-05-10,31265.54
704516,FL5515,6013,6015,2025-01-15,71652.14
704517,FL5516,6001,6003,2025-11-15,9924.23
704518,FL5517,6028,6025,2025-02-07,56424.7
704519,FL5518,6014,6003,2025-09-03,38966.3
704520,FL5519,6010,6005,2025-05-17,53920.3
704521,FL5520,6008,6027,2025-08-30,34048.1
704522,FL5521,6021,6003,2025-12-22,15201.92
704523,FL5522,6012,6013,2025-12-30,57091.75
704524,FL5523,6021,6013,2025-06-01,63193.47
704525,FL5524,6025,6021,2025-07-21,26555.93
704526,FL5525,6009,6015,2025-01-26,35906.52
704527,FL5526,6005,6012,2025-11-18,4038.12
704528,FL5527,6020,6008,2025-04-03,58670.54
704529,FL5528,6005,6009,2025-08-28,45371.82
704530,FL5529,6020,6023,2025-08-04,27373.53
704531,FL5530,6006,6018,2025-01-06,54357.33
704532,FL5531,6007,6014,2025-04-02,71554.35
704533,FL5532,6007,6010,2025-12-31,40484.68
704534,FL5533,6010,6012,2025-08-08,17222.66
704535,FL5534,6017,6011,2025-02-18,30287.16
704536,FL5535,6005,6006,2025-09-01,13497.03
704537,FL5536,6007,6013,2025-04-26,4408.74
704538,FL5537,6022,6015,2025-04-27,60194.94
704539,FL5538,6024,6004,2025-05-08,41369.35
704540,FL5539,6013,6020,2025-12-17,47139.41
704541,FL5540,6008,6002,2025-08-08,48684.39
704542,FL5541,6011,6015,2025-02-27,25908.34
704543,FL5542,6028,6020,2025-02-04,20670.79
704544,FL5543,6018,6004,2025-09-09,72910.16
704545,FL5544,6028,6018,2025-01-24,20928.55
704546,FL5545,6028,6017,2025-05-29,48264.26
704547,FL5546,6025,6003,2025-06-28,8685.83
704548,FL5547,6025,6007,2025-05-02,73239.29
704549,FL5548,6004,6004,2025-04-23,34598.45
704550,FL5549,6011,6019,2025-08-08,4170.85
704551,FL5550,6013,6001,2025-01-07,11699.04
704552,FL5551,6013,6025,2025-09-05,41926.01
704553,FL5552,6009,6010,2025-09-24,36727.69
704554,FL5553,6008,6011,2025-06-01,55883.62
704555,FL5554,6008,6025,2025-11-11,63227.36
704556,FL5555,6012,6010,2025-08-23,15260.88
704557,FL5556,6030,6001,2025-12-11,21311.27
704558,FL5557,6010,6019,2025-06-18,15284.27
704559,FL5558,6014,6017,2025-11-01,51405.89
704560,FL5559,6004,6004,2025-03-05,29137.04
704561,FL5560,6007,6001,2025-09-25,33031.41
704562,FL5561,6024,6002,2025-11-06,35577.03
704563,FL5562,6017,6012,2025-06-28,58677.85
704564,FL5563,6015,6004,2025-01-03,30425.19
704565,FL5564,6020,6028,2025-03-08,72504.43
704566,FL5565,6023,6024,2025-12-03,34316.09
704567,FL5566,6026,6027,2025-10-28,67417.5
704568,FL5567,6028,6001,2025-04-29,50796.55
704569,FL5568,6007,6012,2025-11-16,10462.66
704570,FL5569,6028,6002,2025-04-18,54871.83
704571,FL5570,6020,6020,2025-03-29,17432.92
704572,FL5571,6019,6029,2025-09-20,33316.99
704573,FL5572,6002,6014,2025-02-03,37044.13
704574,FL5573,6026,6024,2025-03-13,39053.92
704575,FL5574,6003,6020,2025-12-25,51632.65
704576,FL5575,6016,6014,2025-06-18,60779.49
704577,FL5576,6017,6025,2025-08-02,64507.49
704578,FL5577,6030,6022,2025-10-22,23393.66
704579,FL5578,6020,6017,2025-12-05,7952.15
704580,FL5579,6007,6012,2025-03-03,59490.29
704581,FL5580,6021,6026,2025-04-26,38421.34
704582,FL5581,6018,6009,2025-07-29,28255.6
704583,FL5582,6007,6007,2025-03-05,71624.01
704584,FL5583,6018,6030,2025-02-07,47289.61
704585,FL5584,6011,6010,2025-02-22,18425.65
704586,FL5585,6001,6021,2025-02-15,69338.66
704587,FL5586,6025,6027,2025-11-27,22422.99
704588,FL5587,6016,6024,2025-01-06,15014.24
704589,FL5588,6004,6016,2025-08-21,3894.01
704590,FL5589,6016,6014,2025-04-07,71499.07
704591,FL5590,6016,6025,2025-04-30,70069.07
704592,FL5591,6030,6024,2025-09-15,69328.32
704593,FL5592,6008,6010,2025-11-23,50292.3
704594,FL5593,6014,6007,2025-02-11,36167.14
704595,FL5594,6028,6020,2025-10-01,41653.05
704596,FL5595,6003,6015,2025-11-11,38684.97
704597,FL5596,6028,6026,2025-06-02,17249.33
704598,FL5597,6028,6018,2025-11-07,24150.79
704599,FL5598,6001,6001,2025-02-10,33122.45
704600,FL5599,6010,6016,2025-06-30,66136.31
704601,FL5600,6004,6028,2025-11-07,52064.09
704602,FL5601,6024,6003,2025-05-20,48188.31
704603,FL5602,6008,6012,2025-05-27,41338.23
704604,FL5603,6002,6005,2025-01-30,26184.57
704605,FL5604,6021,6009,2025-04-30,46741.93
704606,FL5605,6012,6025,2025-03-10,16998.28
704607,FL5606,6005,6020,2025-02-10,42750.62
704608,FL5607,6015,6021,2025-02-09,39842.17
704609,FL5608,6013,6021,2025-05-17,20378.83
704610,FL5609,6005,6022,2025-04-02,19044.97
704611,FL5610,6019,6015,2025-08-11,13561.3
704612,FL5611,6005,6023,2025-11-20,63950.17
704613,FL5612,6027,6009,2025-06-29,65628.8
704614,FL5613,6016,6002,2025-06-01,59109.65
704615,FL5614,6019,6028,2025-11-19,67519.62
704616,FL5615,6015,6021,2025-11-07,65454.36
704617,FL5616,6028,6020,2025-12-17,25850.07
704618,FL5617,6024,6007,2025-04-09,34222.6
704619,FL5618,6003,6027,2025-08-23,45131.73
704620,FL5619,6005,6016,2025-03-09,17732.34
704621,FL5620,6022,6019,2025-02-22,53348.64
704622,FL5621,6002,6016,2025-10-26,27115.44
704623,FL5622,6024,6001,2025-10-23,24628.6
704624,FL5623,6018,6011,2025-11-18,19289.78
704625,FL5624,6030,6021,2025-03-05,46479.98
704626,FL5625,6003,6018,2025-05-20,30249.67
704627,FL5626,6016,6019,2025-08-31,31252.19
704628,FL5627,6028,6029,2025-05-30,64354.61
704629,FL5628,6009,6012,2025-06-29,23190.87
704630,FL5629,6024,6030,2025-09-13,74069.64
704631,FL5630,6008,6025,2025-09-30,19170.56
704632,FL5631,6005,6014,2025-05-19,65880.13
704633,FL5632,6002,6014,2025-02-23,36825.98
704634,FL5633,6002,6028,2025-04-23,35508.77
704635,FL5634,6025,6016,2025-06-30,57201.47
704636,FL5635,6003,6015,2025-07-04,74671.46
704637,FL5636,6004,6014,2025-05-05,20621.94
704638,FL5637,6009,6010,2025-01-31,31306.9
704639,FL5638,6018,6022,2025-07-26,3039.29
704640,FL5639,6022,6008,2025-11-21,56157.11
704641,FL5640,6029,6024,2025-09-24,73612.02
704642,FL5641,6010,6019,2025-11-17,45980.91
704643,FL5642,6005,6026,2025-10-22,44176.09
704644,FL5643,6019,6028,2025-10-24,61318.56
704645,FL5644,6026,6006,2025-02-28,65093.9
704646,FL5645,6008,6021,2025-07-03,53954.05
704647,FL5646,6011,6027,2025-10-13,31845.21
704648,FL5647,6030,6024,2025-02-14,58704.98
704649,FL5648,6018,6006,2025-01-08,2743.99
704650,FL5649,6026,6004,2025-04-09,26616.38
704651,FL5650,6007,6011,2025-05-19,13728.06
704652,FL5651,6022,6011,2025-11-19,37210.21
704653,FL5652,6020,6011,2025-05-22,41240.44
704654,FL5653,6029,6017,2025-12-27,18280.19
704655,FL5654,6002,6003,2025-09-06,43166.55
704656,FL5655,6017,6009,2025-01-01,24829.64
704657,FL5656,6016,6024,2025-11-01,52373.13
704658,FL5657,6014,6010,2025-03-20,31340.25
704659,FL5658,6015,6024,2025-09-30,60371.55
704660,FL5659,6026,6026,2025-08-05,15718.16
704661,FL5660,6028,6002,2025-04-06,29618.89
704662,FL5661,6005,6017,2025-12-13,9286.02
704663,FL5662,6020,6023,2025-02-27,15995.42
704664,FL5663,6003,6005,2025-03-13,44647.56
704665,FL5664,6025,6028,2025-05-28,24724.35
704666,FL5665,6030,6007,2025-04-21,71068.76
704667,FL5666,6024,6020,2025-05-04,10701.72
704668,FL5667,6004,6015,2025-11-19,13851.3
704669,FL5668,6002,6008,2025-01-22,19168.34
704670,FL5669,6005,6023,2025-12-15,61462.09
704671,FL5670,6020,6012,2025-07-30,47792.1
704672,FL5671,6030,6008,2025-01-21,19244.94
704673,FL5672,6028,6024,2025-01-26,25882.75
704674,FL5673,6007,6013,2025-01-09,18257.55
704675,FL5674,6023,6022,2025-03-11,23334.72
704676,FL5675,6015,6020,2025-11-03,37324.7
704677,FL5676,6029,6024,2025-04-07,22955.75
704678,FL5677,6008,6025,2025-07-05,13055.92
704679,FL5678,6013,6018,2025-10-12,53206.72
704680,FL5679,6005,6026,2025-06-12,13925.13
704681,FL5680,6023,6011,2025-07-16,42362.64
704682,FL5681,6024,6013,2025-08-13,74507.42
704683,FL5682,6010,6015,2025-03-03,73522.05
704684,FL5683,6028,6027,2025-07-25,62799.85
704685,FL5684,6012,6001,2025-02-02,27924.91
704686,FL5685,6003,6007,2025-05-13,30784.88
704687,FL5686,6024,6004,2025-10-04,32451.44
704688,FL5687,6024,6027,2025-12-22,64516.28
704689,FL5688,6029,6028,2025-01-28,69293.64
704690,FL5689,6028,6017,2025-04-20,73144.32
704691,FL5690,6016,6016,2025-09-30,36319.38
704692,FL5691,6024,6030,2025-05-02,7836.55
704693,FL5692,6001,6017,2025-10-14,68742.67
704694,FL5693,6026,6017,2025-09-10,10866.25
704695,FL5694,6002,6028,2025-09-30,58181.75
704696,FL5695,6026,6009,2025-02-28,5436.0
704697,FL5696,6019,6028,2025-02-06,28094.55
704698,FL5697,6023,6029,2025-01-20,72862.33
704699,FL5698,6014,6002,2025-09-29,37540.13
704700,FL5699,6021,6025,2025-06-12,12947.26
704701,FL5700,6010,6003,2025-12-16,50778.42
704702,FL5701,6023,6014,2025-02-25,6588.54
704703,FL5702,6013,6002,2025-05-25,72736.69
704704,FL5703,6020,6012,2025-12-22,39054.62
704705,FL5704,6013,6005,2025-06-29,42720.81
704706,FL5705,6003,6018,2025-03-02,8731.83
704707,FL5706,6004,6015,2025-11-27,11234.42
704708,FL5707,6003,6014,2025-06-29,60902.76
704709,FL5708,6002,6030,2025-05-24,69439.69
704710,FL5709,6027,6014,2025-02-09,53655.0
704711,FL5710,6020,6016,2025-06-18,9925.75
704712,FL5711,6005,6028,2025-05-15,66309.85
704713,FL5712,6010,6001,2025-06-01,41260.23
704714,FL5713,6005,6022,2025-07-03,65893.01
704715,FL5714,6007,6007,2025-06-16,17754.77
704716,FL5715,6023,6016,2025-12-13,11343.12
704717,FL5716,6010,6019,2025-10-09,5429.92
704718,FL5717,6002,6011,2025-08-13,54962.67
704719,FL5718,6002,6012,2025-01-13,40986.57
704720,FL5719,6013,6006,2025-01-16,44172.41
704721,FL5720,6015,6023,2025-03-01,63518.17
704722,FL5721,6008,6027,2025-08-24,68002.95
704723,FL5722,6027,6011,2025-07-16,49631.35
704724,FL5723,6009,6020,2025-03-13,36354.65
704725,FL5724,6017,6021,2025-04-02,56343.63
704726,FL5725,6003,6002,2025-01-07,65258.5
704727,FL5726,6004,6015,2025-12-27,30180.29
704728,FL5727,6013,6026,2025-03-17,44272.76
704729,FL5728,6021,6011,2025-01-05,61414.0
704730,FL5729,6004,6010,2025-09-16,43345.25
704731,FL5730,6010,6018,2025-09-05,73283.12
704732,FL5731,6004,6029,2025-04-09,24095.34
704733,FL5732,6018,6024,2025-10-31,22898.58
704734,FL5733,6029,6019,2025-11-07,20025.65
704735,FL5734,6021,6029,2025-05-04,13561.24
704736,FL5735,6015,6007,2025-05-22,40346.82
704737,FL5736,6014,6018,2025-10-04,21397.95
704738,FL5737,6002,6027,2025-11-28,64590.23
704739,FL5738,6010,6019,2025-11-09,3494.15
704740,FL5739,6003,6024,2025-06-30,12084.28
704741,FL5740,6014,6010,2025-12-01,7310.72
704742,FL5741,6014,6030,2025-12-02,35289.18
704743,FL5742,6028,6018,2025-11-06,13219.26
704744,FL5743,6017,6009,2025-02-17,55443.87
704745,FL5744,6018,6014,2025-03-28,57994.34
704746,FL5745,6015,6010,2025-10-30,18481.04
704747,FL5746,6028,6016,2025-02-23,29797.8
704748,FL5747,6002,6009,2025-05-29,50501.07
704749,FL5748,6026,6028,2025-03-02,37261.96
704750,FL5749,6005,6020,2025-10-25,71563.74
704751,FL5750,6024,6024,2025-09-30,49738.16
704752,FL5751,6026,6025,2025-09-03,27111.05
704753,FL5752,6010,6010,2025-01-17,30969.16
704754,FL5753,6010,6023,2025-03-05,19372.2
704755,FL5754,6026,6021,2025-04-26,39354.56
704756,FL5755,6011,6029,2025-05-11,62364.96
704757,FL5756,6028,6021,2025-09-04,14230.52
704758,FL5757,6021,6029,2025-01-04,14741.06
704759,FL5758,6004,6001,2025-05-08,31529.46
704760,FL5759,6016,6028,2025-05-07,31773.02
704761,FL5760,6001,6004,2025-01-11,51246.56
704762,FL5761,6028,6015,2025-10-17,67272.34
704763,FL5762,6008,6016,2025-10-09,18596.15
704764,FL5763,6007,6020,2025-07-23,47140.14
704765,FL5764,6023,6023,2025-07-06,19045.06
704766,FL5765,6015,6023,2025-03-17,68080.66
704767,FL5766,6020,6013,2025-05-25,60858.28
704768,FL5767,6008,6026,2025-12-20,23309.76
704769,FL5768,6008,6028,2025-12-02,13236.36
704770,FL5769,6027,6029,2025-08-09,62397.36
704771,FL5770,6005,6002,2025-09-18,18734.61
704772,FL5771,6023,6016,2025-05-28,21102.43
704773,FL5772,6002,6019,2025-11-22,50768.88
704774,FL5773,6018,6030,2025-06-04,43941.7
704775,FL5774,6030,6013,2025-04-15,23367.13
704776,FL5775,6007,6023,2025-10-09,17914.52
704777,FL5776,6016,6022,2025-02-23,6824.84
704778,FL5777,6008,6023,2025-09-04,36560.41
704779,FL5778,6028,6014,2025-06-17,20652.97
704780,FL5779,6026,6016,2025-03-17,65655.8
704781,FL5780,6030,6017,2025-03-12,53300.67
704782,FL5781,6019,6003,2025-03-11,3612.03
704783,FL5782,6005,6021,2025-07-25,36947.34
704784,FL5783,6023,6015,2025-12-11,61475.51
704785,FL5784,6015,6019,2025-08-01,9281.19
704786,FL5785,6010,6010,2025-12-21,50564.62
704787,FL5786,6026,6029,2025-02-15,9381.35
704788,FL5787,6007,6015,2025-03-24,15678.71
704789,FL5788,6019,6007,2025-04-05,29148.38
704790,FL5789,6017,6011,2025-07-27,56901.01
704791,FL5790,6007,6028,2025-02-27,29587.11
704792,FL5791,6009,6015,2025-02-11,54473.33
704793,FL5792,6014,6020,2025-05-10,14696.43
704794,FL5793,6025,6021,2025-10-18,40834.16
704795,FL5794,6003,6029,2025-04-13,5003.37
704796,FL5795,6026,6029,2025-05-06,42147.91
704797,FL5796,6003,6022,2025-11-13,27296.15
704798,FL5797,6007,6026,2025-12-23,31572.07
704799,FL5798,6002,6004,2025-08-28,7847.79
704800,FL5799,6012,6006,2025-08-06,70602.69
704801,FL5800,6020,6018,2025-12-02,57482.06
704802,FL5801,6009,6028,2025-02-04,60709.48
704803,FL5802,6016,6021,2025-03-28,29540.6
704804,FL5803,6008,6013,2025-01-01,14315.71
704805,FL5804,6001,6015,2025-05-02,21325.09
704806,FL5805,6030,6007,2025-12-02,16639.0
704807,FL5806,6008,6001,2025-10-01,46474.93
704808,FL5807,6003,6025,2025-08-17,54934.37
704809,FL5808,6015,6021,2025-05-08,51409.48
704810,FL5809,6005,6004,2025-09-29,68382.66
704811,FL5810,6026,6028,2025-03-04,54323.93
704812,FL5811,6006,6024,2025-05-09,28819.21
704813,FL5812,6001,6005,2025-04-30,33523.48
704814,FL5813,6025,6022,2025-02-09,57825.74
704815,FL5814,6020,6008,2025-08-05,59421.97
704816,FL5815,6020,6011,2025-12-04,8083.11
704817,FL5816,6008,6015,2025-08-26,49842.67
704818,FL5817,6003,6018,2025-07-31,37334.79
704819,FL5818,6002,6023,2025-01-24,21180.07
704820,FL5819,6021,6022,2025-03-06,45931.5
704821,FL5820,6030,6006,2025-06-08,70644.68
704822,FL5821,6019,6012,2025-08-31,17347.6
704823,FL5822,6002,6026,2025-05-31,52434.38
704824,FL5823,6012,6020,2025-07-26,70325.01
704825,FL5824,6017,6009,2025-12-04,20648.9
704826,FL5825,6022,6006,2025-08-10,27507.48
704827,FL5826,6013,6005,2025-04-24,60897.75
704828,FL5827,6021,6012,2025-08-10,8337.12
704829,FL5828,6030,6008,2025-10-18,61057.54
704830,FL5829,6020,6017,2025-07-07,74654.73
704831,FL5830,6021,6030,2025-07-17,12177.63
704832,FL5831,6021,6003,2025-12-20,55273.35
704833,FL5832,6008,6007,2025-04-06,51105.93
704834,FL5833,6003,6005,2025-02-06,22223.4
704835,FL5834,6010,6026,2025-06-12,3706.51
704836,FL5835,6015,6029,2025-01-15,57808.38
704837,FL5836,6029,6011,2025-04-04,62805.12
704838,FL5837,6010,6011,2025-05-31,40692.85
704839,FL5838,6011,6021,2025-09-03,35982.84
704840,FL5839,6025,6001,2025-09-07,60915.51
704841,FL5840,6004,6004,2025-04-26,40845.86
704842,FL5841,6019,6023,2025-01-30,35251.05
704843,FL5842,6027,6012,2025-09-09,15627.18
704844,FL5843,6024,6010,2025-02-09,24461.68
704845,FL5844,6002,6014,2025-01-09,58301.44
704846,FL5845,6010,6007,2025-06-12,64458.04
704847,FL5846,6009,6005,2025-05-06,74111.76
704848,FL5847,6018,6029,2025-02-19,34231.3
704849,FL5848,6027,6019,2025-01-14,23939.15
704850,FL5849,6027,6024,2025-01-02,55913.72
704851,FL5850,6004,6010,2025-05-10,13289.16
704852,FL5851,6012,6008,2025-02-09,47196.08
704853,FL5852,6010,6023,2025-10-19,44242.76
704854,FL5853,6003,6028,2025-04-21,29042.0
704855,FL5854,6028,6013,2025-07-29,38467.41
704856,FL5855,6017,6001,2025-07-27,18974.98
704857,FL5856,6030,6013,2025-06-09,54427.54
704858,FL5857,6013,6023,2025-11-20,33116.28
704859,FL5858,6002,6028,2025-10-28,42347.16
704860,FL5859,6027,6029,2025-07-19,19096.19
704861,FL5860,6029,6019,2025-05-17,18007.18
704862,FL5861,6029,6003,2025-07-15,34923.46
704863,FL5862,6002,6008,2025-05-20,21150.92
704864,FL5863,6002,6020,2025-04-06,52420.68
704865,FL5864,6022,6018,2025-11-13,16431.52
704866,FL5865,6007,6015,2025-11-22,37811.22
704867,FL5866,6005,6015,2025-03-07,60518.68
704868,FL5867,6009,6011,2025-06-24,39830.61
704869,FL5868,6017,6016,2025-10-01,51847.78
704870,FL5869,6009,6018,2025-06-24,56756.96
704871,FL5870,6009,6028,2025-09-22,61425.9
704872,FL5871,6028,6017,2025-09-11,74243.3
704873,FL5872,6029,6028,2025-09-11,19775.19
704874,FL5873,6030,6019,2025-01-26,59146.73
704875,FL5874,6018,6025,2025-12-09,45326.98
704876,FL5875,6006,6005,2025-09-13,33688.45
704877,FL5876,6023,6024,2025-11-28,68946.97
704878,FL5877,6009,6006,2025-05-12,59465.13
704879,FL5878,6011,6005,2025-03-23,67681.58
704880,FL5879,6006,6001,2025-03-05,56957.19
704881,FL5880,6016,6002,2025-02-04,67255.01
704882,FL5881,6028,6012,2025-12-02,72175.47
704883,FL5882,6013,6019,2025-05-07,26580.07
704884,FL5883,6028,6027,2025-11-03,5950.95
704885,FL5884,6010,6029,2025-11-17,56262.37
704886,FL5885,6022,6014,2025-05-20,53692.58
704887,FL5886,6011,6023,2025-05-04,37511.88
704888,FL5887,6009,6016,2025-01-21,16318.67
704889,FL5888,6002,6026,2025-02-04,59231.48
704890,FL5889,6027,6020,2025-02-13,38652.96
704891,FL5890,6007,6007,2025-03-13,7433.56
704892,FL5891,6019,6028,2025-11-27,28394.08
704893,FL5892,6008,6014,2025-12-11,59449.81
704894,FL5893,6004,6003,2025-05-07,58290.19
704895,FL5894,6006,6007,2025-06-28,25082.1
704896,FL5895,6016,6026,2025-09-03,73930.99
704897,FL5896,6008,6016,2025-06-10,26602.58
704898,FL5897,6011,6020,2025-04-13,41072.11
704899,FL5898,6005,6005,2025-04-27,50762.07
704900,FL5899,6022,6001,2025-12-23,62019.71
704901,FL5900,6005,6010,2025-03-26,24214.38
704902,FL5901,6001,6009,2025-10-03,31342.45
704903,FL5902,6025,6004,2025-04-28,22170.17
704904,FL5903,6016,6017,2025-07-11,5837.2
704905,FL5904,6028,6001,2025-01-09,28345.91
704906,FL5905,6017,6026,2025-02-22,43262.06
704907,FL5906,6019,6008,2025-11-30,15231.07
704908,FL5907,6014,6013,2025-01-06,59266.76
704909,FL5908,6008,6025,2025-11-22,60071.63
704910,FL5909,6003,6023,2025-03-27,59139.91
704911,FL5910,6019,6022,2025-01-01,9876.2
704912,FL5911,6011,6025,2025-12-11,17423.02
704913,FL5912,6010,6009,2025-12-05,30651.13
704914,FL5913,6015,6014,2025-05-04,26177.8
704915,FL5914,6025,6005,2025-04-25,4241.87
704916,FL5915,6007,6025,2025-04-01,34994.28
704917,FL5916,6005,6006,2025-05-01,10630.98
704918,FL5917,6019,6012,2025-01-12,74168.41
704919,FL5918,6027,6016,2025-06-19,63077.72
704920,FL5919,6017,6024,2025-04-04,8639.29
704921,FL5920,6016,6021,2025-05-21,12091.94
704922,FL5921,6023,6008,2025-06-30,21236.4
704923,FL5922,6024,6014,2025-01-22,68125.63
704924,FL5923,6006,6001,2025-01-04,15712.85
704925,FL5924,6017,6009,2025-06-08,42717.15
704926,FL5925,6015,6012,2025-10-15,61710.63
704927,FL5926,6019,6011,2025-06-30,38865.54
704928,FL5927,6023,6013,2025-12-09,43711.11
704929,FL5928,6020,6001,2025-12-15,11467.15
704930,FL5929,6016,6003,2025-11-20,58949.0
704931,FL5930,6012,6007,2025-12-27,63000.64
704932,FL5931,6018,6023,2025-03-22,32174.42
704933,FL5932,6028,6009,2025-08-20,74902.87
704934,FL5933,6024,6024,2025-11-30,3519.06
704935,FL5934,6013,6023,2025-04-29,63508.43
704936,FL5935,6010,6012,2025-11-02,59787.94
704937,FL5936,6025,6022,2025-03-19,20191.44
704938,FL5937,6001,6009,2025-11-28,51430.7
704939,FL5938,6001,6003,2025-12-30,68723.99
704940,FL5939,6029,6023,2025-08-10,66280.58
704941,FL5940,6018,6004,2025-06-17,53941.73
704942,FL5941,6028,6026,2025-04-07,20261.1
704943,FL5942,6013,6010,2025-07-23,43900.59
704944,FL5943,6029,6028,2025-01-09,13798.63
704945,FL5944,6019,6018,2025-11-28,25659.19
704946,FL5945,6015,6012,2025-06-14,57468.99
704947,FL5946,6016,6028,2025-10-27,47577.29
704948,FL5947,6002,6004,2025-02-11,14896.55
704949,FL5948,6011,6015,2025-10-06,60311.28
704950,FL5949,6018,6010,2025-09-04,44717.16
704951,FL5950,6016,6027,2025-12-22,48522.04
704952,FL5951,6004,6006,2025-01-27,65745.1
704953,FL5952,6026,6008,2025-10-24,3028.25
704954,FL5953,6010,6023,2025-04-27,12220.63
704955,FL5954,6022,6002,2025-11-21,42590.16
704956,FL5955,6020,6016,2025-07-19,61528.25
704957,FL5956,6007,6002,2025-08-17,63176.7
704958,FL5957,6007,6026,2025-05-17,44575.75
704959,FL5958,6028,6023,2025-08-08,25903.75
704960,FL5959,6011,6020,2025-08-24,37694.17
704961,FL5960,6019,6018,2025-04-16,33003.29
704962,FL5961,6026,6020,2025-12-27,65606.89
704963,FL5962,6020,6030,2025-05-17,30693.69
704964,FL5963,6015,6022,2025-10-09,5789.77
704965,FL5964,6017,6006,2025-02-03,31811.85
704966,FL5965,6003,6028,2025-03-21,57152.59
704967,FL5966,6024,6027,2025-03-14,13817.76
704968,FL5967,6016,6010,2025-02-27,73977.74
704969,FL5968,6015,6022,2025-11-24,19749.93
704970,FL5969,6009,6029,2025-04-12,27968.55
704971,FL5970,6010,6009,2025-04-03,22122.54
704972,FL5971,6010,6006,2025-07-11,56560.59
704973,FL5972,6019,6027,2025-03-12,61495.35
704974,FL5973,6016,6022,2025-04-03,49257.66
704975,FL5974,6021,6022,2025-03-31,5359.89
704976,FL5975,6030,6017,2025-08-29,67476.31
704977,FL5976,6010,6001,2025-03-26,52214.32
704978,FL5977,6019,6004,2025-05-15,6834.67
704979,FL5978,6021,6008,2025-09-25,12890.58
704980,FL5979,6004,6030,2025-06-11,61269.47
704981,FL5980,6023,6002,2025-07-07,51428.93
704982,FL5981,6018,6021,2025-10-30,32955.49
704983,FL5982,6001,6028,2025-04-18,58133.39
704984,FL5983,6020,6029,2025-12-17,3239.86
704985,FL5984,6019,6013,2025-05-18,48140.51
704986,FL5985,6007,6027,2025-11-09,71469.48
704987,FL5986,6027,6002,2025-12-09,65437.26
704988,FL5987,6003,6004,2025-04-28,60244.34
704989,FL5988,6006,6010,2025-12-17,71910.3
704990,FL5989,6009,6022,2025-08-19,32248.15
704991,FL5990,6016,6005,2025-07-16,38892.2
704992,FL5991,6013,6005,2025-11-26,23164.02
704993,FL5992,6002,6030,2025-09-10,66050.54
704994,FL5993,6004,6011,2025-05-21,4144.15
704995,FL5994,6005,6019,2025-07-10,29063.42
704996,FL5995,6016,6026,2025-02-14,44334.68
704997,FL5996,6009,6028,2025-08-28,16980.04
704998,FL5997,6007,6021,2025-09-01,36667.65
704999,FL5998,6012,6027,2025-09-15,20489.33
705000,FL5999,6028,6028,2025-11-03,44790.73
705001,FL6000,6005,6006,2025-05-24,64173.96
705002,FL6001,6015,6030,2025-02-01,27154.31
705003,FL6002,6012,6011,2025-04-20,7122.73
705004,FL6003,6002,6002,2025-07-20,27210.73
705005,FL6004,6014,6013,2025-02-16,30672.0
705006,FL6005,6008,6016,2025-01-19,32009.25
705007,FL6006,6004,6004,2025-09-06,41285.33
705008,FL6007,6015,6015,2025-06-18,40688.41
705009,FL6008,6023,6018,2025-12-04,38004.75
705010,FL6009,6002,6012,2025-11-16,8480.82
705011,FL6010,6008,6004,2025-07-25,29837.61
705012,FL6011,6003,6007,2025-01-11,29075.39
705013,FL6012,6005,6004,2025-06-04,73398.4
705014,FL6013,6005,6016,2025-08-08,5102.07
705015,FL6014,6017,6005,2025-02-15,63408.03
705016,FL6015,6012,6011,2025-12-27,22096.59
705017,FL6016,6023,6030,2025-03-24,51231.2
705018,FL6017,6018,6025,2025-09-17,71528.28
705019,FL6018,6010,6010,2025-10-08,56316.4
705020,FL6019,6016,6020,2025-03-12,2736.32
705021,FL6020,6024,6022,2025-09-12,65488.27
705022,FL6021,6029,6012,2025-02-06,50818.05
705023,FL6022,6006,6018,2025-08-03,35028.52
705024,FL6023,6008,6001,2025-09-01,47309.19
705025,FL6024,6001,6014,2025-03-27,10763.77
705026,FL6025,6030,6026,2025-07-06,9281.06
705027,FL6026,6011,6018,2025-04-21,41035.07
705028,FL6027,6029,6004,2025-05-26,40352.58
705029,FL6028,6007,6012,2025-11-02,13928.38
705030,FL6029,6028,6028,2025-04-14,11371.14
705031,FL6030,6024,6021,2025-04-22,62518.79
705032,FL6031,6027,6027,2025-06-20,55773.51
705033,FL6032,6014,6004,2025-05-22,62796.71
705034,FL6033,6013,6019,2025-11-19,61609.63
705035,FL6034,6016,6028,2025-06-02,55717.77
705036,FL6035,6010,6027,2025-12-30,69544.11
705037,FL6036,6018,6015,2025-03-28,42480.09
705038,FL6037,6009,6027,2025-08-04,40792.45
705039,FL6038,6025,6014,2025-07-07,43060.43
705040,FL6039,6026,6001,2025-12-20,22686.92
705041,FL6040,6004,6020,2025-10-10,38516.36
705042,FL6041,6028,6004,2025-03-17,33612.71
705043,FL6042,6023,6019,2025-10-27,28901.23
705044,FL6043,6022,6020,2025-07-16,31874.28
705045,FL6044,6003,6012,2025-09-27,62773.32
705046,FL6045,6015,6009,2025-05-28,3949.93
705047,FL6046,6009,6022,2025-05-17,25755.13
705048,FL6047,6020,6021,2025-12-15,29294.78
705049,FL6048,6002,6009,2025-09-14,48071.31
705050,FL6049,6013,6003,2025-04-01,27312.04
705051,FL6050,6029,6012,2025-04-25,17624.83
705052,FL6051,6014,6016,2025-07-03,44185.6
705053,FL6052,6015,6013,2025-11-29,39541.22
705054,FL6053,6017,6004,2025-06-19,19915.19
705055,FL6054,6017,6005,2025-12-12,42495.06
705056,FL6055,6013,6019,2025-04-15,43705.49
705057,FL6056,6010,6030,2025-10-17,59213.92
705058,FL6057,6002,6027,2025-03-27,32987.21
705059,FL6058,6005,6030,2025-12-28,47129.43
705060,FL6059,6001,6010,2025-09-30,42793.61
705061,FL6060,6030,6028,2025-10-13,26763.1
705062,FL6061,6012,6017,2025-10-17,71238.34
705063,FL6062,6002,6014,2025-05-26,18792.85
705064,FL6063,6015,6006,2025-06-11,68503.01
705065,FL6064,6030,6010,2025-09-16,41101.97
705066,FL6065,6002,6012,2025-02-22,46950.29
705067,FL6066,6013,6004,2025-01-17,25274.01
705068,FL6067,6022,6005,2025-08-05,24865.85
705069,FL6068,6004,6014,2025-12-27,5997.33
705070,FL6069,6002,6026,2025-06-10,28201.1
705071,FL6070,6012,6011,2025-12-04,50721.29
705072,FL6071,6018,6008,2025-08-13,17683.36
705073,FL6072,6004,6023,2025-09-04,56644.56
705074,FL6073,6014,6018,2025-11-14,33231.02
705075,FL6074,6015,6012,2025-05-11,9020.77
705076,FL6075,6013,6030,2025-07-02,13503.6
705077,FL6076,6016,6005,2025-01-26,2923.85
705078,FL6077,6016,6017,2025-06-13,26613.38
705079,FL6078,6023,6007,2025-03-03,59565.94
705080,FL6079,6025,6003,2025-01-06,50294.18
705081,FL6080,6002,6018,2025-03-31,23265.35
705082,FL6081,6015,6021,2025-07-02,28324.1
705083,FL6082,6024,6019,2025-06-09,36434.35
705084,FL6083,6027,6020,2025-08-31,28653.44
705085,FL6084,6013,6022,2025-01-23,28184.07
705086,FL6085,6002,6017,2025-08-21,33781.23
705087,FL6086,6016,6017,2025-05-16,70288.38
705088,FL6087,6001,6006,2025-07-01,21930.25
705089,FL6088,6023,6005,2025-12-08,27468.58
705090,FL6089,6022,6004,2025-03-01,11776.31
705091,FL6090,6028,6005,2025-06-17,33889.37
705092,FL6091,6008,6009,2025-05-24,3559.91
705093,FL6092,6008,6030,2025-08-22,17974.38
705094,FL6093,6009,6015,2025-10-13,30142.2
705095,FL6094,6021,6006,2025-02-02,29095.8
705096,FL6095,6002,6017,2025-07-21,58526.16
705097,FL6096,6030,6003,2025-08-06,36643.85
705098,FL6097,6027,6005,2025-02-06,17467.87
705099,FL6098,6029,6018,2025-08-15,34769.22
705100,FL6099,6027,6009,2025-01-19,19005.24
705101,FL6100,6007,6022,2025-12-27,8610.2
705102,FL6101,6030,6020,2025-07-05,20323.98
705103,FL6102,6027,6024,2025-01-26,69873.53
705104,FL6103,6027,6017,2025-10-13,43331.71
705105,FL6104,6012,6010,2025-06-14,65603.04
705106,FL6105,6011,6021,2025-03-05,18853.25
705107,FL6106,6006,6023,2025-06-26,7720.14
705108,FL6107,6008,6026,2025-02-22,63854.13
705109,FL6108,6030,6029,2025-11-21,9164.39
705110,FL6109,6030,6005,2025-06-29,35964.9
705111,FL6110,6008,6009,2025-01-26,55313.52
705112,FL6111,6019,6011,2025-01-31,48984.42
705113,FL6112,6028,6026,2025-03-06,28353.79
705114,FL6113,6012,6004,2025-07-11,26881.17
705115,FL6114,6006,6019,2025-12-11,19567.5
705116,FL6115,6011,6027,2025-01-06,16887.6
705117,FL6116,6008,6026,2025-09-07,46281.28
705118,FL6117,6030,6024,2025-11-13,41461.49
705119,FL6118,6017,6019,2025-03-19,9399.28
705120,FL6119,6012,6027,2025-02-19,52164.44
705121,FL6120,6030,6019,2025-07-20,65504.01
705122,FL6121,6005,6001,2025-03-11,11157.88
705123,FL6122,6015,6016,2025-05-27,62353.5
705124,FL6123,6001,6006,2025-07-24,4529.06
705125,FL6124,6014,6007,2025-03-12,15952.64
705126,FL6125,6005,6009,2025-01-16,37715.46
705127,FL6126,6011,6011,2025-03-19,11074.85
705128,FL6127,6012,6021,2025-12-13,19362.2
705129,FL6128,6018,6030,2025-01-22,16158.61
705130,FL6129,6011,6030,2025-02-12,59195.96
705131,FL6130,6026,6004,2025-04-27,42876.26
705132,FL6131,6024,6001,2025-07-22,39973.5
705133,FL6132,6023,6013,2025-07-31,54320.58
705134,FL6133,6022,6015,2025-10-29,5142.32
705135,FL6134,6001,6029,2025-09-10,67729.24
705136,FL6135,6029,6028,2025-11-19,18534.09
705137,FL6136,6023,6007,2025-07-25,57295.05
705138,FL6137,6021,6020,2025-03-15,50994.73
705139,FL6138,6003,6014,2025-01-27,18530.8
705140,FL6139,6023,6015,2025-01-28,58080.49
705141,FL6140,6030,6002,2025-10-14,22480.84
705142,FL6141,6003,6012,2025-01-20,41925.82
705143,FL6142,6025,6008,2025-12-14,39464.02
705144,FL6143,6005,6022,2025-05-03,22556.33
705145,FL6144,6010,6022,2025-11-18,15896.13
705146,FL6145,6004,6026,2025-05-22,47598.56
705147,FL6146,6014,6008,2025-07-28,73511.33
705148,FL6147,6028,6011,2025-03-18,69554.02
705149,FL6148,6024,6003,2025-07-17,42409.43
705150,FL6149,6029,6006,2025-07-01,25216.94
705151,FL6150,6015,6005,2025-12-29,20593.93
705152,FL6151,6026,6007,2025-01-26,4478.37
705153,FL6152,6014,6010,2025-10-27,26848.4
705154,FL6153,6018,6027,2025-09-02,25649.17
705155,FL6154,6003,6014,2025-03-10,45472.84
705156,FL6155,6011,6003,2025-11-25,12430.4
705157,FL6156,6013,6014,2025-10-30,42707.45
705158,FL6157,6010,6002,2025-05-09,40860.38
705159,FL6158,6024,6008,2025-03-30,9172.94
705160,FL6159,6021,6020,2025-04-01,49432.62
705161,FL6160,6006,6002,2025-07-22,17010.49
705162,FL6161,6019,6017,2025-05-23,53099.87
705163,FL6162,6028,6001,2025-02-14,23786.94
705164,FL6163,6024,6006,2025-01-13,54862.66
705165,FL6164,6013,6023,2025-02-09,67776.15
705166,FL6165,6009,6002,2025-07-12,24448.21
705167,FL6166,6010,6009,2025-07-04,27809.65
705168,FL6167,6022,6006,2025-06-25,36179.38
705169,FL6168,6025,6028,2025-06-08,12510.13
705170,FL6169,6012,6012,2025-01-01,39565.74
705171,FL6170,6023,6015,2025-02-10,43301.39
705172,FL6171,6015,6018,2025-12-12,15721.99
705173,FL6172,6028,6017,2025-05-19,17458.13
705174,FL6173,6030,6007,2025-04-10,42040.76
705175,FL6174,6008,6008,2025-04-03,15184.31
705176,FL6175,6022,6016,2025-08-02,13089.07
705177,FL6176,6006,6005,2025-08-30,14778.12
705178,FL6177,6012,6017,2025-07-19,25485.42
705179,FL6178,6017,6022,2025-04-01,37242.97
705180,FL6179,6008,6006,2025-05-27,53965.97
705181,FL6180,6016,6005,2025-05-02,51446.69
705182,FL6181,6021,6004,2025-05-05,38977.39
705183,FL6182,6011,6012,2025-08-29,5210.6
705184,FL6183,6001,6018,2025-05-03,67593.4
705185,FL6184,6023,6003,2025-12-19,37821.2
705186,FL6185,6022,6028,2025-05-15,68260.62
705187,FL6186,6022,6013,2025-08-20,37085.24
705188,FL6187,6011,6002,2025-04-19,22593.67
705189,FL6188,6001,6023,2025-01-11,59436.94
705190,FL6189,6010,6009,2025-11-04,15856.93
705191,FL6190,6011,6010,2025-01-03,60210.05
705192,FL6191,6003,6016,2025-01-16,71072.07
705193,FL6192,6027,6026,2025-08-20,26551.53
705194,FL6193,6006,6010,2025-10-31,8488.26
705195,FL6194,6024,6013,2025-08-24,8100.11
705196,FL6195,6026,6012,2025-10-16,28007.44
705197,FL6196,6025,6025,2025-09-11,57212.02
705198,FL6197,6021,6011,2025-04-23,26925.33
705199,FL6198,6030,6029,2025-10-08,49143.92
705200,FL6199,6018,6023,2025-05-01,36745.05
705201,FL6200,6013,6007,2025-03-15,71848.25
705202,FL6201,6015,6002,2025-03-02,23229.37
705203,FL6202,6025,6010,2025-03-25,33013.21
705204,FL6203,6020,6018,2025-04-14,13415.62
705205,FL6204,6022,6028,2025-12-16,38806.47
705206,FL6205,6030,6018,2025-03-22,38311.97
705207,FL6206,6013,6009,2025-02-28,15889.57
705208,FL6207,6015,6003,2025-08-23,19594.01
705209,FL6208,6006,6027,2025-12-02,14804.23
705210,FL6209,6022,6002,2025-09-11,42302.01
705211,FL6210,6022,6012,2025-12-29,14203.72
705212,FL6211,6011,6030,2025-01-03,59374.07
705213,FL6212,6006,6013,2025-01-19,65095.38
705214,FL6213,6022,6023,2025-12-27,6970.51
705215,FL6214,6018,6030,2025-06-17,53235.4
705216,FL6215,6009,6023,2025-12-06,74240.51
705217,FL6216,6028,6003,2025-03-26,25196.04
705218,FL6217,6028,6006,2025-03-24,72467.54
705219,FL6218,6001,6004,2025-04-10,70920.99
705220,FL6219,6023,6011,2025-11-06,4360.67
705221,FL6220,6007,6014,2025-04-15,44770.3
705222,FL6221,6004,6016,2025-02-16,50308.72
705223,FL6222,6022,6030,2025-11-11,27834.46
705224,FL6223,6023,6005,2025-01-19,13318.59
705225,FL6224,6019,6027,2025-03-20,22080.66
705226,FL6225,6027,6024,2025-09-20,33483.53
705227,FL6226,6029,6015,2025-02-28,23532.41
705228,FL6227,6008,6004,2025-09-25,38816.46
705229,FL6228,6014,6003,2025-03-04,61352.85
705230,FL6229,6022,6021,2025-03-01,62741.0
705231,FL6230,6020,6027,2025-11-16,35113.7
705232,FL6231,6009,6014,2025-11-04,34509.61
705233,FL6232,6007,6030,2025-05-14,47149.0
705234,FL6233,6020,6003,2025-10-26,53609.83
705235,FL6234,6021,6019,2025-01-05,19860.27
705236,FL6235,6007,6015,2025-08-14,15766.48
705237,FL6236,6015,6003,2025-11-08,36330.39
705238,FL6237,6015,6019,2025-03-04,67848.11
705239,FL6238,6003,6023,2025-11-03,48501.21
705240,FL6239,6022,6017,2025-03-24,56823.76
705241,FL6240,6002,6025,2025-01-29,39229.4
705242,FL6241,6021,6010,2025-10-04,14333.03
705243,FL6242,6020,6017,2025-01-07,20124.28
705244,FL6243,6024,6001,2025-02-24,24204.79
705245,FL6244,6006,6030,2025-11-06,9805.58
705246,FL6245,6024,6014,2025-12-12,54824.59
705247,FL6246,6015,6029,2025-10-02,39928.39
705248,FL6247,6030,6012,2025-08-20,17567.14
705249,FL6248,6023,6008,2025-05-13,5618.18
705250,FL6249,6003,6001,2025-06-29,44527.82
705251,FL6250,6026,6020,2025-09-11,13241.78
705252,FL6251,6015,6013,2025-09-28,25218.2
705253,FL6252,6010,6011,2025-10-18,20889.65
705254,FL6253,6012,6016,2025-08-03,52731.27
705255,FL6254,6027,6005,2025-07-20,32119.72
705256,FL6255,6003,6011,2025-12-12,21990.47
705257,FL6256,6027,6023,2025-07-17,69590.29
705258,FL6257,6021,6029,2025-02-12,60590.3
705259,FL6258,6003,6013,2025-10-03,31904.87
705260,FL6259,6027,6002,2025-07-24,30879.53
705261,FL6260,6022,6025,2025-04-14,33540.46
705262,FL6261,6025,6014,2025-12-15,57510.74
705263,FL6262,6008,6005,2025-01-02,17569.04
705264,FL6263,6020,6001,2025-04-26,62550.13
705265,FL6264,6027,6011,2025-07-12,66214.1
705266,FL6265,6014,6029,2025-02-16,25491.65
705267,FL6266,6007,6005,2025-12-20,56115.93
705268,FL6267,6007,6011,2025-07-31,59258.92
705269,FL6268,6017,6023,2025-04-26,16714.2
705270,FL6269,6027,6016,2025-07-27,45975.16
705271,FL6270,6009,6011,2025-01-11,74590.72
705272,FL6271,6024,6019,2025-09-27,38290.38
705273,FL6272,6019,6019,2025-01-08,7485.18
705274,FL6273,6017,6009,2025-01-29,44168.27
705275,FL6274,6022,6009,2025-11-28,73348.52
705276,FL6275,6005,6004,2025-06-28,17520.31
705277,FL6276,6029,6016,2025-10-13,52890.03
705278,FL6277,6018,6021,2025-12-09,28504.16
705279,FL6278,6006,6002,2025-06-08,27822.57
705280,FL6279,6020,6021,2025-01-16,32555.39
705281,FL6280,6024,6018,2025-07-23,9624.3
705282,FL6281,6022,6012,2025-07-16,44854.59
705283,FL6282,6001,6008,2025-06-22,52525.61
705284,FL6283,6027,6016,2025-03-02,55749.55
705285,FL6284,6029,6009,2025-05-05,45362.4
705286,FL6285,6014,6028,2025-03-23,15213.4
705287,FL6286,6023,6011,2025-09-11,69912.54
705288,FL6287,6023,6017,2025-06-12,24616.89
705289,FL6288,6017,6028,2025-07-08,15947.19
705290,FL6289,6005,6004,2025-02-13,38660.57
705291,FL6290,6007,6028,2025-08-05,21022.98
705292,FL6291,6025,6008,2025-05-01,51493.41
705293,FL6292,6029,6006,2025-01-14,41394.09
705294,FL6293,6005,6030,2025-06-28,37889.73
705295,FL6294,6028,6020,2025-09-11,57618.07
705296,FL6295,6019,6001,2025-01-06,42704.61
705297,FL6296,6013,6001,2025-01-13,68365.35
705298,FL6297,6016,6003,2025-06-29,71488.11
705299,FL6298,6023,6014,2025-04-14,46815.91
705300,FL6299,6012,6018,2025-02-01,14761.97
705301,FL6300,6013,6023,2025-02-15,3400.6
705302,FL6301,6029,6027,2025-11-02,44936.81
705303,FL6302,6023,6004,2025-07-20,55417.73
705304,FL6303,6025,6010,2025-07-16,52893.53
705305,FL6304,6012,6014,2025-03-30,63386.08
705306,FL6305,6014,6014,2025-05-28,37252.18
705307,FL6306,6011,6021,2025-07-13,64029.41
705308,FL6307,6019,6017,2025-01-22,41676.2
705309,FL6308,6018,6003,2025-12-20,66404.73
705310,FL6309,6007,6029,2025-07-05,54085.2
705311,FL6310,6009,6016,2025-02-06,21335.26
705312,FL6311,6004,6002,2025-08-23,5413.41
705313,FL6312,6008,6001,2025-04-17,42976.27
705314,FL6313,6003,6006,2025-08-02,2884.64
705315,FL6314,6018,6014,2025-12-19,65699.62
705316,FL6315,6029,6020,2025-01-11,39744.48
705317,FL6316,6013,6020,2025-09-22,33076.8
705318,FL6317,6005,6009,2025-08-03,6236.69
705319,FL6318,6023,6007,2025-08-01,68359.97
705320,FL6319,6029,6009,2025-05-23,61009.2
705321,FL6320,6017,6002,2025-02-03,33532.29
705322,FL6321,6021,6024,2025-02-23,7999.46
705323,FL6322,6028,6013,2025-07-28,63806.72
705324,FL6323,6018,6018,2025-07-05,51992.05
705325,FL6324,6001,6007,2025-03-06,14404.0
705326,FL6325,6022,6024,2025-11-12,8277.32
705327,FL6326,6029,6029,2025-11-17,19635.54
705328,FL6327,6020,6001,2025-09-15,30463.07
705329,FL6328,6012,6015,2025-09-26,64219.5
705330,FL6329,6017,6021,2025-01-18,35228.63
705331,FL6330,6029,6028,2025-02-20,9206.22
705332,FL6331,6030,6007,2025-10-30,25061.29
705333,FL6332,6005,6027,2025-09-14,31696.37
705334,FL6333,6005,6014,2025-08-21,7149.79
705335,FL6334,6011,6005,2025-12-08,48887.75
705336,FL6335,6024,6009,2025-04-09,52010.62
705337,FL6336,6017,6029,2025-02-26,27735.31
705338,FL6337,6021,6023,2025-03-08,44044.58
705339,FL6338,6013,6012,2025-02-01,32360.53
705340,FL6339,6009,6025,2025-03-30,6079.19
705341,FL6340,6001,6017,2025-05-19,37354.97
705342,FL6341,6016,6026,2025-03-02,59757.39
705343,FL6342,6009,6009,2025-07-16,36588.28
705344,FL6343,6023,6001,2025-03-31,70043.12
705345,FL6344,6011,6006,2025-10-29,69914.86
705346,FL6345,6003,6027,2025-02-11,4088.65
705347,FL6346,6020,6025,2025-01-28,11469.49
705348,FL6347,6001,6006,2025-05-27,54131.77
705349,FL6348,6008,6026,2025-10-25,53305.46
705350,FL6349,6014,6019,2025-09-24,40707.27
705351,FL6350,6008,6012,2025-12-10,56835.31
705352,FL6351,6017,6030,2025-06-27,65997.91
705353,FL6352,6012,6016,2025-10-28,16592.09
705354,FL6353,6021,6018,2025-08-07,21195.18
705355,FL6354,6029,6007,2025-02-06,55936.63
705356,FL6355,6023,6017,2025-06-04,15962.02
705357,FL6356,6008,6013,2025-12-21,30205.19
705358,FL6357,6020,6001,2025-04-29,19261.18
705359,FL6358,6014,6020,2025-09-08,58565.64
705360,FL6359,6019,6002,2025-09-11,49850.83
705361,FL6360,6007,6029,2025-07-21,57341.8
705362,FL6361,6007,6020,2025-08-05,3686.18
705363,FL6362,6012,6010,2025-12-03,36853.14
705364,FL6363,6026,6016,2025-08-24,47392.53
705365,FL6364,6016,6015,2025-09-23,21606.04
705366,FL6365,6022,6017,2025-12-20,19327.94
705367,FL6366,6022,6001,2025-10-25,24949.67
705368,FL6367,6018,6029,2025-04-23,40006.56
705369,FL6368,6014,6005,2025-07-22,16854.86
705370,FL6369,6011,6017,2025-05-03,50448.83
705371,FL6370,6014,6028,2025-05-24,53277.89
705372,FL6371,6015,6009,2025-06-28,23125.1
705373,FL6372,6012,6022,2025-08-03,11216.28
705374,FL6373,6010,6003,2025-09-25,55405.5
705375,FL6374,6020,6021,2025-10-06,34352.61
705376,FL6375,6026,6025,2025-11-17,63010.36
705377,FL6376,6008,6027,2025-03-01,17228.21
705378,FL6377,6003,6001,2025-04-01,51712.17
705379,FL6378,6015,6003,2025-12-02,23033.03
705380,FL6379,6026,6028,2025-03-25,30124.97
705381,FL6380,6011,6017,2025-07-21,34404.94
705382,FL6381,6019,6020,2025-12-01,51985.33
705383,FL6382,6020,6029,2025-01-12,18393.79
705384,FL6383,6005,6010,2025-05-11,71635.88
705385,FL6384,6016,6016,2025-03-20,40030.06
705386,FL6385,6014,6022,2025-12-01,63927.27
705387,FL6386,6008,6017,2025-10-30,36298.59
705388,FL6387,6030,6027,2025-04-24,45415.67
705389,FL6388,6010,6001,2025-07-29,67838.49
705390,FL6389,6004,6004,2025-08-01,49819.75
705391,FL6390,6002,6014,2025-01-30,40051.83
705392,FL6391,6018,6030,2025-08-03,47481.21
705393,FL6392,6028,6018,2025-05-30,67322.48
705394,FL6393,6002,6011,2025-03-26,62769.66
705395,FL6394,6009,6010,2025-09-05,50241.64
705396,FL6395,6001,6009,2025-12-24,3671.08
705397,FL6396,6003,6022,2025-10-29,62302.55
705398,FL6397,6005,6017,2025-03-11,60416.55
705399,FL6398,6004,6021,2025-03-12,53274.57
705400,FL6399,6003,6014,2025-09-16,48857.32
705401,FL6400,6013,6018,2025-03-20,57157.14
705402,FL6401,6025,6007,2025-08-30,66176.46
705403,FL6402,6029,6015,2025-02-04,8734.59
705404,FL6403,6030,6014,2025-06-30,17636.88
705405,FL6404,6008,6011,2025-04-03,57308.92
705406,FL6405,6020,6001,2025-06-13,44035.5
705407,FL6406,6019,6008,2025-07-27,62428.78
705408,FL6407,6014,6005,2025-06-11,31671.43
705409,FL6408,6030,6018,2025-10-07,28414.57
705410,FL6409,6011,6027,2025-03-06,47587.97
705411,FL6410,6026,6007,2025-05-09,34231.5
705412,FL6411,6026,6004,2025-09-09,56861.97
705413,FL6412,6006,6022,2025-05-15,41899.04
705414,FL6413,6021,6008,2025-09-18,24693.74
705415,FL6414,6022,6013,2025-11-10,65296.08
705416,FL6415,6006,6029,2025-02-19,36308.59
705417,FL6416,6030,6002,2025-08-25,8827.1
705418,FL6417,6030,6016,2025-07-02,2767.94
705419,FL6418,6004,6001,2025-10-20,27081.17
705420,FL6419,6013,6019,2025-06-14,19687.25
705421,FL6420,6004,6017,2025-12-03,29340.36
705422,FL6421,6018,6009,2025-06-24,22660.12
705423,FL6422,6016,6016,2025-01-02,28456.84
705424,FL6423,6027,6005,2025-05-31,24989.94
705425,FL6424,6005,6017,2025-09-28,14182.57
705426,FL6425,6004,6006,2025-07-01,47643.61
705427,FL6426,6027,6014,2025-01-22,46212.45
705428,FL6427,6028,6022,2025-01-16,39909.94
705429,FL6428,6017,6006,2025-03-26,56098.86
705430,FL6429,6007,6018,2025-01-29,36029.68
705431,FL6430,6003,6005,2025-11-14,19605.46
705432,FL6431,6014,6013,2025-05-28,19406.98
705433,FL6432,6010,6018,2025-01-07,60104.13
705434,FL6433,6019,6029,2025-07-08,8308.49
705435,FL6434,6016,6012,2025-12-01,42309.34
705436,FL6435,6002,6003,2025-09-10,50655.4
705437,FL6436,6025,6020,2025-07-03,29421.07
705438,FL6437,6018,6001,2025-07-04,60088.07
705439,FL6438,6018,6003,2025-08-12,26077.58
705440,FL6439,6012,6005,2025-08-20,51704.34
705441,FL6440,6009,6011,2025-01-01,70617.08
705442,FL6441,6029,6018,2025-07-28,50679.67
705443,FL6442,6005,6004,2025-11-03,5929.64
705444,FL6443,6016,6012,2025-02-14,47723.77
705445,FL6444,6004,6021,2025-07-08,20856.16
705446,FL6445,6019,6001,2025-08-12,50954.24
705447,FL6446,6005,6004,2025-06-17,33918.82
705448,FL6447,6003,6030,2025-11-25,59265.53
705449,FL6448,6023,6009,2025-08-26,30573.37
705450,FL6449,6030,6007,2025-12-21,52222.64
705451,FL6450,6003,6012,2025-02-28,31968.01
705452,FL6451,6010,6027,2025-01-09,7149.25
705453,FL6452,6022,6007,2025-08-28,18298.93
705454,FL6453,6011,6019,2025-03-18,24757.87
705455,FL6454,6015,6012,2025-12-20,55811.07
705456,FL6455,6003,6024,2025-01-23,17066.01
705457,FL6456,6001,6018,2025-05-26,12865.98
705458,FL6457,6017,6005,2025-11-12,65191.88
705459,FL6458,6011,6026,2025-04-15,65673.04
705460,FL6459,6029,6014,2025-07-18,49989.91
705461,FL6460,6010,6007,2025-02-28,41309.28
705462,FL6461,6007,6007,2025-03-19,56440.16
705463,FL6462,6002,6017,2025-11-05,74913.84
705464,FL6463,6028,6001,2025-02-26,23351.26
705465,FL6464,6001,6029,2025-02-04,51280.94
705466,FL6465,6019,6027,2025-02-25,50681.04
705467,FL6466,6012,6006,2025-02-14,73690.07
705468,FL6467,6027,6006,2025-07-08,46082.38
705469,FL6468,6021,6020,2025-01-04,53745.27
705470,FL6469,6010,6016,2025-08-21,40514.62
705471,FL6470,6012,6003,2025-07-20,56506.7
705472,FL6471,6023,6030,2025-07-03,57965.34
705473,FL6472,6015,6011,2025-10-13,6774.47
705474,FL6473,6022,6007,2025-08-20,66109.62
705475,FL6474,6004,6024,2025-05-18,21603.43
705476,FL6475,6016,6020,2025-05-09,21814.18
705477,FL6476,6026,6007,2025-02-04,70354.96
705478,FL6477,6005,6025,2025-01-31,38771.16
705479,FL6478,6018,6013,2025-01-14,20504.29
705480,FL6479,6021,6014,2025-06-19,23671.37
705481,FL6480,6011,6016,2025-03-13,3365.57
705482,FL6481,6004,6024,2025-03-21,56222.87
705483,FL6482,6006,6029,2025-01-19,54667.95
705484,FL6483,6007,6030,2025-03-20,69464.84
705485,FL6484,6007,6027,2025-04-19,55426.85
705486,FL6485,6014,6020,2025-04-07,26951.87
705487,FL6486,6010,6002,2025-12-22,30646.5
705488,FL6487,6006,6020,2025-03-15,12293.75
705489,FL6488,6017,6021,2025-12-17,57878.83
705490,FL6489,6010,6010,2025-06-23,28630.39
705491,FL6490,6004,6018,2025-04-12,42713.72
705492,FL6491,6011,6028,2025-02-16,35044.94
705493,FL6492,6007,6011,2025-01-27,2956.86
705494,FL6493,6021,6006,2025-10-03,24482.1
705495,FL6494,6026,6013,2025-08-24,33539.19
705496,FL6495,6012,6022,2025-01-20,57442.32
705497,FL6496,6013,6014,2025-01-08,33344.96
705498,FL6497,6006,6004,2025-12-05,39491.33
705499,FL6498,6005,6011,2025-12-29,62860.21
705500,FL6499,6004,6027,2025-12-17,18164.21
705501,FL6500,6030,6028,2025-01-03,68873.91
705502,FL6501,6012,6025,2025-10-18,24086.49
705503,FL6502,6026,6007,2025-01-26,24079.43
705504,FL6503,6011,6025,2025-10-15,31379.88
705505,FL6504,6019,6024,2025-08-19,23120.44
705506,FL6505,6029,6019,2025-06-24,52311.78
705507,FL6506,6019,6013,2025-03-24,58739.69
705508,FL6507,6028,6005,2025-06-16,32933.51
705509,FL6508,6005,6016,2025-06-06,36439.31
705510,FL6509,6030,6005,2025-05-07,42257.45
705511,FL6510,6028,6019,2025-10-13,3395.27
705512,FL6511,6024,6004,2025-08-11,9483.1
705513,FL6512,6012,6023,2025-12-20,7035.65
705514,FL6513,6023,6003,2025-04-16,27422.04
705515,FL6514,6020,6026,2025-06-28,8944.81
705516,FL6515,6012,6026,2025-05-17,57768.78
705517,FL6516,6004,6012,2025-06-03,24528.98
705518,FL6517,6025,6023,2025-06-20,8566.15
705519,FL6518,6011,6008,2025-04-03,61058.76
705520,FL6519,6028,6021,2025-06-25,28753.78
705521,FL6520,6018,6019,2025-03-02,59557.1
705522,FL6521,6017,6030,2025-12-13,64270.52
705523,FL6522,6018,6017,2025-09-01,45993.9
705524,FL6523,6013,6015,2025-12-13,12388.25
705525,FL6524,6001,6030,2025-05-07,5572.07
705526,FL6525,6002,6027,2025-02-05,52392.21
705527,FL6526,6021,6011,2025-07-16,69243.78
705528,FL6527,6009,6012,2025-07-12,72457.2
705529,FL6528,6030,6016,2025-03-08,30713.64
705530,FL6529,6015,6011,2025-07-19,59211.94
705531,FL6530,6014,6007,2025-12-24,66885.8
705532,FL6531,6013,6007,2025-01-24,26697.52
705533,FL6532,6022,6021,2025-11-25,56882.43
705534,FL6533,6011,6019,2025-09-10,32774.48
705535,FL6534,6003,6001,2025-02-02,32342.7
705536,FL6535,6020,6027,2025-01-05,68990.57
705537,FL6536,6018,6011,2025-02-24,55102.72
705538,FL6537,6019,6030,2025-04-26,40451.44
705539,FL6538,6001,6007,2025-02-06,46561.29
705540,FL6539,6008,6012,2025-10-12,65552.4
705541,FL6540,6010,6029,2025-04-10,18811.7
705542,FL6541,6010,6018,2025-05-14,54941.91
705543,FL6542,6028,6015,2025-10-29,16252.95
705544,FL6543,6015,6006,2025-04-19,15291.51
705545,FL6544,6024,6007,2025-10-06,12137.14
705546,FL6545,6014,6027,2025-02-03,27296.95
705547,FL6546,6028,6022,2025-01-01,22594.48
705548,FL6547,6004,6016,2025-01-23,11685.52
705549,FL6548,6009,6003,2025-06-06,38739.38
705550,FL6549,6001,6022,2025-02-11,30624.86
705551,FL6550,6022,6014,2025-08-10,39914.79
705552,FL6551,6015,6016,2025-05-01,15756.84
705553,FL6552,6003,6025,2025-10-16,42385.23
705554,FL6553,6012,6025,2025-11-12,7306.19
705555,FL6554,6002,6028,2025-08-01,52463.93
705556,FL6555,6029,6024,2025-05-19,50279.01
705557,FL6556,6006,6020,2025-04-02,3445.88
705558,FL6557,6012,6011,2025-08-26,65568.82
705559,FL6558,6018,6027,2025-11-30,8688.13
705560,FL6559,6022,6023,2025-09-25,14101.28
705561,FL6560,6025,6016,2025-04-28,67871.44
705562,FL6561,6021,6017,2025-07-07,23464.73
705563,FL6562,6010,6020,2025-04-05,16996.62
705564,FL6563,6005,6013,2025-11-17,20252.23
705565,FL6564,6019,6009,2025-09-19,20675.58
705566,FL6565,6011,6029,2025-06-28,6992.49
705567,FL6566,6030,6025,2025-04-27,69402.14
705568,FL6567,6010,6019,2025-01-03,19871.66
705569,FL6568,6026,6007,2025-08-11,45772.71
705570,FL6569,6004,6015,2025-03-05,53704.01
705571,FL6570,6010,6004,2025-03-01,54648.63
705572,FL6571,6015,6010,2025-10-12,25545.37
705573,FL6572,6006,6003,2025-12-23,41236.41
705574,FL6573,6024,6010,2025-04-05,48949.77
705575,FL6574,6011,6001,2025-08-22,40093.65
705576,FL6575,6013,6009,2025-07-16,42077.29
705577,FL6576,6010,6024,2025-10-12,29488.21
705578,FL6577,6025,6011,2025-03-27,65720.21
705579,FL6578,6003,6004,2025-03-17,56606.48
705580,FL6579,6010,6021,2025-06-10,53585.27
705581,FL6580,6003,6018,2025-10-05,67684.94
705582,FL6581,6013,6028,2025-05-23,31231.14
705583,FL6582,6024,6017,2025-07-15,49738.2
705584,FL6583,6009,6007,2025-06-12,39820.41
705585,FL6584,6007,6014,2025-09-30,8940.8
705586,FL6585,6020,6028,2025-05-26,20704.62
705587,FL6586,6012,6017,2025-04-20,8551.65
705588,FL6587,6020,6024,2025-11-21,20275.74
705589,FL6588,6013,6027,2025-05-15,53288.1
705590,FL6589,6009,6019,2025-09-22,68579.64
705591,FL6590,6004,6023,2025-09-17,14319.44
705592,FL6591,6005,6017,2025-02-11,58010.37
705593,FL6592,6017,6019,2025-07-07,38331.94
705594,FL6593,6030,6002,2025-05-11,66427.08
705595,FL6594,6025,6001,2025-12-03,8586.74
705596,FL6595,6010,6023,2025-03-31,47085.17
705597,FL6596,6019,6003,2025-04-15,37991.26
705598,FL6597,6022,6014,2025-11-01,19616.7
705599,FL6598,6014,6007,2025-09-08,51004.83
705600,FL6599,6008,6006,2025-07-26,59806.84
705601,FL6600,6008,6026,2025-07-25,9345.3
705602,FL6601,6001,6008,2025-05-11,53053.49
705603,FL6602,6016,6004,2025-09-20,48856.28
705604,FL6603,6022,6021,2025-02-12,69659.9
705605,FL6604,6026,6001,2025-04-29,7678.38
705606,FL6605,6008,6014,2025-07-02,56280.66
705607,FL6606,6001,6017,2025-10-27,71684.99
705608,FL6607,6007,6006,2025-10-15,10220.54
705609,FL6608,6017,6029,2025-08-16,26768.36
705610,FL6609,6007,6016,2025-12-12,22792.07
705611,FL6610,6016,6006,2025-03-06,20060.32
705612,FL6611,6012,6004,2025-05-05,40159.13
705613,FL6612,6016,6003,2025-07-20,46290.0
705614,FL6613,6018,6013,2025-06-10,23963.89
705615,FL6614,6001,6004,2025-07-27,25077.01
705616,FL6615,6013,6017,2025-03-15,49016.37
705617,FL6616,6008,6006,2025-10-25,36020.1
705618,FL6617,6016,6008,2025-08-14,36332.62
705619,FL6618,6029,6007,2025-03-04,34302.23
705620,FL6619,6016,6009,2025-06-27,39988.34
705621,FL6620,6017,6025,2025-06-14,37252.08
705622,FL6621,6002,6023,2025-09-02,49080.65
705623,FL6622,6009,6023,2025-08-02,74569.55
705624,FL6623,6029,6010,2025-12-20,20709.32
705625,FL6624,6002,6028,2025-07-04,53532.79
705626,FL6625,6020,6024,2025-06-07,18783.24
705627,FL6626,6022,6023,2025-05-05,28274.54
705628,FL6627,6006,6016,2025-12-11,72457.13
705629,FL6628,6020,6030,2025-05-25,37711.6
705630,FL6629,6011,6020,2025-04-13,10677.27
705631,FL6630,6005,6024,2025-12-15,26776.87
705632,FL6631,6017,6007,2025-06-29,19049.15
705633,FL6632,6018,6018,2025-09-25,63109.48
705634,FL6633,6004,6025,2025-10-10,16146.38
705635,FL6634,6030,6022,2025-09-27,68222.34
705636,FL6635,6028,6007,2025-12-31,17342.73
705637,FL6636,6007,6023,2025-06-15,34831.31
705638,FL6637,6008,6027,2025-09-12,31611.06
705639,FL6638,6013,6003,2025-10-27,14562.14
705640,FL6639,6013,6018,2025-09-02,62451.13
705641,FL6640,6001,6013,2025-11-22,24450.24
705642,FL6641,6011,6027,2025-03-05,43224.52
705643,FL6642,6004,6021,2025-05-23,54200.17
705644,FL6643,6025,6001,2025-10-26,11043.82
705645,FL6644,6022,6014,2025-01-26,2693.11
705646,FL6645,6005,6020,2025-08-21,55717.34
705647,FL6646,6026,6017,2025-06-19,60513.49
705648,FL6647,6010,6010,2025-05-31,18976.41
705649,FL6648,6022,6025,2025-01-22,48985.37
705650,FL6649,6030,6005,2025-09-26,74194.66
705651,FL6650,6006,6023,2025-10-26,29125.33
705652,FL6651,6003,6011,2025-06-25,69321.49
705653,FL6652,6030,6025,2025-04-02,50787.52
705654,FL6653,6002,6014,2025-11-28,70756.44
705655,FL6654,6018,6012,2025-02-09,11782.05
705656,FL6655,6005,6017,2025-10-21,54107.44
705657,FL6656,6013,6025,2025-07-13,9848.64
705658,FL6657,6004,6010,2025-08-02,63148.79
705659,FL6658,6006,6028,2025-01-24,59965.08
705660,FL6659,6023,6021,2025-10-02,42269.43
705661,FL6660,6005,6028,2025-04-11,57917.52
705662,FL6661,6024,6028,2025-10-24,11121.69
705663,FL6662,6015,6019,2025-06-19,2628.62
705664,FL6663,6021,6013,2025-02-21,14133.3
705665,FL6664,6010,6004,2025-01-14,26131.43
705666,FL6665,6002,6007,2025-12-13,51124.64
705667,FL6666,6016,6003,2025-01-30,64004.17
705668,FL6667,6021,6030,2025-09-07,26974.68
705669,FL6668,6011,6020,2025-10-17,63430.32
705670,FL6669,6009,6019,2025-05-11,24786.94
705671,FL6670,6026,6018,2025-09-07,59361.42
705672,FL6671,6020,6007,2025-11-17,70212.79
705673,FL6672,6011,6013,2025-08-13,63318.24
705674,FL6673,6023,6021,2025-07-17,56349.3
705675,FL6674,6001,6018,2025-04-29,18673.94
705676,FL6675,6023,6013,2025-01-19,26644.84
705677,FL6676,6028,6025,2025-11-26,48942.59
705678,FL6677,6010,6009,2025-08-22,31230.92
705679,FL6678,6018,6007,2025-05-09,65892.48
705680,FL6679,6017,6017,2025-07-06,4863.31
705681,FL6680,6027,6022,2025-02-10,66537.03
705682,FL6681,6023,6025,2025-07-18,16673.72
705683,FL6682,6030,6027,2025-05-29,39293.96
705684,FL6683,6023,6025,2025-08-27,3204.4
705685,FL6684,6009,6007,2025-05-20,8080.44
705686,FL6685,6030,6015,2025-09-25,8964.14
705687,FL6686,6026,6011,2025-09-07,23946.55
705688,FL6687,6028,6013,2025-05-24,11950.93
705689,FL6688,6026,6020,2025-11-02,13775.02
705690,FL6689,6007,6027,2025-05-23,7781.74
705691,FL6690,6012,6014,2025-06-06,9336.09
705692,FL6691,6004,6015,2025-07-24,59242.15
705693,FL6692,6013,6023,2025-05-14,39235.71
705694,FL6693,6028,6029,2025-10-30,18546.63
705695,FL6694,6015,6026,2025-11-23,35142.0
705696,FL6695,6009,6022,2025-11-05,13995.64
705697,FL6696,6024,6022,2025-04-18,36903.33
705698,FL6697,6012,6009,2025-02-19,60894.64
705699,FL6698,6024,6027,2025-11-11,22304.11
705700,FL6699,6003,6003,2025-10-31,71677.44
705701,FL6700,6028,6006,2025-12-16,43110.97
705702,FL6701,6012,6012,2025-04-02,51784.91
705703,FL6702,6023,6025,2025-05-13,31357.62
705704,FL6703,6002,6029,2025-06-30,51906.79
705705,FL6704,6010,6008,2025-09-20,12021.84
705706,FL6705,6010,6009,2025-06-14,68046.24
705707,FL6706,6017,6027,2025-05-13,17813.24
705708,FL6707,6018,6006,2025-11-21,71291.71
705709,FL6708,6013,6023,2025-02-13,38433.44
705710,FL6709,6005,6001,2025-05-24,25933.91
705711,FL6710,6003,6014,2025-11-24,30757.93
705712,FL6711,6007,6010,2025-02-12,43943.32
705713,FL6712,6015,6028,2025-02-23,8105.69
705714,FL6713,6024,6001,2025-05-04,8715.42
705715,FL6714,6022,6004,2025-10-06,46685.99
705716,FL6715,6019,6001,2025-08-03,61865.12
705717,FL6716,6022,6006,2025-10-24,47659.29
705718,FL6717,6021,6023,2025-04-24,55917.19
705719,FL6718,6001,6026,2025-07-02,51314.16
705720,FL6719,6002,6015,2025-05-22,15944.06
705721,FL6720,6028,6001,2025-10-09,38195.24
705722,FL6721,6008,6012,2025-07-22,38817.08
705723,FL6722,6021,6029,2025-08-22,18836.01
705724,FL6723,6026,6004,2025-07-19,18271.31
705725,FL6724,6029,6013,2025-03-16,62371.17
705726,FL6725,6018,6024,2025-11-12,66810.24
705727,FL6726,6010,6002,2025-09-23,11548.02
705728,FL6727,6017,6014,2025-05-06,26042.13
705729,FL6728,6026,6010,2025-01-14,36925.97
705730,FL6729,6026,6006,2025-10-26,65158.51
705731,FL6730,6024,6021,2025-11-28,24104.68
705732,FL6731,6015,6027,2025-10-06,31337.18
705733,FL6732,6011,6024,2025-11-03,35175.88
705734,FL6733,6005,6018,2025-05-15,11099.32
705735,FL6734,6013,6010,2025-04-09,22134.97
705736,FL6735,6011,6018,2025-08-15,7624.0
705737,FL6736,6029,6013,2025-03-28,12974.53
705738,FL6737,6019,6019,2025-11-20,42477.41
705739,FL6738,6004,6018,2025-09-25,5755.88
705740,FL6739,6020,6006,2025-04-07,6038.11
705741,FL6740,6021,6010,2025-12-03,30738.96
705742,FL6741,6014,6008,2025-03-02,57908.3
705743,FL6742,6004,6015,2025-01-10,22394.45
705744,FL6743,6023,6015,2025-10-22,9475.2
705745,FL6744,6022,6024,2025-02-06,32944.27
705746,FL6745,6028,6008,2025-11-26,20025.54
705747,FL6746,6019,6011,2025-02-28,60114.43
705748,FL6747,6027,6001,2025-01-13,27686.65
705749,FL6748,6004,6028,2025-09-10,7657.66
705750,FL6749,6012,6025,2025-10-20,39746.04
705751,FL6750,6005,6008,2025-09-16,44372.54
705752,FL6751,6014,6006,2025-05-26,40230.66
705753,FL6752,6012,6005,2025-11-12,9960.25
705754,FL6753,6008,6022,2025-12-13,25641.32
705755,FL6754,6022,6026,2025-10-10,72502.69
705756,FL6755,6029,6028,2025-07-07,14281.33
705757,FL6756,6011,6020,2025-02-13,62143.98
705758,FL6757,6008,6022,2025-06-08,17120.57
705759,FL6758,6029,6003,2025-08-15,15982.09
705760,FL6759,6026,6009,2025-03-08,71615.78
705761,FL6760,6021,6001,2025-05-21,41924.13
705762,FL6761,6024,6011,2025-04-16,57810.62
705763,FL6762,6030,6005,2025-03-06,71903.46
705764,FL6763,6024,6001,2025-10-26,47772.21
705765,FL6764,6029,6030,2025-02-07,48169.71
705766,FL6765,6024,6017,2025-05-12,6881.17
705767,FL6766,6018,6017,2025-10-09,32069.82
705768,FL6767,6010,6030,2025-05-11,49813.8
705769,FL6768,6020,6014,2025-04-26,38721.31
705770,FL6769,6009,6026,2025-03-05,12972.08
705771,FL6770,6023,6027,2025-06-30,60937.44
705772,FL6771,6020,6030,2025-08-23,67965.17
705773,FL6772,6003,6005,2025-09-07,21207.67
705774,FL6773,6027,6026,2025-12-12,40000.93
705775,FL6774,6008,6010,2025-05-06,15878.74
705776,FL6775,6030,6017,2025-05-29,40461.32
705777,FL6776,6013,6019,2025-04-13,8028.68
705778,FL6777,6009,6014,2025-10-31,25963.67
705779,FL6778,6029,6019,2025-01-21,71718.82
705780,FL6779,6028,6019,2025-08-27,6710.58
705781,FL6780,6001,6003,2025-06-26,45842.33
705782,FL6781,6015,6011,2025-09-19,66477.43
705783,FL6782,6018,6009,2025-05-15,26945.06
705784,FL6783,6030,6008,2025-09-09,29575.73
705785,FL6784,6027,6007,2025-05-02,24426.96
705786,FL6785,6012,6005,2025-02-01,10537.82
705787,FL6786,6013,6025,2025-10-30,53604.01
705788,FL6787,6024,6017,2025-06-01,4834.05
705789,FL6788,6014,6005,2025-07-23,48936.14
705790,FL6789,6026,6006,2025-12-29,3273.1
705791,FL6790,6020,6010,2025-11-28,27149.75
705792,FL6791,6025,6004,2025-04-24,49190.25
705793,FL6792,6012,6023,2025-07-27,12425.62
705794,FL6793,6012,6022,2025-02-21,37857.23
705795,FL6794,6006,6022,2025-08-25,25461.77
705796,FL6795,6017,6002,2025-12-13,9881.57
705797,FL6796,6007,6020,2025-03-04,13169.64
705798,FL6797,6023,6021,2025-08-30,69438.95
705799,FL6798,6015,6013,2025-04-23,36108.36
705800,FL6799,6013,6025,2025-09-03,29840.84
705801,FL6800,6001,6011,2025-08-04,51985.52
705802,FL6801,6030,6015,2025-09-11,19983.78
705803,FL6802,6007,6005,2025-09-17,39621.63
705804,FL6803,6020,6026,2025-06-11,55202.57
705805,FL6804,6014,6018,2025-08-27,11779.92
705806,FL6805,6017,6017,2025-10-07,13284.63
705807,FL6806,6010,6002,2025-01-22,65522.91
705808,FL6807,6004,6017,2025-10-21,52652.71
705809,FL6808,6020,6030,2025-03-20,16344.01
705810,FL6809,6026,6016,2025-09-11,43493.34
705811,FL6810,6028,6018,2025-07-07,65216.19
705812,FL6811,6004,6010,2025-01-02,10258.0
705813,FL6812,6012,6023,2025-04-04,35163.86
705814,FL6813,6002,6004,2025-09-25,51361.13
705815,FL6814,6024,6003,2025-11-16,4975.07
705816,FL6815,6020,6020,2025-05-31,37767.15
705817,FL6816,6016,6018,2025-03-27,48133.64
705818,FL6817,6018,6002,2025-12-03,70619.93
705819,FL6818,6025,6022,2025-04-20,59737.79
705820,FL6819,6015,6006,2025-08-30,8158.46
705821,FL6820,6001,6014,2025-07-16,71981.6
705822,FL6821,6017,6011,2025-02-28,55029.6
705823,FL6822,6015,6015,2025-10-27,6592.68
705824,FL6823,6013,6009,2025-06-14,23571.36
705825,FL6824,6018,6004,2025-01-08,57943.3
705826,FL6825,6001,6007,2025-12-27,42708.09
705827,FL6826,6022,6014,2025-03-07,8726.73
705828,FL6827,6020,6010,2025-07-04,43985.35
705829,FL6828,6025,6013,2025-06-02,46684.43
705830,FL6829,6015,6018,2025-03-31,23820.09
705831,FL6830,6029,6019,2025-09-12,8909.95
705832,FL6831,6014,6001,2025-08-09,33234.35
705833,FL6832,6024,6001,2025-05-14,46362.0
705834,FL6833,6018,6004,2025-01-31,23824.53
705835,FL6834,6001,6030,2025-04-13,20040.21
705836,FL6835,6011,6010,2025-03-22,30743.89
705837,FL6836,6020,6021,2025-12-14,66235.11
705838,FL6837,6014,6016,2025-08-04,17972.32
705839,FL6838,6006,6016,2025-07-15,47804.23
705840,FL6839,6029,6013,2025-04-19,30608.16
705841,FL6840,6001,6020,2025-02-06,58824.98
705842,FL6841,6019,6014,2025-05-09,62182.93
705843,FL6842,6018,6027,2025-03-10,66090.55
705844,FL6843,6017,6024,2025-06-12,31734.22
705845,FL6844,6029,6015,2025-08-01,33742.79
705846,FL6845,6008,6005,2025-03-09,52121.07
705847,FL6846,6002,6001,2025-12-31,51193.46
705848,FL6847,6008,6027,2025-04-13,58899.63
705849,FL6848,6008,6025,2025-11-16,38902.21
705850,FL6849,6021,6005,2025-12-18,65402.81
705851,FL6850,6017,6030,2025-12-10,43019.94
705852,FL6851,6027,6026,2025-05-14,72984.61
705853,FL6852,6004,6022,2025-01-18,17655.91
705854,FL6853,6001,6008,2025-12-08,50242.78
705855,FL6854,6025,6003,2025-02-05,62289.98
705856,FL6855,6015,6002,2025-09-14,45163.21
705857,FL6856,6018,6002,2025-11-07,54393.83
705858,FL6857,6008,6014,2025-11-08,35422.49
705859,FL6858,6025,6010,2025-01-10,15482.01
705860,FL6859,6007,6021,2025-09-26,29593.32
705861,FL6860,6014,6028,2025-12-15,35489.32
705862,FL6861,6030,6017,2025-09-13,11215.43
705863,FL6862,6028,6017,2025-05-21,27348.82
705864,FL6863,6030,6025,2025-01-12,48040.16
705865,FL6864,6008,6016,2025-06-27,32558.54
705866,FL6865,6025,6021,2025-04-15,28110.38
705867,FL6866,6003,6008,2025-04-21,32166.97
705868,FL6867,6009,6028,2025-01-07,63936.62
705869,FL6868,6018,6001,2025-01-09,27549.86
705870,FL6869,6020,6029,2025-03-17,65329.12
705871,FL6870,6029,6026,2025-10-16,15027.04
705872,FL6871,6005,6002,2025-05-26,12306.09
705873,FL6872,6021,6020,2025-07-10,12091.32
705874,FL6873,6001,6018,2025-05-27,67167.99
705875,FL6874,6028,6024,2025-06-18,48152.79
705876,FL6875,6008,6018,2025-01-22,45721.05
705877,FL6876,6030,6017,2025-10-23,61846.56
705878,FL6877,6010,6013,2025-12-12,54576.29
705879,FL6878,6025,6004,2025-01-12,72458.88
705880,FL6879,6023,6003,2025-08-27,63581.98
705881,FL6880,6022,6007,2025-02-05,41464.51
705882,FL6881,6019,6024,2025-12-15,3978.71
705883,FL6882,6023,6026,2025-06-05,3951.71
705884,FL6883,6026,6011,2025-08-16,10690.99
705885,FL6884,6004,6030,2025-09-28,14740.41
705886,FL6885,6021,6013,2025-03-12,29805.65
705887,FL6886,6012,6008,2025-03-22,29158.05
705888,FL6887,6009,6006,2025-11-12,13791.74
705889,FL6888,6014,6006,2025-10-27,40345.47
705890,FL6889,6002,6014,2025-11-06,73937.29
705891,FL6890,6030,6006,2025-12-05,37681.59
705892,FL6891,6027,6020,2025-08-27,17420.67
705893,FL6892,6021,6023,2025-04-27,49166.28
705894,FL6893,6007,6019,2025-02-27,46746.79
705895,FL6894,6020,6008,2025-05-30,46158.48
705896,FL6895,6028,6028,2025-11-16,61287.85
705897,FL6896,6008,6005,2025-11-12,16018.04
705898,FL6897,6030,6026,2025-03-16,55410.96
705899,FL6898,6013,6013,2025-09-02,21962.18
705900,FL6899,6022,6020,2025-11-16,34094.14
705901,FL6900,6001,6025,2025-12-23,24961.53
705902,FL6901,6018,6016,2025-03-05,68002.22
705903,FL6902,6005,6021,2025-12-05,55191.72
705904,FL6903,6022,6010,2025-05-27,33280.39
705905,FL6904,6006,6015,2025-06-28,55688.36
705906,FL6905,6012,6025,2025-07-16,57723.9
705907,FL6906,6018,6030,2025-04-11,43770.63
705908,FL6907,6025,6017,2025-06-22,41130.59
705909,FL6908,6019,6002,2025-12-20,46860.27
705910,FL6909,6019,6013,2025-11-19,51403.09
705911,FL6910,6007,6011,2025-01-16,49896.2
705912,FL6911,6018,6023,2025-07-23,28018.71
705913,FL6912,6004,6024,2025-08-07,19804.69
705914,FL6913,6005,6018,2025-01-21,42814.93
705915,FL6914,6009,6026,2025-10-04,52675.35
705916,FL6915,6001,6015,2025-12-05,46147.04
705917,FL6916,6011,6030,2025-03-31,38727.83
705918,FL6917,6023,6007,2025-02-09,46892.64
705919,FL6918,6003,6005,2025-11-17,22543.91
705920,FL6919,6030,6026,2025-12-20,50385.08
705921,FL6920,6009,6008,2025-12-07,70393.22
705922,FL6921,6030,6022,2025-03-22,5456.87
705923,FL6922,6023,6003,2025-03-26,72807.11
705924,FL6923,6004,6007,2025-03-21,29674.19
705925,FL6924,6023,6019,2025-12-06,51982.75
705926,FL6925,6023,6007,2025-01-19,43258.1
705927,FL6926,6004,6013,2025-09-01,11038.8
705928,FL6927,6011,6004,2025-11-01,37234.44
705929,FL6928,6018,6026,2025-10-22,16522.13
705930,FL6929,6014,6014,2025-05-12,48323.14
705931,FL6930,6027,6018,2025-04-26,33817.12
705932,FL6931,6018,6029,2025-06-28,23728.02
705933,FL6932,6025,6024,2025-10-24,23124.67
705934,FL6933,6006,6016,2025-01-07,64390.34
705935,FL6934,6026,6019,2025-07-24,60587.92
705936,FL6935,6009,6007,2025-07-27,5758.86
705937,FL6936,6005,6012,2025-07-22,24105.15
705938,FL6937,6028,6019,2025-02-28,33403.34
705939,FL6938,6026,6021,2025-06-17,25819.61
705940,FL6939,6009,6011,2025-04-15,26711.97
705941,FL6940,6017,6021,2025-09-27,24142.48
705942,FL6941,6016,6025,2025-02-10,28860.47
705943,FL6942,6005,6017,2025-04-08,48256.97
705944,FL6943,6016,6018,2025-03-08,15316.85
705945,FL6944,6001,6013,2025-02-10,50287.91
705946,FL6945,6023,6011,2025-10-14,33329.4
705947,FL6946,6025,6015,2025-05-21,63964.21
705948,FL6947,6016,6005,2025-05-25,14311.47
705949,FL6948,6002,6001,2025-06-17,46611.09
705950,FL6949,6017,6026,2025-06-21,73963.27
705951,FL6950,6021,6025,2025-06-07,74522.39
705952,FL6951,6024,6003,2025-03-05,47166.6
705953,FL6952,6023,6010,2025-11-28,42310.24
705954,FL6953,6002,6030,2025-11-10,18990.65
705955,FL6954,6012,6024,2025-02-06,39929.49
705956,FL6955,6005,6012,2025-04-18,41670.73
705957,FL6956,6007,6022,2025-04-08,6743.22
705958,FL6957,6018,6009,2025-01-09,46024.99
705959,FL6958,6015,6024,2025-09-15,38521.1
705960,FL6959,6026,6004,2025-07-07,50139.81
705961,FL6960,6026,6011,2025-04-13,28227.07
705962,FL6961,6015,6022,2025-01-18,65432.25
705963,FL6962,6013,6008,2025-12-14,19431.17
705964,FL6963,6019,6021,2025-11-21,19943.66
705965,FL6964,6026,6010,2025-09-18,47037.13
705966,FL6965,6007,6002,2025-04-19,14325.5
705967,FL6966,6006,6005,2025-05-26,15568.66
705968,FL6967,6004,6003,2025-06-12,48248.67
705969,FL6968,6030,6002,2025-05-20,34716.74
705970,FL6969,6009,6015,2025-11-27,68675.42
705971,FL6970,6009,6002,2025-10-13,33859.7
705972,FL6971,6019,6005,2025-02-08,61347.93
705973,FL6972,6017,6012,2025-07-03,41688.96
705974,FL6973,6010,6022,2025-11-07,41100.02
705975,FL6974,6006,6014,2025-05-30,67748.49
705976,FL6975,6005,6026,2025-06-14,3005.19
705977,FL6976,6004,6010,2025-09-09,67155.86
705978,FL6977,6023,6016,2025-11-06,44848.33
705979,FL6978,6017,6002,2025-11-06,22860.08
705980,FL6979,6002,6002,2025-03-25,47538.33
705981,FL6980,6018,6026,2025-09-05,66731.82
705982,FL6981,6030,6013,2025-10-03,36176.99
705983,FL6982,6008,6010,2025-06-10,34491.17
705984,FL6983,6019,6013,2025-09-25,61539.14
705985,FL6984,6024,6020,2025-06-01,35082.71
705986,FL6985,6017,6030,2025-09-08,57781.24
705987,FL6986,6011,6023,2025-03-11,56258.36
705988,FL6987,6012,6003,2025-11-29,14490.45
705989,FL6988,6019,6018,2025-04-16,19741.25
705990,FL6989,6010,6005,2025-12-24,43369.91
705991,FL6990,6030,6016,2025-04-18,39673.41
705992,FL6991,6007,6011,2025-05-08,55178.52
705993,FL6992,6027,6013,2025-09-05,32736.69
705994,FL6993,6022,6015,2025-12-21,30184.16
705995,FL6994,6002,6012,2025-03-23,60311.04
705996,FL6995,6023,6001,2025-10-10,63927.57
705997,FL6996,6009,6024,2025-09-11,41963.13
705998,FL6997,6023,6026,2025-07-28,53221.54
705999,FL6998,6006,6003,2025-09-07,22015.67
706000,FL6999,6024,6016,2025-10-26,11034.42
706001,FL7000,6026,6009,2025-04-02,61814.26
706002,FL7001,6020,6007,2025-01-22,5811.09
706003,FL7002,6003,6004,2025-10-23,35276.39
706004,FL7003,6018,6029,2025-06-17,73484.2
706005,FL7004,6025,6012,2025-12-17,21484.61
706006,FL7005,6009,6013,2025-11-05,30810.44
706007,FL7006,6007,6025,2025-06-06,10548.23
706008,FL7007,6023,6008,2025-11-01,7442.76
706009,FL7008,6014,6029,2025-08-22,14139.04
706010,FL7009,6008,6025,2025-08-07,44069.6
706011,FL7010,6024,6013,2025-01-15,57985.53
706012,FL7011,6018,6016,2025-08-07,51064.57
706013,FL7012,6022,6020,2025-10-04,46388.78
706014,FL7013,6026,6019,2025-03-13,67338.96
706015,FL7014,6015,6027,2025-02-23,67790.52
706016,FL7015,6026,6018,2025-12-27,3473.19
706017,FL7016,6027,6012,2025-01-24,13013.71
706018,FL7017,6024,6003,2025-07-20,38259.88
706019,FL7018,6026,6011,2025-01-22,9732.34
706020,FL7019,6014,6027,2025-10-23,22468.82
706021,FL7020,6001,6007,2025-10-19,36858.77
706022,FL7021,6023,6022,2025-08-27,4671.02
706023,FL7022,6028,6030,2025-01-10,3445.09
706024,FL7023,6004,6019,2025-01-17,51338.88
706025,FL7024,6007,6025,2025-06-26,46584.1
706026,FL7025,6006,6003,2025-05-01,70213.28
706027,FL7026,6004,6011,2025-01-13,41764.95
706028,FL7027,6023,6014,2025-10-08,58293.75
706029,FL7028,6026,6004,2025-04-29,57206.06
706030,FL7029,6021,6009,2025-09-07,61745.02
706031,FL7030,6002,6024,2025-05-25,9411.48
706032,FL7031,6003,6011,2025-01-18,61442.1
706033,FL7032,6028,6026,2025-02-19,34747.71
706034,FL7033,6013,6018,2025-04-20,53132.37
706035,FL7034,6025,6011,2025-11-12,58898.77
706036,FL7035,6028,6026,2025-10-17,16018.36
706037,FL7036,6024,6005,2025-01-31,57220.0
706038,FL7037,6002,6008,2025-02-13,66649.25
706039,FL7038,6015,6016,2025-03-31,56889.89
706040,FL7039,6015,6004,2025-08-14,38112.91
706041,FL7040,6029,6002,2025-04-28,55185.54
706042,FL7041,6007,6010,2025-01-29,31457.54
706043,FL7042,6005,6009,2025-09-15,11683.42
706044,FL7043,6025,6025,2025-02-24,62509.87
706045,FL7044,6008,6010,2025-11-22,35571.37
706046,FL7045,6017,6018,2025-09-23,34653.81
706047,FL7046,6014,6028,2025-06-01,31951.52
706048,FL7047,6030,6005,2025-11-12,40350.78
706049,FL7048,6004,6002,2025-02-03,16393.74
706050,FL7049,6013,6001,2025-06-05,54199.23
706051,FL7050,6030,6012,2025-12-28,30003.59
706052,FL7051,6006,6002,2025-09-02,39336.75
706053,FL7052,6020,6030,2025-10-29,19851.39
706054,FL7053,6013,6026,2025-09-04,28125.28
706055,FL7054,6006,6017,2025-07-14,59417.54
706056,FL7055,6012,6021,2025-07-05,34352.15
706057,FL7056,6013,6021,2025-08-07,23048.1
706058,FL7057,6016,6029,2025-04-27,49134.25
706059,FL7058,6023,6014,2025-04-25,63037.3
706060,FL7059,6026,6024,2025-08-07,4290.99
706061,FL7060,6025,6005,2025-08-07,44620.39
706062,FL7061,6028,6024,2025-10-16,66736.4
706063,FL7062,6014,6029,2025-08-07,29675.29
706064,FL7063,6011,6017,2025-02-14,2641.28
706065,FL7064,6030,6012,2025-12-08,72994.51
706066,FL7065,6030,6001,2025-12-31,59163.66
706067,FL7066,6023,6006,2025-01-27,46881.3
706068,FL7067,6014,6017,2025-04-05,2681.58
706069,FL7068,6009,6009,2025-12-22,38630.34
706070,FL7069,6030,6012,2025-11-29,60854.93
706071,FL7070,6019,6026,2025-12-14,2951.25
706072,FL7071,6029,6005,2025-02-20,46257.99
706073,FL7072,6003,6025,2025-03-14,19780.56
706074,FL7073,6014,6018,2025-03-11,39204.38
706075,FL7074,6027,6026,2025-08-06,38642.09
706076,FL7075,6027,6026,2025-02-02,72327.89
706077,FL7076,6016,6010,2025-03-17,20915.1
706078,FL7077,6023,6008,2025-07-23,50306.66
706079,FL7078,6029,6025,2025-01-22,40111.26
706080,FL7079,6006,6027,2025-03-13,30955.65
706081,FL7080,6017,6001,2025-09-18,33245.3
706082,FL7081,6006,6024,2025-02-26,17391.2
706083,FL7082,6025,6001,2025-03-20,4230.2
706084,FL7083,6013,6005,2025-12-23,27498.5
706085,FL7084,6015,6001,2025-04-08,45839.82
706086,FL7085,6022,6014,2025-04-09,66679.43
706087,FL7086,6026,6020,2025-04-03,21575.64
706088,FL7087,6015,6010,2025-06-29,6319.38
706089,FL7088,6009,6018,2025-07-07,17838.37
706090,FL7089,6021,6013,2025-09-21,27794.75
706091,FL7090,6030,6003,2025-11-02,33963.99
706092,FL7091,6019,6009,2025-12-08,26860.93
706093,FL7092,6016,6002,2025-05-12,17245.13
706094,FL7093,6009,6024,2025-11-08,4937.65
706095,FL7094,6013,6006,2025-01-10,3763.35
706096,FL7095,6022,6029,2025-10-12,16534.92
706097,FL7096,6029,6003,2025-07-13,2840.84
706098,FL7097,6013,6025,2025-01-14,3920.29
706099,FL7098,6015,6012,2025-02-16,61585.69
706100,FL7099,6026,6013,2025-06-16,66021.25
706101,FL7100,6011,6002,2025-01-18,35761.68
706102,FL7101,6007,6005,2025-12-30,61219.8
706103,FL7102,6010,6022,2025-01-09,39326.64
706104,FL7103,6015,6014,2025-07-24,17271.9
706105,FL7104,6021,6018,2025-02-08,8224.35
706106,FL7105,6014,6013,2025-07-14,53150.27
706107,FL7106,6004,6017,2025-09-13,34806.87
706108,FL7107,6008,6005,2025-03-05,10893.23
706109,FL7108,6003,6028,2025-03-27,51176.96
706110,FL7109,6005,6019,2025-03-24,58672.52
706111,FL7110,6023,6001,2025-04-16,18421.52
706112,FL7111,6020,6007,2025-08-08,4104.86
706113,FL7112,6012,6022,2025-07-21,4731.97
706114,FL7113,6004,6006,2025-05-19,34705.78
706115,FL7114,6010,6020,2025-02-02,30898.82
706116,FL7115,6028,6007,2025-03-07,11026.75
706117,FL7116,6005,6003,2025-11-16,61408.1
706118,FL7117,6026,6015,2025-03-25,49613.21
706119,FL7118,6002,6010,2025-04-04,30503.98
706120,FL7119,6012,6021,2025-04-29,39415.56
706121,FL7120,6026,6009,2025-07-23,65155.62
706122,FL7121,6021,6024,2025-11-23,25509.86
706123,FL7122,6013,6008,2025-06-05,5515.07
706124,FL7123,6014,6020,2025-12-07,33690.91
706125,FL7124,6026,6005,2025-09-08,6454.94
706126,FL7125,6015,6012,2025-07-16,55323.12
706127,FL7126,6012,6007,2025-07-21,59454.37
706128,FL7127,6009,6029,2025-05-07,61826.55
706129,FL7128,6027,6006,2025-06-04,37491.63
706130,FL7129,6021,6021,2025-05-25,68186.86
706131,FL7130,6007,6024,2025-11-15,73937.33
706132,FL7131,6005,6007,2025-06-15,15584.49
706133,FL7132,6028,6015,2025-05-05,72923.53
706134,FL7133,6001,6005,2025-07-22,40614.46
706135,FL7134,6025,6016,2025-06-16,22060.77
706136,FL7135,6030,6013,2025-10-09,23882.63
706137,FL7136,6003,6003,2025-08-16,3190.65
706138,FL7137,6010,6005,2025-05-06,44621.75
706139,FL7138,6022,6029,2025-04-06,37182.15
706140,FL7139,6023,6029,2025-07-16,48783.12
706141,FL7140,6004,6001,2025-06-13,35115.11
706142,FL7141,6007,6001,2025-01-05,9898.27
706143,FL7142,6012,6005,2025-02-20,22042.42
706144,FL7143,6029,6022,2025-07-29,61503.34
706145,FL7144,6029,6001,2025-10-09,7441.69
706146,FL7145,6022,6004,2025-10-19,16519.74
706147,FL7146,6021,6004,2025-04-16,28641.84
706148,FL7147,6019,6014,2025-01-18,32151.64
706149,FL7148,6011,6027,2025-11-10,9835.88
706150,FL7149,6013,6007,2025-11-30,45130.61
706151,FL7150,6008,6016,2025-05-05,45151.45
706152,FL7151,6015,6002,2025-12-27,19859.4
706153,FL7152,6018,6006,2025-07-01,30206.58
706154,FL7153,6001,6015,2025-02-12,25940.72
706155,FL7154,6020,6009,2025-06-06,52283.67
706156,FL7155,6026,6014,2025-11-20,32799.42
706157,FL7156,6006,6017,2025-08-29,33941.53
706158,FL7157,6009,6030,2025-08-13,62068.21
706159,FL7158,6021,6026,2025-06-19,13432.77
706160,FL7159,6024,6018,2025-04-30,21293.91
706161,FL7160,6027,6023,2025-09-03,11253.4
706162,FL7161,6005,6026,2025-06-14,67968.01
706163,FL7162,6009,6018,2025-07-22,72736.44
706164,FL7163,6020,6026,2025-08-19,68438.86
706165,FL7164,6002,6018,2025-10-30,19183.31
706166,FL7165,6004,6013,2025-09-25,66617.51
706167,FL7166,6008,6002,2025-04-14,54581.57
706168,FL7167,6029,6021,2025-03-06,71010.44
706169,FL7168,6029,6014,2025-07-30,10070.63
706170,FL7169,6008,6015,2025-05-25,27779.89
706171,FL7170,6027,6009,2025-11-12,29073.43
706172,FL7171,6014,6016,2025-06-03,73019.18
706173,FL7172,6009,6025,2025-06-22,72505.0
706174,FL7173,6025,6023,2025-05-11,62813.97
706175,FL7174,6015,6022,2025-09-10,71849.19
706176,FL7175,6018,6030,2025-05-05,23967.97
706177,FL7176,6015,6022,2025-06-18,39998.35
706178,FL7177,6025,6004,2025-11-15,60105.8
706179,FL7178,6017,6005,2025-12-07,33559.87
706180,FL7179,6010,6030,2025-11-09,56688.38
706181,FL7180,6001,6014,2025-10-09,55164.36
706182,FL7181,6011,6008,2025-08-17,53727.43
706183,FL7182,6002,6020,2025-01-12,53390.84
706184,FL7183,6004,6013,2025-04-17,16111.68
706185,FL7184,6026,6009,2025-10-19,74248.87
706186,FL7185,6004,6006,2025-01-03,18578.79
706187,FL7186,6003,6021,2025-07-26,7596.15
706188,FL7187,6002,6022,2025-10-08,23617.94
706189,FL7188,6006,6006,2025-09-23,13193.82
706190,FL7189,6024,6006,2025-04-12,43863.55
706191,FL7190,6005,6016,2025-10-09,66005.78
706192,FL7191,6023,6023,2025-08-14,44399.71
706193,FL7192,6022,6030,2025-02-14,6106.85
706194,FL7193,6016,6014,2025-05-10,57275.11
706195,FL7194,6005,6015,2025-03-29,52842.28
706196,FL7195,6028,6014,2025-11-26,64412.67
706197,FL7196,6005,6009,2025-05-29,37470.7
706198,FL7197,6028,6025,2025-12-25,25000.68
706199,FL7198,6001,6012,2025-12-29,68279.61
706200,FL7199,6004,6010,2025-01-06,34055.82
706201,FL7200,6005,6017,2025-02-04,69490.96
706202,FL7201,6008,6022,2025-04-12,62846.63
706203,FL7202,6027,6025,2025-03-12,54687.68
706204,FL7203,6011,6007,2025-04-09,60602.78
706205,FL7204,6024,6014,2025-08-16,13869.87
706206,FL7205,6030,6003,2025-08-01,53504.7
706207,FL7206,6007,6019,2025-06-14,47901.69
706208,FL7207,6004,6018,2025-11-08,65673.48
706209,FL7208,6001,6029,2025-06-14,49761.92
706210,FL7209,6012,6007,2025-09-02,40269.07
706211,FL7210,6017,6008,2025-07-31,15018.57
706212,FL7211,6011,6022,2025-01-16,4978.99
706213,FL7212,6029,6017,2025-06-03,40036.76
706214,FL7213,6024,6028,2025-02-21,38160.59
706215,FL7214,6009,6006,2025-12-30,63938.52
706216,FL7215,6002,6023,2025-05-22,7147.4
706217,FL7216,6030,6014,2025-03-11,57586.63
706218,FL7217,6026,6028,2025-05-11,41393.35
706219,FL7218,6011,6010,2025-02-12,42185.53
706220,FL7219,6027,6010,2025-11-23,11927.86
706221,FL7220,6025,6001,2025-11-06,57217.11
706222,FL7221,6028,6011,2025-01-30,65225.11
706223,FL7222,6007,6026,2025-03-04,72471.52
706224,FL7223,6019,6028,2025-10-31,62542.11
706225,FL7224,6001,6030,2025-04-30,35189.76
706226,FL7225,6030,6015,2025-07-26,66712.83
706227,FL7226,6020,6022,2025-01-21,71961.08
706228,FL7227,6005,6007,2025-12-12,36257.39
706229,FL7228,6027,6010,2025-01-09,45501.1
706230,FL7229,6019,6007,2025-02-14,25275.01
706231,FL7230,6030,6010,2025-09-14,17918.07
706232,FL7231,6022,6027,2025-05-10,10417.28
706233,FL7232,6018,6013,2025-04-06,59509.36
706234,FL7233,6025,6019,2025-02-05,52881.32
706235,FL7234,6004,6026,2025-03-22,64038.19
706236,FL7235,6023,6002,2025-09-24,61832.49
706237,FL7236,6012,6019,2025-04-27,67614.97
706238,FL7237,6004,6029,2025-02-25,53940.48
706239,FL7238,6023,6008,2025-01-28,18277.83
706240,FL7239,6028,6021,2025-08-25,30636.34
706241,FL7240,6028,6015,2025-08-31,14775.15
706242,FL7241,6005,6017,2025-10-04,60854.33
706243,FL7242,6017,6005,2025-10-02,69605.34
706244,FL7243,6013,6017,2025-05-05,11646.78
706245,FL7244,6024,6012,2025-04-17,25970.7
706246,FL7245,6003,6021,2025-05-27,32303.31
706247,FL7246,6017,6026,2025-10-24,30578.0
706248,FL7247,6003,6024,2025-11-02,11899.99
706249,FL7248,6011,6022,2025-12-04,20891.27
706250,FL7249,6003,6025,2025-11-21,59150.91
706251,FL7250,6005,6024,2025-03-05,15185.56
706252,FL7251,6014,6010,2025-10-21,7575.15
706253,FL7252,6004,6027,2025-01-07,19948.53
706254,FL7253,6006,6009,2025-11-20,19425.54
706255,FL7254,6009,6024,2025-12-05,36046.25
706256,FL7255,6025,6023,2025-11-03,17157.99
706257,FL7256,6021,6024,2025-11-27,54669.41
706258,FL7257,6010,6013,2025-10-16,31821.27
706259,FL7258,6016,6002,2025-04-30,20856.02
706260,FL7259,6003,6030,2025-10-10,27976.41
706261,FL7260,6022,6022,2025-06-14,15115.65
706262,FL7261,6010,6022,2025-11-05,65240.51
706263,FL7262,6013,6005,2025-08-12,33821.54
706264,FL7263,6023,6024,2025-12-17,30380.97
706265,FL7264,6001,6008,2025-09-26,28516.97
706266,FL7265,6017,6003,2025-01-14,37230.94
706267,FL7266,6001,6021,2025-03-28,12126.5
706268,FL7267,6023,6021,2025-02-18,46255.89
706269,FL7268,6024,6015,2025-02-08,71629.59
706270,FL7269,6017,6029,2025-07-25,5917.17
706271,FL7270,6030,6005,2025-06-10,62141.61
706272,FL7271,6022,6029,2025-01-23,35241.74
706273,FL7272,6024,6030,2025-09-27,42261.14
706274,FL7273,6010,6015,2025-08-21,18068.87
706275,FL7274,6030,6007,2025-07-29,56252.45
706276,FL7275,6030,6004,2025-02-14,39441.97
706277,FL7276,6018,6021,2025-11-19,28102.46
706278,FL7277,6024,6028,2025-04-26,39469.15
706279,FL7278,6024,6026,2025-08-08,70585.89
706280,FL7279,6030,6029,2025-09-21,38341.8
706281,FL7280,6021,6005,2025-05-25,51670.73
706282,FL7281,6003,6028,2025-02-11,23196.21
706283,FL7282,6014,6003,2025-12-13,20060.92
706284,FL7283,6014,6003,2025-05-02,60603.03
706285,FL7284,6021,6011,2025-08-09,73685.43
706286,FL7285,6017,6010,2025-02-09,74531.46
706287,FL7286,6003,6018,2025-10-28,50891.41
706288,FL7287,6021,6028,2025-07-17,66840.45
706289,FL7288,6013,6021,2025-11-14,51977.95
706290,FL7289,6026,6029,2025-01-01,37498.97
706291,FL7290,6012,6030,2025-01-29,12929.61
706292,FL7291,6013,6016,2025-03-25,62877.66
706293,FL7292,6003,6012,2025-07-16,54299.43
706294,FL7293,6022,6012,2025-06-23,34731.38
706295,FL7294,6030,6002,2025-05-23,25501.19
706296,FL7295,6027,6002,2025-10-13,62589.03
706297,FL7296,6029,6020,2025-01-02,18980.2
706298,FL7297,6030,6028,2025-03-22,53201.98
706299,FL7298,6002,6024,2025-05-09,74309.69
706300,FL7299,6025,6026,2025-10-10,29078.3
706301,FL7300,6005,6018,2025-05-03,47237.8
706302,FL7301,6009,6003,2025-10-26,30261.33
706303,FL7302,6012,6001,2025-02-07,57113.79
706304,FL7303,6003,6005,2025-03-23,45917.97
706305,FL7304,6016,6017,2025-12-30,21596.49
706306,FL7305,6003,6007,2025-09-01,4637.34
706307,FL7306,6007,6005,2025-01-19,71943.48
706308,FL7307,6004,6027,2025-08-07,32720.37
706309,FL7308,6004,6012,2025-06-07,34995.97
706310,FL7309,6016,6023,2025-06-12,63238.46
706311,FL7310,6024,6013,2025-01-21,22922.19
706312,FL7311,6017,6011,2025-11-22,64801.87
706313,FL7312,6013,6022,2025-09-23,72122.2
706314,FL7313,6018,6002,2025-09-13,8086.96
706315,FL7314,6015,6007,2025-07-01,14768.98
706316,FL7315,6009,6002,2025-01-22,3437.94
706317,FL7316,6015,6027,2025-06-19,24099.32
706318,FL7317,6006,6004,2025-11-23,63131.33
706319,FL7318,6030,6014,2025-05-27,63239.43
706320,FL7319,6015,6018,2025-09-15,54024.0
706321,FL7320,6003,6003,2025-05-22,25172.54
706322,FL7321,6024,6014,2025-01-20,21103.43
706323,FL7322,6021,6016,2025-03-20,65809.26
706324,FL7323,6029,6007,2025-11-20,15353.18
706325,FL7324,6020,6013,2025-02-01,67514.25
706326,FL7325,6012,6016,2025-02-26,29099.4
706327,FL7326,6005,6016,2025-10-06,21882.63
706328,FL7327,6030,6016,2025-12-19,4355.15
706329,FL7328,6006,6013,2025-01-29,15190.83
706330,FL7329,6009,6016,2025-10-01,42584.39
706331,FL7330,6023,6027,2025-06-29,17115.11
706332,FL7331,6029,6006,2025-11-10,37296.82
706333,FL7332,6009,6003,2025-05-05,27462.32
706334,FL7333,6017,6023,2025-04-07,36073.23
706335,FL7334,6006,6015,2025-07-02,6588.52
706336,FL7335,6002,6007,2025-07-30,30217.65
706337,FL7336,6008,6008,2025-04-10,70887.26
706338,FL7337,6023,6001,2025-06-02,10129.35
706339,FL7338,6011,6010,2025-08-27,53972.63
706340,FL7339,6025,6018,2025-07-27,9827.55
706341,FL7340,6018,6004,2025-03-23,27973.41
706342,FL7341,6028,6021,2025-12-08,48297.46
706343,FL7342,6005,6026,2025-12-23,38300.58
706344,FL7343,6003,6010,2025-06-07,74580.19
706345,FL7344,6007,6025,2025-08-17,25436.93
706346,FL7345,6002,6016,2025-11-02,69909.62
706347,FL7346,6024,6008,2025-07-18,71930.84
706348,FL7347,6021,6027,2025-11-17,4419.2
706349,FL7348,6019,6021,2025-02-16,13059.3
706350,FL7349,6018,6019,2025-11-28,65311.0
706351,FL7350,6026,6003,2025-03-29,51086.21
706352,FL7351,6008,6022,2025-11-15,55899.98
706353,FL7352,6009,6005,2025-06-29,20486.64
706354,FL7353,6016,6010,2025-08-29,68859.46
706355,FL7354,6019,6002,2025-12-13,60220.49
706356,FL7355,6009,6013,2025-11-30,38098.27
706357,FL7356,6014,6022,2025-07-03,43255.11
706358,FL7357,6010,6013,2025-01-22,73285.96
706359,FL7358,6007,6021,2025-03-12,44673.11
706360,FL7359,6017,6007,2025-12-09,26765.04
706361,FL7360,6022,6009,2025-05-02,64175.62
706362,FL7361,6030,6030,2025-05-13,49652.36
706363,FL7362,6003,6014,2025-08-14,48762.03
706364,FL7363,6013,6004,2025-01-01,8734.37
706365,FL7364,6017,6013,2025-11-23,8653.07
706366,FL7365,6015,6022,2025-09-21,49939.7
706367,FL7366,6027,6008,2025-12-03,35467.83
706368,FL7367,6017,6018,2025-03-30,27230.7
706369,FL7368,6006,6001,2025-05-03,59685.81
706370,FL7369,6005,6004,2025-12-27,8030.21
706371,FL7370,6024,6018,2025-04-21,42151.56
706372,FL7371,6005,6020,2025-11-17,55258.18
706373,FL7372,6006,6007,2025-03-26,44528.55
706374,FL7373,6001,6019,2025-06-04,51781.45
706375,FL7374,6013,6016,2025-06-16,73685.76
706376,FL7375,6013,6015,2025-03-21,44726.78
706377,FL7376,6019,6023,2025-02-16,63939.25
706378,FL7377,6030,6004,2025-08-22,64188.75
706379,FL7378,6017,6021,2025-11-30,55618.52
706380,FL7379,6015,6012,2025-10-19,43115.45
706381,FL7380,6005,6020,2025-05-25,50907.74
706382,FL7381,6024,6003,2025-10-24,70662.57
706383,FL7382,6016,6017,2025-12-13,32890.55
706384,FL7383,6015,6022,2025-07-08,14643.94
706385,FL7384,6029,6028,2025-09-13,48089.57
706386,FL7385,6009,6002,2025-09-16,67464.98
706387,FL7386,6006,6014,2025-12-26,5943.8
706388,FL7387,6026,6004,2025-10-19,46108.38
706389,FL7388,6010,6010,2025-01-08,37258.61
706390,FL7389,6030,6001,2025-05-23,43752.55
706391,FL7390,6003,6019,2025-07-05,72510.94
706392,FL7391,6012,6011,2025-08-10,64258.74
706393,FL7392,6003,6017,2025-08-18,32992.83
706394,FL7393,6004,6011,2025-07-01,5400.84
706395,FL7394,6007,6027,2025-10-13,51782.07
706396,FL7395,6003,6001,2025-03-17,8774.75
706397,FL7396,6003,6025,2025-09-12,69070.41
706398,FL7397,6029,6030,2025-05-23,47148.38
706399,FL7398,6014,6001,2025-08-20,27404.34
706400,FL7399,6004,6013,2025-05-29,11974.17
706401,FL7400,6015,6020,2025-08-28,26881.94
706402,FL7401,6007,6006,2025-11-19,66762.17
706403,FL7402,6012,6030,2025-12-13,34952.5
706404,FL7403,6015,6002,2025-07-08,31469.15
706405,FL7404,6018,6004,2025-08-24,9492.44
706406,FL7405,6012,6011,2025-12-01,15353.71
706407,FL7406,6027,6004,2025-06-29,65192.29
706408,FL7407,6028,6005,2025-10-31,9603.47
706409,FL7408,6005,6004,2025-10-03,73299.91
706410,FL7409,6005,6027,2025-02-16,15028.02
706411,FL7410,6030,6014,2025-05-25,6689.52
706412,FL7411,6028,6005,2025-12-17,66030.65
706413,FL7412,6003,6008,2025-03-10,11464.78
706414,FL7413,6010,6010,2025-03-02,65062.78
706415,FL7414,6024,6014,2025-01-10,48762.83
706416,FL7415,6028,6011,2025-01-22,46763.92
706417,FL7416,6017,6012,2025-04-18,25712.99
706418,FL7417,6023,6018,2025-04-05,57424.15
706419,FL7418,6015,6004,2025-01-28,67804.75
706420,FL7419,6024,6016,2025-05-10,12963.06
706421,FL7420,6030,6016,2025-10-01,47249.13
706422,FL7421,6001,6004,2025-09-02,17508.4
706423,FL7422,6012,6003,2025-06-13,39124.48
706424,FL7423,6016,6001,2025-06-03,8714.98
706425,FL7424,6009,6021,2025-09-21,45038.15
706426,FL7425,6019,6012,2025-03-14,41421.76
706427,FL7426,6012,6023,2025-05-25,34327.64
706428,FL7427,6026,6021,2025-04-26,17739.82
706429,FL7428,6019,6022,2025-04-24,33793.52
706430,FL7429,6013,6005,2025-08-28,71806.78
706431,FL7430,6009,6028,2025-03-18,8917.82
706432,FL7431,6011,6022,2025-02-04,5674.38
706433,FL7432,6028,6015,2025-06-25,56571.4
706434,FL7433,6019,6026,2025-04-22,65314.07
706435,FL7434,6010,6006,2025-02-02,11716.93
706436,FL7435,6012,6027,2025-07-15,3414.36
706437,FL7436,6029,6013,2025-09-21,32831.38
706438,FL7437,6007,6010,2025-12-11,3823.23
706439,FL7438,6023,6029,2025-11-02,54772.65
706440,FL7439,6006,6026,2025-04-29,15148.46
706441,FL7440,6008,6014,2025-07-09,48841.82
706442,FL7441,6002,6018,2025-08-27,23514.91
706443,FL7442,6001,6028,2025-07-20,54128.62
706444,FL7443,6005,6022,2025-08-24,57964.38
706445,FL7444,6002,6014,2025-12-20,10506.78
706446,FL7445,6022,6029,2025-10-24,54485.64
706447,FL7446,6016,6020,2025-09-14,46343.81
706448,FL7447,6020,6018,2025-05-22,38366.65
706449,FL7448,6015,6001,2025-11-27,36731.94
706450,FL7449,6018,6005,2025-02-12,41168.13
706451,FL7450,6022,6005,2025-08-17,10105.99
706452,FL7451,6020,6013,2025-06-14,5078.95
706453,FL7452,6015,6023,2025-03-23,20060.76
706454,FL7453,6015,6002,2025-01-17,11956.9
706455,FL7454,6013,6022,2025-10-22,8456.7
706456,FL7455,6027,6020,2025-03-21,63556.44
706457,FL7456,6021,6027,2025-04-02,20623.7
706458,FL7457,6011,6004,2025-04-23,29726.61
706459,FL7458,6021,6009,2025-10-16,52757.57
706460,FL7459,6029,6016,2025-04-04,56305.01
706461,FL7460,6016,6008,2025-10-11,42114.68
706462,FL7461,6009,6029,2025-10-07,59147.31
706463,FL7462,6002,6008,2025-08-27,56323.02
706464,FL7463,6024,6015,2025-11-18,35708.99
706465,FL7464,6019,6029,2025-07-24,46843.24
706466,FL7465,6030,6017,2025-03-04,6313.64
706467,FL7466,6019,6008,2025-12-13,45410.81
706468,FL7467,6008,6009,2025-12-30,73160.3
706469,FL7468,6026,6012,2025-12-14,38314.44
706470,FL7469,6017,6016,2025-07-01,29159.23
706471,FL7470,6029,6015,2025-12-12,35922.34
706472,FL7471,6009,6023,2025-06-25,58931.81
706473,FL7472,6020,6020,2025-11-18,24787.22
706474,FL7473,6009,6007,2025-03-16,20261.32
706475,FL7474,6021,6004,2025-12-18,48320.54
706476,FL7475,6019,6014,2025-08-15,14321.17
706477,FL7476,6002,6006,2025-09-18,25805.76
706478,FL7477,6007,6003,2025-12-22,63381.81
706479,FL7478,6029,6008,2025-05-25,13803.16
706480,FL7479,6016,6023,2025-05-14,45184.2
706481,FL7480,6023,6009,2025-08-26,48532.84
706482,FL7481,6011,6004,2025-03-30,19413.63
706483,FL7482,6021,6016,2025-05-01,64551.93
706484,FL7483,6001,6016,2025-05-17,55532.8
706485,FL7484,6020,6014,2025-01-10,62152.29
706486,FL7485,6023,6019,2025-06-16,37068.35
706487,FL7486,6023,6005,2025-06-01,74402.99
706488,FL7487,6026,6008,2025-06-13,10424.45
706489,FL7488,6020,6026,2025-09-24,34194.49
706490,FL7489,6024,6015,2025-03-12,20278.62
706491,FL7490,6025,6024,2025-11-28,56536.73
706492,FL7491,6012,6012,2025-04-13,22337.82
706493,FL7492,6014,6029,2025-01-04,55957.28
706494,FL7493,6004,6005,2025-10-08,73179.46
706495,FL7494,6019,6007,2025-01-08,36836.45
706496,FL7495,6025,6010,2025-06-03,59453.75
706497,FL7496,6022,6028,2025-02-25,30880.22
706498,FL7497,6022,6027,2025-05-01,67144.99
706499,FL7498,6024,6002,2025-09-23,35514.43
706500,FL7499,6003,6020,2025-05-06,63828.55
706501,FL7500,6015,6005,2025-10-28,60656.31
706502,FL7501,6030,6029,2025-03-19,16146.26
706503,FL7502,6029,6016,2025-02-25,47107.99
706504,FL7503,6013,6020,2025-03-19,18402.08
706505,FL7504,6002,6013,2025-07-28,45243.67
706506,FL7505,6009,6018,2025-05-15,51174.36
706507,FL7506,6029,6026,2025-06-24,24308.14
706508,FL7507,6027,6017,2025-02-09,45001.26
706509,FL7508,6002,6030,2025-01-26,59330.03
706510,FL7509,6015,6004,2025-10-20,66278.44
706511,FL7510,6007,6017,2025-11-24,38978.12
706512,FL7511,6024,6024,2025-03-13,69114.34
706513,FL7512,6017,6023,2025-09-18,13041.69
706514,FL7513,6028,6010,2025-08-12,69061.48
706515,FL7514,6019,6005,2025-03-11,39822.79
706516,FL7515,6018,6016,2025-05-31,54723.74
706517,FL7516,6025,6002,2025-08-23,70249.95
706518,FL7517,6016,6011,2025-08-14,14397.22
706519,FL7518,6011,6023,2025-04-26,30455.36
706520,FL7519,6001,6023,2025-12-13,57228.16
706521,FL7520,6024,6018,2025-09-19,69761.48
706522,FL7521,6013,6029,2025-03-05,64954.11
706523,FL7522,6017,6005,2025-11-12,57364.15
706524,FL7523,6007,6028,2025-12-18,65146.16
706525,FL7524,6005,6005,2025-08-28,24818.44
706526,FL7525,6022,6029,2025-11-25,57882.78
706527,FL7526,6015,6025,2025-09-24,48942.01
706528,FL7527,6025,6015,2025-09-25,56748.23
706529,FL7528,6013,6010,2025-08-21,73899.9
706530,FL7529,6021,6027,2025-03-22,74505.86
706531,FL7530,6029,6018,2025-05-31,42332.4
706532,FL7531,6019,6018,2025-10-03,43681.01
706533,FL7532,6025,6016,2025-07-01,48236.89
706534,FL7533,6004,6021,2025-10-04,37784.29
706535,FL7534,6004,6009,2025-08-07,11570.76
706536,FL7535,6011,6028,2025-05-16,73437.62
706537,FL7536,6029,6028,2025-07-20,21084.41
706538,FL7537,6010,6028,2025-03-07,50750.73
706539,FL7538,6006,6021,2025-09-18,36999.87
706540,FL7539,6008,6016,2025-02-22,26326.12
706541,FL7540,6017,6027,2025-12-07,42757.62
706542,FL7541,6017,6025,2025-01-08,31897.03
706543,FL7542,6011,6028,2025-12-15,12162.78
706544,FL7543,6027,6008,2025-01-31,67956.78
706545,FL7544,6004,6017,2025-03-13,58459.02
706546,FL7545,6028,6003,2025-03-25,26370.96
706547,FL7546,6026,6011,2025-08-16,69460.08
706548,FL7547,6017,6015,2025-04-04,20485.67
706549,FL7548,6013,6025,2025-08-24,38885.59
706550,FL7549,6002,6007,2025-12-20,71209.87
706551,FL7550,6023,6014,2025-05-22,16888.64
706552,FL7551,6010,6027,2025-09-18,31038.77
706553,FL7552,6018,6009,2025-06-26,42133.41
706554,FL7553,6009,6008,2025-03-22,5683.5
706555,FL7554,6001,6024,2025-10-29,17722.8
706556,FL7555,6009,6011,2025-02-11,29128.7
706557,FL7556,6008,6005,2025-09-29,23141.9
706558,FL7557,6020,6024,2025-07-20,56978.91
706559,FL7558,6017,6004,2025-08-29,19194.99
706560,FL7559,6003,6015,2025-06-16,58245.19
706561,FL7560,6018,6015,2025-04-02,35067.53
706562,FL7561,6011,6002,2025-07-21,21141.59
706563,FL7562,6001,6008,2025-08-07,10158.05
706564,FL7563,6023,6007,2025-12-29,47981.12
706565,FL7564,6021,6024,2025-04-08,9136.77
706566,FL7565,6007,6019,2025-05-08,11910.94
706567,FL7566,6025,6003,2025-06-09,64108.99
706568,FL7567,6005,6017,2025-02-14,6260.99
706569,FL7568,6021,6012,2025-08-17,57237.33
706570,FL7569,6022,6009,2025-07-08,7371.83
706571,FL7570,6019,6028,2025-03-04,74600.79
706572,FL7571,6023,6005,2025-01-11,2959.46
706573,FL7572,6024,6029,2025-08-08,71934.99
706574,FL7573,6005,6028,2025-06-07,66063.05
706575,FL7574,6005,6018,2025-04-17,47481.06
706576,FL7575,6002,6023,2025-10-10,59081.62
706577,FL7576,6025,6005,2025-07-17,29506.28
706578,FL7577,6015,6003,2025-12-09,50513.76
706579,FL7578,6015,6002,2025-11-01,44725.65
706580,FL7579,6016,6007,2025-03-03,43444.01
706581,FL7580,6012,6013,2025-01-09,28080.91
706582,FL7581,6012,6001,2025-09-12,71444.4
706583,FL7582,6023,6023,2025-06-29,36642.56
706584,FL7583,6007,6021,2025-09-14,72441.7
706585,FL7584,6018,6015,2025-03-17,2798.94
706586,FL7585,6012,6022,2025-05-26,61955.07
706587,FL7586,6005,6030,2025-10-28,55854.47
706588,FL7587,6024,6005,2025-02-04,52866.01
706589,FL7588,6021,6015,2025-12-05,70032.16
706590,FL7589,6006,6010,2025-03-03,16745.26
706591,FL7590,6005,6006,2025-01-03,6797.11
706592,FL7591,6025,6021,2025-03-20,65426.56
706593,FL7592,6030,6004,2025-06-30,31026.36
706594,FL7593,6015,6026,2025-03-18,53758.9
706595,FL7594,6023,6025,2025-05-24,36912.66
706596,FL7595,6013,6030,2025-05-13,68091.65
706597,FL7596,6015,6008,2025-06-27,66504.95
706598,FL7597,6007,6013,2025-12-23,50702.35
706599,FL7598,6009,6030,2025-10-17,40330.4
706600,FL7599,6011,6008,2025-11-24,38541.79
706601,FL7600,6021,6030,2025-03-02,59677.48
706602,FL7601,6018,6018,2025-02-27,39758.08
706603,FL7602,6017,6010,2025-06-06,48050.85
706604,FL7603,6006,6020,2025-10-19,30703.91
706605,FL7604,6012,6007,2025-09-21,4777.24
706606,FL7605,6029,6006,2025-08-19,25634.54
706607,FL7606,6003,6009,2025-10-03,5592.91
706608,FL7607,6015,6014,2025-12-14,45885.45
706609,FL7608,6003,6024,2025-08-20,72461.03
706610,FL7609,6009,6012,2025-01-18,20767.24
706611,FL7610,6004,6009,2025-11-17,47958.75
706612,FL7611,6014,6027,2025-03-27,17262.33
706613,FL7612,6006,6004,2025-07-10,70107.0
706614,FL7613,6028,6003,2025-06-09,4773.25
706615,FL7614,6001,6028,2025-04-25,9343.24
706616,FL7615,6006,6012,2025-11-02,54074.19
706617,FL7616,6030,6009,2025-08-25,33521.58
706618,FL7617,6027,6003,2025-07-13,10333.27
706619,FL7618,6004,6015,2025-11-04,36576.83
706620,FL7619,6008,6009,2025-11-28,2556.23
706621,FL7620,6003,6024,2025-03-22,43445.92
706622,FL7621,6019,6009,2025-09-17,69870.55
706623,FL7622,6017,6022,2025-10-20,71821.52
706624,FL7623,6003,6006,2025-05-09,30352.84
706625,FL7624,6024,6020,2025-02-07,65103.63
706626,FL7625,6028,6004,2025-10-11,71362.18
706627,FL7626,6016,6005,2025-07-17,22127.89
706628,FL7627,6027,6014,2025-02-23,70115.42
706629,FL7628,6014,6025,2025-01-29,35136.7
706630,FL7629,6018,6006,2025-03-11,68389.48
706631,FL7630,6019,6028,2025-06-10,33858.58
706632,FL7631,6018,6022,2025-04-08,46201.14
706633,FL7632,6023,6019,2025-08-01,64846.3
706634,FL7633,6010,6003,2025-09-21,11052.12
706635,FL7634,6019,6026,2025-01-28,30314.82
706636,FL7635,6007,6025,2025-08-13,33260.46
706637,FL7636,6005,6018,2025-01-26,18038.96
706638,FL7637,6026,6015,2025-12-24,54079.18
706639,FL7638,6029,6005,2025-07-19,21574.69
706640,FL7639,6019,6007,2025-10-15,11862.4
706641,FL7640,6013,6009,2025-03-07,62400.42
706642,FL7641,6014,6016,2025-07-15,27964.62
706643,FL7642,6005,6025,2025-01-08,4407.63
706644,FL7643,6004,6010,2025-09-28,55773.61
706645,FL7644,6007,6003,2025-07-12,54591.9
706646,FL7645,6003,6028,2025-07-26,62172.55
706647,FL7646,6005,6023,2025-04-21,27695.54
706648,FL7647,6014,6007,2025-08-01,47601.6
706649,FL7648,6011,6006,2025-12-01,41777.24
706650,FL7649,6025,6015,2025-12-13,68128.19
706651,FL7650,6007,6013,2025-04-03,35442.88
706652,FL7651,6028,6028,2025-04-16,47536.91
706653,FL7652,6019,6022,2025-12-12,43985.77
706654,FL7653,6030,6027,2025-03-29,37849.36
706655,FL7654,6003,6017,2025-04-24,11953.84
706656,FL7655,6008,6021,2025-04-26,62071.86
706657,FL7656,6029,6011,2025-02-07,16137.54
706658,FL7657,6008,6028,2025-09-24,46843.93
706659,FL7658,6025,6016,2025-01-02,5120.27
706660,FL7659,6026,6002,2025-04-10,50937.11
706661,FL7660,6011,6004,2025-04-05,26934.88
706662,FL7661,6011,6028,2025-08-21,11099.89
706663,FL7662,6020,6003,2025-10-19,37576.6
706664,FL7663,6018,6004,2025-10-02,7832.79
706665,FL7664,6028,6009,2025-02-06,24802.27
706666,FL7665,6020,6023,2025-11-21,71165.24
706667,FL7666,6022,6019,2025-07-26,57568.65
706668,FL7667,6015,6011,2025-01-31,62560.69
706669,FL7668,6021,6027,2025-10-30,58839.88
706670,FL7669,6004,6002,2025-10-31,33160.76
706671,FL7670,6003,6022,2025-02-17,14256.36
706672,FL7671,6029,6026,2025-10-06,59867.44
706673,FL7672,6028,6020,2025-03-14,11337.19
706674,FL7673,6002,6024,2025-09-27,20939.72
706675,FL7674,6027,6007,2025-01-13,18369.47
706676,FL7675,6014,6027,2025-01-10,11144.21
706677,FL7676,6027,6016,2025-12-09,32663.35
706678,FL7677,6019,6017,2025-06-26,58161.6
706679,FL7678,6024,6015,2025-09-10,67352.93
706680,FL7679,6010,6024,2025-10-14,52253.12
706681,FL7680,6006,6016,2025-08-05,43484.05
706682,FL7681,6001,6015,2025-10-26,40032.4
706683,FL7682,6008,6026,2025-10-15,39596.13
706684,FL7683,6015,6021,2025-11-25,57420.14
706685,FL7684,6003,6021,2025-05-03,51969.23
706686,FL7685,6023,6001,2025-05-02,3728.53
706687,FL7686,6025,6019,2025-10-14,70627.96
706688,FL7687,6019,6013,2025-05-05,22198.73
706689,FL7688,6016,6014,2025-11-26,13784.16
706690,FL7689,6018,6009,2025-11-23,64629.69
706691,FL7690,6027,6027,2025-04-30,31289.21
706692,FL7691,6004,6019,2025-06-13,64713.94
706693,FL7692,6025,6010,2025-09-12,63109.45
706694,FL7693,6012,6027,2025-08-02,65976.94
706695,FL7694,6007,6011,2025-07-14,50341.68
706696,FL7695,6010,6027,2025-12-15,64769.37
706697,FL7696,6007,6006,2025-04-17,67160.09
706698,FL7697,6002,6010,2025-07-09,26951.42
706699,FL7698,6020,6008,2025-09-21,11986.71
706700,FL7699,6030,6023,2025-03-15,52529.68
706701,FL7700,6028,6002,2025-11-22,24880.4
706702,FL7701,6009,6024,2025-04-07,52523.84
706703,FL7702,6007,6028,2025-11-25,66361.86
706704,FL7703,6006,6001,2025-09-05,44831.84
706705,FL7704,6020,6008,2025-04-15,4172.18
706706,FL7705,6030,6018,2025-09-20,6321.47
706707,FL7706,6022,6011,2025-10-03,59546.28
706708,FL7707,6022,6025,2025-11-22,6497.07
706709,FL7708,6018,6013,2025-07-17,60741.1
706710,FL7709,6012,6003,2025-06-23,68448.18
706711,FL7710,6023,6005,2025-02-04,59498.82
706712,FL7711,6010,6013,2025-12-08,73550.45
706713,FL7712,6030,6025,2025-03-22,73762.22
706714,FL7713,6005,6030,2025-02-04,19698.33
706715,FL7714,6025,6015,2025-10-05,59201.6
706716,FL7715,6017,6018,2025-11-03,43137.22
706717,FL7716,6003,6015,2025-04-18,33384.11
706718,FL7717,6014,6022,2025-07-22,41488.78
706719,FL7718,6023,6017,2025-08-22,45585.98
706720,FL7719,6017,6002,2025-02-10,8225.56
706721,FL7720,6014,6003,2025-01-24,69506.3
706722,FL7721,6018,6007,2025-04-22,23728.36
706723,FL7722,6004,6004,2025-02-04,63720.76
706724,FL7723,6021,6018,2025-11-27,37706.55
706725,FL7724,6007,6018,2025-06-04,27291.51
706726,FL7725,6015,6029,2025-12-09,50727.62
706727,FL7726,6016,6015,2025-12-05,30265.51
706728,FL7727,6017,6016,2025-03-08,5775.45
706729,FL7728,6028,6009,2025-06-20,69806.96
706730,FL7729,6028,6022,2025-07-23,41422.83
706731,FL7730,6016,6007,2025-08-29,71030.16
706732,FL7731,6016,6019,2025-06-06,4579.5
706733,FL7732,6018,6014,2025-06-28,70541.6
706734,FL7733,6004,6024,2025-09-01,11744.28
706735,FL7734,6006,6020,2025-08-28,32678.12
706736,FL7735,6015,6008,2025-06-17,52938.09
706737,FL7736,6001,6029,2025-09-09,52715.35
706738,FL7737,6001,6010,2025-04-21,21332.91
706739,FL7738,6008,6029,2025-04-17,32303.2
706740,FL7739,6027,6001,2025-09-05,38926.27
706741,FL7740,6008,6026,2025-11-04,41720.04
706742,FL7741,6027,6006,2025-07-13,48476.17
706743,FL7742,6017,6002,2025-11-20,39726.09
706744,FL7743,6013,6005,2025-10-05,69326.23
706745,FL7744,6003,6013,2025-06-04,7165.48
706746,FL7745,6012,6009,2025-09-30,38651.05
706747,FL7746,6020,6010,2025-08-19,67286.1
706748,FL7747,6013,6022,2025-12-01,64253.39
706749,FL7748,6006,6026,2025-01-24,22551.79
706750,FL7749,6030,6001,2025-05-09,14189.02
706751,FL7750,6004,6001,2025-05-16,38242.7
706752,FL7751,6004,6027,2025-05-24,72397.79
706753,FL7752,6020,6004,2025-08-05,74404.46
706754,FL7753,6015,6024,2025-02-09,35827.76
706755,FL7754,6006,6021,2025-06-18,23031.61
706756,FL7755,6028,6012,2025-09-23,26991.62
706757,FL7756,6008,6003,2025-11-11,71561.58
706758,FL7757,6006,6015,2025-11-07,12973.83
706759,FL7758,6011,6008,2025-11-22,6775.81
706760,FL7759,6022,6020,2025-01-07,65340.15
706761,FL7760,6017,6009,2025-06-18,26932.78
706762,FL7761,6025,6024,2025-12-20,35801.05
706763,FL7762,6029,6028,2025-07-12,48967.86
706764,FL7763,6017,6024,2025-12-09,17199.56
706765,FL7764,6013,6018,2025-06-15,59613.27
706766,FL7765,6023,6012,2025-05-01,40074.83
706767,FL7766,6009,6014,2025-12-27,18327.85
706768,FL7767,6020,6019,2025-01-30,8114.4
706769,FL7768,6025,6023,2025-11-24,13601.47
706770,FL7769,6011,6027,2025-06-09,8616.25
706771,FL7770,6009,6022,2025-12-14,36473.0
706772,FL7771,6010,6003,2025-01-07,56317.78
706773,FL7772,6015,6023,2025-12-09,37777.49
706774,FL7773,6002,6014,2025-02-17,39251.74
706775,FL7774,6021,6026,2025-03-22,64827.42
706776,FL7775,6030,6011,2025-04-16,72538.59
706777,FL7776,6021,6009,2025-12-21,44682.48
706778,FL7777,6003,6013,2025-12-28,29309.58
706779,FL7778,6013,6018,2025-03-01,37065.64
706780,FL7779,6026,6028,2025-10-23,8217.49
706781,FL7780,6027,6027,2025-06-14,11754.98
706782,FL7781,6027,6012,2025-06-17,68742.24
706783,FL7782,6016,6010,2025-05-21,12513.64
706784,FL7783,6025,6026,2025-09-09,42294.99
706785,FL7784,6005,6028,2025-07-31,51029.41
706786,FL7785,6027,6018,2025-01-31,48512.53
706787,FL7786,6015,6017,2025-08-01,37965.89
706788,FL7787,6016,6024,2025-03-26,7812.94
706789,FL7788,6021,6016,2025-06-16,34481.61
706790,FL7789,6027,6024,2025-08-10,56518.68
706791,FL7790,6029,6021,2025-06-11,16104.73
706792,FL7791,6024,6014,2025-02-17,46284.74
706793,FL7792,6022,6028,2025-01-23,65205.32
706794,FL7793,6011,6015,2025-11-01,24598.9
706795,FL7794,6015,6019,2025-12-10,4970.54
706796,FL7795,6008,6030,2025-05-09,50272.2
706797,FL7796,6004,6005,2025-11-27,69837.8
706798,FL7797,6027,6010,2025-10-24,54029.19
706799,FL7798,6008,6009,2025-03-27,45795.61
706800,FL7799,6023,6011,2025-05-17,8660.57
706801,FL7800,6008,6027,2025-03-18,28318.23
706802,FL7801,6001,6011,2025-04-21,45740.72
706803,FL7802,6010,6012,2025-12-29,11540.5
706804,FL7803,6013,6001,2025-03-05,45188.97
706805,FL7804,6029,6028,2025-05-13,21597.98
706806,FL7805,6026,6004,2025-03-28,37615.77
706807,FL7806,6027,6009,2025-11-22,69319.29
706808,FL7807,6024,6007,2025-02-27,14374.5
706809,FL7808,6003,6007,2025-02-04,9821.91
706810,FL7809,6029,6020,2025-12-10,39764.63
706811,FL7810,6009,6013,2025-04-30,25816.8
706812,FL7811,6028,6027,2025-05-15,39726.5
706813,FL7812,6023,6008,2025-09-29,24880.16
706814,FL7813,6003,6001,2025-09-27,71745.39
706815,FL7814,6006,6014,2025-07-14,8868.45
706816,FL7815,6019,6017,2025-02-10,39468.53
706817,FL7816,6012,6025,2025-08-29,25046.27
706818,FL7817,6005,6023,2025-07-20,49273.9
706819,FL7818,6008,6010,2025-08-29,21617.57
706820,FL7819,6027,6016,2025-10-26,62870.72
706821,FL7820,6021,6021,2025-04-22,22904.01
706822,FL7821,6007,6004,2025-07-25,66546.25
706823,FL7822,6012,6015,2025-12-16,43089.62
706824,FL7823,6009,6017,2025-07-30,67210.21
706825,FL7824,6012,6010,2025-01-22,67713.96
706826,FL7825,6011,6004,2025-04-14,26796.37
706827,FL7826,6018,6019,2025-06-15,22804.55
706828,FL7827,6012,6024,2025-08-28,66095.11
706829,FL7828,6021,6024,2025-12-16,39879.63
706830,FL7829,6023,6001,2025-01-22,45512.92
706831,FL7830,6016,6028,2025-11-30,68126.95
706832,FL7831,6030,6019,2025-05-06,35154.14
706833,FL7832,6004,6030,2025-07-16,55820.66
706834,FL7833,6006,6023,2025-09-21,45647.81
706835,FL7834,6006,6009,2025-08-13,44947.49
706836,FL7835,6026,6020,2025-11-28,15227.31
706837,FL7836,6015,6024,2025-10-24,20748.96
706838,FL7837,6020,6014,2025-11-22,74205.06
706839,FL7838,6024,6017,2025-12-30,60695.85
706840,FL7839,6029,6010,2025-12-25,38735.22
706841,FL7840,6001,6003,2025-05-23,10374.63
706842,FL7841,6013,6021,2025-02-04,74408.1
706843,FL7842,6020,6010,2025-12-23,20853.5
706844,FL7843,6010,6020,2025-12-22,31763.73
706845,FL7844,6023,6008,2025-12-12,14750.48
706846,FL7845,6008,6025,2025-10-26,55367.12
706847,FL7846,6027,6008,2025-09-29,47464.86
706848,FL7847,6030,6008,2025-05-23,66791.13
706849,FL7848,6026,6010,2025-08-30,45885.88
706850,FL7849,6016,6004,2025-02-05,72257.21
706851,FL7850,6001,6001,2025-12-15,43101.11
706852,FL7851,6003,6024,2025-03-11,48646.98
706853,FL7852,6022,6025,2025-03-23,54678.32
706854,FL7853,6017,6011,2025-11-25,19073.27
706855,FL7854,6026,6021,2025-11-10,42158.81
706856,FL7855,6022,6009,2025-03-30,58389.41
706857,FL7856,6009,6019,2025-09-12,12702.95
706858,FL7857,6011,6008,2025-08-27,47492.35
706859,FL7858,6003,6026,2025-01-05,26908.98
706860,FL7859,6009,6007,2025-11-06,45239.35
706861,FL7860,6030,6004,2025-08-10,73521.77
706862,FL7861,6020,6014,2025-12-10,24552.32
706863,FL7862,6019,6010,2025-11-02,58496.28
706864,FL7863,6024,6027,2025-05-16,41150.86
706865,FL7864,6027,6029,2025-08-25,2648.08
706866,FL7865,6017,6018,2025-02-27,7964.11
706867,FL7866,6022,6002,2025-06-23,72544.65
706868,FL7867,6029,6015,2025-07-08,57303.6
706869,FL7868,6023,6012,2025-07-17,21056.16
706870,FL7869,6012,6014,2025-10-03,34828.14
706871,FL7870,6015,6004,2025-06-09,26352.22
706872,FL7871,6019,6015,2025-10-30,69232.05
706873,FL7872,6028,6019,2025-02-01,12184.25
706874,FL7873,6010,6007,2025-05-02,66915.77
706875,FL7874,6001,6008,2025-08-26,32430.78
706876,FL7875,6027,6016,2025-05-14,40859.71
706877,FL7876,6005,6023,2025-07-16,68343.86
706878,FL7877,6005,6008,2025-09-04,10273.34
706879,FL7878,6013,6021,2025-07-11,46521.19
706880,FL7879,6018,6001,2025-04-20,5847.44
706881,FL7880,6024,6011,2025-06-04,31556.24
706882,FL7881,6003,6016,2025-12-25,8451.48
706883,FL7882,6023,6013,2025-11-10,20892.54
706884,FL7883,6002,6017,2025-12-03,56097.95
706885,FL7884,6015,6017,2025-04-21,24539.78
706886,FL7885,6007,6024,2025-10-18,35501.36
706887,FL7886,6024,6001,2025-10-16,26999.98
706888,FL7887,6012,6023,2025-12-23,7179.98
706889,FL7888,6029,6019,2025-09-06,41844.54
706890,FL7889,6007,6012,2025-10-28,66711.68
706891,FL7890,6019,6010,2025-04-28,19249.91
706892,FL7891,6007,6018,2025-04-05,66267.91
706893,FL7892,6006,6028,2025-08-22,66239.22
706894,FL7893,6012,6021,2025-03-14,56494.65
706895,FL7894,6013,6023,2025-10-09,60519.24
706896,FL7895,6008,6016,2025-05-06,67207.62
706897,FL7896,6022,6029,2025-05-05,27119.51
706898,FL7897,6008,6027,2025-01-28,64186.21
706899,FL7898,6027,6005,2025-12-12,15657.07
706900,FL7899,6010,6030,2025-12-19,15025.15
706901,FL7900,6018,6007,2025-05-30,15744.34
706902,FL7901,6005,6016,2025-02-21,55907.22
706903,FL7902,6019,6016,2025-07-29,20189.12
706904,FL7903,6004,6015,2025-09-23,74604.92
706905,FL7904,6012,6016,2025-03-20,18426.48
706906,FL7905,6007,6011,2025-11-07,69013.1
706907,FL7906,6025,6025,2025-03-25,56678.85
706908,FL7907,6016,6024,2025-02-26,15049.46
706909,FL7908,6025,6011,2025-02-18,51758.18
706910,FL7909,6019,6004,2025-08-10,22952.56
706911,FL7910,6019,6015,2025-04-18,63205.42
706912,FL7911,6019,6018,2025-10-15,61012.63
706913,FL7912,6001,6016,2025-01-20,38429.74
706914,FL7913,6013,6023,2025-04-13,63709.79
706915,FL7914,6017,6020,2025-03-21,57455.93
706916,FL7915,6002,6014,2025-08-27,58302.11
706917,FL7916,6020,6003,2025-11-20,27775.04
706918,FL7917,6011,6026,2025-03-18,35922.62
706919,FL7918,6030,6014,2025-03-06,2950.56
706920,FL7919,6030,6024,2025-11-06,64631.38
706921,FL7920,6006,6015,2025-03-10,27341.0
706922,FL7921,6020,6013,2025-06-15,36689.82
706923,FL7922,6019,6014,2025-12-08,43077.52
706924,FL7923,6008,6011,2025-06-20,44577.2
706925,FL7924,6014,6010,2025-11-24,31434.42
706926,FL7925,6017,6003,2025-11-20,55601.35
706927,FL7926,6018,6003,2025-05-25,71012.76
706928,FL7927,6030,6020,2025-11-30,65140.55
706929,FL7928,6009,6022,2025-08-15,42876.13
706930,FL7929,6017,6022,2025-01-21,30403.16
706931,FL7930,6024,6001,2025-06-13,58475.03
706932,FL7931,6015,6022,2025-10-31,43004.76
706933,FL7932,6003,6030,2025-04-21,67717.6
706934,FL7933,6013,6025,2025-08-08,15072.59
706935,FL7934,6030,6030,2025-03-08,28431.6
706936,FL7935,6021,6028,2025-11-04,16108.86
706937,FL7936,6012,6017,2025-02-24,71155.01
706938,FL7937,6007,6017,2025-01-15,72874.16
706939,FL7938,6002,6016,2025-02-27,44367.63
706940,FL7939,6008,6018,2025-01-06,65352.25
706941,FL7940,6014,6024,2025-09-25,30225.42
706942,FL7941,6012,6027,2025-06-28,19311.77
706943,FL7942,6014,6007,2025-08-20,36774.6
706944,FL7943,6007,6001,2025-11-03,8056.09
706945,FL7944,6028,6011,2025-10-05,24460.22
706946,FL7945,6022,6012,2025-07-20,4548.76
706947,FL7946,6024,6029,2025-12-03,4457.76
706948,FL7947,6024,6004,2025-11-03,59532.79
706949,FL7948,6011,6005,2025-09-24,36516.77
706950,FL7949,6016,6026,2025-09-22,60667.62
706951,FL7950,6004,6019,2025-03-27,59953.84
706952,FL7951,6024,6007,2025-03-31,46163.87
706953,FL7952,6018,6010,2025-11-06,69705.19
706954,FL7953,6004,6008,2025-02-02,18134.16
706955,FL7954,6002,6004,2025-07-02,19888.05
706956,FL7955,6025,6019,2025-02-10,15680.89
706957,FL7956,6025,6026,2025-08-10,34501.09
706958,FL7957,6006,6004,2025-08-11,9737.6
706959,FL7958,6004,6020,2025-09-14,60088.37
706960,FL7959,6030,6001,2025-11-16,68665.64
706961,FL7960,6024,6014,2025-03-16,60839.65
706962,FL7961,6014,6022,2025-08-15,44875.89
706963,FL7962,6014,6010,2025-11-11,32678.57
706964,FL7963,6029,6006,2025-03-08,43024.99
706965,FL7964,6003,6012,2025-12-04,56961.62
706966,FL7965,6006,6028,2025-12-30,47359.73
706967,FL7966,6007,6018,2025-09-30,18184.13
706968,FL7967,6015,6005,2025-01-14,12672.45
706969,FL7968,6007,6005,2025-11-22,12312.5
706970,FL7969,6001,6001,2025-05-01,37210.18
706971,FL7970,6013,6004,2025-12-06,42421.42
706972,FL7971,6019,6026,2025-01-12,65719.23
706973,FL7972,6006,6010,2025-02-20,45551.38
706974,FL7973,6003,6007,2025-10-24,13751.21
706975,FL7974,6024,6002,2025-06-27,13800.33
706976,FL7975,6003,6026,2025-11-17,66781.21
706977,FL7976,6022,6003,2025-01-16,37674.37
706978,FL7977,6028,6004,2025-07-27,43535.16
706979,FL7978,6028,6027,2025-01-23,59327.93
706980,FL7979,6007,6026,2025-08-11,23033.42
706981,FL7980,6021,6018,2025-04-10,31233.23
706982,FL7981,6003,6028,2025-05-23,45421.9
706983,FL7982,6012,6004,2025-04-15,6509.45
706984,FL7983,6020,6010,2025-07-18,7131.07
706985,FL7984,6024,6025,2025-03-27,42429.96
706986,FL7985,6013,6026,2025-09-24,31808.79
706987,FL7986,6017,6026,2025-11-20,54453.06
706988,FL7987,6022,6017,2025-06-30,27368.69
706989,FL7988,6009,6027,2025-04-01,11404.27
706990,FL7989,6014,6003,2025-09-28,38246.21
706991,FL7990,6025,6016,2025-06-04,58448.8
706992,FL7991,6008,6030,2025-09-19,26812.24
706993,FL7992,6017,6002,2025-07-30,3637.73
706994,FL7993,6030,6019,2025-05-24,32118.18
706995,FL7994,6016,6017,2025-08-26,31537.19
706996,FL7995,6003,6022,2025-08-06,56809.42
706997,FL7996,6020,6022,2025-01-09,5952.73
706998,FL7997,6007,6029,2025-11-06,69928.36
706999,FL7998,6012,6015,2025-03-31,43384.4
707000,FL7999,6003,6016,2025-12-14,23939.49
707001,FL8000,6029,6014,2025-06-17,32447.53
707002,FL8001,6026,6003,2025-08-06,27498.13
707003,FL8002,6028,6018,2025-01-10,42997.31
707004,FL8003,6027,6021,2025-05-06,18677.63
707005,FL8004,6010,6030,2025-01-25,38320.41
707006,FL8005,6025,6003,2025-08-29,24822.06
707007,FL8006,6018,6011,2025-10-05,66331.77
707008,FL8007,6006,6010,2025-10-26,20724.18
707009,FL8008,6020,6017,2025-01-06,62375.83
707010,FL8009,6009,6011,2025-05-10,6642.41
707011,FL8010,6003,6003,2025-07-27,63449.57
707012,FL8011,6027,6030,2025-01-07,36116.22
707013,FL8012,6012,6023,2025-03-19,45079.26
707014,FL8013,6028,6010,2025-07-20,57896.7
707015,FL8014,6027,6020,2025-06-23,11885.34
707016,FL8015,6023,6023,2025-09-07,26385.22
707017,FL8016,6027,6010,2025-03-01,44485.64
707018,FL8017,6020,6008,2025-07-11,58522.91
707019,FL8018,6007,6024,2025-12-11,71332.36
707020,FL8019,6026,6014,2025-02-19,29290.59
707021,FL8020,6008,6004,2025-09-26,50224.11
707022,FL8021,6021,6017,2025-04-09,4500.07
707023,FL8022,6007,6026,2025-04-10,60625.44
707024,FL8023,6014,6014,2025-01-14,45799.46
707025,FL8024,6010,6030,2025-10-24,54296.68
707026,FL8025,6004,6029,2025-10-10,52770.61
707027,FL8026,6030,6023,2025-06-26,41204.04
707028,FL8027,6002,6001,2025-11-18,35313.65
707029,FL8028,6003,6021,2025-10-12,59730.22
707030,FL8029,6007,6015,2025-01-01,59499.24
707031,FL8030,6021,6017,2025-12-15,23397.09
707032,FL8031,6003,6007,2025-04-02,7509.47
707033,FL8032,6015,6021,2025-01-31,53047.3
707034,FL8033,6025,6002,2025-07-31,30376.99
707035,FL8034,6030,6002,2025-04-07,46849.63
707036,FL8035,6029,6027,2025-05-22,32610.48
707037,FL8036,6007,6004,2025-11-19,44928.11
707038,FL8037,6025,6017,2025-10-06,31108.35
707039,FL8038,6020,6022,2025-07-31,9596.77
707040,FL8039,6018,6029,2025-11-06,10328.34
707041,FL8040,6001,6028,2025-12-25,71362.15
707042,FL8041,6022,6017,2025-11-05,56580.95
707043,FL8042,6030,6011,2025-07-05,57430.39
707044,FL8043,6004,6003,2025-11-20,29700.37
707045,FL8044,6006,6030,2025-08-12,58310.8
707046,FL8045,6026,6028,2025-09-17,32160.94
707047,FL8046,6007,6026,2025-08-11,42704.11
707048,FL8047,6009,6021,2025-02-10,71452.18
707049,FL8048,6012,6015,2025-04-02,23914.12
707050,FL8049,6010,6020,2025-01-03,39205.56
707051,FL8050,6030,6026,2025-01-31,54296.61
707052,FL8051,6019,6001,2025-08-02,29378.33
707053,FL8052,6025,6019,2025-11-21,9512.86
707054,FL8053,6020,6009,2025-05-12,51364.5
707055,FL8054,6028,6001,2025-03-04,58258.02
707056,FL8055,6019,6010,2025-03-26,43357.81
707057,FL8056,6027,6008,2025-11-20,31426.47
707058,FL8057,6018,6012,2025-11-29,58013.2
707059,FL8058,6008,6013,2025-06-01,43784.65
707060,FL8059,6020,6020,2025-02-06,71578.94
707061,FL8060,6005,6006,2025-08-26,20398.52
707062,FL8061,6012,6009,2025-02-10,57531.95
707063,FL8062,6024,6027,2025-02-14,3231.49
707064,FL8063,6015,6029,2025-11-06,51409.39
707065,FL8064,6030,6006,2025-01-09,70064.86
707066,FL8065,6016,6016,2025-12-22,51606.45
707067,FL8066,6023,6020,2025-12-30,11755.88
707068,FL8067,6024,6002,2025-12-21,34020.57
707069,FL8068,6011,6004,2025-08-12,72753.61
707070,FL8069,6009,6003,2025-05-10,73370.47
707071,FL8070,6001,6029,2025-11-20,32727.24
707072,FL8071,6021,6018,2025-10-10,10074.73
707073,FL8072,6014,6029,2025-03-12,31654.34
707074,FL8073,6005,6017,2025-04-20,70841.65
707075,FL8074,6022,6008,2025-12-15,45161.25
707076,FL8075,6012,6012,2025-11-11,39516.71
707077,FL8076,6027,6005,2025-08-09,34005.2
707078,FL8077,6015,6012,2025-03-17,51349.29
707079,FL8078,6026,6006,2025-02-21,11331.95
707080,FL8079,6013,6025,2025-09-11,9152.9
707081,FL8080,6030,6018,2025-09-09,66905.43
707082,FL8081,6021,6012,2025-12-02,50560.67
707083,FL8082,6002,6004,2025-12-13,53092.7
707084,FL8083,6022,6008,2025-01-03,60436.96
707085,FL8084,6025,6021,2025-04-06,41576.26
707086,FL8085,6007,6030,2025-10-05,63812.3
707087,FL8086,6009,6004,2025-07-04,30534.79
707088,FL8087,6030,6029,2025-10-15,15071.86
707089,FL8088,6005,6019,2025-02-24,58764.12
707090,FL8089,6022,6011,2025-04-28,28283.6
707091,FL8090,6023,6029,2025-08-17,74610.83
707092,FL8091,6029,6021,2025-06-09,37100.85
707093,FL8092,6005,6004,2025-03-07,46352.98
707094,FL8093,6007,6007,2025-02-16,65979.63
707095,FL8094,6030,6014,2025-05-02,16047.13
707096,FL8095,6022,6004,2025-12-21,22050.95
707097,FL8096,6029,6003,2025-06-14,50651.05
707098,FL8097,6019,6019,2025-01-30,20115.13
707099,FL8098,6023,6028,2025-01-15,29256.09
707100,FL8099,6003,6025,2025-11-09,60003.67
707101,FL8100,6006,6022,2025-02-27,7764.81
707102,FL8101,6017,6015,2025-12-08,65795.33
707103,FL8102,6002,6030,2025-12-04,17250.76
707104,FL8103,6024,6004,2025-05-01,30379.48
707105,FL8104,6029,6014,2025-06-08,61538.94
707106,FL8105,6020,6026,2025-08-11,22048.99
707107,FL8106,6004,6001,2025-11-05,13579.62
707108,FL8107,6003,6001,2025-09-11,19422.2
707109,FL8108,6015,6016,2025-01-30,21504.09
707110,FL8109,6001,6011,2025-10-29,43814.42
707111,FL8110,6004,6013,2025-01-06,7381.58
707112,FL8111,6008,6021,2025-03-20,40013.09
707113,FL8112,6003,6030,2025-06-24,35556.07
707114,FL8113,6023,6027,2025-09-25,24981.38
707115,FL8114,6022,6003,2025-01-27,7649.27
707116,FL8115,6023,6015,2025-08-25,69365.36
707117,FL8116,6012,6023,2025-01-08,56159.61
707118,FL8117,6004,6004,2025-11-16,21137.35
707119,FL8118,6011,6008,2025-01-20,35863.52
707120,FL8119,6001,6011,2025-05-24,62469.91
707121,FL8120,6013,6004,2025-02-13,16042.57
707122,FL8121,6030,6006,2025-04-23,6651.33
707123,FL8122,6014,6003,2025-02-26,55474.16
707124,FL8123,6023,6006,2025-12-20,16924.72
707125,FL8124,6023,6014,2025-07-27,58602.95
707126,FL8125,6022,6029,2025-02-21,9269.52
707127,FL8126,6011,6019,2025-03-03,28381.77
707128,FL8127,6029,6001,2025-07-12,72722.35
707129,FL8128,6029,6024,2025-01-22,12579.39
707130,FL8129,6015,6008,2025-09-17,73468.15
707131,FL8130,6028,6022,2025-02-09,65116.34
707132,FL8131,6020,6026,2025-08-25,44806.29
707133,FL8132,6025,6005,2025-06-18,31935.73
707134,FL8133,6006,6008,2025-11-11,29962.18
707135,FL8134,6026,6015,2025-10-11,29742.21
707136,FL8135,6018,6018,2025-08-08,59076.95
707137,FL8136,6027,6019,2025-10-31,17779.8
707138,FL8137,6003,6003,2025-07-24,23996.73
707139,FL8138,6013,6008,2025-02-07,15533.49
707140,FL8139,6017,6003,2025-03-15,13254.54
707141,FL8140,6005,6020,2025-03-10,14562.84
707142,FL8141,6026,6018,2025-06-25,22877.41
707143,FL8142,6015,6025,2025-12-07,10141.23
707144,FL8143,6022,6002,2025-09-07,6541.23
707145,FL8144,6029,6011,2025-08-20,56833.26
707146,FL8145,6008,6025,2025-05-12,63338.3
707147,FL8146,6015,6021,2025-10-25,9154.73
707148,FL8147,6014,6021,2025-01-01,60782.79
707149,FL8148,6001,6004,2025-03-08,53549.5
707150,FL8149,6019,6013,2025-10-03,60476.77
707151,FL8150,6015,6013,2025-11-27,9058.52
707152,FL8151,6016,6027,2025-07-06,27342.48
707153,FL8152,6018,6015,2025-09-30,25846.3
707154,FL8153,6022,6010,2025-05-03,63977.78
707155,FL8154,6018,6008,2025-04-21,32144.98
707156,FL8155,6007,6003,2025-08-28,59328.9
707157,FL8156,6016,6026,2025-08-07,19753.22
707158,FL8157,6003,6002,2025-02-20,64394.1
707159,FL8158,6014,6013,2025-01-11,48394.82
707160,FL8159,6001,6003,2025-01-18,47759.41
707161,FL8160,6011,6024,2025-06-07,31926.26
707162,FL8161,6017,6008,2025-05-31,18351.21
707163,FL8162,6001,6017,2025-02-02,2500.99
707164,FL8163,6003,6001,2025-04-29,49621.99
707165,FL8164,6025,6004,2025-02-01,14933.76
707166,FL8165,6019,6015,2025-01-12,62410.9
707167,FL8166,6029,6027,2025-06-15,6245.54
707168,FL8167,6003,6017,2025-07-22,42035.61
707169,FL8168,6022,6002,2025-07-16,18335.8
707170,FL8169,6004,6022,2025-11-19,73645.88
707171,FL8170,6028,6002,2025-11-09,72317.4
707172,FL8171,6007,6006,2025-10-07,61436.21
707173,FL8172,6016,6021,2025-05-09,53093.94
707174,FL8173,6020,6010,2025-05-14,52203.8
707175,FL8174,6021,6001,2025-08-06,45821.41
707176,FL8175,6023,6030,2025-01-30,29144.73
707177,FL8176,6009,6017,2025-07-10,59743.2
707178,FL8177,6011,6017,2025-09-11,52552.79
707179,FL8178,6012,6017,2025-04-13,69765.83
707180,FL8179,6020,6001,2025-07-24,17742.26
707181,FL8180,6016,6003,2025-09-07,43010.08
707182,FL8181,6022,6027,2025-12-08,41401.67
707183,FL8182,6029,6030,2025-11-08,12291.98
707184,FL8183,6009,6020,2025-08-31,24328.98
707185,FL8184,6025,6011,2025-02-13,44546.46
707186,FL8185,6019,6009,2025-03-10,10874.99
707187,FL8186,6005,6027,2025-03-30,72679.89
707188,FL8187,6013,6029,2025-06-02,51799.57
707189,FL8188,6013,6013,2025-12-27,25358.85
707190,FL8189,6017,6010,2025-09-17,54061.38
707191,FL8190,6006,6011,2025-10-14,44845.13
707192,FL8191,6004,6025,2025-04-13,74883.43
707193,FL8192,6016,6016,2025-03-20,49646.22
707194,FL8193,6018,6023,2025-05-19,25504.47
707195,FL8194,6015,6009,2025-07-17,53694.48
707196,FL8195,6012,6005,2025-10-14,56138.31
707197,FL8196,6010,6022,2025-12-21,48613.88
707198,FL8197,6008,6004,2025-05-15,72277.61
707199,FL8198,6015,6023,2025-04-19,32268.08
707200,FL8199,6016,6023,2025-08-02,50474.23
707201,FL8200,6006,6006,2025-06-23,74713.35
707202,FL8201,6025,6008,2025-04-19,8837.34
707203,FL8202,6025,6029,2025-10-12,5448.48
707204,FL8203,6010,6024,2025-03-24,68900.01
707205,FL8204,6014,6022,2025-10-28,18900.12
707206,FL8205,6027,6029,2025-06-26,74987.42
707207,FL8206,6010,6012,2025-01-31,28254.62
707208,FL8207,6014,6017,2025-12-22,4363.78
707209,FL8208,6014,6012,2025-05-19,43437.07
707210,FL8209,6004,6022,2025-07-05,24756.44
707211,FL8210,6008,6013,2025-07-20,73896.51
707212,FL8211,6023,6012,2025-11-08,13709.05
707213,FL8212,6020,6024,2025-06-15,22443.61
707214,FL8213,6026,6021,2025-08-10,59601.8
707215,FL8214,6027,6028,2025-08-23,41369.12
707216,FL8215,6002,6007,2025-01-22,41302.22
707217,FL8216,6017,6012,2025-10-07,23038.36
707218,FL8217,6002,6013,2025-12-20,14055.31
707219,FL8218,6012,6028,2025-07-01,55978.77
707220,FL8219,6005,6006,2025-04-06,60630.42
707221,FL8220,6019,6023,2025-04-01,21575.75
707222,FL8221,6003,6024,2025-08-26,15198.93
707223,FL8222,6006,6012,2025-01-02,36858.74
707224,FL8223,6026,6013,2025-04-14,2996.55
707225,FL8224,6022,6006,2025-02-11,29296.37
707226,FL8225,6029,6030,2025-12-03,26693.5
707227,FL8226,6029,6010,2025-03-29,46548.4
707228,FL8227,6004,6025,2025-08-23,40176.51
707229,FL8228,6030,6008,2025-10-03,59507.44
707230,FL8229,6018,6028,2025-07-06,27188.74
707231,FL8230,6005,6017,2025-05-30,67747.75
707232,FL8231,6021,6024,2025-06-05,46661.33
707233,FL8232,6001,6005,2025-11-25,72004.42
707234,FL8233,6017,6020,2025-07-21,17330.65
707235,FL8234,6013,6003,2025-12-01,58658.43
707236,FL8235,6025,6003,2025-08-29,72127.74
707237,FL8236,6024,6004,2025-05-13,3730.7
707238,FL8237,6022,6005,2025-02-28,54450.5
707239,FL8238,6024,6006,2025-05-24,18913.2
707240,FL8239,6027,6008,2025-01-28,10919.05
707241,FL8240,6012,6022,2025-04-18,32249.93
707242,FL8241,6006,6010,2025-01-27,6360.45
707243,FL8242,6022,6027,2025-06-08,74406.2
707244,FL8243,6028,6022,2025-10-29,61622.31
707245,FL8244,6012,6017,2025-04-18,6486.92
707246,FL8245,6013,6028,2025-11-19,31618.34
707247,FL8246,6005,6019,2025-07-27,15002.1
707248,FL8247,6006,6014,2025-06-27,20755.82
707249,FL8248,6008,6014,2025-09-17,13867.53
707250,FL8249,6012,6025,2025-05-26,12673.06
707251,FL8250,6023,6009,2025-11-26,15208.31
707252,FL8251,6024,6002,2025-05-14,59648.01
707253,FL8252,6026,6008,2025-10-05,63889.54
707254,FL8253,6022,6001,2025-11-14,69431.73
707255,FL8254,6011,6004,2025-09-11,65733.22
707256,FL8255,6014,6025,2025-03-01,2729.5
707257,FL8256,6005,6021,2025-03-03,71448.74
707258,FL8257,6024,6025,2025-06-07,33535.73
707259,FL8258,6027,6006,2025-03-18,39467.69
707260,FL8259,6021,6009,2025-02-10,9775.09
707261,FL8260,6027,6029,2025-05-26,34278.96
707262,FL8261,6030,6015,2025-06-26,9570.58
707263,FL8262,6010,6021,2025-01-22,10365.18
707264,FL8263,6016,6003,2025-04-15,30498.29
707265,FL8264,6011,6011,2025-04-10,59805.86
707266,FL8265,6030,6010,2025-01-26,55718.67
707267,FL8266,6019,6021,2025-09-15,14812.59
707268,FL8267,6021,6001,2025-02-23,43946.24
707269,FL8268,6013,6021,2025-03-13,24689.0
707270,FL8269,6008,6009,2025-02-12,61828.89
707271,FL8270,6001,6017,2025-03-27,40284.43
707272,FL8271,6023,6016,2025-09-15,4749.94
707273,FL8272,6016,6016,2025-04-07,22032.27
707274,FL8273,6009,6004,2025-11-17,22601.18
707275,FL8274,6027,6016,2025-05-02,7626.92
707276,FL8275,6029,6014,2025-08-26,17383.71
707277,FL8276,6029,6001,2025-07-21,54735.68
707278,FL8277,6002,6027,2025-04-24,23104.24
707279,FL8278,6018,6008,2025-08-26,56572.22
707280,FL8279,6005,6019,2025-03-04,73144.21
707281,FL8280,6016,6021,2025-01-03,70568.63
707282,FL8281,6030,6011,2025-10-04,33994.42
707283,FL8282,6023,6030,2025-05-24,43113.81
707284,FL8283,6017,6014,2025-10-24,44098.94
707285,FL8284,6030,6004,2025-02-14,35255.36
707286,FL8285,6019,6016,2025-02-10,11296.66
707287,FL8286,6022,6019,2025-11-17,71367.01
707288,FL8287,6008,6022,2025-03-14,22439.62
707289,FL8288,6004,6014,2025-08-02,74351.07
707290,FL8289,6012,6002,2025-07-21,65209.04
707291,FL8290,6012,6012,2025-10-08,36789.62
707292,FL8291,6027,6015,2025-06-30,9234.51
707293,FL8292,6026,6002,2025-06-14,26048.27
707294,FL8293,6015,6012,2025-07-17,22929.93
707295,FL8294,6012,6009,2025-07-10,53364.27
707296,FL8295,6014,6022,2025-03-31,5285.93
707297,FL8296,6005,6006,2025-12-20,71512.72
707298,FL8297,6024,6001,2025-10-21,17863.02
707299,FL8298,6028,6013,2025-07-10,62505.2
707300,FL8299,6001,6018,2025-03-22,48775.0
707301,FL8300,6017,6004,2025-05-26,18108.7
707302,FL8301,6021,6029,2025-12-10,57613.58
707303,FL8302,6017,6015,2025-03-29,31156.51
707304,FL8303,6022,6009,2025-11-04,26865.64
707305,FL8304,6018,6007,2025-06-05,52152.12
707306,FL8305,6027,6015,2025-11-29,46447.5
707307,FL8306,6026,6011,2025-02-23,36747.61
707308,FL8307,6024,6020,2025-05-28,37274.32
707309,FL8308,6029,6021,2025-07-01,7597.82
707310,FL8309,6027,6030,2025-05-23,36327.14
707311,FL8310,6017,6018,2025-03-16,28469.34
707312,FL8311,6029,6004,2025-04-21,9246.26
707313,FL8312,6005,6013,2025-06-20,25115.52
707314,FL8313,6015,6005,2025-10-28,21096.59
707315,FL8314,6030,6015,2025-02-11,5090.49
707316,FL8315,6002,6019,2025-03-26,42422.27
707317,FL8316,6015,6026,2025-06-11,42102.42
707318,FL8317,6021,6029,2025-09-06,37786.76
707319,FL8318,6008,6015,2025-03-09,74026.12
707320,FL8319,6008,6011,2025-08-15,49540.41
707321,FL8320,6020,6027,2025-03-19,16605.15
707322,FL8321,6016,6007,2025-04-10,19605.42
707323,FL8322,6014,6003,2025-09-10,6436.63
707324,FL8323,6023,6002,2025-02-23,11766.54
707325,FL8324,6026,6005,2025-04-09,23888.62
707326,FL8325,6013,6001,2025-04-04,41554.2
707327,FL8326,6002,6030,2025-09-22,51389.62
707328,FL8327,6011,6022,2025-09-18,15295.27
707329,FL8328,6003,6027,2025-03-05,43060.46
707330,FL8329,6019,6008,2025-12-25,65665.6
707331,FL8330,6029,6022,2025-10-05,58534.87
707332,FL8331,6005,6011,2025-11-05,11799.95
707333,FL8332,6029,6008,2025-03-05,28324.07
707334,FL8333,6004,6022,2025-01-25,52483.54
707335,FL8334,6021,6025,2025-10-25,34905.75
707336,FL8335,6019,6015,2025-06-04,27977.96
707337,FL8336,6024,6023,2025-03-02,48449.41
707338,FL8337,6010,6023,2025-12-21,18865.44
707339,FL8338,6010,6017,2025-02-12,26917.82
707340,FL8339,6021,6003,2025-04-04,12699.43
707341,FL8340,6021,6003,2025-12-25,31834.01
707342,FL8341,6015,6018,2025-09-17,47619.57
707343,FL8342,6019,6015,2025-11-01,55555.71
707344,FL8343,6007,6027,2025-01-30,20897.26
707345,FL8344,6017,6011,2025-02-12,74043.93
707346,FL8345,6016,6015,2025-04-16,72460.29
707347,FL8346,6006,6001,2025-08-26,36188.15
707348,FL8347,6008,6001,2025-09-08,67712.33
707349,FL8348,6022,6027,2025-08-04,28612.81
707350,FL8349,6021,6007,2025-02-05,74676.3
707351,FL8350,6011,6017,2025-06-21,6456.34
707352,FL8351,6016,6011,2025-01-16,69962.92
707353,FL8352,6025,6009,2025-04-23,12960.07
707354,FL8353,6030,6007,2025-03-20,70210.99
707355,FL8354,6010,6026,2025-11-05,70230.64
707356,FL8355,6007,6021,2025-12-01,23132.91
707357,FL8356,6002,6016,2025-04-29,69061.87
707358,FL8357,6009,6009,2025-10-31,45592.65
707359,FL8358,6008,6030,2025-06-13,55652.88
707360,FL8359,6022,6005,2025-01-16,42890.01
707361,FL8360,6020,6013,2025-01-20,64397.32
707362,FL8361,6016,6005,2025-04-15,19527.45
707363,FL8362,6024,6029,2025-08-21,48134.37
707364,FL8363,6014,6024,2025-09-17,28130.11
707365,FL8364,6008,6022,2025-02-15,9227.4
707366,FL8365,6006,6005,2025-11-06,7416.81
707367,FL8366,6009,6030,2025-01-15,44702.72
707368,FL8367,6012,6001,2025-09-16,21518.74
707369,FL8368,6016,6007,2025-07-11,10631.46
707370,FL8369,6025,6008,2025-05-14,70088.83
707371,FL8370,6006,6026,2025-11-24,25210.06
707372,FL8371,6019,6021,2025-06-06,28972.41
707373,FL8372,6013,6023,2025-04-24,14810.81
707374,FL8373,6019,6006,2025-10-23,34902.17
707375,FL8374,6018,6005,2025-02-11,35498.57
707376,FL8375,6018,6026,2025-08-07,2524.52
707377,FL8376,6021,6006,2025-12-16,9212.72
707378,FL8377,6007,6015,2025-08-27,46952.65
707379,FL8378,6020,6002,2025-03-25,47710.48
707380,FL8379,6017,6004,2025-05-06,6621.37
707381,FL8380,6021,6023,2025-02-11,32708.27
707382,FL8381,6014,6029,2025-01-03,15354.1
707383,FL8382,6030,6007,2025-03-07,44683.69
707384,FL8383,6023,6012,2025-03-26,68317.06
707385,FL8384,6002,6012,2025-02-19,10144.5
707386,FL8385,6029,6025,2025-11-29,64840.28
707387,FL8386,6002,6009,2025-01-24,35166.4
707388,FL8387,6011,6017,2025-05-17,51452.23
707389,FL8388,6008,6019,2025-12-10,65967.14
707390,FL8389,6026,6017,2025-06-21,43214.22
707391,FL8390,6025,6028,2025-11-29,59551.5
707392,FL8391,6024,6001,2025-01-24,54301.84
707393,FL8392,6028,6027,2025-01-23,50055.46
707394,FL8393,6024,6018,2025-04-06,54281.5
707395,FL8394,6029,6004,2025-04-19,38193.22
707396,FL8395,6009,6021,2025-07-27,24636.41
707397,FL8396,6027,6023,2025-03-18,61408.19
707398,FL8397,6007,6021,2025-04-11,38526.84
707399,FL8398,6017,6018,2025-06-28,64865.26
707400,FL8399,6009,6006,2025-06-27,55769.85
707401,FL8400,6014,6030,2025-04-21,31795.06
707402,FL8401,6015,6006,2025-11-01,58392.72
707403,FL8402,6013,6004,2025-04-02,50737.63
707404,FL8403,6009,6024,2025-07-12,73566.68
707405,FL8404,6008,6013,2025-12-08,58302.07
707406,FL8405,6006,6026,2025-05-23,11193.1
707407,FL8406,6011,6029,2025-03-05,10829.75
707408,FL8407,6005,6030,2025-06-23,49769.2
707409,FL8408,6025,6018,2025-05-07,21826.35
707410,FL8409,6002,6019,2025-05-22,53028.55
707411,FL8410,6003,6022,2025-04-25,68028.82
707412,FL8411,6020,6010,2025-04-15,10915.58
707413,FL8412,6005,6028,2025-05-03,12058.08
707414,FL8413,6013,6021,2025-09-28,50719.71
707415,FL8414,6014,6025,2025-01-12,4799.77
707416,FL8415,6027,6019,2025-01-03,42902.44
707417,FL8416,6003,6027,2025-07-14,28247.01
707418,FL8417,6025,6003,2025-12-01,39990.37
707419,FL8418,6013,6020,2025-06-25,3242.58
707420,FL8419,6020,6026,2025-07-28,3609.37
707421,FL8420,6022,6005,2025-04-27,34441.6
707422,FL8421,6017,6021,2025-03-22,26752.27
707423,FL8422,6024,6009,2025-12-31,31134.81
707424,FL8423,6001,6002,2025-08-26,73598.27
707425,FL8424,6029,6026,2025-12-23,70391.4
707426,FL8425,6023,6017,2025-02-20,32723.55
707427,FL8426,6016,6002,2025-06-06,54141.56
707428,FL8427,6020,6030,2025-06-30,57406.58
707429,FL8428,6027,6025,2025-08-02,66528.87
707430,FL8429,6017,6022,2025-01-05,21026.75
707431,FL8430,6009,6027,2025-05-28,42547.88
707432,FL8431,6015,6017,2025-06-02,74930.96
707433,FL8432,6028,6026,2025-03-15,20048.69
707434,FL8433,6018,6016,2025-01-20,23761.01
707435,FL8434,6013,6015,2025-07-31,11350.57
707436,FL8435,6017,6002,2025-12-24,22226.48
707437,FL8436,6010,6009,2025-08-25,24630.31
707438,FL8437,6018,6014,2025-09-24,25551.78
707439,FL8438,6029,6007,2025-06-03,8971.23
707440,FL8439,6006,6002,2025-07-13,18565.16
707441,FL8440,6002,6011,2025-05-01,66691.93
707442,FL8441,6004,6004,2025-12-20,69193.33
707443,FL8442,6014,6018,2025-05-23,47106.6
707444,FL8443,6014,6008,2025-06-24,61859.13
707445,FL8444,6006,6018,2025-08-20,65288.0
707446,FL8445,6030,6020,2025-02-03,45055.41
707447,FL8446,6014,6021,2025-07-19,63223.55
707448,FL8447,6030,6005,2025-07-21,5425.08
707449,FL8448,6028,6029,2025-10-21,30079.99
707450,FL8449,6003,6004,2025-01-19,23167.43
707451,FL8450,6015,6003,2025-03-15,34812.66
707452,FL8451,6026,6019,2025-03-04,52016.08
707453,FL8452,6030,6017,2025-12-22,73854.68
707454,FL8453,6020,6019,2025-06-20,15313.54
707455,FL8454,6014,6008,2025-06-19,68021.23
707456,FL8455,6028,6015,2025-03-24,65179.09
707457,FL8456,6008,6027,2025-06-01,44253.31
707458,FL8457,6023,6006,2025-05-06,67439.02
707459,FL8458,6014,6020,2025-04-11,13307.05
707460,FL8459,6023,6008,2025-09-07,38034.91
707461,FL8460,6023,6017,2025-07-07,5399.25
707462,FL8461,6008,6012,2025-06-10,63224.92
707463,FL8462,6025,6002,2025-07-28,35146.5
707464,FL8463,6014,6003,2025-08-28,62664.4
707465,FL8464,6016,6019,2025-05-02,61327.54
707466,FL8465,6008,6029,2025-11-23,30154.66
707467,FL8466,6011,6030,2025-06-16,64036.43
707468,FL8467,6002,6024,2025-02-17,63941.64
707469,FL8468,6009,6010,2025-07-30,16556.27
707470,FL8469,6022,6027,2025-06-23,35768.25
707471,FL8470,6017,6026,2025-03-04,50869.64
707472,FL8471,6010,6028,2025-01-12,67999.43
707473,FL8472,6021,6020,2025-01-07,35011.77
707474,FL8473,6012,6002,2025-07-14,24741.55
707475,FL8474,6020,6024,2025-01-01,21372.69
707476,FL8475,6025,6017,2025-03-17,54956.46
707477,FL8476,6009,6019,2025-03-03,8824.71
707478,FL8477,6007,6010,2025-05-28,8995.83
707479,FL8478,6027,6019,2025-05-30,21105.54
707480,FL8479,6021,6019,2025-10-17,27736.06
707481,FL8480,6011,6026,2025-08-22,24113.92
707482,FL8481,6007,6025,2025-10-07,45400.4
707483,FL8482,6028,6008,2025-02-14,49657.86
707484,FL8483,6029,6004,2025-10-15,54770.02
707485,FL8484,6014,6007,2025-02-04,24438.13
707486,FL8485,6026,6023,2025-11-11,20158.22
707487,FL8486,6017,6016,2025-05-24,55229.61
707488,FL8487,6008,6022,2025-04-14,35911.16
707489,FL8488,6013,6017,2025-10-11,11931.92
707490,FL8489,6014,6020,2025-09-19,7851.76
707491,FL8490,6015,6002,2025-01-14,2629.42
707492,FL8491,6028,6023,2025-02-04,43715.9
707493,FL8492,6010,6014,2025-01-11,70204.74
707494,FL8493,6027,6002,2025-10-13,62580.27
707495,FL8494,6010,6007,2025-12-30,16499.74
707496,FL8495,6001,6019,2025-12-09,42332.13
707497,FL8496,6022,6017,2025-09-14,16129.95
707498,FL8497,6022,6018,2025-09-23,22930.29
707499,FL8498,6020,6012,2025-04-17,3405.26
707500,FL8499,6016,6012,2025-01-17,43202.04
707501,FL8500,6001,6030,2025-04-09,28993.74
707502,FL8501,6022,6022,2025-09-05,41165.25
707503,FL8502,6026,6004,2025-05-06,31038.5
707504,FL8503,6025,6006,2025-03-19,52174.77
707505,FL8504,6025,6022,2025-06-27,46438.37
707506,FL8505,6015,6008,2025-10-29,32739.25
707507,FL8506,6001,6025,2025-11-06,24519.55
707508,FL8507,6004,6002,2025-05-06,57687.24
707509,FL8508,6007,6010,2025-03-19,29028.16
707510,FL8509,6030,6026,2025-12-27,40972.0
707511,FL8510,6015,6011,2025-06-14,65476.4
707512,FL8511,6028,6004,2025-11-25,67687.58
707513,FL8512,6024,6021,2025-04-07,56441.26
707514,FL8513,6022,6017,2025-04-12,12975.13
707515,FL8514,6028,6023,2025-10-19,49779.22
707516,FL8515,6018,6002,2025-01-13,29705.41
707517,FL8516,6020,6002,2025-02-01,63118.85
707518,FL8517,6006,6017,2025-09-11,64548.11
707519,FL8518,6006,6022,2025-03-16,69092.55
707520,FL8519,6017,6014,2025-02-27,25160.6
707521,FL8520,6007,6015,2025-04-10,58523.09
707522,FL8521,6022,6015,2025-02-26,32929.68
707523,FL8522,6021,6001,2025-11-15,40938.36
707524,FL8523,6030,6015,2025-12-24,25245.9
707525,FL8524,6001,6014,2025-10-27,25264.79
707526,FL8525,6030,6007,2025-05-09,4755.91
707527,FL8526,6005,6021,2025-05-14,30141.16
707528,FL8527,6005,6023,2025-02-22,67185.56
707529,FL8528,6016,6008,2025-02-19,10108.12
707530,FL8529,6011,6008,2025-11-17,52132.39
707531,FL8530,6009,6009,2025-01-20,7491.38
707532,FL8531,6003,6007,2025-08-29,36331.46
707533,FL8532,6010,6016,2025-05-20,43831.55
707534,FL8533,6007,6016,2025-12-11,60744.46
707535,FL8534,6015,6024,2025-08-02,19749.73
707536,FL8535,6013,6015,2025-08-24,43146.84
707537,FL8536,6025,6021,2025-10-05,30172.34
707538,FL8537,6019,6010,2025-04-01,73959.71
707539,FL8538,6021,6018,2025-07-26,15357.44
707540,FL8539,6012,6012,2025-07-02,9493.79
707541,FL8540,6021,6027,2025-06-11,21390.35
707542,FL8541,6012,6014,2025-08-30,42434.5
707543,FL8542,6010,6009,2025-10-21,44874.61
707544,FL8543,6014,6014,2025-10-11,20010.67
707545,FL8544,6024,6019,2025-04-21,4818.06
707546,FL8545,6030,6006,2025-05-12,68120.22
707547,FL8546,6002,6021,2025-04-08,32070.49
707548,FL8547,6012,6024,2025-04-13,18093.91
707549,FL8548,6005,6025,2025-04-07,9326.44
707550,FL8549,6025,6029,2025-10-16,27907.61
707551,FL8550,6029,6029,2025-03-04,60809.65
707552,FL8551,6020,6030,2025-11-13,52944.72
707553,FL8552,6029,6028,2025-09-28,43431.85
707554,FL8553,6024,6002,2025-08-31,54358.87
707555,FL8554,6005,6003,2025-06-13,72539.68
707556,FL8555,6009,6030,2025-03-13,18942.44
707557,FL8556,6016,6011,2025-07-30,21089.89
707558,FL8557,6009,6022,2025-12-19,9623.45
707559,FL8558,6030,6003,2025-02-08,37857.82
707560,FL8559,6011,6013,2025-07-20,5331.53
707561,FL8560,6025,6003,2025-09-23,27253.63
707562,FL8561,6013,6013,2025-07-28,48320.26
707563,FL8562,6013,6002,2025-10-03,31822.4
707564,FL8563,6008,6020,2025-02-18,51553.84
707565,FL8564,6019,6020,2025-08-18,72498.41
707566,FL8565,6017,6009,2025-03-20,51340.87
707567,FL8566,6002,6014,2025-06-19,28553.29
707568,FL8567,6023,6030,2025-02-14,38152.76
707569,FL8568,6006,6018,2025-04-29,58329.68
707570,FL8569,6028,6010,2025-02-02,43276.08
707571,FL8570,6012,6012,2025-10-03,37209.08
707572,FL8571,6009,6004,2025-04-03,61895.8
707573,FL8572,6029,6003,2025-03-19,72036.31
707574,FL8573,6010,6025,2025-08-08,25720.41
707575,FL8574,6014,6013,2025-11-22,55478.34
707576,FL8575,6003,6013,2025-07-29,24309.85
707577,FL8576,6028,6029,2025-10-01,41345.71
707578,FL8577,6013,6018,2025-10-27,63755.26
707579,FL8578,6014,6012,2025-07-08,25991.01
707580,FL8579,6010,6015,2025-04-26,18170.6
707581,FL8580,6005,6009,2025-01-12,21100.6
707582,FL8581,6008,6016,2025-01-23,48611.96
707583,FL8582,6026,6027,2025-10-13,7338.59
707584,FL8583,6015,6016,2025-03-13,4256.2
707585,FL8584,6017,6002,2025-05-03,48684.43
707586,FL8585,6006,6017,2025-12-15,55098.53
707587,FL8586,6015,6006,2025-08-23,41141.32
707588,FL8587,6011,6029,2025-09-22,7655.91
707589,FL8588,6027,6007,2025-10-27,8235.81
707590,FL8589,6021,6015,2025-08-24,35558.7
707591,FL8590,6017,6030,2025-03-31,45605.64
707592,FL8591,6023,6001,2025-08-04,63233.13
707593,FL8592,6013,6001,2025-12-04,6286.47
707594,FL8593,6011,6007,2025-12-25,44775.87
707595,FL8594,6020,6015,2025-04-19,65071.51
707596,FL8595,6021,6018,2025-05-19,60023.84
707597,FL8596,6007,6029,2025-09-03,63796.44
707598,FL8597,6025,6005,2025-01-17,72387.53
707599,FL8598,6005,6010,2025-03-26,21648.82
707600,FL8599,6027,6012,2025-10-26,62174.96
707601,FL8600,6001,6027,2025-02-20,13348.8
707602,FL8601,6026,6018,2025-04-23,12246.62
707603,FL8602,6007,6019,2025-08-27,48858.31
707604,FL8603,6027,6002,2025-01-25,69152.35
707605,FL8604,6016,6009,2025-03-21,63075.86
707606,FL8605,6008,6006,2025-01-03,64709.88
707607,FL8606,6024,6030,2025-09-17,68920.84
707608,FL8607,6025,6027,2025-06-01,66007.62
707609,FL8608,6025,6019,2025-01-06,12702.85
707610,FL8609,6001,6003,2025-05-07,35150.66
707611,FL8610,6016,6025,2025-03-05,26565.83
707612,FL8611,6004,6001,2025-05-01,14034.75
707613,FL8612,6006,6008,2025-06-16,53271.91
707614,FL8613,6002,6009,2025-08-26,62780.91
707615,FL8614,6029,6012,2025-07-24,33752.81
707616,FL8615,6022,6009,2025-12-10,67033.65
707617,FL8616,6026,6008,2025-01-18,10909.02
707618,FL8617,6001,6006,2025-02-04,18166.36
707619,FL8618,6017,6005,2025-09-25,61689.06
707620,FL8619,6029,6015,2025-10-01,3111.17
707621,FL8620,6006,6021,2025-09-07,5292.57
707622,FL8621,6001,6007,2025-07-01,65738.97
707623,FL8622,6029,6014,2025-12-26,44089.07
707624,FL8623,6030,6008,2025-09-24,27606.64
707625,FL8624,6026,6010,2025-07-14,65580.86
707626,FL8625,6016,6001,2025-12-03,23243.21
707627,FL8626,6022,6024,2025-08-29,64957.29
707628,FL8627,6030,6009,2025-09-01,39674.88
707629,FL8628,6015,6007,2025-12-21,4958.27
707630,FL8629,6019,6010,2025-03-26,56422.46
707631,FL8630,6029,6023,2025-09-27,54195.81
707632,FL8631,6025,6017,2025-01-20,49492.6
707633,FL8632,6017,6012,2025-01-28,58827.61
707634,FL8633,6002,6012,2025-08-08,72260.96
707635,FL8634,6014,6010,2025-07-05,30248.35
707636,FL8635,6028,6013,2025-02-22,10326.52
707637,FL8636,6029,6015,2025-08-09,19981.24
707638,FL8637,6002,6022,2025-07-15,48821.75
707639,FL8638,6030,6025,2025-06-10,36681.14
707640,FL8639,6024,6022,2025-06-30,33344.07
707641,FL8640,6023,6023,2025-11-07,17217.63
707642,FL8641,6018,6028,2025-03-15,68990.84
707643,FL8642,6003,6027,2025-05-13,5865.78
707644,FL8643,6001,6012,2025-10-27,62830.36
707645,FL8644,6028,6009,2025-08-25,7074.65
707646,FL8645,6028,6018,2025-09-09,46964.18
707647,FL8646,6026,6007,2025-10-31,22264.32
707648,FL8647,6028,6026,2025-10-19,3876.68
707649,FL8648,6027,6025,2025-04-05,3580.07
707650,FL8649,6003,6026,2025-06-09,40761.66
707651,FL8650,6016,6024,2025-11-05,7640.49
707652,FL8651,6030,6027,2025-02-02,17443.79
707653,FL8652,6027,6005,2025-02-21,13092.62
707654,FL8653,6010,6006,2025-09-10,64291.08
707655,FL8654,6020,6014,2025-04-18,70730.73
707656,FL8655,6024,6029,2025-12-05,67961.32
707657,FL8656,6014,6020,2025-06-27,67944.54
707658,FL8657,6016,6012,2025-01-13,57146.24
707659,FL8658,6026,6006,2025-07-11,41328.2
707660,FL8659,6016,6004,2025-01-08,6131.24
707661,FL8660,6005,6023,2025-07-14,73832.82
707662,FL8661,6006,6013,2025-07-30,16833.51
707663,FL8662,6024,6024,2025-02-27,57207.79
707664,FL8663,6001,6007,2025-08-03,21482.9
707665,FL8664,6021,6018,2025-03-11,65449.06
707666,FL8665,6023,6030,2025-05-07,9252.32
707667,FL8666,6010,6003,2025-05-27,54963.97
707668,FL8667,6023,6015,2025-07-02,67253.24
707669,FL8668,6024,6021,2025-06-05,21599.98
707670,FL8669,6006,6023,2025-12-16,44750.83
707671,FL8670,6003,6016,2025-02-15,60692.27
707672,FL8671,6016,6005,2025-08-18,32049.11
707673,FL8672,6030,6026,2025-09-21,3752.71
707674,FL8673,6020,6012,2025-04-12,19186.32
707675,FL8674,6015,6027,2025-05-06,35645.54
707676,FL8675,6016,6017,2025-04-06,38354.07
707677,FL8676,6009,6030,2025-03-09,51391.44
707678,FL8677,6018,6024,2025-03-12,58383.93
707679,FL8678,6030,6008,2025-12-22,52428.94
707680,FL8679,6022,6027,2025-03-04,46829.69
707681,FL8680,6004,6008,2025-02-01,56874.94
707682,FL8681,6010,6004,2025-02-02,13681.2
707683,FL8682,6020,6023,2025-10-14,14866.54
707684,FL8683,6008,6007,2025-12-26,14623.57
707685,FL8684,6028,6014,2025-03-29,4173.24
707686,FL8685,6023,6022,2025-05-05,68859.73
707687,FL8686,6029,6017,2025-02-27,68392.78
707688,FL8687,6012,6028,2025-09-09,38055.71
707689,FL8688,6005,6012,2025-12-24,42198.91
707690,FL8689,6011,6024,2025-01-23,70881.94
707691,FL8690,6006,6002,2025-11-01,62556.67
707692,FL8691,6005,6013,2025-09-30,50728.67
707693,FL8692,6025,6024,2025-09-12,47748.66
707694,FL8693,6002,6003,2025-06-17,47797.16
707695,FL8694,6022,6025,2025-08-12,29333.39
707696,FL8695,6025,6013,2025-03-25,60344.24
707697,FL8696,6009,6006,2025-08-02,48283.78
707698,FL8697,6007,6021,2025-05-25,4908.43
707699,FL8698,6019,6006,2025-08-11,8954.08
707700,FL8699,6010,6012,2025-01-16,67239.7
707701,FL8700,6015,6018,2025-08-21,24832.06
707702,FL8701,6014,6016,2025-06-17,24861.39
707703,FL8702,6023,6019,2025-04-18,20738.27
707704,FL8703,6018,6001,2025-12-26,66093.16
707705,FL8704,6011,6025,2025-11-23,27086.75
707706,FL8705,6020,6016,2025-01-20,19049.94
707707,FL8706,6024,6011,2025-12-30,5216.35
707708,FL8707,6023,6009,2025-07-22,17019.28
707709,FL8708,6023,6020,2025-10-16,15537.31
707710,FL8709,6008,6024,2025-11-20,30075.31
707711,FL8710,6019,6009,2025-09-13,71021.19
707712,FL8711,6017,6026,2025-08-30,72526.41
707713,FL8712,6025,6012,2025-06-17,45925.07
707714,FL8713,6017,6011,2025-12-14,27712.67
707715,FL8714,6016,6005,2025-05-18,42954.57
707716,FL8715,6017,6018,2025-04-11,13066.83
707717,FL8716,6010,6019,2025-09-30,4582.7
707718,FL8717,6001,6026,2025-08-31,28409.26
707719,FL8718,6009,6007,2025-11-27,50990.64
707720,FL8719,6002,6005,2025-04-06,31846.67
707721,FL8720,6016,6013,2025-07-19,29242.99
707722,FL8721,6024,6022,2025-06-22,45752.69
707723,FL8722,6007,6017,2025-02-13,45391.21
707724,FL8723,6017,6009,2025-06-13,7284.19
707725,FL8724,6028,6011,2025-02-15,39456.03
707726,FL8725,6025,6014,2025-12-28,34904.9
707727,FL8726,6003,6015,2025-12-22,2603.58
707728,FL8727,6016,6020,2025-04-14,63528.56
707729,FL8728,6030,6006,2025-02-09,9343.14
707730,FL8729,6008,6024,2025-06-04,12474.33
707731,FL8730,6019,6025,2025-11-26,32856.63
707732,FL8731,6030,6004,2025-07-07,72338.04
707733,FL8732,6027,6024,2025-11-06,4761.66
707734,FL8733,6023,6023,2025-10-21,4300.82
707735,FL8734,6008,6007,2025-05-03,36783.86
707736,FL8735,6018,6025,2025-10-10,67752.29
707737,FL8736,6025,6018,2025-07-16,70734.71
707738,FL8737,6028,6021,2025-02-16,65052.01
707739,FL8738,6021,6010,2025-04-18,68246.68
707740,FL8739,6010,6009,2025-06-08,67625.55
707741,FL8740,6027,6011,2025-08-27,23295.96
707742,FL8741,6001,6017,2025-10-14,32200.78
707743,FL8742,6022,6006,2025-04-05,71200.32
707744,FL8743,6013,6004,2025-01-06,64606.91
707745,FL8744,6021,6020,2025-04-10,31081.94
707746,FL8745,6010,6022,2025-07-10,74713.81
707747,FL8746,6028,6028,2025-10-23,43156.66
707748,FL8747,6016,6009,2025-09-21,50439.28
707749,FL8748,6007,6017,2025-12-08,56995.51
707750,FL8749,6015,6028,2025-10-10,74625.11
707751,FL8750,6006,6020,2025-08-16,71642.44
707752,FL8751,6015,6027,2025-12-15,32310.78
707753,FL8752,6002,6017,2025-09-19,20736.68
707754,FL8753,6009,6006,2025-06-16,22032.7
707755,FL8754,6006,6020,2025-10-31,35004.7
707756,FL8755,6018,6004,2025-07-10,4294.42
707757,FL8756,6001,6008,2025-08-19,44006.57
707758,FL8757,6002,6001,2025-03-02,52596.58
707759,FL8758,6021,6018,2025-06-17,60290.51
707760,FL8759,6029,6030,2025-03-02,47020.39
707761,FL8760,6026,6004,2025-12-10,34854.95
707762,FL8761,6011,6013,2025-10-14,33140.89
707763,FL8762,6021,6023,2025-08-11,38075.16
707764,FL8763,6001,6026,2025-05-29,36394.35
707765,FL8764,6002,6008,2025-02-02,49910.44
707766,FL8765,6018,6004,2025-05-24,57389.81
707767,FL8766,6002,6021,2025-11-11,14456.43
707768,FL8767,6009,6024,2025-01-16,5527.97
707769,FL8768,6025,6003,2025-11-10,46930.34
707770,FL8769,6003,6001,2025-09-25,68167.9
707771,FL8770,6006,6022,2025-07-17,9846.4
707772,FL8771,6006,6008,2025-10-23,20913.86
707773,FL8772,6018,6028,2025-06-25,19155.61
707774,FL8773,6006,6013,2025-08-19,12466.26
707775,FL8774,6006,6003,2025-04-28,19571.94
707776,FL8775,6009,6024,2025-07-06,16175.74
707777,FL8776,6023,6014,2025-02-21,4820.9
707778,FL8777,6018,6024,2025-10-07,67119.73
707779,FL8778,6024,6030,2025-03-17,24322.43
707780,FL8779,6029,6030,2025-11-21,46022.33
707781,FL8780,6002,6007,2025-10-25,18720.11
707782,FL8781,6022,6009,2025-12-05,56334.88
707783,FL8782,6011,6017,2025-02-02,53045.67
707784,FL8783,6028,6028,2025-04-21,24944.8
707785,FL8784,6029,6024,2025-04-04,33682.02
707786,FL8785,6029,6002,2025-06-20,56011.62
707787,FL8786,6002,6021,2025-02-16,13940.84
707788,FL8787,6007,6025,2025-08-19,19286.03
707789,FL8788,6020,6014,2025-07-22,22128.52
707790,FL8789,6015,6005,2025-06-07,8641.92
707791,FL8790,6007,6005,2025-04-19,71831.27
707792,FL8791,6024,6030,2025-10-21,26178.92
707793,FL8792,6015,6001,2025-12-29,51572.43
707794,FL8793,6018,6004,2025-07-21,46548.45
707795,FL8794,6013,6028,2025-09-30,8337.07
707796,FL8795,6011,6025,2025-12-30,63242.25
707797,FL8796,6029,6007,2025-03-04,67459.58
707798,FL8797,6024,6005,2025-02-16,54646.98
707799,FL8798,6015,6005,2025-12-11,28564.29
707800,FL8799,6025,6030,2025-09-07,7932.56
707801,FL8800,6006,6029,2025-08-21,65781.49
707802,FL8801,6010,6007,2025-12-31,26237.77
707803,FL8802,6003,6030,2025-12-18,4524.62
707804,FL8803,6011,6001,2025-01-20,24111.86
707805,FL8804,6016,6030,2025-09-15,22906.45
707806,FL8805,6015,6021,2025-09-15,61845.89
707807,FL8806,6004,6030,2025-05-25,50073.33
707808,FL8807,6010,6005,2025-07-04,44962.4
707809,FL8808,6010,6014,2025-09-17,5700.94
707810,FL8809,6026,6006,2025-04-04,39859.6
707811,FL8810,6001,6019,2025-10-01,25381.75
707812,FL8811,6021,6002,2025-02-16,8434.61
707813,FL8812,6015,6030,2025-09-29,26996.7
707814,FL8813,6002,6007,2025-01-04,34550.19
707815,FL8814,6009,6007,2025-09-10,5364.44
707816,FL8815,6025,6011,2025-02-27,52067.2
707817,FL8816,6021,6026,2025-02-14,6970.78
707818,FL8817,6023,6026,2025-07-19,13717.3
707819,FL8818,6017,6028,2025-08-22,30836.92
707820,FL8819,6027,6030,2025-08-12,65526.24
707821,FL8820,6002,6025,2025-03-26,50542.24
707822,FL8821,6001,6016,2025-11-29,55791.16
707823,FL8822,6012,6019,2025-01-04,62276.9
707824,FL8823,6027,6005,2025-01-11,12863.55
707825,FL8824,6012,6014,2025-04-04,36347.92
707826,FL8825,6025,6009,2025-09-18,20824.59
707827,FL8826,6030,6018,2025-01-01,64550.99
707828,FL8827,6030,6014,2025-12-23,42268.06
707829,FL8828,6002,6023,2025-06-08,47940.14
707830,FL8829,6006,6024,2025-03-23,20936.71
707831,FL8830,6023,6024,2025-07-30,63257.55
707832,FL8831,6028,6016,2025-04-02,68232.54
707833,FL8832,6029,6003,2025-10-03,29708.3
707834,FL8833,6002,6017,2025-07-26,56329.22
707835,FL8834,6030,6017,2025-11-24,42985.24
707836,FL8835,6010,6020,2025-05-09,35677.62
707837,FL8836,6001,6016,2025-08-31,60694.92
707838,FL8837,6015,6017,2025-06-10,61884.6
707839,FL8838,6010,6025,2025-09-24,40996.77
707840,FL8839,6026,6012,2025-08-14,10748.11
707841,FL8840,6022,6019,2025-11-24,66372.85
707842,FL8841,6002,6009,2025-10-19,72693.25
707843,FL8842,6006,6014,2025-11-02,10254.4
707844,FL8843,6015,6030,2025-09-22,65794.12
707845,FL8844,6003,6006,2025-01-26,52424.75
707846,FL8845,6004,6025,2025-05-24,10238.05
707847,FL8846,6024,6026,2025-05-07,17164.71
707848,FL8847,6015,6021,2025-09-07,12732.38
707849,FL8848,6023,6007,2025-03-11,43556.66
707850,FL8849,6029,6021,2025-05-10,54290.2
707851,FL8850,6003,6028,2025-09-03,59214.94
707852,FL8851,6021,6028,2025-03-07,33428.98
707853,FL8852,6026,6030,2025-11-26,51158.96
707854,FL8853,6022,6030,2025-06-29,8908.94
707855,FL8854,6002,6010,2025-08-11,5004.17
707856,FL8855,6013,6012,2025-03-16,16700.42
707857,FL8856,6007,6016,2025-05-27,7144.93
707858,FL8857,6015,6012,2025-05-29,5536.79
707859,FL8858,6014,6011,2025-05-04,73267.08
707860,FL8859,6020,6012,2025-05-29,64796.39
707861,FL8860,6017,6017,2025-07-05,59173.86
707862,FL8861,6023,6014,2025-06-09,34510.59
707863,FL8862,6030,6006,2025-06-22,60456.84
707864,FL8863,6030,6023,2025-01-25,73518.94
707865,FL8864,6023,6007,2025-05-15,55223.82
707866,FL8865,6016,6018,2025-11-15,44118.3
707867,FL8866,6018,6019,2025-11-06,16359.56
707868,FL8867,6019,6015,2025-03-16,36701.3
707869,FL8868,6006,6022,2025-10-03,23667.7
707870,FL8869,6024,6026,2025-09-25,45603.92
707871,FL8870,6018,6009,2025-08-15,3886.31
707872,FL8871,6008,6010,2025-05-17,31550.46
707873,FL8872,6007,6019,2025-10-11,55411.24
707874,FL8873,6015,6011,2025-01-05,26985.42
707875,FL8874,6014,6023,2025-10-28,59617.08
707876,FL8875,6007,6030,2025-08-08,29098.38
707877,FL8876,6002,6027,2025-10-20,5398.96
707878,FL8877,6019,6016,2025-03-03,18877.09
707879,FL8878,6001,6024,2025-08-11,44354.05
707880,FL8879,6003,6028,2025-10-02,25134.81
707881,FL8880,6010,6022,2025-12-28,30480.66
707882,FL8881,6013,6027,2025-04-09,60375.91
707883,FL8882,6027,6017,2025-09-11,12957.23
707884,FL8883,6025,6015,2025-02-13,57373.43
707885,FL8884,6010,6013,2025-03-19,57532.92
707886,FL8885,6022,6017,2025-06-03,33219.83
707887,FL8886,6005,6030,2025-05-29,17712.55
707888,FL8887,6003,6019,2025-11-18,74096.32
707889,FL8888,6001,6018,2025-10-02,63545.48
707890,FL8889,6010,6029,2025-08-14,44581.66
707891,FL8890,6027,6010,2025-05-11,2998.9
707892,FL8891,6019,6008,2025-04-01,29169.45
707893,FL8892,6026,6026,2025-11-28,33310.97
707894,FL8893,6024,6021,2025-02-02,66817.09
707895,FL8894,6005,6016,2025-08-27,55555.75
707896,FL8895,6024,6006,2025-08-04,9484.39
707897,FL8896,6019,6027,2025-12-09,72732.14
707898,FL8897,6012,6008,2025-01-30,22256.13
707899,FL8898,6006,6029,2025-11-19,64279.91
707900,FL8899,6025,6005,2025-01-13,68046.69
707901,FL8900,6025,6022,2025-12-03,6047.82
707902,FL8901,6015,6030,2025-03-29,26602.27
707903,FL8902,6002,6014,2025-08-24,56278.41
707904,FL8903,6020,6017,2025-04-13,28691.88
707905,FL8904,6003,6008,2025-05-01,22925.84
707906,FL8905,6015,6008,2025-07-19,64334.39
707907,FL8906,6018,6023,2025-08-17,28063.49
707908,FL8907,6008,6003,2025-01-16,17933.57
707909,FL8908,6004,6001,2025-01-30,63068.67
707910,FL8909,6007,6023,2025-07-03,10533.68
707911,FL8910,6007,6002,2025-01-17,25887.25
707912,FL8911,6023,6028,2025-05-21,41338.6
707913,FL8912,6009,6018,2025-01-28,3144.71
707914,FL8913,6006,6027,2025-11-13,46418.72
707915,FL8914,6019,6017,2025-10-12,19884.13
707916,FL8915,6003,6022,2025-11-28,43376.18
707917,FL8916,6016,6002,2025-10-27,47636.71
707918,FL8917,6020,6004,2025-07-12,21295.96
707919,FL8918,6015,6020,2025-04-25,47360.68
707920,FL8919,6024,6003,2025-09-26,54808.43
707921,FL8920,6021,6015,2025-06-07,65882.1
707922,FL8921,6009,6028,2025-01-03,39997.11
707923,FL8922,6017,6025,2025-04-11,44414.37
707924,FL8923,6020,6023,2025-03-07,12764.09
707925,FL8924,6021,6022,2025-01-18,44150.05
707926,FL8925,6018,6010,2025-05-10,20280.74
707927,FL8926,6018,6005,2025-06-16,29815.74
707928,FL8927,6028,6018,2025-10-08,37384.72
707929,FL8928,6030,6014,2025-07-05,15621.88
707930,FL8929,6012,6015,2025-03-17,12935.98
707931,FL8930,6013,6020,2025-12-29,41028.31
707932,FL8931,6019,6018,2025-12-29,54385.89
707933,FL8932,6024,6010,2025-06-29,43656.97
707934,FL8933,6024,6011,2025-08-28,73829.26
707935,FL8934,6019,6025,2025-05-16,6841.76
707936,FL8935,6006,6025,2025-03-21,23509.64
707937,FL8936,6022,6023,2025-11-27,30323.7
707938,FL8937,6007,6005,2025-12-27,30074.84
707939,FL8938,6004,6011,2025-12-01,51871.81
707940,FL8939,6003,6024,2025-11-09,54150.9
707941,FL8940,6018,6003,2025-08-19,46806.22
707942,FL8941,6015,6008,2025-07-03,11326.48
707943,FL8942,6015,6020,2025-04-16,72817.63
707944,FL8943,6003,6012,2025-05-30,28404.65
707945,FL8944,6001,6003,2025-08-28,28130.76
707946,FL8945,6013,6008,2025-01-29,8810.26
707947,FL8946,6015,6010,2025-06-30,59772.47
707948,FL8947,6001,6006,2025-09-16,28804.58
707949,FL8948,6018,6025,2025-01-25,4929.37
707950,FL8949,6008,6005,2025-05-21,17515.1
707951,FL8950,6021,6025,2025-11-18,55782.06
707952,FL8951,6006,6011,2025-10-20,74300.52
707953,FL8952,6028,6030,2025-08-01,39503.98
707954,FL8953,6001,6026,2025-06-17,67564.0
707955,FL8954,6007,6012,2025-02-22,9883.36
707956,FL8955,6030,6018,2025-05-15,9872.65
707957,FL8956,6008,6029,2025-10-22,39367.04
707958,FL8957,6003,6007,2025-07-16,64808.09
707959,FL8958,6018,6024,2025-04-13,13934.78
707960,FL8959,6015,6001,2025-11-06,54414.31
707961,FL8960,6029,6029,2025-05-15,74149.77
707962,FL8961,6004,6020,2025-09-04,61502.33
707963,FL8962,6022,6030,2025-10-16,21819.98
707964,FL8963,6009,6025,2025-09-14,61366.35
707965,FL8964,6005,6028,2025-03-29,59372.38
707966,FL8965,6018,6002,2025-01-19,47417.57
707967,FL8966,6023,6013,2025-11-08,14931.9
707968,FL8967,6017,6020,2025-09-12,45574.49
707969,FL8968,6029,6021,2025-07-26,31309.96
707970,FL8969,6026,6023,2025-01-07,51407.07
707971,FL8970,6008,6020,2025-03-09,5711.58
707972,FL8971,6024,6010,2025-05-30,9774.93
707973,FL8972,6027,6005,2025-05-24,31587.65
707974,FL8973,6021,6025,2025-02-12,14408.79
707975,FL8974,6030,6014,2025-07-22,57988.75
707976,FL8975,6013,6014,2025-06-22,60750.39
707977,FL8976,6002,6028,2025-04-19,63252.33
707978,FL8977,6014,6014,2025-03-01,64068.24
707979,FL8978,6015,6003,2025-07-26,46587.04
707980,FL8979,6012,6008,2025-10-09,7089.0
707981,FL8980,6010,6022,2025-04-25,13873.91
707982,FL8981,6021,6013,2025-09-29,52910.0
707983,FL8982,6019,6016,2025-09-05,73061.97
707984,FL8983,6021,6005,2025-03-24,68585.92
707985,FL8984,6003,6027,2025-09-17,43004.35
707986,FL8985,6026,6011,2025-12-13,23512.86
707987,FL8986,6013,6010,2025-11-08,10421.98
707988,FL8987,6029,6012,2025-06-10,61961.21
707989,FL8988,6004,6018,2025-02-24,57273.47
707990,FL8989,6029,6025,2025-07-22,32793.16
707991,FL8990,6001,6018,2025-07-04,8695.27
707992,FL8991,6023,6019,2025-10-31,64045.67
707993,FL8992,6002,6010,2025-05-29,71178.84
707994,FL8993,6004,6013,2025-03-12,46597.99
707995,FL8994,6001,6025,2025-06-16,6131.8
707996,FL8995,6027,6008,2025-02-16,15551.84
707997,FL8996,6029,6025,2025-03-15,73700.53
707998,FL8997,6020,6016,2025-12-05,23353.37
707999,FL8998,6013,6023,2025-11-05,62372.79
708000,FL8999,6011,6004,2025-10-11,24356.31
708001,FL9000,6024,6023,2025-10-12,51038.83
708002,FL9001,6010,6006,2025-04-29,19502.9
708003,FL9002,6021,6022,2025-12-11,22084.48
708004,FL9003,6011,6009,2025-07-03,21467.16
708005,FL9004,6001,6013,2025-01-01,62210.37
708006,FL9005,6002,6018,2025-05-14,22423.65
708007,FL9006,6002,6001,2025-03-04,23170.35
708008,FL9007,6007,6019,2025-08-25,61716.98
708009,FL9008,6029,6015,2025-05-26,19121.78
708010,FL9009,6016,6004,2025-08-13,4858.48
708011,FL9010,6013,6026,2025-12-28,51477.8
708012,FL9011,6008,6024,2025-11-26,17528.17
708013,FL9012,6018,6016,2025-10-12,58378.22
708014,FL9013,6019,6001,2025-03-15,25258.49
708015,FL9014,6019,6022,2025-08-07,32434.03
708016,FL9015,6024,6009,2025-07-15,36047.62
708017,FL9016,6008,6029,2025-09-30,3799.93
708018,FL9017,6025,6022,2025-03-12,11983.12
708019,FL9018,6005,6015,2025-04-24,50580.14
708020,FL9019,6016,6013,2025-02-24,60453.91
708021,FL9020,6026,6012,2025-01-23,72459.52
708022,FL9021,6016,6017,2025-09-13,5581.01
708023,FL9022,6009,6017,2025-11-30,30294.04
708024,FL9023,6027,6026,2025-07-29,46813.05
708025,FL9024,6004,6013,2025-09-25,44434.86
708026,FL9025,6003,6009,2025-08-30,57701.13
708027,FL9026,6028,6030,2025-07-26,50789.25
708028,FL9027,6022,6006,2025-08-21,15619.63
708029,FL9028,6008,6030,2025-01-31,21248.25
708030,FL9029,6026,6001,2025-08-12,12175.4
708031,FL9030,6023,6010,2025-12-25,52049.91
708032,FL9031,6017,6002,2025-07-11,72989.15
708033,FL9032,6029,6011,2025-11-29,8375.71
708034,FL9033,6029,6011,2025-12-14,57912.38
708035,FL9034,6029,6029,2025-03-05,11206.64
708036,FL9035,6029,6018,2025-02-10,27597.82
708037,FL9036,6029,6005,2025-04-29,20799.62
708038,FL9037,6009,6015,2025-06-22,37958.09
708039,FL9038,6028,6021,2025-09-09,10722.8
708040,FL9039,6003,6003,2025-08-26,41878.48
708041,FL9040,6013,6018,2025-02-23,59878.67
708042,FL9041,6029,6018,2025-08-31,3213.04
708043,FL9042,6026,6026,2025-09-10,23532.62
708044,FL9043,6021,6022,2025-07-24,11237.62
708045,FL9044,6026,6029,2025-04-19,7085.15
708046,FL9045,6006,6005,2025-07-12,3339.97
708047,FL9046,6011,6014,2025-06-21,61014.75
708048,FL9047,6008,6018,2025-01-25,10705.9
708049,FL9048,6005,6002,2025-04-06,45342.34
708050,FL9049,6008,6012,2025-11-19,25341.17
708051,FL9050,6002,6021,2025-02-10,63621.9
708052,FL9051,6005,6006,2025-09-03,23039.83
708053,FL9052,6014,6019,2025-08-12,49571.81
708054,FL9053,6019,6029,2025-12-15,65506.53
708055,FL9054,6016,6002,2025-10-26,32127.91
708056,FL9055,6025,6013,2025-11-02,74005.15
708057,FL9056,6006,6001,2025-06-11,32034.97
708058,FL9057,6004,6003,2025-06-30,8915.23
708059,FL9058,6028,6008,2025-09-28,65757.71
708060,FL9059,6028,6021,2025-10-25,22040.68
708061,FL9060,6011,6016,2025-01-08,47549.56
708062,FL9061,6020,6026,2025-07-13,39744.89
708063,FL9062,6025,6003,2025-04-23,31092.59
708064,FL9063,6030,6001,2025-02-03,12996.73
708065,FL9064,6009,6013,2025-02-19,68798.49
708066,FL9065,6011,6016,2025-06-01,10803.75
708067,FL9066,6009,6003,2025-01-17,15276.89
708068,FL9067,6006,6009,2025-03-29,3278.85
708069,FL9068,6001,6027,2025-09-01,30779.15
708070,FL9069,6007,6006,2025-03-22,16679.5
708071,FL9070,6022,6025,2025-10-11,52743.89
708072,FL9071,6014,6007,2025-02-24,6862.46
708073,FL9072,6017,6002,2025-04-14,7884.55
708074,FL9073,6024,6023,2025-03-21,42549.22
708075,FL9074,6002,6001,2025-04-04,48589.19
708076,FL9075,6017,6004,2025-05-31,15837.34
708077,FL9076,6002,6016,2025-10-15,54304.97
708078,FL9077,6028,6030,2025-08-02,60446.92
708079,FL9078,6011,6018,2025-01-03,71757.48
708080,FL9079,6026,6014,2025-12-19,25171.26
708081,FL9080,6015,6004,2025-07-14,71727.67
708082,FL9081,6005,6015,2025-09-10,45548.51
708083,FL9082,6014,6007,2025-08-21,19107.07
708084,FL9083,6017,6017,2025-12-12,49371.52
708085,FL9084,6013,6019,2025-06-20,7104.5
708086,FL9085,6009,6014,2025-10-13,74949.89
708087,FL9086,6004,6024,2025-06-25,35793.44
708088,FL9087,6001,6027,2025-12-07,3177.68
708089,FL9088,6011,6022,2025-05-17,2845.28
708090,FL9089,6016,6026,2025-02-22,70774.08
708091,FL9090,6011,6008,2025-11-18,25530.11
708092,FL9091,6025,6027,2025-02-13,16081.67
708093,FL9092,6015,6010,2025-05-13,39353.31
708094,FL9093,6006,6018,2025-04-10,68656.08
708095,FL9094,6007,6006,2025-04-13,21939.49
708096,FL9095,6017,6028,2025-11-02,26485.77
708097,FL9096,6023,6004,2025-04-09,31190.84
708098,FL9097,6005,6015,2025-02-12,18959.31
708099,FL9098,6001,6009,2025-03-02,11853.69
708100,FL9099,6030,6016,2025-05-07,24821.53
708101,FL9100,6023,6028,2025-09-19,9620.31
708102,FL9101,6015,6002,2025-10-29,10585.46
708103,FL9102,6023,6009,2025-07-22,2599.5
708104,FL9103,6023,6011,2025-05-27,55487.18
708105,FL9104,6028,6021,2025-08-04,7897.29
708106,FL9105,6006,6028,2025-03-26,67407.31
708107,FL9106,6030,6002,2025-11-16,53881.64
708108,FL9107,6017,6012,2025-11-09,29254.99
708109,FL9108,6011,6009,2025-05-06,51459.44
708110,FL9109,6025,6011,2025-08-18,63618.82
708111,FL9110,6024,6027,2025-10-22,52288.97
708112,FL9111,6009,6003,2025-12-04,40144.46
708113,FL9112,6028,6028,2025-09-10,26504.14
708114,FL9113,6020,6011,2025-01-22,65803.97
708115,FL9114,6019,6007,2025-07-21,42333.27
708116,FL9115,6008,6011,2025-07-23,69312.34
708117,FL9116,6028,6017,2025-11-13,51153.66
708118,FL9117,6018,6002,2025-05-31,57405.09
708119,FL9118,6016,6018,2025-04-09,9986.78
708120,FL9119,6005,6003,2025-07-11,49951.32
708121,FL9120,6009,6012,2025-03-16,4222.2
708122,FL9121,6022,6007,2025-01-03,69318.45
708123,FL9122,6022,6027,2025-10-28,15959.69
708124,FL9123,6028,6020,2025-09-15,26140.69
708125,FL9124,6019,6003,2025-10-11,61835.6
708126,FL9125,6003,6003,2025-08-31,71578.76
708127,FL9126,6020,6018,2025-01-17,10215.22
708128,FL9127,6024,6014,2025-01-06,63793.07
708129,FL9128,6018,6004,2025-01-31,8058.18
708130,FL9129,6007,6015,2025-04-15,24350.18
708131,FL9130,6027,6013,2025-08-30,35854.65
708132,FL9131,6009,6019,2025-07-15,61011.69
708133,FL9132,6027,6008,2025-07-24,42661.85
708134,FL9133,6006,6022,2025-03-30,65479.26
708135,FL9134,6009,6003,2025-06-19,58575.88
708136,FL9135,6010,6011,2025-05-13,25979.55
708137,FL9136,6005,6016,2025-10-20,22025.53
708138,FL9137,6007,6024,2025-10-08,70682.63
708139,FL9138,6003,6024,2025-08-28,23951.36
708140,FL9139,6012,6001,2025-08-09,18886.24
708141,FL9140,6022,6018,2025-05-31,37747.34
708142,FL9141,6030,6027,2025-07-16,54343.15
708143,FL9142,6023,6005,2025-02-26,71490.8
708144,FL9143,6029,6007,2025-12-08,10160.63
708145,FL9144,6018,6014,2025-02-25,51201.07
708146,FL9145,6030,6014,2025-03-06,40059.34
708147,FL9146,6011,6005,2025-01-16,33779.86
708148,FL9147,6004,6006,2025-04-25,18353.38
708149,FL9148,6008,6012,2025-05-10,42389.96
708150,FL9149,6010,6027,2025-12-19,42056.17
708151,FL9150,6020,6010,2025-02-19,22834.75
708152,FL9151,6006,6001,2025-09-10,14361.87
708153,FL9152,6006,6004,2025-11-19,57021.61
708154,FL9153,6008,6003,2025-02-09,39725.09
708155,FL9154,6018,6007,2025-12-17,11649.5
708156,FL9155,6001,6013,2025-08-20,29615.5
708157,FL9156,6030,6025,2025-03-17,48684.01
708158,FL9157,6001,6010,2025-08-07,2895.11
708159,FL9158,6024,6024,2025-05-21,38919.68
708160,FL9159,6018,6012,2025-04-22,48820.28
708161,FL9160,6021,6002,2025-06-02,37724.76
708162,FL9161,6013,6013,2025-09-22,10148.13
708163,FL9162,6006,6023,2025-10-11,27271.89
708164,FL9163,6012,6007,2025-11-10,48044.64
708165,FL9164,6023,6022,2025-02-16,17778.65
708166,FL9165,6023,6004,2025-11-17,56625.41
708167,FL9166,6025,6026,2025-05-07,60354.13
708168,FL9167,6027,6015,2025-02-12,67327.98
708169,FL9168,6009,6029,2025-07-12,69575.79
708170,FL9169,6020,6022,2025-02-03,74350.96
708171,FL9170,6001,6020,2025-02-13,43440.6
708172,FL9171,6025,6030,2025-10-04,22704.92
708173,FL9172,6010,6015,2025-06-21,41367.18
708174,FL9173,6010,6005,2025-10-03,17899.93
708175,FL9174,6021,6011,2025-10-22,14700.03
708176,FL9175,6002,6008,2025-07-31,37248.34
708177,FL9176,6021,6018,2025-08-14,15922.28
708178,FL9177,6020,6002,2025-02-06,61622.6
708179,FL9178,6009,6012,2025-01-10,17842.22
708180,FL9179,6030,6028,2025-03-17,71617.67
708181,FL9180,6004,6006,2025-09-17,19188.5
708182,FL9181,6014,6024,2025-04-15,51504.8
708183,FL9182,6021,6028,2025-04-09,47148.06
708184,FL9183,6014,6024,2025-02-04,18457.01
708185,FL9184,6024,6019,2025-02-07,8136.25
708186,FL9185,6004,6014,2025-01-09,63574.42
708187,FL9186,6019,6012,2025-04-22,2595.84
708188,FL9187,6017,6029,2025-03-08,18756.23
708189,FL9188,6009,6026,2025-09-01,51480.35
708190,FL9189,6006,6005,2025-05-07,70443.02
708191,FL9190,6003,6001,2025-06-22,68126.95
708192,FL9191,6003,6012,2025-12-08,5184.79
708193,FL9192,6015,6014,2025-01-08,63504.89
708194,FL9193,6002,6023,2025-11-05,41225.17
708195,FL9194,6024,6007,2025-12-11,28643.63
708196,FL9195,6014,6018,2025-04-20,4974.12
708197,FL9196,6007,6030,2025-11-18,15766.65
708198,FL9197,6002,6020,2025-05-29,25129.27
708199,FL9198,6026,6024,2025-03-13,24088.83
708200,FL9199,6010,6017,2025-10-16,63707.3
708201,FL9200,6024,6007,2025-04-26,29826.28
708202,FL9201,6030,6016,2025-06-23,37394.69
708203,FL9202,6017,6003,2025-06-02,41182.86
708204,FL9203,6021,6021,2025-06-02,59846.01
708205,FL9204,6009,6005,2025-06-06,8381.82
708206,FL9205,6021,6002,2025-01-07,53616.24
708207,FL9206,6003,6004,2025-03-30,7667.7
708208,FL9207,6013,6001,2025-09-15,66833.1
708209,FL9208,6007,6011,2025-06-19,58839.27
708210,FL9209,6029,6022,2025-04-16,61175.69
708211,FL9210,6017,6002,2025-02-04,51731.9
708212,FL9211,6030,6022,2025-03-23,9488.49
708213,FL9212,6006,6010,2025-02-23,48645.84
708214,FL9213,6019,6029,2025-06-11,58222.04
708215,FL9214,6002,6007,2025-10-14,61470.41
708216,FL9215,6023,6009,2025-04-24,25764.6
708217,FL9216,6014,6029,2025-11-14,18492.17
708218,FL9217,6019,6011,2025-01-20,66540.44
708219,FL9218,6015,6014,2025-08-06,46042.1
708220,FL9219,6029,6002,2025-05-03,61411.84
708221,FL9220,6021,6007,2025-05-04,26670.76
708222,FL9221,6013,6030,2025-08-30,41327.62
708223,FL9222,6025,6012,2025-09-29,13441.81
708224,FL9223,6028,6016,2025-10-28,27395.63
708225,FL9224,6030,6014,2025-04-27,37330.73
708226,FL9225,6008,6014,2025-09-26,45397.16
708227,FL9226,6014,6014,2025-05-14,20746.63
708228,FL9227,6029,6003,2025-07-27,66142.92
708229,FL9228,6022,6001,2025-03-22,35839.34
708230,FL9229,6021,6028,2025-05-27,30560.79
708231,FL9230,6016,6008,2025-09-26,11993.74
708232,FL9231,6004,6014,2025-08-30,32648.57
708233,FL9232,6006,6016,2025-08-15,52355.99
708234,FL9233,6014,6012,2025-11-15,33721.24
708235,FL9234,6001,6022,2025-11-22,45923.39
708236,FL9235,6023,6006,2025-04-16,69410.61
708237,FL9236,6003,6004,2025-11-18,58944.72
708238,FL9237,6011,6028,2025-10-12,24598.86
708239,FL9238,6004,6005,2025-01-08,5043.42
708240,FL9239,6001,6017,2025-10-14,52593.78
708241,FL9240,6024,6028,2025-05-11,46007.04
708242,FL9241,6013,6021,2025-05-21,22654.73
708243,FL9242,6007,6009,2025-01-28,16729.57
708244,FL9243,6007,6006,2025-11-03,20568.43
708245,FL9244,6015,6028,2025-01-16,27494.1
708246,FL9245,6008,6030,2025-11-29,66456.7
708247,FL9246,6002,6017,2025-09-11,36523.78
708248,FL9247,6012,6007,2025-04-26,42380.42
708249,FL9248,6029,6011,2025-08-22,73069.37
708250,FL9249,6003,6021,2025-05-11,45856.7
708251,FL9250,6002,6004,2025-07-08,74641.65
708252,FL9251,6024,6014,2025-01-04,68737.26
708253,FL9252,6018,6016,2025-12-16,16001.76
708254,FL9253,6001,6027,2025-07-31,52450.89
708255,FL9254,6006,6003,2025-04-07,13293.88
708256,FL9255,6020,6016,2025-01-19,33949.37
708257,FL9256,6009,6025,2025-09-15,66594.87
708258,FL9257,6019,6020,2025-03-27,25717.11
708259,FL9258,6013,6028,2025-09-08,8155.78
708260,FL9259,6025,6012,2025-12-29,72423.1
708261,FL9260,6010,6015,2025-10-03,51361.82
708262,FL9261,6005,6023,2025-09-21,13215.78
708263,FL9262,6007,6009,2025-09-08,3654.49
708264,FL9263,6001,6026,2025-01-22,46276.24
708265,FL9264,6019,6029,2025-01-13,6188.19
708266,FL9265,6014,6018,2025-06-18,7307.26
708267,FL9266,6025,6008,2025-03-28,20524.39
708268,FL9267,6017,6027,2025-03-01,12205.01
708269,FL9268,6023,6009,2025-07-14,49161.85
708270,FL9269,6023,6019,2025-12-21,66393.96
708271,FL9270,6018,6015,2025-12-22,17801.86
708272,FL9271,6006,6006,2025-11-09,26699.98
708273,FL9272,6011,6003,2025-12-12,16294.05
708274,FL9273,6015,6027,2025-03-14,72042.64
708275,FL9274,6016,6027,2025-01-06,72413.93
708276,FL9275,6023,6001,2025-02-04,10834.02
708277,FL9276,6008,6026,2025-01-26,20047.84
708278,FL9277,6008,6007,2025-05-16,31075.91
708279,FL9278,6010,6015,2025-04-16,47670.01
708280,FL9279,6026,6026,2025-08-16,10393.14
708281,FL9280,6012,6002,2025-12-03,48457.42
708282,FL9281,6029,6007,2025-01-09,64154.63
708283,FL9282,6028,6007,2025-07-12,34442.01
708284,FL9283,6005,6019,2025-06-28,19625.57
708285,FL9284,6012,6018,2025-05-23,59132.12
708286,FL9285,6006,6028,2025-12-08,62757.34
708287,FL9286,6027,6011,2025-12-07,49717.89
708288,FL9287,6006,6022,2025-04-21,30047.86
708289,FL9288,6021,6027,2025-12-01,64910.28
708290,FL9289,6021,6025,2025-09-20,9599.44
708291,FL9290,6004,6021,2025-04-15,35037.63
708292,FL9291,6019,6017,2025-06-29,40952.47
708293,FL9292,6030,6019,2025-10-27,32365.92
708294,FL9293,6023,6002,2025-06-12,54878.84
708295,FL9294,6001,6013,2025-08-20,23224.14
708296,FL9295,6006,6011,2025-06-05,7880.65
708297,FL9296,6004,6022,2025-08-07,4236.38
708298,FL9297,6002,6020,2025-04-04,6153.37
708299,FL9298,6025,6026,2025-12-19,9579.96
708300,FL9299,6027,6011,2025-12-15,2987.08
708301,FL9300,6025,6005,2025-11-18,13004.92
708302,FL9301,6012,6003,2025-06-19,8803.38
708303,FL9302,6024,6009,2025-07-10,35227.22
708304,FL9303,6007,6012,2025-06-16,46935.95
708305,FL9304,6020,6021,2025-10-13,16071.22
708306,FL9305,6030,6018,2025-12-06,19358.54
708307,FL9306,6004,6003,2025-12-31,31623.86
708308,FL9307,6026,6027,2025-08-05,54456.55
708309,FL9308,6024,6025,2025-04-15,16499.47
708310,FL9309,6030,6023,2025-06-26,59525.84
708311,FL9310,6017,6026,2025-01-07,11762.97
708312,FL9311,6005,6015,2025-06-27,16144.93
708313,FL9312,6028,6011,2025-01-30,59140.49
708314,FL9313,6019,6011,2025-05-06,23062.19
708315,FL9314,6024,6010,2025-05-15,66777.61
708316,FL9315,6006,6030,2025-05-06,62675.85
708317,FL9316,6026,6025,2025-11-30,36945.72
708318,FL9317,6016,6023,2025-07-29,53248.36
708319,FL9318,6001,6010,2025-09-01,16349.71
708320,FL9319,6018,6024,2025-09-29,64180.52
708321,FL9320,6009,6027,2025-01-13,73185.45
708322,FL9321,6016,6029,2025-11-06,12276.86
708323,FL9322,6006,6004,2025-08-12,36691.53
708324,FL9323,6002,6010,2025-07-07,52639.37
708325,FL9324,6020,6024,2025-08-01,51068.17
708326,FL9325,6029,6013,2025-07-05,71967.54
708327,FL9326,6028,6021,2025-01-10,72734.88
708328,FL9327,6022,6013,2025-10-09,19332.7
708329,FL9328,6030,6009,2025-12-06,14490.62
708330,FL9329,6021,6028,2025-09-19,37524.69
708331,FL9330,6023,6012,2025-04-08,40645.87
708332,FL9331,6028,6004,2025-03-10,32355.93
708333,FL9332,6029,6010,2025-08-16,63467.81
708334,FL9333,6007,6022,2025-08-17,42508.52
708335,FL9334,6004,6008,2025-05-26,44968.72
708336,FL9335,6006,6020,2025-02-24,71194.49
708337,FL9336,6030,6003,2025-01-06,30319.84
708338,FL9337,6002,6023,2025-11-29,66073.32
708339,FL9338,6008,6030,2025-06-23,10866.2
708340,FL9339,6020,6024,2025-11-21,64935.71
708341,FL9340,6020,6021,2025-09-01,54559.0
708342,FL9341,6007,6029,2025-07-31,74532.74
708343,FL9342,6006,6003,2025-05-11,61848.52
708344,FL9343,6017,6008,2025-07-27,18892.93
708345,FL9344,6015,6019,2025-11-14,3377.38
708346,FL9345,6002,6025,2025-07-25,10156.95
708347,FL9346,6008,6005,2025-07-18,72385.76
708348,FL9347,6001,6021,2025-03-18,25324.19
708349,FL9348,6025,6004,2025-04-03,4331.26
708350,FL9349,6024,6011,2025-10-09,47466.81
708351,FL9350,6011,6019,2025-05-18,27311.8
708352,FL9351,6010,6029,2025-11-05,10022.69
708353,FL9352,6015,6022,2025-01-31,28064.69
708354,FL9353,6014,6026,2025-06-14,25053.95
708355,FL9354,6018,6014,2025-05-12,53767.2
708356,FL9355,6003,6001,2025-02-02,47660.94
708357,FL9356,6016,6028,2025-11-09,4020.2
708358,FL9357,6017,6015,2025-05-13,41000.51
708359,FL9358,6003,6015,2025-12-04,49639.63
708360,FL9359,6006,6021,2025-03-08,70398.01
708361,FL9360,6016,6001,2025-12-16,23926.14
708362,FL9361,6011,6023,2025-04-15,8643.83
708363,FL9362,6028,6012,2025-11-09,50869.54
708364,FL9363,6017,6026,2025-09-07,27710.83
708365,FL9364,6003,6012,2025-04-29,36365.26
708366,FL9365,6010,6029,2025-06-15,36956.61
708367,FL9366,6027,6003,2025-11-12,55411.29
708368,FL9367,6025,6029,2025-02-07,36947.07
708369,FL9368,6027,6027,2025-09-18,62285.86
708370,FL9369,6023,6029,2025-04-18,19432.57
708371,FL9370,6014,6028,2025-11-29,4210.9
708372,FL9371,6022,6029,2025-03-23,3927.48
708373,FL9372,6028,6016,2025-11-20,6386.5
708374,FL9373,6023,6011,2025-05-20,48445.03
708375,FL9374,6003,6015,2025-07-17,49653.51
708376,FL9375,6012,6021,2025-05-08,14206.75
708377,FL9376,6012,6027,2025-04-15,24995.44
708378,FL9377,6024,6001,2025-08-11,73621.12
708379,FL9378,6019,6006,2025-05-23,72445.73
708380,FL9379,6018,6014,2025-11-08,34003.41
708381,FL9380,6003,6023,2025-10-14,42638.59
708382,FL9381,6023,6021,2025-06-15,38860.69
708383,FL9382,6022,6016,2025-09-26,39777.93
708384,FL9383,6004,6005,2025-09-12,68261.49
708385,FL9384,6016,6013,2025-06-29,4908.1
708386,FL9385,6029,6007,2025-10-30,69573.06
708387,FL9386,6017,6019,2025-01-19,68738.69
708388,FL9387,6009,6030,2025-12-19,71646.14
708389,FL9388,6008,6016,2025-02-23,28557.96
708390,FL9389,6020,6007,2025-02-03,53979.63
708391,FL9390,6001,6022,2025-08-24,49822.06
708392,FL9391,6023,6012,2025-06-16,34747.27
708393,FL9392,6021,6010,2025-02-06,4574.57
708394,FL9393,6009,6009,2025-03-07,31158.51
708395,FL9394,6013,6023,2025-06-07,66014.04
708396,FL9395,6027,6030,2025-01-28,72509.15
708397,FL9396,6021,6009,2025-04-14,8690.11
708398,FL9397,6023,6006,2025-02-14,73177.82
708399,FL9398,6028,6005,2025-04-29,18377.27
708400,FL9399,6018,6023,2025-09-21,57625.23
708401,FL9400,6006,6027,2025-03-12,44545.9
708402,FL9401,6019,6009,2025-11-19,60158.51
708403,FL9402,6022,6010,2025-01-21,38212.06
708404,FL9403,6022,6026,2025-11-16,47374.99
708405,FL9404,6007,6008,2025-01-27,52310.81
708406,FL9405,6018,6012,2025-03-21,14291.43
708407,FL9406,6002,6013,2025-08-16,53267.12
708408,FL9407,6025,6007,2025-06-05,25194.26
708409,FL9408,6022,6016,2025-02-03,57316.21
708410,FL9409,6010,6025,2025-10-02,31389.09
708411,FL9410,6029,6009,2025-10-13,46303.67
708412,FL9411,6017,6028,2025-07-24,6853.27
708413,FL9412,6001,6018,2025-04-14,45030.27
708414,FL9413,6012,6008,2025-04-19,28083.55
708415,FL9414,6001,6002,2025-08-21,56671.74
708416,FL9415,6030,6013,2025-06-14,57293.98
708417,FL9416,6029,6021,2025-09-06,31031.44
708418,FL9417,6001,6007,2025-12-03,62497.57
708419,FL9418,6011,6029,2025-07-02,57705.71
708420,FL9419,6004,6011,2025-09-19,17712.3
708421,FL9420,6002,6012,2025-11-15,47941.21
708422,FL9421,6003,6011,2025-08-23,5613.44
708423,FL9422,6021,6003,2025-06-02,15975.79
708424,FL9423,6022,6029,2025-07-26,11278.11
708425,FL9424,6003,6006,2025-09-30,40695.69
708426,FL9425,6011,6023,2025-11-20,59555.98
708427,FL9426,6006,6021,2025-03-21,35416.3
708428,FL9427,6029,6018,2025-09-23,35345.08
708429,FL9428,6014,6017,2025-04-28,45165.7
708430,FL9429,6029,6002,2025-03-15,15397.0
708431,FL9430,6021,6026,2025-05-13,63940.49
708432,FL9431,6014,6013,2025-08-06,48810.24
708433,FL9432,6006,6023,2025-03-08,21329.94
708434,FL9433,6021,6022,2025-11-09,59616.98
708435,FL9434,6003,6023,2025-08-24,64508.98
708436,FL9435,6004,6027,2025-09-04,29398.01
708437,FL9436,6005,6024,2025-12-13,19263.24
708438,FL9437,6016,6003,2025-06-26,68584.72
708439,FL9438,6012,6030,2025-03-29,21799.3
708440,FL9439,6021,6023,2025-12-22,12836.52
708441,FL9440,6009,6027,2025-02-08,47972.94
708442,FL9441,6010,6014,2025-08-20,12663.03
708443,FL9442,6019,6030,2025-08-10,65823.85
708444,FL9443,6016,6008,2025-09-06,43519.51
708445,FL9444,6015,6005,2025-09-10,64668.2
708446,FL9445,6003,6013,2025-06-30,60934.65
708447,FL9446,6028,6028,2025-07-17,19954.21
708448,FL9447,6026,6003,2025-06-06,7756.93
708449,FL9448,6002,6015,2025-09-27,3785.12
708450,FL9449,6002,6007,2025-05-31,27909.63
708451,FL9450,6004,6016,2025-08-23,59633.99
708452,FL9451,6020,6015,2025-06-11,56700.19
708453,FL9452,6001,6011,2025-09-28,36044.85
708454,FL9453,6020,6021,2025-05-02,20078.44
708455,FL9454,6021,6006,2025-11-22,4932.37
708456,FL9455,6019,6016,2025-11-20,64611.28
708457,FL9456,6025,6024,2025-11-21,7932.87
708458,FL9457,6010,6021,2025-01-11,62864.02
708459,FL9458,6012,6004,2025-02-06,38538.74
708460,FL9459,6028,6025,2025-11-04,5928.89
708461,FL9460,6018,6015,2025-10-15,44035.03
708462,FL9461,6008,6004,2025-12-08,49019.3
708463,FL9462,6018,6017,2025-11-22,50610.5
708464,FL9463,6004,6021,2025-03-23,23036.04
708465,FL9464,6030,6002,2025-10-30,36681.1
708466,FL9465,6022,6003,2025-07-19,18633.04
708467,FL9466,6006,6025,2025-06-03,28799.1
708468,FL9467,6027,6006,2025-11-02,60141.98
708469,FL9468,6008,6013,2025-08-30,39177.63
708470,FL9469,6015,6012,2025-11-15,61911.91
708471,FL9470,6012,6003,2025-05-04,9462.8
708472,FL9471,6005,6011,2025-10-08,47397.48
708473,FL9472,6008,6017,2025-04-24,64410.65
708474,FL9473,6011,6030,2025-03-30,44397.61
708475,FL9474,6002,6012,2025-02-16,60501.58
708476,FL9475,6028,6022,2025-08-07,62762.06
708477,FL9476,6019,6001,2025-09-25,4530.77
708478,FL9477,6024,6021,2025-09-30,46536.57
708479,FL9478,6001,6028,2025-10-22,42415.69
708480,FL9479,6020,6024,2025-07-28,58208.07
708481,FL9480,6001,6009,2025-10-07,5185.66
708482,FL9481,6007,6020,2025-05-24,67932.2
708483,FL9482,6023,6024,2025-12-04,11176.2
708484,FL9483,6026,6029,2025-05-21,52756.34
708485,FL9484,6020,6016,2025-06-06,56402.33
708486,FL9485,6020,6023,2025-11-20,9309.59
708487,FL9486,6022,6013,2025-12-03,61023.18
708488,FL9487,6015,6029,2025-08-29,74500.52
708489,FL9488,6007,6009,2025-04-23,29741.74
708490,FL9489,6021,6016,2025-10-27,54633.93
708491,FL9490,6029,6028,2025-04-18,62810.79
708492,FL9491,6005,6015,2025-01-25,52656.4
708493,FL9492,6002,6027,2025-12-14,67317.21
708494,FL9493,6010,6012,2025-02-23,23248.0
708495,FL9494,6018,6004,2025-03-12,37098.96
708496,FL9495,6004,6030,2025-10-01,33845.93
708497,FL9496,6017,6009,2025-06-02,30910.93
708498,FL9497,6009,6021,2025-06-12,42062.47
708499,FL9498,6021,6019,2025-12-20,71910.04
708500,FL9499,6027,6014,2025-08-09,18098.05
708501,FL9500,6001,6011,2025-04-11,48517.54
708502,FL9501,6023,6024,2025-12-14,34240.72
708503,FL9502,6012,6020,2025-11-14,62425.35
708504,FL9503,6023,6016,2025-07-12,36804.01
708505,FL9504,6014,6002,2025-01-30,33606.11
708506,FL9505,6015,6016,2025-08-12,19892.37
708507,FL9506,6023,6027,2025-06-01,69603.55
708508,FL9507,6007,6012,2025-10-05,13262.78
708509,FL9508,6017,6015,2025-05-09,30736.92
708510,FL9509,6018,6016,2025-03-19,61817.66
708511,FL9510,6021,6027,2025-06-01,26812.43
708512,FL9511,6006,6017,2025-10-07,42895.41
708513,FL9512,6006,6007,2025-07-03,3390.22
708514,FL9513,6008,6017,2025-12-14,34850.25
708515,FL9514,6015,6006,2025-12-06,13058.52
708516,FL9515,6030,6017,2025-07-31,60319.23
708517,FL9516,6022,6029,2025-12-31,62851.82
708518,FL9517,6002,6003,2025-08-05,38226.98
708519,FL9518,6008,6012,2025-05-15,28792.14
708520,FL9519,6002,6029,2025-06-19,47035.04
708521,FL9520,6011,6013,2025-04-21,15984.77
708522,FL9521,6011,6006,2025-12-04,15602.03
708523,FL9522,6022,6002,2025-07-15,12110.59
708524,FL9523,6011,6015,2025-07-07,8918.88
708525,FL9524,6027,6026,2025-06-30,42999.19
708526,FL9525,6003,6011,2025-01-02,10371.07
708527,FL9526,6022,6001,2025-08-31,27274.0
708528,FL9527,6022,6024,2025-01-04,22165.16
708529,FL9528,6016,6010,2025-02-10,38572.74
708530,FL9529,6025,6009,2025-03-31,26790.7
708531,FL9530,6010,6021,2025-02-17,4890.95
708532,FL9531,6006,6008,2025-05-14,59403.06
708533,FL9532,6025,6027,2025-09-20,25320.7
708534,FL9533,6001,6004,2025-11-05,11729.52
708535,FL9534,6014,6029,2025-02-18,73351.06
708536,FL9535,6003,6023,2025-05-24,34069.78
708537,FL9536,6006,6026,2025-01-29,45454.92
708538,FL9537,6020,6030,2025-12-31,64829.12
708539,FL9538,6017,6004,2025-02-26,27518.36
708540,FL9539,6005,6028,2025-10-11,52000.51
708541,FL9540,6029,6018,2025-12-26,56368.4
708542,FL9541,6021,6025,2025-05-28,29420.22
708543,FL9542,6026,6007,2025-02-21,7068.2
708544,FL9543,6010,6023,2025-01-18,66539.1
708545,FL9544,6009,6029,2025-08-09,17212.31
708546,FL9545,6021,6025,2025-11-01,15688.1
708547,FL9546,6006,6014,2025-11-09,3431.39
708548,FL9547,6010,6003,2025-10-27,41926.25
708549,FL9548,6013,6021,2025-06-06,39274.63
708550,FL9549,6024,6030,2025-09-09,70334.9
708551,FL9550,6026,6002,2025-07-13,73809.95
708552,FL9551,6024,6009,2025-10-08,4012.58
708553,FL9552,6029,6004,2025-06-22,19778.49
708554,FL9553,6023,6021,2025-10-16,36443.01
708555,FL9554,6027,6014,2025-09-11,68141.84
708556,FL9555,6022,6011,2025-04-16,50360.52
708557,FL9556,6001,6023,2025-12-30,8885.18
708558,FL9557,6026,6018,2025-08-03,61433.83
708559,FL9558,6019,6028,2025-12-05,48723.58
708560,FL9559,6017,6003,2025-01-18,41517.34
708561,FL9560,6004,6025,2025-03-21,39191.01
708562,FL9561,6004,6019,2025-03-24,40706.96
708563,FL9562,6024,6003,2025-03-31,29693.71
708564,FL9563,6011,6010,2025-05-27,12440.61
708565,FL9564,6029,6024,2025-03-22,62671.73
708566,FL9565,6023,6019,2025-05-08,33355.42
708567,FL9566,6024,6021,2025-10-15,64378.94
708568,FL9567,6020,6017,2025-03-05,58427.49
708569,FL9568,6006,6030,2025-12-22,70908.94
708570,FL9569,6027,6005,2025-01-03,5609.38
708571,FL9570,6026,6013,2025-07-09,18131.4
708572,FL9571,6023,6025,2025-04-01,23280.43
708573,FL9572,6016,6020,2025-09-15,4830.98
708574,FL9573,6014,6019,2025-10-28,67203.97
708575,FL9574,6022,6017,2025-09-01,61409.14
708576,FL9575,6003,6022,2025-08-18,58535.32
708577,FL9576,6027,6010,2025-12-04,70250.07
708578,FL9577,6014,6030,2025-03-04,64847.29
708579,FL9578,6020,6002,2025-03-09,17866.27
708580,FL9579,6019,6012,2025-03-23,33911.65
708581,FL9580,6014,6016,2025-07-02,41729.62
708582,FL9581,6023,6001,2025-07-09,65277.26
708583,FL9582,6026,6015,2025-05-05,42222.11
708584,FL9583,6019,6028,2025-09-11,5929.39
708585,FL9584,6019,6001,2025-07-31,22775.9
708586,FL9585,6023,6007,2025-04-23,33909.22
708587,FL9586,6008,6028,2025-11-13,69276.9
708588,FL9587,6021,6018,2025-01-20,23355.06
708589,FL9588,6026,6029,2025-02-12,23886.43
708590,FL9589,6004,6006,2025-01-22,32658.31
708591,FL9590,6012,6023,2025-01-18,54909.62
708592,FL9591,6028,6024,2025-03-11,13550.67
708593,FL9592,6008,6013,2025-07-08,13898.73
708594,FL9593,6026,6008,2025-06-13,58433.95
708595,FL9594,6007,6015,2025-05-18,70857.55
708596,FL9595,6010,6001,2025-11-15,72641.41
708597,FL9596,6007,6016,2025-11-14,18556.16
708598,FL9597,6023,6009,2025-03-23,66230.13
708599,FL9598,6001,6007,2025-06-06,2643.9
708600,FL9599,6006,6018,2025-12-29,12853.79
708601,FL9600,6013,6010,2025-02-03,61235.14
708602,FL9601,6019,6023,2025-05-13,65469.41
708603,FL9602,6021,6013,2025-05-10,21520.57
708604,FL9603,6005,6021,2025-11-21,29041.7
708605,FL9604,6025,6017,2025-10-01,46773.65
708606,FL9605,6026,6022,2025-02-10,38558.89
708607,FL9606,6018,6005,2025-03-14,13818.29
708608,FL9607,6022,6019,2025-04-08,21173.48
708609,FL9608,6001,6011,2025-10-25,15659.72
708610,FL9609,6005,6005,2025-11-20,37777.71
708611,FL9610,6011,6012,2025-07-07,63229.28
708612,FL9611,6029,6006,2025-06-06,46859.41
708613,FL9612,6021,6022,2025-05-03,70440.95
708614,FL9613,6001,6002,2025-07-18,20217.81
708615,FL9614,6002,6027,2025-03-23,11379.47
708616,FL9615,6002,6014,2025-11-26,48171.2
708617,FL9616,6019,6018,2025-03-20,8664.47
708618,FL9617,6006,6017,2025-11-19,42024.17
708619,FL9618,6001,6004,2025-04-03,34648.49
708620,FL9619,6027,6020,2025-10-24,32254.34
708621,FL9620,6017,6009,2025-07-16,47144.13
708622,FL9621,6011,6012,2025-08-02,50044.17
708623,FL9622,6006,6022,2025-07-20,24348.61
708624,FL9623,6003,6019,2025-12-20,34539.68
708625,FL9624,6004,6003,2025-06-07,47546.63
708626,FL9625,6025,6010,2025-02-28,51414.34
708627,FL9626,6001,6005,2025-01-27,36465.87
708628,FL9627,6025,6011,2025-01-09,18902.54
708629,FL9628,6002,6017,2025-03-18,35365.18
708630,FL9629,6029,6001,2025-09-14,73255.32
708631,FL9630,6020,6030,2025-03-02,71438.82
708632,FL9631,6017,6014,2025-11-24,7189.76
708633,FL9632,6019,6007,2025-02-10,23921.82
708634,FL9633,6021,6024,2025-09-25,9653.18
708635,FL9634,6027,6019,2025-01-16,54902.81
708636,FL9635,6016,6014,2025-05-07,60375.94
708637,FL9636,6014,6016,2025-04-02,73015.11
708638,FL9637,6016,6025,2025-10-16,49170.65
708639,FL9638,6011,6026,2025-02-28,21748.77
708640,FL9639,6013,6030,2025-05-07,37080.33
708641,FL9640,6024,6008,2025-07-28,22109.97
708642,FL9641,6009,6021,2025-01-06,19905.67
708643,FL9642,6012,6022,2025-08-26,32628.58
708644,FL9643,6001,6026,2025-02-16,17797.07
708645,FL9644,6021,6029,2025-01-24,14865.04
708646,FL9645,6029,6014,2025-07-25,40727.96
708647,FL9646,6009,6025,2025-03-27,48515.07
708648,FL9647,6016,6015,2025-02-24,2920.24
708649,FL9648,6014,6026,2025-04-12,52526.67
708650,FL9649,6014,6006,2025-06-27,38912.7
708651,FL9650,6026,6003,2025-05-30,18430.39
708652,FL9651,6006,6007,2025-07-16,43658.27
708653,FL9652,6014,6024,2025-04-05,17928.89
708654,FL9653,6019,6023,2025-04-21,19265.44
708655,FL9654,6028,6004,2025-04-20,54404.18
708656,FL9655,6005,6015,2025-07-25,20010.54
708657,FL9656,6029,6030,2025-11-11,32493.11
708658,FL9657,6025,6011,2025-08-18,61985.73
708659,FL9658,6030,6001,2025-10-09,42359.99
708660,FL9659,6009,6010,2025-05-08,32770.2
708661,FL9660,6011,6002,2025-08-05,73440.54
708662,FL9661,6017,6010,2025-03-22,48315.06
708663,FL9662,6015,6029,2025-02-13,14744.02
708664,FL9663,6001,6019,2025-09-26,27290.56
708665,FL9664,6005,6010,2025-08-11,59527.28
708666,FL9665,6025,6011,2025-10-21,67011.14
708667,FL9666,6026,6007,2025-11-20,54219.54
708668,FL9667,6010,6026,2025-02-21,10941.1
708669,FL9668,6018,6014,2025-02-11,70037.75
708670,FL9669,6006,6016,2025-03-08,52881.78
708671,FL9670,6008,6024,2025-02-27,63242.58
708672,FL9671,6028,6012,2025-12-28,53108.22
708673,FL9672,6026,6013,2025-10-17,48453.75
708674,FL9673,6024,6019,2025-05-03,55190.6
708675,FL9674,6004,6016,2025-08-03,50981.02
708676,FL9675,6028,6008,2025-04-18,49358.84
708677,FL9676,6019,6014,2025-01-17,4428.16
708678,FL9677,6025,6002,2025-07-29,9588.84
708679,FL9678,6014,6029,2025-05-23,5314.76
708680,FL9679,6013,6001,2025-11-27,62583.56
708681,FL9680,6007,6016,2025-12-12,62484.11
708682,FL9681,6016,6012,2025-05-12,52640.63
708683,FL9682,6006,6002,2025-05-24,65187.56
708684,FL9683,6028,6028,2025-09-08,61982.3
708685,FL9684,6010,6007,2025-01-08,20292.38
708686,FL9685,6016,6001,2025-10-17,39226.67
708687,FL9686,6016,6002,2025-01-29,59424.57
708688,FL9687,6029,6013,2025-02-05,65276.65
708689,FL9688,6027,6014,2025-04-17,34549.1
708690,FL9689,6011,6027,2025-09-16,7210.67
708691,FL9690,6002,6025,2025-10-17,70120.38
708692,FL9691,6014,6013,2025-04-14,61311.46
708693,FL9692,6017,6026,2025-11-01,60172.23
708694,FL9693,6010,6020,2025-07-18,44233.69
708695,FL9694,6027,6002,2025-05-05,21495.93
708696,FL9695,6004,6002,2025-08-18,62578.98
708697,FL9696,6018,6010,2025-03-30,71895.32
708698,FL9697,6019,6022,2025-06-28,25101.47
708699,FL9698,6025,6019,2025-01-12,48060.69
708700,FL9699,6003,6028,2025-08-09,51352.96
708701,FL9700,6018,6004,2025-04-19,48552.13
708702,FL9701,6011,6013,2025-03-23,39044.1
708703,FL9702,6015,6004,2025-02-19,57939.74
708704,FL9703,6006,6016,2025-09-29,26607.44
708705,FL9704,6006,6009,2025-05-18,52047.78
708706,FL9705,6019,6025,2025-08-24,49016.01
708707,FL9706,6024,6009,2025-02-03,27318.12
708708,FL9707,6015,6009,2025-10-08,3564.41
708709,FL9708,6014,6029,2025-07-29,69631.55
708710,FL9709,6023,6008,2025-07-19,67922.61
708711,FL9710,6006,6024,2025-09-27,8005.24
708712,FL9711,6010,6009,2025-08-26,38146.29
708713,FL9712,6019,6013,2025-01-24,58727.96
708714,FL9713,6004,6015,2025-03-12,37093.79
708715,FL9714,6018,6002,2025-12-12,33350.14
708716,FL9715,6015,6022,2025-01-15,52025.42
708717,FL9716,6007,6006,2025-02-07,43144.6
708718,FL9717,6020,6014,2025-12-19,36235.13
708719,FL9718,6024,6027,2025-12-16,37983.98
708720,FL9719,6023,6010,2025-02-18,11312.45
708721,FL9720,6010,6026,2025-02-01,32164.21
708722,FL9721,6029,6023,2025-04-08,44097.54
708723,FL9722,6026,6019,2025-12-25,62179.35
708724,FL9723,6015,6030,2025-03-15,65209.16
708725,FL9724,6014,6027,2025-04-18,65180.77
708726,FL9725,6009,6028,2025-02-04,66983.68
708727,FL9726,6030,6024,2025-08-27,37352.07
708728,FL9727,6027,6012,2025-05-27,6616.74
708729,FL9728,6006,6029,2025-10-13,48131.67
708730,FL9729,6024,6017,2025-08-27,12534.94
708731,FL9730,6004,6023,2025-10-20,46902.37
708732,FL9731,6026,6019,2025-07-13,42186.47
708733,FL9732,6024,6003,2025-11-02,49428.02
708734,FL9733,6001,6028,2025-08-26,18361.9
708735,FL9734,6030,6029,2025-09-25,60762.86
708736,FL9735,6012,6030,2025-11-27,34563.95
708737,FL9736,6025,6030,2025-09-12,21352.78
708738,FL9737,6010,6020,2025-08-08,3547.47
708739,FL9738,6005,6019,2025-07-30,54912.02
708740,FL9739,6012,6018,2025-08-15,48191.4
708741,FL9740,6020,6011,2025-02-11,67985.07
708742,FL9741,6024,6018,2025-03-24,2966.17
708743,FL9742,6009,6001,2025-03-15,59343.82
708744,FL9743,6014,6030,2025-03-07,8578.61
708745,FL9744,6027,6010,2025-04-26,63612.22
708746,FL9745,6006,6010,2025-06-28,17148.61
708747,FL9746,6026,6009,2025-04-28,38411.37
708748,FL9747,6016,6028,2025-10-13,47052.32
708749,FL9748,6028,6015,2025-12-10,27316.57
708750,FL9749,6021,6015,2025-06-14,72170.74
708751,FL9750,6015,6011,2025-08-02,8167.66
708752,FL9751,6026,6016,2025-01-18,52860.16
708753,FL9752,6017,6025,2025-03-25,74199.29
708754,FL9753,6016,6017,2025-08-28,23490.65
708755,FL9754,6030,6020,2025-05-19,51753.1
708756,FL9755,6001,6004,2025-05-04,12534.21
708757,FL9756,6007,6012,2025-05-11,39816.69
708758,FL9757,6025,6004,2025-05-28,28402.85
708759,FL9758,6023,6002,2025-03-18,10338.19
708760,FL9759,6006,6008,2025-07-17,18553.01
708761,FL9760,6028,6022,2025-04-30,61760.28
708762,FL9761,6019,6019,2025-09-17,11772.83
708763,FL9762,6019,6022,2025-03-25,23645.16
708764,FL9763,6010,6013,2025-12-17,16324.86
708765,FL9764,6007,6030,2025-11-21,59992.73
708766,FL9765,6002,6021,2025-03-25,39193.31
708767,FL9766,6024,6021,2025-01-26,67842.85
708768,FL9767,6004,6010,2025-01-07,27465.49
708769,FL9768,6012,6015,2025-09-10,37972.86
708770,FL9769,6019,6019,2025-05-26,50071.52
708771,FL9770,6019,6025,2025-08-21,37110.35
708772,FL9771,6020,6015,2025-11-21,13388.25
708773,FL9772,6015,6007,2025-01-29,53768.36
708774,FL9773,6024,6008,2025-02-09,59115.31
708775,FL9774,6018,6025,2025-07-17,70741.44
708776,FL9775,6020,6008,2025-03-10,62248.72
708777,FL9776,6002,6005,2025-09-25,74412.64
708778,FL9777,6021,6018,2025-04-21,43505.7
708779,FL9778,6018,6030,2025-01-01,11464.87
708780,FL9779,6009,6027,2025-03-19,41432.77
708781,FL9780,6002,6004,2025-12-26,8645.31
708782,FL9781,6025,6013,2025-09-28,30304.41
708783,FL9782,6013,6025,2025-11-13,47036.88
708784,FL9783,6029,6007,2025-06-03,65971.48
708785,FL9784,6021,6021,2025-07-24,50976.93
708786,FL9785,6029,6029,2025-10-02,54106.89
708787,FL9786,6004,6003,2025-03-06,11262.28
708788,FL9787,6004,6026,2025-02-03,73424.55
708789,FL9788,6001,6005,2025-11-28,62248.28
708790,FL9789,6002,6002,2025-01-28,19336.47
708791,FL9790,6025,6018,2025-08-03,30363.7
708792,FL9791,6014,6028,2025-01-02,49872.39
708793,FL9792,6004,6011,2025-02-17,46304.04
708794,FL9793,6023,6004,2025-09-20,2513.95
708795,FL9794,6023,6027,2025-04-11,8897.77
708796,FL9795,6015,6019,2025-08-28,62434.8
708797,FL9796,6004,6029,2025-01-22,53465.44
708798,FL9797,6006,6010,2025-06-12,21100.6
708799,FL9798,6017,6029,2025-01-13,39546.07
708800,FL9799,6007,6029,2025-11-16,16829.11
708801,FL9800,6012,6027,2025-07-23,53150.46
708802,FL9801,6017,6006,2025-12-12,63445.32
708803,FL9802,6018,6028,2025-02-28,14634.93
708804,FL9803,6024,6026,2025-09-19,9153.6
708805,FL9804,6014,6030,2025-04-21,38038.97
708806,FL9805,6001,6024,2025-12-13,29432.63
708807,FL9806,6022,6002,2025-12-10,64187.22
708808,FL9807,6017,6018,2025-09-05,36236.17
708809,FL9808,6017,6005,2025-09-06,28855.57
708810,FL9809,6006,6001,2025-02-15,74115.23
708811,FL9810,6019,6029,2025-11-28,51855.5
708812,FL9811,6016,6025,2025-06-23,46842.04
708813,FL9812,6028,6007,2025-06-29,71286.71
708814,FL9813,6024,6030,2025-05-26,59112.67
708815,FL9814,6009,6021,2025-04-14,49156.66
708816,FL9815,6013,6027,2025-02-17,10970.32
708817,FL9816,6010,6027,2025-07-26,52023.0
708818,FL9817,6013,6008,2025-09-04,74620.44
708819,FL9818,6006,6015,2025-10-12,10850.55
708820,FL9819,6023,6007,2025-09-20,13541.36
708821,FL9820,6028,6003,2025-11-23,18086.85
708822,FL9821,6010,6012,2025-07-25,53863.91
708823,FL9822,6005,6010,2025-09-17,58151.27
708824,FL9823,6027,6008,2025-10-17,61894.45
708825,FL9824,6009,6002,2025-09-02,14647.94
708826,FL9825,6026,6027,2025-01-26,38524.18
708827,FL9826,6009,6004,2025-12-23,70941.17
708828,FL9827,6022,6026,2025-09-30,37304.17
708829,FL9828,6020,6011,2025-07-27,61995.57
708830,FL9829,6012,6006,2025-10-28,53695.87
708831,FL9830,6027,6009,2025-06-02,14255.79
708832,FL9831,6021,6004,2025-06-12,7153.66
708833,FL9832,6019,6023,2025-12-23,49122.84
708834,FL9833,6011,6011,2025-09-08,25619.77
708835,FL9834,6017,6026,2025-11-22,47632.91
708836,FL9835,6012,6004,2025-07-27,36919.4
708837,FL9836,6004,6026,2025-02-15,9787.11
708838,FL9837,6012,6019,2025-06-13,7749.93
708839,FL9838,6015,6002,2025-10-14,16762.4
708840,FL9839,6003,6007,2025-06-01,55522.12
708841,FL9840,6019,6008,2025-10-09,65863.94
708842,FL9841,6008,6011,2025-03-09,44138.38
708843,FL9842,6013,6017,2025-06-27,20362.0
708844,FL9843,6006,6020,2025-09-20,53088.68
708845,FL9844,6005,6027,2025-07-13,63415.69
708846,FL9845,6015,6007,2025-11-08,48786.17
708847,FL9846,6002,6021,2025-06-20,67434.44
708848,FL9847,6029,6024,2025-12-08,5082.79
708849,FL9848,6013,6024,2025-06-13,34584.38
708850,FL9849,6002,6022,2025-10-11,61576.25
708851,FL9850,6003,6022,2025-04-23,38581.72
708852,FL9851,6004,6018,2025-10-16,33147.24
708853,FL9852,6026,6019,2025-12-30,56027.09
708854,FL9853,6003,6008,2025-09-22,31703.34
708855,FL9854,6018,6006,2025-12-06,67075.18
708856,FL9855,6008,6022,2025-06-29,19398.82
708857,FL9856,6014,6008,2025-12-01,19394.63
708858,FL9857,6005,6023,2025-04-02,37546.24
708859,FL9858,6020,6006,2025-01-01,27378.38
708860,FL9859,6012,6018,2025-08-25,14575.46
708861,FL9860,6030,6009,2025-09-26,21466.13
708862,FL9861,6030,6026,2025-12-20,57964.76
708863,FL9862,6019,6014,2025-09-18,10225.31
708864,FL9863,6018,6014,2025-02-20,69823.45
708865,FL9864,6020,6018,2025-03-20,34376.86
708866,FL9865,6022,6005,2025-12-12,25078.71
708867,FL9866,6017,6012,2025-07-21,48619.48
708868,FL9867,6005,6010,2025-06-16,28283.67
708869,FL9868,6027,6026,2025-07-15,59816.8
708870,FL9869,6008,6018,2025-03-26,70754.23
708871,FL9870,6028,6025,2025-04-18,46067.61
708872,FL9871,6011,6024,2025-03-09,21984.78
708873,FL9872,6024,6013,2025-04-20,66282.85
708874,FL9873,6009,6023,2025-03-26,46733.19
708875,FL9874,6014,6029,2025-01-04,5138.38
708876,FL9875,6025,6015,2025-07-31,37100.03
708877,FL9876,6029,6020,2025-10-01,10806.68
708878,FL9877,6006,6023,2025-05-22,71852.17
708879,FL9878,6004,6006,2025-12-08,72671.69
708880,FL9879,6002,6030,2025-03-27,72209.97
708881,FL9880,6001,6028,2025-06-03,70035.72
708882,FL9881,6022,6019,2025-08-16,44031.73
708883,FL9882,6018,6006,2025-12-14,68023.95
708884,FL9883,6027,6028,2025-10-11,41318.89
708885,FL9884,6011,6003,2025-05-18,5155.84
708886,FL9885,6017,6020,2025-07-16,53765.96
708887,FL9886,6028,6021,2025-08-16,63597.07
708888,FL9887,6007,6009,2025-07-03,48816.94
708889,FL9888,6016,6010,2025-10-20,17201.31
708890,FL9889,6028,6009,2025-02-10,52969.65
708891,FL9890,6003,6014,2025-06-29,11366.37
708892,FL9891,6008,6021,2025-12-25,11395.58
708893,FL9892,6006,6025,2025-04-20,3383.18
708894,FL9893,6020,6021,2025-07-25,12460.78
708895,FL9894,6005,6021,2025-04-03,27407.05
708896,FL9895,6008,6025,2025-12-19,26249.92
708897,FL9896,6018,6018,2025-10-04,3619.82
708898,FL9897,6007,6023,2025-02-15,12853.85
708899,FL9898,6004,6004,2025-01-26,14784.76
708900,FL9899,6019,6005,2025-08-08,23190.71
708901,FL9900,6016,6017,2025-10-12,50145.24
708902,FL9901,6001,6004,2025-06-23,38395.83
708903,FL9902,6023,6008,2025-02-09,55151.67
708904,FL9903,6015,6029,2025-07-21,32592.29
708905,FL9904,6009,6025,2025-11-19,61535.45
708906,FL9905,6004,6027,2025-09-26,14717.62
708907,FL9906,6017,6013,2025-01-18,59462.93
708908,FL9907,6027,6009,2025-07-27,72179.68
708909,FL9908,6030,6029,2025-11-05,47194.7
708910,FL9909,6021,6015,2025-01-09,6688.49
708911,FL9910,6010,6020,2025-02-12,64379.91
708912,FL9911,6018,6006,2025-12-16,46874.92
708913,FL9912,6013,6001,2025-09-22,65537.7
708914,FL9913,6003,6027,2025-10-06,9716.48
708915,FL9914,6018,6017,2025-10-08,5594.68
708916,FL9915,6013,6003,2025-11-07,55010.82
708917,FL9916,6003,6019,2025-01-31,62101.25
708918,FL9917,6001,6010,2025-02-01,9078.93
708919,FL9918,6005,6007,2025-09-30,37379.18
708920,FL9919,6020,6006,2025-02-04,54864.84
708921,FL9920,6006,6030,2025-02-13,5338.23
708922,FL9921,6012,6010,2025-08-23,72582.61
708923,FL9922,6012,6005,2025-09-28,41433.27
708924,FL9923,6027,6018,2025-02-11,17998.0
708925,FL9924,6025,6021,2025-04-26,45663.83
708926,FL9925,6020,6010,2025-10-17,64108.0
708927,FL9926,6008,6024,2025-04-23,36368.41
708928,FL9927,6020,6028,2025-12-23,42528.94
708929,FL9928,6010,6008,2025-07-05,27745.68
708930,FL9929,6020,6009,2025-07-29,15362.58
708931,FL9930,6028,6004,2025-03-27,31744.74
708932,FL9931,6019,6014,2025-10-06,32561.78
708933,FL9932,6018,6001,2025-12-02,64746.53
708934,FL9933,6021,6023,2025-01-08,2603.67
708935,FL9934,6025,6023,2025-09-06,45980.86
708936,FL9935,6016,6027,2025-07-23,30712.7
708937,FL9936,6001,6025,2025-09-24,53563.32
708938,FL9937,6001,6012,2025-10-05,23510.39
708939,FL9938,6010,6023,2025-10-01,54301.97
708940,FL9939,6025,6015,2025-09-24,23822.18
708941,FL9940,6024,6024,2025-12-27,63360.06
708942,FL9941,6004,6011,2025-01-19,24087.7
708943,FL9942,6010,6013,2025-01-01,21992.04
708944,FL9943,6010,6022,2025-02-24,58083.72
708945,FL9944,6009,6012,2025-05-21,3181.47
708946,FL9945,6021,6017,2025-01-14,5501.93
708947,FL9946,6024,6015,2025-08-13,67452.31
708948,FL9947,6005,6028,2025-08-05,54038.05
708949,FL9948,6021,6007,2025-03-24,29962.63
708950,FL9949,6003,6002,2025-09-24,46777.42
708951,FL9950,6022,6004,2025-03-27,16637.61
708952,FL9951,6006,6030,2025-09-25,17209.09
708953,FL9952,6016,6017,2025-03-15,26119.88
708954,FL9953,6029,6026,2025-12-03,61766.38
708955,FL9954,6014,6021,2025-12-20,26868.01
708956,FL9955,6006,6014,2025-10-16,44747.48
708957,FL9956,6009,6025,2025-07-15,32644.92
708958,FL9957,6019,6019,2025-04-04,13398.55
708959,FL9958,6008,6005,2025-12-28,43158.65
708960,FL9959,6017,6017,2025-06-30,3138.12
708961,FL9960,6005,6008,2025-10-09,47737.32
708962,FL9961,6028,6026,2025-01-09,74354.01
708963,FL9962,6023,6016,2025-02-19,21956.19
708964,FL9963,6014,6023,2025-05-06,57062.46
708965,FL9964,6009,6001,2025-07-24,20914.16
708966,FL9965,6001,6028,2025-08-27,32976.23
708967,FL9966,6005,6025,2025-10-13,23343.53
708968,FL9967,6007,6008,2025-12-17,3627.32
708969,FL9968,6026,6004,2025-11-14,7712.15
708970,FL9969,6011,6006,2025-09-26,27890.55
708971,FL9970,6025,6021,2025-12-04,74226.14
708972,FL9971,6002,6003,2025-01-01,27219.09
708973,FL9972,6003,6017,2025-08-28,49645.1
708974,FL9973,6012,6022,2025-02-08,17501.39
708975,FL9974,6004,6002,2025-07-28,46061.91
708976,FL9975,6021,6017,2025-10-20,51246.0
708977,FL9976,6025,6009,2025-11-18,40040.15
708978,FL9977,6025,6008,2025-06-19,71347.64
708979,FL9978,6015,6005,2025-05-10,3664.43
708980,FL9979,6025,6024,2025-04-19,15741.19
708981,FL9980,6008,6018,2025-06-24,10872.97
708982,FL9981,6027,6013,2025-12-10,23347.88
708983,FL9982,6005,6022,2025-11-16,22140.34
708984,FL9983,6010,6009,2025-12-05,53237.22
708985,FL9984,6013,6028,2025-05-17,62756.1
708986,FL9985,6022,6024,2025-06-11,71108.64
708987,FL9986,6002,6022,2025-03-29,14763.23
708988,FL9987,6012,6015,2025-08-17,2664.76
708989,FL9988,6020,6028,2025-03-01,65158.11
708990,FL9989,6008,6004,2025-07-15,41637.71
708991,FL9990,6006,6007,2025-06-26,62122.68
708992,FL9991,6015,6011,2025-04-22,48726.31
708993,FL9992,6011,6016,2025-01-23,50994.59
708994,FL9993,6011,6020,2025-04-03,4302.71
708995,FL9994,6017,6005,2025-11-29,45587.57
708996,FL9995,6002,6021,2025-09-03,10749.2
708997,FL9996,6013,6001,2025-03-03,30299.32
708998,FL9997,6026,6030,2025-10-12,19034.24
708999,FL9998,6007,6022,2025-06-30,17554.98
709000,FL9999,6010,6027,2025-06-06,55946.84
709001,FL10000,6020,6028,2025-03-13,38078.61
709002,FL10001,6024,6026,2025-03-19,7173.24
709003,FL10002,6018,6022,2025-11-03,44346.66
709004,FL10003,6026,6002,2025-01-05,46978.49
709005,FL10004,6014,6004,2025-02-21,29437.01
709006,FL10005,6019,6001,2025-03-31,66218.82
709007,FL10006,6025,6025,2025-03-27,26591.75
709008,FL10007,6025,6019,2025-12-07,34238.54
709009,FL10008,6007,6022,2025-08-13,9736.57
709010,FL10009,6027,6001,2025-10-13,37577.68
709011,FL10010,6007,6027,2025-12-11,58515.84
709012,FL10011,6006,6027,2025-06-04,57401.37
709013,FL10012,6009,6018,2025-10-30,73073.88
709014,FL10013,6021,6010,2025-12-21,21933.41
709015,FL10014,6030,6023,2025-09-08,34040.62
709016,FL10015,6028,6024,2025-07-03,52731.69
709017,FL10016,6009,6005,2025-01-11,63479.81
709018,FL10017,6015,6015,2025-03-30,55219.84
709019,FL10018,6010,6003,2025-07-14,55850.39
709020,FL10019,6019,6008,2025-06-01,43077.45
709021,FL10020,6025,6004,2025-08-08,62775.32
709022,FL10021,6005,6023,2025-04-07,56759.24
709023,FL10022,6025,6021,2025-01-25,4627.25
709024,FL10023,6025,6008,2025-07-05,73093.77
709025,FL10024,6003,6015,2025-04-26,4857.11
709026,FL10025,6021,6008,2025-07-22,70809.46
709027,FL10026,6023,6002,2025-04-14,55817.03
709028,FL10027,6021,6012,2025-06-01,36102.55
709029,FL10028,6023,6024,2025-02-05,42359.53
709030,FL10029,6020,6013,2025-06-09,33583.94
709031,FL10030,6019,6006,2025-08-15,5724.96
709032,FL10031,6012,6029,2025-10-30,16499.4
709033,FL10032,6011,6009,2025-07-06,71351.14
709034,FL10033,6024,6004,2025-06-30,6032.45
709035,FL10034,6027,6018,2025-05-17,11983.05
709036,FL10035,6001,6029,2025-05-16,4305.32
709037,FL10036,6025,6015,2025-10-21,54277.4
709038,FL10037,6019,6003,2025-02-16,18604.15
709039,FL10038,6021,6005,2025-04-08,67394.39
709040,FL10039,6013,6005,2025-06-04,74334.65
709041,FL10040,6023,6027,2025-03-23,41568.91
709042,FL10041,6001,6013,2025-03-06,62315.28
709043,FL10042,6004,6009,2025-03-03,55874.42
709044,FL10043,6010,6011,2025-05-10,14793.87
709045,FL10044,6024,6007,2025-05-22,54595.41
709046,FL10045,6016,6023,2025-02-06,28641.99
709047,FL10046,6027,6016,2025-08-05,26637.14
709048,FL10047,6028,6027,2025-08-24,30086.15
709049,FL10048,6022,6023,2025-01-26,74405.9
709050,FL10049,6023,6024,2025-09-09,45144.77
709051,FL10050,6011,6009,2025-09-03,52917.45
709052,FL10051,6029,6002,2025-05-14,50070.93
709053,FL10052,6017,6010,2025-06-03,71912.62
709054,FL10053,6029,6021,2025-07-04,36932.73
709055,FL10054,6007,6028,2025-06-08,54477.0
709056,FL10055,6013,6029,2025-02-08,37452.91
709057,FL10056,6024,6005,2025-07-28,16848.69
709058,FL10057,6004,6027,2025-05-16,34956.02
709059,FL10058,6011,6022,2025-08-22,66758.37
709060,FL10059,6017,6010,2025-01-26,33299.49
709061,FL10060,6015,6026,2025-10-19,12940.43
709062,FL10061,6011,6009,2025-04-11,49526.26
709063,FL10062,6026,6011,2025-07-28,72825.62
709064,FL10063,6024,6017,2025-07-08,69838.2
709065,FL10064,6002,6016,2025-11-17,24850.49
709066,FL10065,6001,6020,2025-10-14,47496.94
709067,FL10066,6003,6010,2025-08-20,15227.18
709068,FL10067,6023,6003,2025-08-18,51386.23
709069,FL10068,6007,6025,2025-03-30,18019.88
709070,FL10069,6014,6028,2025-04-15,58883.15
709071,FL10070,6029,6010,2025-01-08,38393.98
709072,FL10071,6018,6014,2025-06-07,71207.8
709073,FL10072,6016,6009,2025-06-25,69028.16
709074,FL10073,6022,6020,2025-11-03,36392.45
709075,FL10074,6015,6014,2025-03-09,55506.73
709076,FL10075,6011,6023,2025-12-20,71409.95
709077,FL10076,6009,6030,2025-10-17,58228.01
709078,FL10077,6011,6009,2025-03-07,39798.95
709079,FL10078,6004,6028,2025-07-02,2542.0
709080,FL10079,6017,6022,2025-05-03,14057.05
709081,FL10080,6012,6012,2025-04-24,13787.32
709082,FL10081,6007,6018,2025-11-09,25431.44
709083,FL10082,6007,6004,2025-07-01,20556.84
709084,FL10083,6021,6014,2025-11-21,69054.89
709085,FL10084,6016,6012,2025-04-28,52752.55
709086,FL10085,6013,6005,2025-12-05,42378.95
709087,FL10086,6024,6007,2025-04-09,26698.75
709088,FL10087,6018,6017,2025-09-07,8208.85
709089,FL10088,6026,6030,2025-06-24,51095.66
709090,FL10089,6026,6012,2025-06-30,13292.59
709091,FL10090,6003,6011,2025-06-29,42207.9
709092,FL10091,6010,6001,2025-03-15,52121.26
709093,FL10092,6024,6012,2025-10-15,74381.88
709094,FL10093,6011,6007,2025-07-18,39271.6
709095,FL10094,6024,6019,2025-09-26,42081.25
709096,FL10095,6005,6009,2025-04-09,20023.98
709097,FL10096,6022,6013,2025-07-03,54055.99
709098,FL10097,6015,6014,2025-10-27,20512.19
709099,FL10098,6004,6012,2025-10-30,68026.85
709100,FL10099,6005,6019,2025-06-12,13574.96
709101,FL10100,6009,6007,2025-05-18,52709.32
709102,FL10101,6002,6022,2025-10-06,67960.79
709103,FL10102,6023,6014,2025-09-26,40262.5
709104,FL10103,6005,6002,2025-06-13,45098.36
709105,FL10104,6018,6004,2025-04-30,9216.34
709106,FL10105,6006,6019,2025-04-18,61952.11
709107,FL10106,6008,6029,2025-08-03,31164.81
709108,FL10107,6011,6027,2025-09-04,4435.74
709109,FL10108,6023,6017,2025-11-07,27553.32
709110,FL10109,6007,6028,2025-06-01,13574.85
709111,FL10110,6025,6005,2025-12-04,73597.97
709112,FL10111,6029,6015,2025-11-08,65079.45
709113,FL10112,6010,6003,2025-05-13,31136.65
709114,FL10113,6003,6027,2025-03-01,39239.37
709115,FL10114,6008,6022,2025-06-11,15250.93
709116,FL10115,6020,6012,2025-11-14,21854.55
709117,FL10116,6023,6021,2025-02-16,68044.11
709118,FL10117,6004,6026,2025-07-09,32975.87
709119,FL10118,6015,6029,2025-02-06,65939.55
709120,FL10119,6024,6018,2025-08-06,6661.66
709121,FL10120,6029,6018,2025-03-17,7323.19
709122,FL10121,6015,6027,2025-09-15,59975.38
709123,FL10122,6030,6005,2025-02-03,19136.12
709124,FL10123,6009,6009,2025-06-14,51132.54
709125,FL10124,6003,6010,2025-07-05,23963.7
709126,FL10125,6017,6020,2025-12-21,60771.39
709127,FL10126,6027,6007,2025-03-24,46273.21
709128,FL10127,6026,6022,2025-12-07,60072.33
709129,FL10128,6023,6002,2025-07-23,21677.81
709130,FL10129,6019,6012,2025-10-02,42001.87
709131,FL10130,6005,6004,2025-06-22,22858.2
709132,FL10131,6029,6003,2025-06-20,26799.74
709133,FL10132,6002,6010,2025-11-23,36120.83
709134,FL10133,6008,6026,2025-07-31,19786.9
709135,FL10134,6011,6017,2025-06-05,7468.98
709136,FL10135,6007,6013,2025-02-19,7922.94
709137,FL10136,6015,6003,2025-12-19,4659.49
709138,FL10137,6015,6005,2025-12-24,45613.34
709139,FL10138,6018,6004,2025-07-18,20638.1
709140,FL10139,6006,6019,2025-12-25,32045.83
709141,FL10140,6025,6026,2025-09-23,5272.91
709142,FL10141,6026,6018,2025-02-01,15012.94
709143,FL10142,6005,6019,2025-02-23,4372.43
709144,FL10143,6023,6026,2025-04-15,47480.56
709145,FL10144,6030,6002,2025-08-19,3186.5
709146,FL10145,6005,6028,2025-10-13,28340.44
709147,FL10146,6026,6003,2025-05-12,16432.66
709148,FL10147,6022,6002,2025-10-14,68749.53
709149,FL10148,6001,6006,2025-03-12,6789.41
709150,FL10149,6018,6004,2025-01-12,18484.07
709151,FL10150,6017,6025,2025-11-13,47288.28
709152,FL10151,6019,6001,2025-07-21,20768.41
709153,FL10152,6011,6014,2025-01-20,35548.03
709154,FL10153,6026,6009,2025-07-21,74590.71
709155,FL10154,6006,6021,2025-08-20,70218.11
709156,FL10155,6023,6024,2025-03-26,71097.04
709157,FL10156,6002,6020,2025-06-23,61986.8
709158,FL10157,6027,6025,2025-05-05,67130.36
709159,FL10158,6016,6029,2025-08-30,56301.42
709160,FL10159,6022,6018,2025-09-11,13676.55
709161,FL10160,6024,6016,2025-08-20,27993.43
709162,FL10161,6027,6018,2025-12-11,19708.64
709163,FL10162,6022,6020,2025-05-17,10235.63
709164,FL10163,6003,6016,2025-06-03,67812.78
709165,FL10164,6005,6007,2025-09-06,62092.75
709166,FL10165,6021,6022,2025-09-09,71298.79
709167,FL10166,6018,6004,2025-11-29,16008.82
709168,FL10167,6010,6019,2025-01-08,2782.73
709169,FL10168,6014,6030,2025-09-30,53582.64
709170,FL10169,6018,6009,2025-10-13,34520.3
709171,FL10170,6019,6014,2025-11-25,54913.05
709172,FL10171,6013,6004,2025-07-12,23275.38
709173,FL10172,6025,6024,2025-05-29,5228.34
709174,FL10173,6013,6018,2025-07-14,30823.24
709175,FL10174,6006,6006,2025-05-29,28811.0
709176,FL10175,6009,6012,2025-11-25,9924.81
709177,FL10176,6001,6013,2025-01-03,2561.81
709178,FL10177,6010,6016,2025-11-20,65621.95
709179,FL10178,6026,6020,2025-07-22,38638.25
709180,FL10179,6005,6007,2025-06-17,30271.52
709181,FL10180,6022,6018,2025-07-13,52078.5
709182,FL10181,6020,6003,2025-04-12,66026.06
709183,FL10182,6030,6015,2025-12-15,10641.16
709184,FL10183,6019,6026,2025-12-18,71991.04
709185,FL10184,6017,6025,2025-09-12,73562.88
709186,FL10185,6026,6019,2025-11-11,55683.29
709187,FL10186,6020,6018,2025-12-09,68852.05
709188,FL10187,6018,6014,2025-07-16,18525.4
709189,FL10188,6030,6013,2025-11-26,64771.99
709190,FL10189,6008,6027,2025-08-26,21211.87
709191,FL10190,6017,6020,2025-01-11,37261.93
709192,FL10191,6025,6021,2025-08-24,32141.87
709193,FL10192,6005,6008,2025-07-19,57841.96
709194,FL10193,6018,6005,2025-08-17,35988.29
709195,FL10194,6014,6030,2025-08-30,18683.88
709196,FL10195,6024,6001,2025-04-22,19204.73
709197,FL10196,6018,6012,2025-04-26,31285.27
709198,FL10197,6008,6021,2025-05-04,28134.54
709199,FL10198,6015,6023,2025-09-15,32017.03
709200,FL10199,6020,6009,2025-08-30,18709.1
709201,FL10200,6007,6028,2025-09-22,69529.67
709202,FL10201,6021,6028,2025-09-20,53608.01
709203,FL10202,6012,6001,2025-06-27,65417.19
709204,FL10203,6030,6014,2025-06-18,31473.61
709205,FL10204,6010,6027,2025-02-05,16893.36
709206,FL10205,6014,6030,2025-10-30,19080.61
709207,FL10206,6022,6007,2025-06-30,27752.8
709208,FL10207,6007,6023,2025-01-24,6731.18
709209,FL10208,6019,6006,2025-07-25,48013.74
709210,FL10209,6014,6024,2025-01-02,51129.68
709211,FL10210,6005,6006,2025-04-14,57206.1
709212,FL10211,6019,6011,2025-05-26,15268.01
709213,FL10212,6004,6009,2025-10-16,6800.92
709214,FL10213,6021,6016,2025-01-24,21525.23
709215,FL10214,6019,6007,2025-03-08,6025.25
709216,FL10215,6012,6004,2025-04-28,37553.52
709217,FL10216,6009,6015,2025-07-23,41848.74
709218,FL10217,6007,6029,2025-06-27,31522.16
709219,FL10218,6017,6004,2025-08-22,37821.91
709220,FL10219,6008,6009,2025-04-13,43492.33
709221,FL10220,6023,6002,2025-09-11,28619.1
709222,FL10221,6011,6001,2025-10-20,29783.13
709223,FL10222,6023,6018,2025-02-05,27403.92
709224,FL10223,6003,6023,2025-05-13,45276.28
709225,FL10224,6007,6022,2025-02-12,60843.72
709226,FL10225,6010,6028,2025-06-12,46951.59
709227,FL10226,6003,6006,2025-07-07,41925.75
709228,FL10227,6026,6019,2025-09-24,27265.02
709229,FL10228,6015,6005,2025-02-11,26986.65
709230,FL10229,6029,6008,2025-06-29,51425.38
709231,FL10230,6022,6027,2025-08-21,36564.08
709232,FL10231,6003,6001,2025-03-16,53423.76
709233,FL10232,6008,6027,2025-09-27,70137.84
709234,FL10233,6029,6029,2025-05-09,73307.51
709235,FL10234,6029,6029,2025-06-08,63900.4
709236,FL10235,6010,6024,2025-03-15,18184.98
709237,FL10236,6022,6021,2025-01-04,67265.95
709238,FL10237,6022,6021,2025-08-22,18128.11
709239,FL10238,6007,6021,2025-08-15,48947.04
709240,FL10239,6011,6028,2025-12-09,23381.83
709241,FL10240,6021,6002,2025-10-20,25185.61
709242,FL10241,6001,6029,2025-03-27,35341.88
709243,FL10242,6025,6030,2025-01-23,59699.83
709244,FL10243,6005,6007,2025-02-04,50028.71
709245,FL10244,6004,6009,2025-04-21,66724.63
709246,FL10245,6005,6007,2025-08-03,71559.95
709247,FL10246,6006,6014,2025-09-08,33079.85
709248,FL10247,6007,6026,2025-01-04,65592.82
709249,FL10248,6020,6027,2025-01-06,38091.53
709250,FL10249,6007,6014,2025-06-08,17221.8
709251,FL10250,6004,6015,2025-06-15,61988.75
709252,FL10251,6007,6009,2025-04-02,45733.11
709253,FL10252,6029,6025,2025-07-28,42455.23
709254,FL10253,6028,6024,2025-06-27,57693.1
709255,FL10254,6027,6003,2025-03-19,70036.4
709256,FL10255,6015,6001,2025-12-03,60051.18
709257,FL10256,6022,6014,2025-07-06,52618.48
709258,FL10257,6029,6026,2025-05-08,33438.24
709259,FL10258,6007,6005,2025-05-11,73356.88
709260,FL10259,6016,6004,2025-08-30,27739.8
709261,FL10260,6004,6019,2025-12-03,16432.9
709262,FL10261,6011,6007,2025-03-06,3547.66
709263,FL10262,6027,6027,2025-04-08,32374.68
709264,FL10263,6021,6003,2025-12-01,69105.25
709265,FL10264,6012,6022,2025-06-06,18905.77
709266,FL10265,6010,6015,2025-02-05,42048.37
709267,FL10266,6018,6007,2025-05-30,25835.32
709268,FL10267,6011,6017,2025-01-20,7373.77
709269,FL10268,6003,6010,2025-04-21,66844.74
709270,FL10269,6003,6008,2025-06-20,4089.7
709271,FL10270,6018,6013,2025-01-08,69632.3
709272,FL10271,6019,6010,2025-01-08,51308.2
709273,FL10272,6022,6015,2025-12-04,69813.69
709274,FL10273,6022,6028,2025-02-12,5259.49
709275,FL10274,6009,6012,2025-09-05,5287.16
709276,FL10275,6005,6027,2025-03-30,59950.24
709277,FL10276,6020,6020,2025-02-10,31495.83
709278,FL10277,6015,6005,2025-09-26,45953.1
709279,FL10278,6025,6018,2025-03-10,26725.71
709280,FL10279,6007,6023,2025-03-13,48313.6
709281,FL10280,6008,6029,2025-09-22,8212.08
709282,FL10281,6018,6014,2025-02-04,9017.42
709283,FL10282,6006,6018,2025-09-08,70062.24
709284,FL10283,6018,6012,2025-04-10,66915.99
709285,FL10284,6005,6022,2025-02-23,53940.14
709286,FL10285,6027,6001,2025-04-02,25847.43
709287,FL10286,6014,6028,2025-04-18,73600.22
709288,FL10287,6016,6003,2025-05-22,20724.01
709289,FL10288,6001,6005,2025-11-08,40200.37
709290,FL10289,6009,6025,2025-03-09,5062.38
709291,FL10290,6029,6005,2025-02-03,25362.8
709292,FL10291,6010,6013,2025-02-21,62906.59
709293,FL10292,6022,6006,2025-11-19,61260.58
709294,FL10293,6026,6026,2025-05-29,11956.38
709295,FL10294,6003,6002,2025-12-13,40195.75
709296,FL10295,6005,6009,2025-09-10,20463.65
709297,FL10296,6009,6026,2025-12-15,12635.02
709298,FL10297,6006,6004,2025-07-26,4259.97
709299,FL10298,6028,6017,2025-06-18,12983.61
709300,FL10299,6025,6018,2025-11-02,66704.61
709301,FL10300,6007,6024,2025-05-27,37364.45
709302,FL10301,6024,6030,2025-09-09,66351.18
709303,FL10302,6023,6004,2025-06-05,18904.16
709304,FL10303,6029,6022,2025-04-21,18709.47
709305,FL10304,6017,6011,2025-03-06,65751.9
709306,FL10305,6010,6023,2025-09-12,64012.65
709307,FL10306,6009,6014,2025-03-31,51476.4
709308,FL10307,6014,6027,2025-05-21,29081.11
709309,FL10308,6011,6016,2025-12-31,21890.8
709310,FL10309,6005,6013,2025-08-18,36200.34
709311,FL10310,6015,6023,2025-07-13,70953.38
709312,FL10311,6006,6005,2025-07-22,51700.69
709313,FL10312,6020,6030,2025-01-08,62197.88
709314,FL10313,6019,6011,2025-06-30,19900.99
709315,FL10314,6024,6008,2025-01-07,30400.91
709316,FL10315,6030,6007,2025-08-09,50278.89
709317,FL10316,6004,6013,2025-04-04,15542.6
709318,FL10317,6017,6023,2025-03-04,66013.16
709319,FL10318,6007,6028,2025-08-12,19691.6
709320,FL10319,6024,6030,2025-01-29,70571.59
709321,FL10320,6024,6007,2025-11-27,13423.97
709322,FL10321,6029,6014,2025-09-18,69321.69
709323,FL10322,6001,6001,2025-11-29,8072.72
709324,FL10323,6004,6023,2025-05-17,35192.91
709325,FL10324,6004,6001,2025-02-18,58794.49
709326,FL10325,6002,6007,2025-10-18,74362.23
709327,FL10326,6024,6013,2025-08-01,65019.78
709328,FL10327,6018,6004,2025-12-24,53047.29
709329,FL10328,6001,6019,2025-07-22,4469.1
709330,FL10329,6003,6010,2025-11-04,17538.6
709331,FL10330,6007,6006,2025-06-11,16953.22
709332,FL10331,6007,6024,2025-07-28,14841.98
709333,FL10332,6020,6025,2025-10-14,17392.78
709334,FL10333,6018,6024,2025-03-06,40517.57
709335,FL10334,6006,6017,2025-10-23,11420.1
709336,FL10335,6009,6016,2025-08-25,49618.24
709337,FL10336,6008,6020,2025-10-24,5423.26
709338,FL10337,6009,6006,2025-12-24,73213.99
709339,FL10338,6003,6023,2025-07-07,6337.77
709340,FL10339,6018,6021,2025-05-04,48057.09
709341,FL10340,6019,6009,2025-12-05,64015.06
709342,FL10341,6007,6021,2025-06-02,63368.07
709343,FL10342,6002,6010,2025-01-17,8077.59
709344,FL10343,6016,6011,2025-11-19,8881.79
709345,FL10344,6019,6007,2025-04-06,26623.37
709346,FL10345,6019,6015,2025-12-18,70618.31
709347,FL10346,6006,6020,2025-03-19,45481.82
709348,FL10347,6008,6022,2025-01-08,14279.59
709349,FL10348,6012,6018,2025-01-15,26995.82
709350,FL10349,6014,6020,2025-06-21,32597.25
709351,FL10350,6015,6006,2025-03-16,26719.77
709352,FL10351,6011,6008,2025-01-27,70723.94
709353,FL10352,6029,6009,2025-09-18,22093.27
709354,FL10353,6020,6027,2025-11-01,4417.86
709355,FL10354,6011,6012,2025-04-21,30356.53
709356,FL10355,6012,6030,2025-03-15,71335.85
709357,FL10356,6024,6029,2025-03-22,67938.59
709358,FL10357,6011,6030,2025-01-02,7506.1
709359,FL10358,6011,6018,2025-08-06,19141.89
709360,FL10359,6004,6021,2025-06-20,10929.21
709361,FL10360,6022,6019,2025-06-23,47832.65
709362,FL10361,6013,6021,2025-07-07,54873.42
709363,FL10362,6025,6021,2025-12-19,3899.85
709364,FL10363,6021,6028,2025-07-25,19083.41
709365,FL10364,6028,6002,2025-05-22,20302.98
709366,FL10365,6007,6028,2025-06-24,30582.71
709367,FL10366,6007,6020,2025-07-29,26161.49
709368,FL10367,6011,6019,2025-12-18,24882.18
709369,FL10368,6027,6030,2025-02-18,64263.3
709370,FL10369,6026,6005,2025-05-29,15452.0
709371,FL10370,6012,6014,2025-09-12,48202.84
709372,FL10371,6026,6005,2025-07-24,6105.81
709373,FL10372,6006,6002,2025-11-14,33726.15
709374,FL10373,6026,6013,2025-10-22,54786.86
709375,FL10374,6021,6023,2025-12-30,55598.4
709376,FL10375,6006,6013,2025-06-26,54991.14
709377,FL10376,6024,6004,2025-03-04,49199.26
709378,FL10377,6026,6016,2025-06-19,25345.0
709379,FL10378,6028,6002,2025-05-24,23568.07
709380,FL10379,6028,6012,2025-07-28,30308.67
709381,FL10380,6010,6009,2025-04-19,10375.86
709382,FL10381,6007,6023,2025-06-08,72594.39
709383,FL10382,6008,6008,2025-05-06,42037.23
709384,FL10383,6002,6021,2025-08-12,33258.13
709385,FL10384,6023,6014,2025-05-18,72239.63
709386,FL10385,6004,6020,2025-06-07,23880.7
709387,FL10386,6002,6019,2025-07-26,12771.09
709388,FL10387,6030,6021,2025-09-19,9939.88
709389,FL10388,6005,6021,2025-09-30,71700.75
709390,FL10389,6008,6012,2025-11-01,20276.6
709391,FL10390,6016,6021,2025-12-31,59027.78
709392,FL10391,6008,6003,2025-11-24,38613.17
709393,FL10392,6023,6018,2025-01-20,28739.63
709394,FL10393,6013,6027,2025-11-20,73807.06
709395,FL10394,6022,6013,2025-07-02,57625.55
709396,FL10395,6024,6019,2025-01-29,20260.12
709397,FL10396,6013,6018,2025-11-17,48621.44
709398,FL10397,6002,6014,2025-09-03,27897.73
709399,FL10398,6004,6028,2025-12-25,53586.13
709400,FL10399,6030,6030,2025-05-06,67186.19
709401,FL10400,6028,6020,2025-08-07,65603.08
709402,FL10401,6028,6024,2025-06-21,53892.42
709403,FL10402,6019,6020,2025-12-04,27153.34
709404,FL10403,6002,6002,2025-10-10,37618.94
709405,FL10404,6010,6006,2025-12-08,37186.43
709406,FL10405,6006,6027,2025-09-12,62185.28
709407,FL10406,6001,6012,2025-05-24,18868.55
709408,FL10407,6013,6026,2025-04-18,13358.53
709409,FL10408,6027,6012,2025-11-24,55635.68
709410,FL10409,6006,6024,2025-05-09,5544.2
709411,FL10410,6007,6029,2025-08-30,57255.27
709412,FL10411,6028,6015,2025-12-25,3159.73
709413,FL10412,6016,6025,2025-02-15,34334.85
709414,FL10413,6001,6014,2025-10-16,22438.91
709415,FL10414,6002,6005,2025-05-10,49216.6
709416,FL10415,6028,6010,2025-06-12,23176.63
709417,FL10416,6015,6011,2025-09-26,26842.15
709418,FL10417,6023,6030,2025-01-12,17653.31
709419,FL10418,6014,6002,2025-05-19,11582.63
709420,FL10419,6022,6021,2025-03-28,48539.22
709421,FL10420,6017,6026,2025-08-27,18074.68
709422,FL10421,6022,6027,2025-09-26,3445.27
709423,FL10422,6014,6018,2025-09-08,44860.63
709424,FL10423,6002,6028,2025-05-11,5276.0
709425,FL10424,6007,6015,2025-01-16,21537.11
709426,FL10425,6005,6017,2025-07-06,69728.03
709427,FL10426,6027,6025,2025-09-01,26047.79
709428,FL10427,6001,6009,2025-06-30,21916.59
709429,FL10428,6020,6009,2025-07-08,72504.51
709430,FL10429,6016,6015,2025-10-14,3058.02
709431,FL10430,6001,6008,2025-08-08,31314.7
709432,FL10431,6027,6007,2025-11-11,30642.96
709433,FL10432,6003,6025,2025-04-26,62152.16
709434,FL10433,6026,6014,2025-06-03,66691.35
709435,FL10434,6002,6007,2025-04-06,50381.12
709436,FL10435,6020,6020,2025-05-13,74250.42
709437,FL10436,6009,6012,2025-05-27,35609.65
709438,FL10437,6014,6002,2025-08-27,53255.43
709439,FL10438,6012,6011,2025-07-02,19617.67
709440,FL10439,6029,6026,2025-05-14,74078.68
709441,FL10440,6014,6026,2025-09-24,14298.2
709442,FL10441,6018,6020,2025-01-21,50313.8
709443,FL10442,6027,6025,2025-09-28,26116.24
709444,FL10443,6024,6007,2025-10-02,52660.13
709445,FL10444,6008,6015,2025-09-21,65613.42
709446,FL10445,6026,6010,2025-05-30,42394.93
709447,FL10446,6022,6024,2025-11-17,53782.5
709448,FL10447,6022,6006,2025-04-09,39664.93
709449,FL10448,6028,6025,2025-05-07,71899.59
709450,FL10449,6013,6027,2025-02-15,69813.24
709451,FL10450,6020,6028,2025-08-25,67658.48
709452,FL10451,6019,6001,2025-05-29,72126.44
709453,FL10452,6011,6018,2025-04-13,50333.24
709454,FL10453,6022,6017,2025-05-19,72433.48
709455,FL10454,6010,6020,2025-04-03,24673.1
709456,FL10455,6023,6018,2025-09-07,23622.16
709457,FL10456,6025,6018,2025-06-25,62004.91
709458,FL10457,6025,6029,2025-06-17,3097.27
709459,FL10458,6005,6024,2025-02-14,14882.26
709460,FL10459,6012,6015,2025-08-05,29327.56
709461,FL10460,6007,6021,2025-08-05,4510.19
709462,FL10461,6025,6003,2025-12-28,14137.47
709463,FL10462,6025,6001,2025-01-29,63383.9
709464,FL10463,6015,6017,2025-12-07,7268.67
709465,FL10464,6007,6003,2025-06-14,5350.96
709466,FL10465,6016,6008,2025-07-29,17957.74
709467,FL10466,6028,6020,2025-03-21,17742.99
709468,FL10467,6020,6010,2025-08-27,7726.59
709469,FL10468,6026,6025,2025-08-08,12731.21
709470,FL10469,6019,6018,2025-08-19,23784.03
709471,FL10470,6006,6020,2025-07-06,66038.44
709472,FL10471,6002,6005,2025-07-17,32741.07
709473,FL10472,6012,6021,2025-07-21,71386.98
709474,FL10473,6010,6029,2025-12-10,18132.15
709475,FL10474,6009,6017,2025-10-18,22188.44
709476,FL10475,6010,6026,2025-10-01,23059.53
709477,FL10476,6020,6006,2025-08-03,14058.67
709478,FL10477,6019,6005,2025-05-18,47391.65
709479,FL10478,6026,6005,2025-01-14,66051.13
709480,FL10479,6002,6023,2025-04-23,32241.96
709481,FL10480,6005,6021,2025-09-14,74873.78
709482,FL10481,6001,6024,2025-02-28,17136.56
709483,FL10482,6005,6024,2025-07-23,51971.64
709484,FL10483,6022,6025,2025-05-14,19039.16
709485,FL10484,6019,6020,2025-06-24,28765.04
709486,FL10485,6005,6003,2025-12-06,17266.72
709487,FL10486,6027,6019,2025-12-08,10969.6
709488,FL10487,6019,6001,2025-04-26,71759.5
709489,FL10488,6027,6016,2025-07-14,53075.6
709490,FL10489,6024,6028,2025-12-24,15078.88
709491,FL10490,6024,6001,2025-08-13,39559.72
709492,FL10491,6003,6003,2025-10-02,55712.92
709493,FL10492,6012,6013,2025-03-29,19655.63
709494,FL10493,6010,6028,2025-08-19,20184.98
709495,FL10494,6022,6020,2025-08-26,20653.23
709496,FL10495,6020,6020,2025-07-27,72212.6
709497,FL10496,6027,6014,2025-02-08,30418.97
709498,FL10497,6025,6021,2025-01-31,23957.22
709499,FL10498,6029,6021,2025-04-26,7442.97
709500,FL10499,6022,6019,2025-06-18,68468.59
709501,FL10500,6012,6007,2025-09-19,71560.02
709502,FL10501,6030,6008,2025-08-31,24321.55
709503,FL10502,6020,6015,2025-11-18,74654.46
709504,FL10503,6022,6003,2025-07-13,49504.49
709505,FL10504,6028,6028,2025-05-13,72233.45
709506,FL10505,6013,6022,2025-07-22,30240.78
709507,FL10506,6022,6015,2025-10-29,49903.21
709508,FL10507,6028,6011,2025-03-22,54714.33
709509,FL10508,6004,6010,2025-07-12,35170.23
709510,FL10509,6006,6014,2025-05-01,46418.39
709511,FL10510,6007,6026,2025-11-12,37106.97
709512,FL10511,6021,6014,2025-01-12,74055.85
709513,FL10512,6014,6012,2025-12-17,60437.26
709514,FL10513,6022,6026,2025-03-16,48720.47
709515,FL10514,6008,6010,2025-10-29,33066.8
709516,FL10515,6020,6018,2025-05-28,13105.35
709517,FL10516,6007,6026,2025-08-11,23448.23
709518,FL10517,6005,6016,2025-04-18,72722.2
709519,FL10518,6026,6019,2025-03-05,30299.77
709520,FL10519,6021,6024,2025-04-17,57837.78
709521,FL10520,6006,6010,2025-01-30,25358.14
709522,FL10521,6022,6028,2025-08-24,2757.08
709523,FL10522,6025,6023,2025-12-29,68529.88
709524,FL10523,6001,6020,2025-08-26,31334.29
709525,FL10524,6025,6011,2025-05-29,22192.6
709526,FL10525,6029,6024,2025-06-21,21999.03
709527,FL10526,6007,6008,2025-02-14,55918.17
709528,FL10527,6003,6026,2025-02-15,29977.25
709529,FL10528,6011,6018,2025-11-08,24588.56
709530,FL10529,6017,6009,2025-11-06,42479.04
709531,FL10530,6012,6007,2025-03-30,12929.4
709532,FL10531,6029,6013,2025-05-12,73821.39
709533,FL10532,6020,6008,2025-07-28,35826.86
709534,FL10533,6005,6010,2025-09-13,56535.27
709535,FL10534,6004,6022,2025-06-21,59516.42
709536,FL10535,6022,6014,2025-06-17,67630.6
709537,FL10536,6022,6015,2025-03-17,35871.91
709538,FL10537,6017,6027,2025-12-17,50682.55
709539,FL10538,6013,6027,2025-02-26,5865.2
709540,FL10539,6019,6005,2025-04-15,37995.41
709541,FL10540,6021,6024,2025-11-03,51689.24
709542,FL10541,6022,6024,2025-07-23,42755.76
709543,FL10542,6011,6024,2025-08-23,25097.28
709544,FL10543,6012,6014,2025-08-14,70915.41
709545,FL10544,6021,6025,2025-03-13,33905.29
709546,FL10545,6026,6005,2025-02-21,43401.85
709547,FL10546,6020,6001,2025-01-08,11163.42
709548,FL10547,6021,6008,2025-05-19,58785.93
709549,FL10548,6006,6001,2025-08-15,20159.53
709550,FL10549,6013,6007,2025-12-23,26843.79
709551,FL10550,6007,6004,2025-07-07,26027.66
709552,FL10551,6001,6019,2025-03-30,73685.13
709553,FL10552,6018,6014,2025-11-28,12548.23
709554,FL10553,6024,6005,2025-02-12,43529.68
709555,FL10554,6012,6023,2025-06-11,37146.21
709556,FL10555,6002,6008,2025-10-14,20165.87
709557,FL10556,6029,6006,2025-07-12,61783.8
709558,FL10557,6003,6017,2025-06-25,46881.32
709559,FL10558,6028,6001,2025-06-17,16581.17
709560,FL10559,6027,6012,2025-10-16,57949.43
709561,FL10560,6013,6014,2025-12-19,73141.01
709562,FL10561,6007,6020,2025-07-27,47977.51
709563,FL10562,6018,6024,2025-07-20,73502.75
709564,FL10563,6007,6020,2025-09-06,59245.26
709565,FL10564,6025,6027,2025-07-06,22549.83
709566,FL10565,6018,6008,2025-04-14,60743.56
709567,FL10566,6030,6027,2025-07-15,52317.08
709568,FL10567,6009,6019,2025-05-19,66653.21
709569,FL10568,6026,6021,2025-07-02,34217.02
709570,FL10569,6013,6004,2025-04-16,69007.91
709571,FL10570,6001,6029,2025-07-05,9149.97
709572,FL10571,6016,6013,2025-02-07,39138.45
709573,FL10572,6009,6027,2025-05-01,21385.61
709574,FL10573,6012,6002,2025-06-29,43732.17
709575,FL10574,6003,6025,2025-07-26,42294.96
709576,FL10575,6028,6018,2025-12-19,11433.72
709577,FL10576,6023,6014,2025-06-02,13945.45
709578,FL10577,6014,6028,2025-06-08,29119.56
709579,FL10578,6014,6029,2025-05-13,35148.91
709580,FL10579,6016,6028,2025-06-19,59405.91
709581,FL10580,6002,6029,2025-01-16,70927.22
709582,FL10581,6009,6012,2025-01-19,61426.31
709583,FL10582,6017,6011,2025-01-16,54186.71
709584,FL10583,6008,6017,2025-01-28,30177.45
709585,FL10584,6011,6017,2025-02-16,64282.63
709586,FL10585,6026,6020,2025-09-17,57608.88
709587,FL10586,6030,6024,2025-05-23,40301.8
709588,FL10587,6015,6003,2025-02-13,15648.88
709589,FL10588,6006,6007,2025-03-03,59387.32
709590,FL10589,6025,6007,2025-03-19,68459.51
709591,FL10590,6024,6018,2025-12-10,39263.67
709592,FL10591,6012,6027,2025-04-15,36096.52
709593,FL10592,6026,6015,2025-04-26,22505.95
709594,FL10593,6020,6017,2025-05-13,42893.92
709595,FL10594,6008,6004,2025-04-24,56606.79
709596,FL10595,6019,6016,2025-02-25,31030.25
709597,FL10596,6022,6029,2025-12-24,65993.11
709598,FL10597,6021,6018,2025-10-21,44006.37
709599,FL10598,6004,6012,2025-04-19,29711.92
709600,FL10599,6030,6009,2025-07-15,13155.17
709601,FL10600,6009,6002,2025-06-07,65537.75
709602,FL10601,6003,6019,2025-06-15,54852.9
709603,FL10602,6029,6012,2025-05-24,55753.33
709604,FL10603,6027,6024,2025-08-22,65754.87
709605,FL10604,6028,6001,2025-11-06,11718.83
709606,FL10605,6029,6030,2025-03-20,29064.17
709607,FL10606,6010,6019,2025-05-24,15157.56
709608,FL10607,6030,6014,2025-06-09,21813.21
709609,FL10608,6002,6010,2025-04-18,50302.12
709610,FL10609,6017,6028,2025-02-13,50864.63
709611,FL10610,6018,6027,2025-04-07,63361.48
709612,FL10611,6022,6004,2025-04-30,30938.68
709613,FL10612,6012,6017,2025-11-20,32436.15
709614,FL10613,6006,6003,2025-04-10,35781.33
709615,FL10614,6005,6005,2025-08-11,55557.8
709616,FL10615,6004,6018,2025-08-08,22043.01
709617,FL10616,6011,6020,2025-03-21,6289.5
709618,FL10617,6012,6019,2025-06-05,14123.39
709619,FL10618,6017,6004,2025-02-21,7935.27
709620,FL10619,6018,6007,2025-01-21,27653.03
709621,FL10620,6013,6028,2025-03-04,37072.39
709622,FL10621,6025,6008,2025-04-17,29342.88
709623,FL10622,6026,6002,2025-06-09,64819.82
709624,FL10623,6019,6023,2025-09-15,2758.38
709625,FL10624,6018,6029,2025-04-24,3873.59
709626,FL10625,6018,6010,2025-05-29,53797.5
709627,FL10626,6015,6014,2025-03-31,63809.78
709628,FL10627,6005,6013,2025-02-11,53762.1
709629,FL10628,6002,6014,2025-01-29,70654.55
709630,FL10629,6008,6026,2025-02-07,74351.5
709631,FL10630,6024,6009,2025-10-10,67956.24
709632,FL10631,6003,6030,2025-08-28,49704.46
709633,FL10632,6003,6008,2025-07-11,31583.72
709634,FL10633,6014,6024,2025-02-24,62487.57
709635,FL10634,6016,6016,2025-03-10,38768.31
709636,FL10635,6019,6007,2025-07-05,20756.91
709637,FL10636,6004,6016,2025-10-13,32259.15
709638,FL10637,6023,6022,2025-07-20,57379.48
709639,FL10638,6020,6013,2025-02-11,25306.9
709640,FL10639,6016,6018,2025-01-19,66449.53
709641,FL10640,6010,6013,2025-02-10,19933.93
709642,FL10641,6018,6012,2025-12-11,69286.19
709643,FL10642,6002,6019,2025-04-10,58426.3
709644,FL10643,6002,6006,2025-02-27,19820.57
709645,FL10644,6002,6028,2025-01-27,65123.73
709646,FL10645,6003,6013,2025-02-21,53712.4
709647,FL10646,6020,6030,2025-02-25,54299.71
709648,FL10647,6012,6004,2025-04-10,57787.89
709649,FL10648,6030,6016,2025-04-02,14529.83
709650,FL10649,6026,6002,2025-04-03,42385.86
709651,FL10650,6014,6027,2025-07-15,60755.51
709652,FL10651,6030,6006,2025-11-15,40021.54
709653,FL10652,6027,6017,2025-10-12,59724.92
709654,FL10653,6001,6027,2025-06-19,67748.79
709655,FL10654,6012,6021,2025-08-11,18997.95
709656,FL10655,6016,6025,2025-07-06,13800.09
709657,FL10656,6017,6003,2025-06-09,61278.33
709658,FL10657,6012,6014,2025-02-27,55867.54
709659,FL10658,6015,6004,2025-05-23,3487.18
709660,FL10659,6015,6011,2025-07-02,16962.03
709661,FL10660,6014,6028,2025-04-19,7489.06
709662,FL10661,6021,6019,2025-01-02,57361.83
709663,FL10662,6020,6024,2025-02-23,23245.16
709664,FL10663,6028,6020,2025-01-28,15668.18
709665,FL10664,6012,6028,2025-10-06,63898.82
709666,FL10665,6002,6008,2025-02-14,36838.72
709667,FL10666,6023,6007,2025-01-15,49933.23
709668,FL10667,6018,6004,2025-03-01,26620.59
709669,FL10668,6015,6018,2025-06-15,44421.18
709670,FL10669,6009,6029,2025-08-25,60189.48
709671,FL10670,6016,6010,2025-02-01,55417.2
709672,FL10671,6009,6017,2025-09-04,65351.9
709673,FL10672,6008,6021,2025-08-04,35323.36
709674,FL10673,6030,6030,2025-05-17,52986.45
709675,FL10674,6026,6027,2025-09-08,55559.41
709676,FL10675,6022,6028,2025-05-25,64602.71
709677,FL10676,6006,6020,2025-02-16,27186.65
709678,FL10677,6023,6029,2025-02-19,3323.71
709679,FL10678,6002,6007,2025-07-17,42629.5
709680,FL10679,6014,6016,2025-08-03,56801.79
709681,FL10680,6030,6019,2025-10-20,71959.28
709682,FL10681,6020,6007,2025-03-02,7040.48
709683,FL10682,6020,6018,2025-06-04,59321.47
709684,FL10683,6020,6005,2025-08-22,59348.65
709685,FL10684,6019,6028,2025-10-03,62373.16
709686,FL10685,6017,6019,2025-03-01,41972.55
709687,FL10686,6011,6011,2025-09-25,10328.64
709688,FL10687,6010,6027,2025-07-16,8796.48
709689,FL10688,6003,6004,2025-04-09,56687.48
709690,FL10689,6001,6003,2025-07-17,55100.1
709691,FL10690,6011,6024,2025-12-16,67884.77
709692,FL10691,6010,6013,2025-10-31,24702.18
709693,FL10692,6011,6003,2025-03-10,33490.81
709694,FL10693,6026,6003,2025-12-14,43460.7
709695,FL10694,6028,6003,2025-05-23,68504.46
709696,FL10695,6026,6028,2025-07-23,62361.96
709697,FL10696,6007,6020,2025-09-23,54948.73
709698,FL10697,6019,6025,2025-12-12,63907.77
709699,FL10698,6006,6016,2025-02-06,20088.18
709700,FL10699,6002,6030,2025-03-08,3089.06
709701,FL10700,6023,6017,2025-06-23,27673.57
709702,FL10701,6008,6009,2025-05-02,43957.2
709703,FL10702,6016,6006,2025-12-27,12182.89
709704,FL10703,6024,6024,2025-10-24,50549.18
709705,FL10704,6026,6028,2025-08-27,61539.2
709706,FL10705,6012,6002,2025-09-24,68919.66
709707,FL10706,6001,6013,2025-06-24,19230.77
709708,FL10707,6021,6025,2025-03-15,54742.97
709709,FL10708,6021,6018,2025-10-20,52571.12
709710,FL10709,6010,6014,2025-03-18,21110.73
709711,FL10710,6012,6011,2025-07-25,65062.26
709712,FL10711,6003,6011,2025-10-31,34638.4
709713,FL10712,6019,6017,2025-08-12,34882.5
709714,FL10713,6006,6011,2025-06-12,51283.15
709715,FL10714,6008,6021,2025-06-12,37871.45
709716,FL10715,6028,6014,2025-07-22,46104.76
709717,FL10716,6003,6003,2025-09-30,66609.14
709718,FL10717,6011,6024,2025-06-27,56314.59
709719,FL10718,6015,6021,2025-01-18,54923.44
709720,FL10719,6008,6021,2025-08-20,42189.0
709721,FL10720,6008,6020,2025-11-10,45116.08
709722,FL10721,6026,6011,2025-09-18,15343.68
709723,FL10722,6005,6006,2025-03-28,14123.17
709724,FL10723,6028,6003,2025-12-04,26051.96
709725,FL10724,6017,6020,2025-02-09,64412.15
709726,FL10725,6025,6025,2025-03-12,18412.13
709727,FL10726,6024,6026,2025-09-18,30995.63
709728,FL10727,6029,6012,2025-08-31,49856.58
709729,FL10728,6024,6008,2025-06-01,27529.36
709730,FL10729,6013,6024,2025-11-03,32540.86
709731,FL10730,6013,6013,2025-11-26,56393.79
709732,FL10731,6013,6030,2025-07-07,25918.65
709733,FL10732,6004,6003,2025-07-28,61087.41
709734,FL10733,6001,6020,2025-01-15,49750.48
709735,FL10734,6015,6005,2025-01-04,53631.87
709736,FL10735,6027,6018,2025-01-08,49344.13
709737,FL10736,6021,6011,2025-06-21,52922.14
709738,FL10737,6027,6005,2025-05-05,50341.34
709739,FL10738,6005,6013,2025-07-10,42447.42
709740,FL10739,6024,6015,2025-08-09,27677.12
709741,FL10740,6009,6007,2025-03-21,41261.47
709742,FL10741,6015,6021,2025-01-06,26400.84
709743,FL10742,6015,6004,2025-01-17,13289.14
709744,FL10743,6015,6017,2025-01-12,69465.21
709745,FL10744,6007,6008,2025-10-21,22213.28
709746,FL10745,6029,6026,2025-02-27,70161.06
709747,FL10746,6027,6015,2025-09-17,12411.75
709748,FL10747,6004,6010,2025-05-09,28428.83
709749,FL10748,6024,6008,2025-09-13,45169.7
709750,FL10749,6024,6001,2025-03-05,26217.78
709751,FL10750,6003,6025,2025-01-07,29925.95
709752,FL10751,6018,6004,2025-08-26,50253.21
709753,FL10752,6026,6005,2025-01-13,25356.65
709754,FL10753,6010,6017,2025-02-06,30117.64
709755,FL10754,6030,6030,2025-08-12,24833.32
709756,FL10755,6010,6025,2025-09-02,68667.4
709757,FL10756,6027,6004,2025-06-27,35320.22
709758,FL10757,6024,6011,2025-03-31,49427.42
709759,FL10758,6019,6025,2025-08-08,21760.17
709760,FL10759,6007,6009,2025-11-28,17690.31
709761,FL10760,6008,6018,2025-01-18,10054.78
709762,FL10761,6024,6020,2025-11-08,39757.55
709763,FL10762,6029,6028,2025-08-25,53953.18
709764,FL10763,6025,6015,2025-09-11,25675.24
709765,FL10764,6002,6028,2025-05-27,40279.46
709766,FL10765,6011,6012,2025-07-28,60786.62
709767,FL10766,6008,6004,2025-11-19,54910.71
709768,FL10767,6002,6007,2025-04-28,47552.42
709769,FL10768,6022,6013,2025-09-26,21890.61
709770,FL10769,6018,6029,2025-09-01,25446.07
709771,FL10770,6030,6007,2025-12-11,73547.39
709772,FL10771,6020,6003,2025-05-26,49684.59
709773,FL10772,6012,6005,2025-02-07,67868.92
709774,FL10773,6015,6005,2025-04-15,37572.19
709775,FL10774,6002,6022,2025-03-08,48902.82
709776,FL10775,6017,6023,2025-10-15,44229.19
709777,FL10776,6012,6019,2025-11-19,7106.07
709778,FL10777,6001,6006,2025-03-07,63291.73
709779,FL10778,6018,6008,2025-11-19,21389.87
709780,FL10779,6005,6002,2025-02-12,27565.01
709781,FL10780,6017,6026,2025-06-11,38814.74
709782,FL10781,6004,6018,2025-01-16,39705.33
709783,FL10782,6016,6022,2025-08-06,53090.69
709784,FL10783,6016,6001,2025-11-21,69272.0
709785,FL10784,6005,6018,2025-04-06,29099.35
709786,FL10785,6002,6020,2025-01-14,21967.32
709787,FL10786,6015,6008,2025-06-20,65421.1
709788,FL10787,6004,6020,2025-03-05,73559.04
709789,FL10788,6027,6003,2025-02-21,2834.23
709790,FL10789,6021,6016,2025-03-15,20353.33
709791,FL10790,6029,6019,2025-12-18,43472.27
709792,FL10791,6019,6030,2025-06-26,31563.47
709793,FL10792,6028,6025,2025-02-15,5396.64
709794,FL10793,6027,6029,2025-01-24,23490.18
709795,FL10794,6026,6026,2025-03-17,24794.96
709796,FL10795,6015,6011,2025-12-03,29189.38
709797,FL10796,6027,6015,2025-11-23,45458.98
709798,FL10797,6011,6010,2025-02-01,50963.39
709799,FL10798,6029,6009,2025-06-21,71027.52
709800,FL10799,6016,6020,2025-07-20,55741.99
709801,FL10800,6026,6012,2025-10-27,58216.34
709802,FL10801,6012,6018,2025-06-07,36869.55
709803,FL10802,6008,6030,2025-03-26,13765.23
709804,FL10803,6002,6013,2025-04-23,26908.02
709805,FL10804,6015,6023,2025-10-20,28388.51
709806,FL10805,6009,6030,2025-11-14,23690.28
709807,FL10806,6027,6005,2025-05-09,65927.05
709808,FL10807,6012,6018,2025-09-05,63013.4
709809,FL10808,6011,6007,2025-06-06,57942.96
709810,FL10809,6005,6020,2025-08-13,45212.52
709811,FL10810,6013,6028,2025-06-18,43130.32
709812,FL10811,6009,6020,2025-04-19,74657.63
709813,FL10812,6018,6003,2025-03-14,55546.44
709814,FL10813,6020,6001,2025-12-13,63218.64
709815,FL10814,6016,6009,2025-08-21,15510.74
709816,FL10815,6008,6002,2025-04-15,49158.32
709817,FL10816,6030,6020,2025-01-23,62264.12
709818,FL10817,6014,6009,2025-05-17,55033.46
709819,FL10818,6003,6006,2025-11-09,61134.11
709820,FL10819,6013,6005,2025-08-03,49541.49
709821,FL10820,6010,6022,2025-06-23,69584.95
709822,FL10821,6002,6024,2025-04-22,45159.34
709823,FL10822,6003,6011,2025-12-27,26396.2
709824,FL10823,6014,6017,2025-06-07,12059.35
709825,FL10824,6005,6008,2025-02-26,21933.92
709826,FL10825,6008,6018,2025-08-18,33056.86
709827,FL10826,6018,6020,2025-02-13,70134.62
709828,FL10827,6019,6027,2025-05-22,17046.21
709829,FL10828,6010,6016,2025-07-25,38162.27
709830,FL10829,6017,6016,2025-05-13,25287.83
709831,FL10830,6017,6025,2025-10-21,68731.12
709832,FL10831,6019,6028,2025-01-26,44292.75
709833,FL10832,6005,6021,2025-04-30,72760.72
709834,FL10833,6012,6009,2025-04-23,17270.25
709835,FL10834,6030,6006,2025-01-19,64895.75
709836,FL10835,6020,6027,2025-02-14,20762.62
709837,FL10836,6009,6013,2025-02-08,51114.43
709838,FL10837,6019,6022,2025-06-15,27179.58
709839,FL10838,6026,6021,2025-10-10,69162.38
709840,FL10839,6030,6005,2025-10-15,33401.14
709841,FL10840,6004,6002,2025-12-04,59284.17
709842,FL10841,6011,6017,2025-02-13,53083.65
709843,FL10842,6006,6029,2025-07-28,38671.33
709844,FL10843,6022,6021,2025-05-16,3133.21
709845,FL10844,6011,6007,2025-03-10,34788.37
709846,FL10845,6009,6022,2025-08-05,65417.21
709847,FL10846,6023,6021,2025-04-08,23869.61
709848,FL10847,6011,6010,2025-05-23,35004.13
709849,FL10848,6007,6001,2025-11-03,11033.49
709850,FL10849,6029,6011,2025-02-08,11332.35
709851,FL10850,6012,6004,2025-12-31,45575.05
709852,FL10851,6019,6016,2025-12-31,13294.97
709853,FL10852,6013,6016,2025-07-13,69025.84
709854,FL10853,6029,6026,2025-06-27,40189.17
709855,FL10854,6002,6015,2025-03-02,14111.82
709856,FL10855,6024,6005,2025-01-01,63455.39
709857,FL10856,6008,6022,2025-08-25,73094.53
709858,FL10857,6010,6007,2025-08-16,52918.07
709859,FL10858,6018,6017,2025-04-19,65769.53
709860,FL10859,6021,6010,2025-05-29,62617.09
709861,FL10860,6018,6019,2025-01-17,64408.74
709862,FL10861,6010,6024,2025-08-18,62011.89
709863,FL10862,6024,6005,2025-05-14,41102.78
709864,FL10863,6005,6024,2025-09-19,66048.07
709865,FL10864,6008,6014,2025-09-06,3440.03
709866,FL10865,6006,6014,2025-04-13,27974.06
709867,FL10866,6007,6009,2025-03-24,48581.19
709868,FL10867,6020,6025,2025-04-22,63399.53
709869,FL10868,6004,6022,2025-03-27,70887.48
709870,FL10869,6023,6003,2025-01-30,62268.88
709871,FL10870,6012,6020,2025-09-22,38772.66
709872,FL10871,6007,6023,2025-07-01,5506.44
709873,FL10872,6013,6012,2025-10-15,73358.35
709874,FL10873,6025,6007,2025-03-29,26721.98
709875,FL10874,6004,6018,2025-02-20,22700.76
709876,FL10875,6025,6027,2025-08-04,26152.26
709877,FL10876,6024,6013,2025-09-13,64296.85
709878,FL10877,6003,6006,2025-06-07,11532.24
709879,FL10878,6010,6029,2025-06-26,5090.1
709880,FL10879,6008,6006,2025-01-06,53180.26
709881,FL10880,6014,6013,2025-03-29,40201.15
709882,FL10881,6011,6027,2025-03-07,60437.68
709883,FL10882,6003,6004,2025-07-15,40036.91
709884,FL10883,6026,6023,2025-06-26,71001.07
709885,FL10884,6009,6030,2025-11-13,12070.55
709886,FL10885,6021,6021,2025-12-06,50843.9
709887,FL10886,6011,6021,2025-05-27,23937.0
709888,FL10887,6026,6008,2025-03-24,47733.22
709889,FL10888,6018,6023,2025-06-30,48516.51
709890,FL10889,6003,6002,2025-06-23,24422.84
709891,FL10890,6012,6022,2025-01-04,6699.87
709892,FL10891,6015,6023,2025-09-23,3115.37
709893,FL10892,6023,6023,2025-12-18,35940.56
709894,FL10893,6020,6015,2025-10-19,10248.59
709895,FL10894,6027,6020,2025-10-02,7192.31
709896,FL10895,6023,6027,2025-01-26,51508.89
709897,FL10896,6019,6022,2025-05-09,21971.0
709898,FL10897,6025,6015,2025-11-12,36830.48
709899,FL10898,6017,6008,2025-08-22,3545.02
709900,FL10899,6022,6023,2025-11-28,53959.52
709901,FL10900,6026,6010,2025-03-18,36135.45
709902,FL10901,6015,6019,2025-04-03,38204.19
709903,FL10902,6020,6023,2025-10-06,37259.0
709904,FL10903,6009,6020,2025-05-05,43267.64
709905,FL10904,6009,6030,2025-07-24,17313.77
709906,FL10905,6024,6021,2025-08-30,13390.95
709907,FL10906,6007,6016,2025-11-17,39161.16
709908,FL10907,6016,6019,2025-06-18,49468.32
709909,FL10908,6026,6029,2025-08-15,46211.2
709910,FL10909,6023,6017,2025-12-20,10746.24
709911,FL10910,6023,6013,2025-08-01,13487.06
709912,FL10911,6018,6029,2025-08-19,5502.26
709913,FL10912,6007,6011,2025-04-16,68951.62
709914,FL10913,6008,6015,2025-12-03,24745.11
709915,FL10914,6026,6012,2025-09-15,68955.75
709916,FL10915,6022,6012,2025-03-10,50996.57
709917,FL10916,6024,6006,2025-04-07,52438.68
709918,FL10917,6005,6004,2025-03-03,66580.27
709919,FL10918,6014,6019,2025-04-26,37824.71
709920,FL10919,6003,6014,2025-02-11,39423.48
709921,FL10920,6022,6030,2025-07-02,29877.5
709922,FL10921,6003,6014,2025-10-12,14444.86
709923,FL10922,6009,6029,2025-04-22,40558.91
709924,FL10923,6005,6019,2025-07-09,39661.17
709925,FL10924,6027,6021,2025-01-09,53048.26
709926,FL10925,6027,6022,2025-07-29,13787.4
709927,FL10926,6020,6021,2025-12-16,8738.18
709928,FL10927,6018,6020,2025-02-04,24066.03
709929,FL10928,6005,6013,2025-06-10,30765.75
709930,FL10929,6022,6024,2025-08-18,8059.12
709931,FL10930,6025,6002,2025-03-24,39351.51
709932,FL10931,6003,6028,2025-10-15,9693.76
709933,FL10932,6030,6002,2025-03-15,6979.08
709934,FL10933,6023,6014,2025-03-13,74690.27
709935,FL10934,6028,6001,2025-07-19,36119.62
709936,FL10935,6020,6002,2025-02-09,11927.32
709937,FL10936,6020,6003,2025-04-25,58793.01
709938,FL10937,6017,6027,2025-08-23,17879.55
709939,FL10938,6019,6026,2025-10-11,67084.4
709940,FL10939,6026,6026,2025-07-12,40388.28
709941,FL10940,6021,6016,2025-04-05,12448.88
709942,FL10941,6022,6005,2025-08-02,13484.2
709943,FL10942,6019,6006,2025-11-10,11397.8
709944,FL10943,6019,6013,2025-12-03,56880.14
709945,FL10944,6011,6008,2025-07-13,29389.93
709946,FL10945,6001,6005,2025-01-04,59588.8
709947,FL10946,6023,6002,2025-05-08,20111.97
709948,FL10947,6012,6024,2025-02-19,71069.58
709949,FL10948,6021,6005,2025-02-26,42966.88
709950,FL10949,6006,6025,2025-08-30,20793.34
709951,FL10950,6018,6028,2025-12-26,55994.57
709952,FL10951,6001,6006,2025-07-17,21589.1
709953,FL10952,6010,6018,2025-02-09,69537.09
709954,FL10953,6006,6028,2025-11-26,33185.61
709955,FL10954,6024,6013,2025-09-27,51195.04
709956,FL10955,6023,6026,2025-10-15,69437.55
709957,FL10956,6019,6016,2025-01-11,15761.24
709958,FL10957,6028,6030,2025-03-26,51463.17
709959,FL10958,6015,6025,2025-04-28,50670.31
709960,FL10959,6024,6021,2025-07-17,4930.36
709961,FL10960,6010,6010,2025-12-26,30573.12
709962,FL10961,6002,6029,2025-10-02,66225.62
709963,FL10962,6013,6006,2025-08-21,11142.65
709964,FL10963,6017,6027,2025-06-28,9229.28
709965,FL10964,6005,6020,2025-02-08,44646.07
709966,FL10965,6002,6001,2025-02-14,38889.26
709967,FL10966,6003,6022,2025-03-25,46615.76
709968,FL10967,6022,6009,2025-06-12,5537.65
709969,FL10968,6028,6008,2025-02-14,48837.15
709970,FL10969,6030,6019,2025-07-22,53965.52
709971,FL10970,6029,6004,2025-07-28,60061.6
709972,FL10971,6009,6011,2025-11-17,10361.14
709973,FL10972,6016,6008,2025-05-29,45380.96
709974,FL10973,6014,6005,2025-05-10,51935.01
709975,FL10974,6023,6030,2025-06-07,59655.51
709976,FL10975,6006,6005,2025-11-21,19054.31
709977,FL10976,6019,6025,2025-03-27,50555.28
709978,FL10977,6025,6001,2025-10-26,46139.13
709979,FL10978,6005,6018,2025-09-18,50483.55
709980,FL10979,6012,6003,2025-06-19,17834.48
709981,FL10980,6018,6012,2025-02-14,49481.49
709982,FL10981,6003,6025,2025-12-01,35554.65
709983,FL10982,6018,6015,2025-12-09,56898.86
709984,FL10983,6004,6030,2025-12-17,32166.26
709985,FL10984,6025,6014,2025-09-13,14706.01
709986,FL10985,6028,6004,2025-11-09,7528.1
709987,FL10986,6011,6018,2025-03-29,65868.69
709988,FL10987,6006,6021,2025-01-16,66584.42
709989,FL10988,6006,6013,2025-09-11,5768.1
709990,FL10989,6008,6010,2025-08-02,69920.74
709991,FL10990,6018,6001,2025-04-04,70820.34
709992,FL10991,6029,6016,2025-02-02,66201.61
709993,FL10992,6012,6022,2025-12-18,34506.3
709994,FL10993,6021,6003,2025-09-30,71632.07
709995,FL10994,6017,6008,2025-01-06,7464.14
709996,FL10995,6014,6028,2025-04-13,14564.76
709997,FL10996,6010,6013,2025-06-08,57297.05
709998,FL10997,6029,6010,2025-05-17,48229.56
709999,FL10998,6024,6009,2025-07-11,10347.52
710000,FL10999,6009,6029,2025-02-24,54804.99
