passenger_id,passenger_name,gender,city
500001,Passenger_1,Male,Chennai
500002,Passenger_2,Female,Mumbai
500003,Passenger_3,Male,Jaipur
500004,Passenger_4,Male,Hyderabad
500005,Passenger_5,Female,Bengaluru
500006,Passenger_6,Female,Hyderabad
500007,Passenger_7,Male,Bengaluru
500008,Passenger_8,Male,Chennai
500009,Passenger_9,Male,Mumbai
500010,Passenger_10,Female,Hyderabad
500011,Passenger_11,Male,Pune
500012,Passenger_12,Female,Chennai
500013,Passenger_13,Male,Chennai
500014,Passenger_14,Male,Jaipur
500015,Passenger_15,Male,Chennai
500016,Passenger_16,Female,Delhi
500017,Passenger_17,Female,Kolkata
500018,Passenger_18,Male,Kolkata
500019,Passenger_19,Male,Hyderabad
500020,Passenger_20,Female,Pune
500021,Passenger_21,Male,Pune
500022,Passenger_22,Female,Mumbai
500023,Passenger_23,Male,Jaipur
500024,Passenger_24,Male,Pune
500025,Passenger_25,Female,Bengaluru
500026,Passenger_26,Female,Pune
500027,Passenger_27,Male,Hyderabad
500028,Passenger_28,Female,Kolkata
500029,Passenger_29,Female,Pune
500030,Passenger_30,Male,Jaipur
500031,Passenger_31,Male,Chennai
500032,Passenger_32,Female,Kolkata
500033,Passenger_33,Female,Hyderabad
500034,Passenger_34,Female,Delhi
500035,Passenger_35,Male,Chennai
500036,Passenger_36,Male,Kolkata
500037,Passenger_37,Female,Chennai
500038,Passenger_38,Female,Pune
500039,Passenger_39,Male,Kolkata
500040,Passenger_40,Male,Delhi
500041,Passenger_41,Male,Mumbai
500042,Passenger_42,Male,Delhi
500043,Passenger_43,Male,Hyderabad
500044,Passenger_44,Male,Mumbai
500045,Passenger_45,Male,Hyderabad
500046,Passenger_46,Male,Kolkata
500047,Passenger_47,Male,Hyderabad
500048,Passenger_48,Female,Hyderabad
500049,Passenger_49,Male,Chennai
500050,Passenger_50,Female,Mumbai
500051,Passenger_51,Male,Delhi
500052,Passenger_52,Female,Delhi
500053,Passenger_53,Male,Bengaluru
500054,Passenger_54,Male,Mumbai
500055,Passenger_55,Male,Kolkata
500056,Passenger_56,Female,Delhi
500057,Passenger_57,Male,Delhi
500058,Passenger_58,Male,Bengaluru
500059,Passenger_59,Male,Mumbai
500060,Passenger_60,Female,Kolkata
500061,Passenger_61,Male,Bengaluru
500062,Passenger_62,Female,Bengaluru
500063,Passenger_63,Male,Jaipur
500064,Passenger_64,Female,Jaipur
500065,Passenger_65,Male,Hyderabad
500066,Passenger_66,Female,Kolkata
500067,Passenger_67,Female,Pune
500068,Passenger_68,Male,Hyderabad
500069,Passenger_69,Male,Chennai
500070,Passenger_70,Male,Chennai
500071,Passenger_71,Male,Mumbai
500072,Passenger_72,Male,Chennai
500073,Passenger_73,Female,Mumbai
500074,Passenger_74,Male,Chennai
500075,Passenger_75,Female,Chennai
500076,Passenger_76,Female,Bengaluru
500077,Passenger_77,Male,Hyderabad
500078,Passenger_78,Male,Pune
500079,Passenger_79,Female,Kolkata
500080,Passenger_80,Male,Pune
500081,Passenger_81,Female,Pune
500082,Passenger_82,Female,Jaipur
500083,Passenger_83,Female,Delhi
500084,Passenger_84,Male,Jaipur
500085,Passenger_85,Female,Jaipur
500086,Passenger_86,Male,Hyderabad
500087,Passenger_87,Male,Chennai
500088,Passenger_88,Female,Jaipur
500089,Passenger_89,Male,Delhi
500090,Passenger_90,Male,Mumbai
500091,Passenger_91,Male,Delhi
500092,Passenger_92,Female,Kolkata
500093,Passenger_93,Female,Chennai
500094,Passenger_94,Female,Jaipur
500095,Passenger_95,Male,Delhi
500096,Passenger_96,Female,Chennai
500097,Passenger_97,Female,Chennai
500098,Passenger_98,Female,Mumbai
500099,Passenger_99,Male,Pune
500100,Passenger_100,Male,Delhi
500101,Passenger_101,Female,Hyderabad
500102,Passenger_102,Male,Jaipur
500103,Passenger_103,Female,Pune
500104,Passenger_104,Female,Mumbai
500105,Passenger_105,Female,Pune
500106,Passenger_106,Female,Hyderabad
500107,Passenger_107,Female,Hyderabad
500108,Passenger_108,Male,Hyderabad
500109,Passenger_109,Female,Jaipur
500110,Passenger_110,Male,Hyderabad
500111,Passenger_111,Female,Kolkata
500112,Passenger_112,Male,Jaipur
500113,Passenger_113,Male,Jaipur
500114,Passenger_114,Male,Chennai
500115,Passenger_115,Male,Hyderabad
500116,Passenger_116,Male,Hyderabad
500117,Passenger_117,Male,Hyderabad
500118,Passenger_118,Male,Pune
500119,Passenger_119,Female,Bengaluru
500120,Passenger_120,Male,Chennai
500121,Passenger_121,Female,Pune
500122,Passenger_122,Male,Bengaluru
500123,Passenger_123,Male,Mumbai
500124,Passenger_124,Male,Mumbai
500125,Passenger_125,Male,Hyderabad
500126,Passenger_126,Female,Bengaluru
500127,Passenger_127,Female,Chennai
500128,Passenger_128,Female,Kolkata
500129,Passenger_129,Female,Chennai
500130,Passenger_130,Male,Pune
500131,Passenger_131,Male,Hyderabad
500132,Passenger_132,Female,Bengaluru
500133,Passenger_133,Male,Bengaluru
500134,Passenger_134,Female,Kolkata
500135,Passenger_135,Female,Mumbai
500136,Passenger_136,Female,Delhi
500137,Passenger_137,Female,Pune
500138,Passenger_138,Male,Delhi
500139,Passenger_139,Female,Hyderabad
500140,Passenger_140,Female,Pune
500141,Passenger_141,Male,Kolkata
500142,Passenger_142,Male,Jaipur
500143,Passenger_143,Female,Hyderabad
500144,Passenger_144,Female,Delhi
500145,Passenger_145,Male,Mumbai
500146,Passenger_146,Male,Delhi
500147,Passenger_147,Female,Hyderabad
500148,Passenger_148,Male,Delhi
500149,Passenger_149,Male,Chennai
500150,Passenger_150,Female,Bengaluru
500151,Passenger_151,Male,Chennai
500152,Passenger_152,Female,Hyderabad
500153,Passenger_153,Male,Jaipur
500154,Passenger_154,Female,Kolkata
500155,Passenger_155,Male,Chennai
500156,Passenger_156,Female,Chennai
500157,Passenger_157,Male,Kolkata
500158,Passenger_158,Female,Pune
500159,Passenger_159,Female,Delhi
500160,Passenger_160,Male,Pune
500161,Passenger_161,Female,Mumbai
500162,Passenger_162,Male,Hyderabad
500163,Passenger_163,Male,Jaipur
500164,Passenger_164,Male,Mumbai
500165,Passenger_165,Female,Pune
500166,Passenger_166,Female,Kolkata
500167,Passenger_167,Female,Bengaluru
500168,Passenger_168,Female,Jaipur
500169,Passenger_169,Male,Pune
500170,Passenger_170,Female,Bengaluru
500171,Passenger_171,Female,Jaipur
500172,Passenger_172,Male,Pune
500173,Passenger_173,Female,Jaipur
500174,Passenger_174,Female,Bengaluru
500175,Passenger_175,Female,Hyderabad
500176,Passenger_176,Female,Chennai
500177,Passenger_177,Female,Bengaluru
500178,Passenger_178,Male,Pune
500179,Passenger_179,Male,Pune
500180,Passenger_180,Female,Kolkata
500181,Passenger_181,Male,Delhi
500182,Passenger_182,Male,Kolkata
500183,Passenger_183,Female,Chennai
500184,Passenger_184,Male,Jaipur
500185,Passenger_185,Male,Delhi
500186,Passenger_186,Male,Kolkata
500187,Passenger_187,Male,Hyderabad
500188,Passenger_188,Female,Kolkata
500189,Passenger_189,Female,Mumbai
500190,Passenger_190,Male,Bengaluru
500191,Passenger_191,Female,Delhi
500192,Passenger_192,Male,Hyderabad
500193,Passenger_193,Female,Bengaluru
500194,Passenger_194,Male,Mumbai
500195,Passenger_195,Female,Bengaluru
500196,Passenger_196,Male,Chennai
500197,Passenger_197,Female,Chennai
500198,Passenger_198,Male,Mumbai
500199,Passenger_199,Female,Kolkata
500200,Passenger_200,Male,Hyderabad
500201,Passenger_201,Male,Mumbai
500202,Passenger_202,Male,Pune
500203,Passenger_203,Male,Hyderabad
500204,Passenger_204,Male,Jaipur
500205,Passenger_205,Female,Bengaluru
500206,Passenger_206,Male,Hyderabad
500207,Passenger_207,Male,Pune
500208,Passenger_208,Female,Mumbai
500209,Passenger_209,Female,Mumbai
500210,Passenger_210,Female,Bengaluru
500211,Passenger_211,Male,Kolkata
500212,Passenger_212,Female,Delhi
500213,Passenger_213,Female,Jaipur
500214,Passenger_214,Female,Mumbai
500215,Passenger_215,Female,Chennai
500216,Passenger_216,Male,Jaipur
500217,Passenger_217,Female,Chennai
500218,Passenger_218,Male,Pune
500219,Passenger_219,Male,Mumbai
500220,Passenger_220,Female,Pune
500221,Passenger_221,Male,Pune
500222,Passenger_222,Female,Bengaluru
500223,Passenger_223,Male,Mumbai
500224,Passenger_224,Female,Bengaluru
500225,Passenger_225,Male,Hyderabad
500226,Passenger_226,Male,Mumbai
500227,Passenger_227,Female,Jaipur
500228,Passenger_228,Male,Chennai
500229,Passenger_229,Female,Mumbai
500230,Passenger_230,Female,Bengaluru
500231,Passenger_231,Female,Bengaluru
500232,Passenger_232,Female,Chennai
500233,Passenger_233,Male,Jaipur
500234,Passenger_234,Male,Mumbai
500235,Passenger_235,Female,Chennai
500236,Passenger_236,Male,Delhi
500237,Passenger_237,Male,Pune
500238,Passenger_238,Female,Kolkata
500239,Passenger_239,Male,Kolkata
500240,Passenger_240,Male,Kolkata
500241,Passenger_241,Male,Pune
500242,Passenger_242,Male,Delhi
500243,Passenger_243,Female,Mumbai
500244,Passenger_244,Female,Mumbai
500245,Passenger_245,Female,Chennai
500246,Passenger_246,Female,Jaipur
500247,Passenger_247,Female,Pune
500248,Passenger_248,Male,Pune
500249,Passenger_249,Female,Delhi
500250,Passenger_250,Female,Pune
500251,Passenger_251,Male,Pune
500252,Passenger_252,Male,Delhi
500253,Passenger_253,Male,Bengaluru
500254,Passenger_254,Female,Pune
500255,Passenger_255,Female,Hyderabad
500256,Passenger_256,Male,Mumbai
500257,Passenger_257,Female,Jaipur
500258,Passenger_258,Male,Delhi
500259,Passenger_259,Female,Jaipur
500260,Passenger_260,Female,Hyderabad
500261,Passenger_261,Female,Jaipur
500262,Passenger_262,Male,Hyderabad
500263,Passenger_263,Female,Jaipur
500264,Passenger_264,Male,Hyderabad
500265,Passenger_265,Male,Hyderabad
500266,Passenger_266,Male,Delhi
500267,Passenger_267,Male,Kolkata
500268,Passenger_268,Male,Kolkata
500269,Passenger_269,Male,Bengaluru
500270,Passenger_270,Male,Jaipur
500271,Passenger_271,Male,Hyderabad
500272,Passenger_272,Female,Kolkata
500273,Passenger_273,Male,Jaipur
500274,Passenger_274,Female,Jaipur
500275,Passenger_275,Female,Delhi
500276,Passenger_276,Male,Hyderabad
500277,Passenger_277,Female,Hyderabad
500278,Passenger_278,Female,Bengaluru
500279,Passenger_279,Female,Mumbai
500280,Passenger_280,Male,Mumbai
500281,Passenger_281,Female,Jaipur
500282,Passenger_282,Male,Kolkata
500283,Passenger_283,Female,Mumbai
500284,Passenger_284,Female,Pune
500285,Passenger_285,Male,Kolkata
500286,Passenger_286,Male,Kolkata
500287,Passenger_287,Female,Hyderabad
500288,Passenger_288,Male,Bengaluru
500289,Passenger_289,Male,Hyderabad
500290,Passenger_290,Male,Delhi
500291,Passenger_291,Male,Chennai
500292,Passenger_292,Male,Pune
500293,Passenger_293,Male,Hyderabad
500294,Passenger_294,Male,Bengaluru
500295,Passenger_295,Female,Chennai
500296,Passenger_296,Male,Bengaluru
500297,Passenger_297,Female,Mumbai
500298,Passenger_298,Male,Pune
500299,Passenger_299,Male,Mumbai
500300,Passenger_300,Male,Bengaluru
500301,Passenger_301,Male,Hyderabad
500302,Passenger_302,Female,Hyderabad
500303,Passenger_303,Male,Pune
500304,Passenger_304,Male,Chennai
500305,Passenger_305,Female,Kolkata
500306,Passenger_306,Male,Kolkata
500307,Passenger_307,Male,Mumbai
500308,Passenger_308,Female,Hyderabad
500309,Passenger_309,Male,Kolkata
500310,Passenger_310,Male,Chennai
500311,Passenger_311,Female,Pune
500312,Passenger_312,Female,Mumbai
500313,Passenger_313,Female,Bengaluru
500314,Passenger_314,Male,Mumbai
500315,Passenger_315,Male,Bengaluru
500316,Passenger_316,Male,Bengaluru
500317,Passenger_317,Male,Chennai
500318,Passenger_318,Male,Kolkata
500319,Passenger_319,Female,Bengaluru
500320,Passenger_320,Male,Pune
500321,Passenger_321,Male,Jaipur
500322,Passenger_322,Female,Chennai
500323,Passenger_323,Female,Jaipur
500324,Passenger_324,Female,Mumbai
500325,Passenger_325,Male,Pune
500326,Passenger_326,Female,Delhi
500327,Passenger_327,Female,Bengaluru
500328,Passenger_328,Female,Hyderabad
500329,Passenger_329,Male,Mumbai
500330,Passenger_330,Female,Bengaluru
500331,Passenger_331,Male,Bengaluru
500332,Passenger_332,Male,Hyderabad
500333,Passenger_333,Male,Kolkata
500334,Passenger_334,Female,Mumbai
500335,Passenger_335,Female,Kolkata
500336,Passenger_336,Male,Kolkata
500337,Passenger_337,Female,Delhi
500338,Passenger_338,Female,Delhi
500339,Passenger_339,Female,Jaipur
500340,Passenger_340,Male,Kolkata
500341,Passenger_341,Male,Hyderabad
500342,Passenger_342,Male,Kolkata
500343,Passenger_343,Male,Hyderabad
500344,Passenger_344,Female,Kolkata
500345,Passenger_345,Female,Jaipur
500346,Passenger_346,Male,Bengaluru
500347,Passenger_347,Female,Bengaluru
500348,Passenger_348,Male,Bengaluru
500349,Passenger_349,Male,Mumbai
500350,Passenger_350,Female,Delhi
500351,Passenger_351,Female,Pune
500352,Passenger_352,Male,Mumbai
500353,Passenger_353,Male,Hyderabad
500354,Passenger_354,Female,Mumbai
500355,Passenger_355,Female,Chennai
500356,Passenger_356,Female,Hyderabad
500357,Passenger_357,Female,Mumbai
500358,Passenger_358,Female,Bengaluru
500359,Passenger_359,Female,Hyderabad
500360,Passenger_360,Male,Hyderabad
500361,Passenger_361,Male,Jaipur
500362,Passenger_362,Female,Kolkata
500363,Passenger_363,Male,Bengaluru
500364,Passenger_364,Female,Mumbai
500365,Passenger_365,Male,Mumbai
500366,Passenger_366,Male,Delhi
500367,Passenger_367,Male,Mumbai
500368,Passenger_368,Male,Chennai
500369,Passenger_369,Male,Chennai
500370,Passenger_370,Female,Mumbai
500371,Passenger_371,Male,Jaipur
500372,Passenger_372,Male,Chennai
500373,Passenger_373,Male,Kolkata
500374,Passenger_374,Male,Hyderabad
500375,Passenger_375,Female,Pune
500376,Passenger_376,Female,Mumbai
500377,Passenger_377,Female,Hyderabad
500378,Passenger_378,Female,Jaipur
500379,Passenger_379,Male,Jaipur
500380,Passenger_380,Female,Jaipur
500381,Passenger_381,Female,Chennai
500382,Passenger_382,Female,Chennai
500383,Passenger_383,Female,Jaipur
500384,Passenger_384,Male,Pune
500385,Passenger_385,Female,Kolkata
500386,Passenger_386,Female,Pune
500387,Passenger_387,Female,Hyderabad
500388,Passenger_388,Male,Kolkata
500389,Passenger_389,Female,Hyderabad
500390,Passenger_390,Female,Mumbai
500391,Passenger_391,Male,Kolkata
500392,Passenger_392,Female,Hyderabad
500393,Passenger_393,Female,Hyderabad
500394,Passenger_394,Female,Jaipur
500395,Passenger_395,Male,Kolkata
500396,Passenger_396,Male,Kolkata
500397,Passenger_397,Male,Jaipur
500398,Passenger_398,Female,Mumbai
500399,Passenger_399,Male,Pune
500400,Passenger_400,Male,Hyderabad
500401,Passenger_401,Female,Delhi
500402,Passenger_402,Female,Mumbai
500403,Passenger_403,Male,Bengaluru
500404,Passenger_404,Female,Hyderabad
500405,Passenger_405,Female,Bengaluru
500406,Passenger_406,Male,Chennai
500407,Passenger_407,Female,Chennai
500408,Passenger_408,Female,Kolkata
500409,Passenger_409,Female,Bengaluru
500410,Passenger_410,Male,Jaipur
500411,Passenger_411,Male,Bengaluru
500412,Passenger_412,Male,Hyderabad
500413,Passenger_413,Female,Jaipur
500414,Passenger_414,Female,Hyderabad
500415,Passenger_415,Female,Kolkata
500416,Passenger_416,Female,Hyderabad
500417,Passenger_417,Male,Jaipur
500418,Passenger_418,Female,Chennai
500419,Passenger_419,Female,Jaipur
500420,Passenger_420,Female,Pune
500421,Passenger_421,Male,Chennai
500422,Passenger_422,Female,Mumbai
500423,Passenger_423,Female,Mumbai
500424,Passenger_424,Female,Bengaluru
500425,Passenger_425,Male,Chennai
500426,Passenger_426,Female,Jaipur
500427,Passenger_427,Male,Delhi
500428,Passenger_428,Female,Bengaluru
500429,Passenger_429,Male,Jaipur
500430,Passenger_430,Male,Kolkata
500431,Passenger_431,Female,Mumbai
500432,Passenger_432,Female,Kolkata
500433,Passenger_433,Female,Jaipur
500434,Passenger_434,Female,Delhi
500435,Passenger_435,Female,Delhi
500436,Passenger_436,Male,Pune
500437,Passenger_437,Female,Pune
500438,Passenger_438,Male,Kolkata
500439,Passenger_439,Female,Delhi
500440,Passenger_440,Female,Bengaluru
500441,Passenger_441,Female,Kolkata
500442,Passenger_442,Female,Chennai
500443,Passenger_443,Female,Mumbai
500444,Passenger_444,Male,Jaipur
500445,Passenger_445,Female,Mumbai
500446,Passenger_446,Female,Bengaluru
500447,Passenger_447,Male,Bengaluru
500448,Passenger_448,Female,Mumbai
500449,Passenger_449,Female,Hyderabad
500450,Passenger_450,Male,Mumbai
500451,Passenger_451,Male,Chennai
500452,Passenger_452,Male,Delhi
500453,Passenger_453,Female,Pune
500454,Passenger_454,Male,Delhi
500455,Passenger_455,Male,Mumbai
500456,Passenger_456,Male,Bengaluru
500457,Passenger_457,Female,Delhi
500458,Passenger_458,Female,Bengaluru
500459,Passenger_459,Male,Pune
500460,Passenger_460,Male,Mumbai
500461,Passenger_461,Male,Jaipur
500462,Passenger_462,Female,Kolkata
500463,Passenger_463,Female,Kolkata
500464,Passenger_464,Female,Delhi
500465,Passenger_465,Male,Bengaluru
500466,Passenger_466,Female,Mumbai
500467,Passenger_467,Female,Jaipur
500468,Passenger_468,Female,Hyderabad
500469,Passenger_469,Male,Jaipur
500470,Passenger_470,Female,Delhi
500471,Passenger_471,Male,Mumbai
500472,Passenger_472,Male,Chennai
500473,Passenger_473,Female,Jaipur
500474,Passenger_474,Female,Pune
500475,Passenger_475,Female,Hyderabad
500476,Passenger_476,Male,Kolkata
500477,Passenger_477,Male,Pune
500478,Passenger_478,Female,Bengaluru
500479,Passenger_479,Male,Mumbai
500480,Passenger_480,Male,Pune
500481,Passenger_481,Female,Jaipur
500482,Passenger_482,Female,Jaipur
500483,Passenger_483,Male,Jaipur
500484,Passenger_484,Female,Kolkata
500485,Passenger_485,Female,Delhi
500486,Passenger_486,Female,Pune
500487,Passenger_487,Female,Kolkata
500488,Passenger_488,Male,Hyderabad
500489,Passenger_489,Female,Chennai
500490,Passenger_490,Female,Delhi
500491,Passenger_491,Male,Bengaluru
500492,Passenger_492,Female,Mumbai
500493,Passenger_493,Male,Kolkata
500494,Passenger_494,Female,Bengaluru
500495,Passenger_495,Male,Pune
500496,Passenger_496,Male,Hyderabad
500497,Passenger_497,Female,Jaipur
500498,Passenger_498,Male,Pune
500499,Passenger_499,Male,Mumbai
500500,Passenger_500,Female,Chennai
500501,Passenger_501,Female,Mumbai
500502,Passenger_502,Female,Hyderabad
500503,Passenger_503,Female,Chennai
500504,Passenger_504,Male,Bengaluru
500505,Passenger_505,Male,Jaipur
500506,Passenger_506,Female,Pune
500507,Passenger_507,Male,Hyderabad
500508,Passenger_508,Male,Kolkata
500509,Passenger_509,Male,Mumbai
500510,Passenger_510,Male,Delhi
500511,Passenger_511,Female,Pune
500512,Passenger_512,Female,Delhi
500513,Passenger_513,Male,Mumbai
500514,Passenger_514,Female,Hyderabad
500515,Passenger_515,Female,Kolkata
500516,Passenger_516,Female,Delhi
500517,Passenger_517,Female,Jaipur
500518,Passenger_518,Female,Chennai
500519,Passenger_519,Male,Chennai
500520,Passenger_520,Female,Bengaluru
500521,Passenger_521,Male,Hyderabad
500522,Passenger_522,Female,Bengaluru
500523,Passenger_523,Male,Chennai
500524,Passenger_524,Female,Kolkata
500525,Passenger_525,Male,Bengaluru
500526,Passenger_526,Male,Kolkata
500527,Passenger_527,Female,Chennai
500528,Passenger_528,Female,Chennai
500529,Passenger_529,Female,Jaipur
500530,Passenger_530,Male,Hyderabad
500531,Passenger_531,Male,Kolkata
500532,Passenger_532,Female,Delhi
500533,Passenger_533,Male,Mumbai
500534,Passenger_534,Female,Kolkata
500535,Passenger_535,Female,Hyderabad
500536,Passenger_536,Female,Jaipur
500537,Passenger_537,Male,Pune
500538,Passenger_538,Female,Chennai
500539,Passenger_539,Female,Delhi
500540,Passenger_540,Female,Chennai
500541,Passenger_541,Male,Hyderabad
500542,Passenger_542,Male,Pune
500543,Passenger_543,Male,Chennai
500544,Passenger_544,Female,Jaipur
500545,Passenger_545,Female,Kolkata
500546,Passenger_546,Female,Bengaluru
500547,Passenger_547,Male,Delhi
500548,Passenger_548,Female,Chennai
500549,Passenger_549,Male,Bengaluru
500550,Passenger_550,Male,Bengaluru
500551,Passenger_551,Female,Pune
500552,Passenger_552,Male,Mumbai
500553,Passenger_553,Male,Jaipur
500554,Passenger_554,Female,Delhi
500555,Passenger_555,Male,Bengaluru
500556,Passenger_556,Female,Mumbai
500557,Passenger_557,Female,Jaipur
500558,Passenger_558,Male,Hyderabad
500559,Passenger_559,Male,Chennai
500560,Passenger_560,Male,Jaipur
500561,Passenger_561,Male,Delhi
500562,Passenger_562,Male,Hyderabad
500563,Passenger_563,Male,Bengaluru
500564,Passenger_564,Female,Chennai
500565,Passenger_565,Male,Mumbai
500566,Passenger_566,Female,Mumbai
500567,Passenger_567,Male,Jaipur
500568,Passenger_568,Female,Bengaluru
500569,Passenger_569,Male,Hyderabad
500570,Passenger_570,Male,Kolkata
500571,Passenger_571,Male,Mumbai
500572,Passenger_572,Female,Delhi
500573,Passenger_573,Male,Bengaluru
500574,Passenger_574,Female,Mumbai
500575,Passenger_575,Male,Mumbai
500576,Passenger_576,Female,Chennai
500577,Passenger_577,Male,Hyderabad
500578,Passenger_578,Male,Pune
500579,Passenger_579,Male,Bengaluru
500580,Passenger_580,Male,Bengaluru
500581,Passenger_581,Female,Chennai
500582,Passenger_582,Female,Jaipur
500583,Passenger_583,Female,Bengaluru
500584,Passenger_584,Female,Jaipur
500585,Passenger_585,Male,Pune
500586,Passenger_586,Male,Chennai
500587,Passenger_587,Male,Mumbai
500588,Passenger_588,Male,Hyderabad
500589,Passenger_589,Male,Chennai
500590,Passenger_590,Female,Chennai
500591,Passenger_591,Female,Hyderabad
500592,Passenger_592,Female,Jaipur
500593,Passenger_593,Female,Bengaluru
500594,Passenger_594,Female,Delhi
500595,Passenger_595,Female,Jaipur
500596,Passenger_596,Female,Bengaluru
500597,Passenger_597,Male,Delhi
500598,Passenger_598,Female,Mumbai
500599,Passenger_599,Male,Delhi
500600,Passenger_600,Female,Pune
500601,Passenger_601,Female,Hyderabad
500602,Passenger_602,Female,Delhi
500603,Passenger_603,Male,Kolkata
500604,Passenger_604,Male,Hyderabad
500605,Passenger_605,Female,Delhi
500606,Passenger_606,Female,Kolkata
500607,Passenger_607,Male,Kolkata
500608,Passenger_608,Male,Hyderabad
500609,Passenger_609,Male,Hyderabad
500610,Passenger_610,Female,Hyderabad
500611,Passenger_611,Female,Pune
500612,Passenger_612,Male,Hyderabad
500613,Passenger_613,Male,Pune
500614,Passenger_614,Female,Mumbai
500615,Passenger_615,Male,Jaipur
500616,Passenger_616,Male,Mumbai
500617,Passenger_617,Female,Chennai
500618,Passenger_618,Female,Pune
500619,Passenger_619,Female,Chennai
500620,Passenger_620,Male,Pune
500621,Passenger_621,Male,Mumbai
500622,Passenger_622,Male,Delhi
500623,Passenger_623,Male,Pune
500624,Passenger_624,Female,Pune
500625,Passenger_625,Male,Bengaluru
500626,Passenger_626,Female,Hyderabad
500627,Passenger_627,Female,Bengaluru
500628,Passenger_628,Male,Hyderabad
500629,Passenger_629,Male,Mumbai
500630,Passenger_630,Female,Pune
500631,Passenger_631,Female,Bengaluru
500632,Passenger_632,Male,Bengaluru
500633,Passenger_633,Male,Kolkata
500634,Passenger_634,Female,Hyderabad
500635,Passenger_635,Male,Chennai
500636,Passenger_636,Male,Hyderabad
500637,Passenger_637,Female,Bengaluru
500638,Passenger_638,Male,Hyderabad
500639,Passenger_639,Female,Mumbai
500640,Passenger_640,Female,Jaipur
500641,Passenger_641,Male,Mumbai
500642,Passenger_642,Female,Kolkata
500643,Passenger_643,Female,Chennai
500644,Passenger_644,Female,Bengaluru
500645,Passenger_645,Male,Mumbai
500646,Passenger_646,Female,Bengaluru
500647,Passenger_647,Male,Jaipur
500648,Passenger_648,Female,Delhi
500649,Passenger_649,Female,Bengaluru
500650,Passenger_650,Female,Chennai
500651,Passenger_651,Male,Mumbai
500652,Passenger_652,Female,Hyderabad
500653,Passenger_653,Male,Hyderabad
500654,Passenger_654,Male,Jaipur
500655,Passenger_655,Male,Delhi
500656,Passenger_656,Male,Mumbai
500657,Passenger_657,Male,Kolkata
500658,Passenger_658,Male,Mumbai
500659,Passenger_659,Female,Jaipur
500660,Passenger_660,Female,Kolkata
500661,Passenger_661,Female,Pune
500662,Passenger_662,Female,Chennai
500663,Passenger_663,Female,Bengaluru
500664,Passenger_664,Male,Jaipur
500665,Passenger_665,Female,Mumbai
500666,Passenger_666,Female,Jaipur
500667,Passenger_667,Female,Bengaluru
500668,Passenger_668,Male,Mumbai
500669,Passenger_669,Female,Jaipur
500670,Passenger_670,Male,Delhi
500671,Passenger_671,Female,Bengaluru
500672,Passenger_672,Male,Hyderabad
500673,Passenger_673,Male,Mumbai
500674,Passenger_674,Female,Hyderabad
500675,Passenger_675,Female,Chennai
500676,Passenger_676,Female,Mumbai
500677,Passenger_677,Female,Pune
500678,Passenger_678,Male,Bengaluru
500679,Passenger_679,Male,Kolkata
500680,Passenger_680,Male,Delhi
500681,Passenger_681,Male,Kolkata
500682,Passenger_682,Female,Hyderabad
500683,Passenger_683,Male,Kolkata
500684,Passenger_684,Female,Pune
500685,Passenger_685,Female,Chennai
500686,Passenger_686,Male,Pune
500687,Passenger_687,Male,Pune
500688,Passenger_688,Female,Mumbai
500689,Passenger_689,Male,Jaipur
500690,Passenger_690,Male,Delhi
500691,Passenger_691,Male,Pune
500692,Passenger_692,Female,Chennai
500693,Passenger_693,Male,Delhi
500694,Passenger_694,Male,Jaipur
500695,Passenger_695,Male,Hyderabad
500696,Passenger_696,Female,Hyderabad
500697,Passenger_697,Female,Jaipur
500698,Passenger_698,Female,Chennai
500699,Passenger_699,Female,Pune
500700,Passenger_700,Female,Hyderabad
500701,Passenger_701,Male,Pune
500702,Passenger_702,Female,Kolkata
500703,Passenger_703,Male,Chennai
500704,Passenger_704,Female,Hyderabad
500705,Passenger_705,Female,Mumbai
500706,Passenger_706,Male,Bengaluru
500707,Passenger_707,Female,Hyderabad
500708,Passenger_708,Male,Kolkata
500709,Passenger_709,Male,Mumbai
500710,Passenger_710,Male,Pune
500711,Passenger_711,Female,Chennai
500712,Passenger_712,Female,Chennai
500713,Passenger_713,Male,Mumbai
500714,Passenger_714,Female,Delhi
500715,Passenger_715,Male,Delhi
500716,Passenger_716,Male,Bengaluru
500717,Passenger_717,Female,Kolkata
500718,Passenger_718,Female,Hyderabad
500719,Passenger_719,Female,Jaipur
500720,Passenger_720,Male,Hyderabad
500721,Passenger_721,Male,Pune
500722,Passenger_722,Male,Kolkata
500723,Passenger_723,Female,Hyderabad
500724,Passenger_724,Female,Jaipur
500725,Passenger_725,Female,Jaipur
500726,Passenger_726,Male,Hyderabad
500727,Passenger_727,Female,Hyderabad
500728,Passenger_728,Female,Hyderabad
500729,Passenger_729,Female,Kolkata
500730,Passenger_730,Female,Kolkata
500731,Passenger_731,Male,Jaipur
500732,Passenger_732,Female,Pune
500733,Passenger_733,Male,Jaipur
500734,Passenger_734,Male,Hyderabad
500735,Passenger_735,Male,Bengaluru
500736,Passenger_736,Female,Jaipur
500737,Passenger_737,Female,Delhi
500738,Passenger_738,Female,Bengaluru
500739,Passenger_739,Female,Delhi
500740,Passenger_740,Female,Delhi
500741,Passenger_741,Female,Jaipur
500742,Passenger_742,Female,Bengaluru
500743,Passenger_743,Male,Hyderabad
500744,Passenger_744,Male,Jaipur
500745,Passenger_745,Male,Delhi
500746,Passenger_746,Male,Bengaluru
500747,Passenger_747,Female,Hyderabad
500748,Passenger_748,Male,Kolkata
500749,Passenger_749,Female,Mumbai
500750,Passenger_750,Female,Hyderabad
500751,Passenger_751,Female,Jaipur
500752,Passenger_752,Male,Bengaluru
500753,Passenger_753,Female,Chennai
500754,Passenger_754,Male,Delhi
500755,Passenger_755,Male,Hyderabad
500756,Passenger_756,Male,Mumbai
500757,Passenger_757,Female,Chennai
500758,Passenger_758,Male,Hyderabad
500759,Passenger_759,Male,Delhi
500760,Passenger_760,Female,Pune
500761,Passenger_761,Female,Bengaluru
500762,Passenger_762,Male,Hyderabad
500763,Passenger_763,Female,Jaipur
500764,Passenger_764,Male,Jaipur
500765,Passenger_765,Female,Jaipur
500766,Passenger_766,Female,Bengaluru
500767,Passenger_767,Male,Kolkata
500768,Passenger_768,Female,Bengaluru
500769,Passenger_769,Male,Hyderabad
500770,Passenger_770,Male,Delhi
500771,Passenger_771,Male,Hyderabad
500772,Passenger_772,Female,Mumbai
500773,Passenger_773,Female,Jaipur
500774,Passenger_774,Male,Hyderabad
500775,Passenger_775,Female,Chennai
500776,Passenger_776,Male,Pune
500777,Passenger_777,Female,Hyderabad
500778,Passenger_778,Female,Bengaluru
500779,Passenger_779,Male,Chennai
500780,Passenger_780,Male,Kolkata
500781,Passenger_781,Male,Delhi
500782,Passenger_782,Female,Mumbai
500783,Passenger_783,Female,Chennai
500784,Passenger_784,Female,Hyderabad
500785,Passenger_785,Male,Bengaluru
500786,Passenger_786,Female,Delhi
500787,Passenger_787,Male,Pune
500788,Passenger_788,Female,Jaipur
500789,Passenger_789,Female,Chennai
500790,Passenger_790,Male,Pune
500791,Passenger_791,Female,Bengaluru
500792,Passenger_792,Male,Delhi
500793,Passenger_793,Male,Chennai
500794,Passenger_794,Female,Hyderabad
500795,Passenger_795,Male,Mumbai
500796,Passenger_796,Male,Kolkata
500797,Passenger_797,Male,Hyderabad
500798,Passenger_798,Male,Delhi
500799,Passenger_799,Male,Pune
500800,Passenger_800,Male,Mumbai
500801,Passenger_801,Male,Chennai
500802,Passenger_802,Male,Pune
500803,Passenger_803,Female,Chennai
500804,Passenger_804,Female,Bengaluru
500805,Passenger_805,Male,Delhi
500806,Passenger_806,Male,Hyderabad
500807,Passenger_807,Male,Chennai
500808,Passenger_808,Female,Chennai
500809,Passenger_809,Male,Pune
500810,Passenger_810,Male,Kolkata
500811,Passenger_811,Female,Jaipur
500812,Passenger_812,Female,Jaipur
500813,Passenger_813,Female,Mumbai
500814,Passenger_814,Male,Mumbai
500815,Passenger_815,Male,Chennai
500816,Passenger_816,Female,Chennai
500817,Passenger_817,Male,Chennai
500818,Passenger_818,Male,Mumbai
500819,Passenger_819,Male,Jaipur
500820,Passenger_820,Male,Bengaluru
500821,Passenger_821,Female,Pune
500822,Passenger_822,Male,Kolkata
500823,Passenger_823,Female,Hyderabad
500824,Passenger_824,Female,Chennai
500825,Passenger_825,Female,Mumbai
500826,Passenger_826,Male,Jaipur
500827,Passenger_827,Female,Delhi
500828,Passenger_828,Male,Delhi
500829,Passenger_829,Male,Chennai
500830,Passenger_830,Female,Pune
500831,Passenger_831,Female,Delhi
500832,Passenger_832,Female,Delhi
500833,Passenger_833,Female,Hyderabad
500834,Passenger_834,Female,Jaipur
500835,Passenger_835,Female,Jaipur
500836,Passenger_836,Female,Bengaluru
500837,Passenger_837,Female,Jaipur
500838,Passenger_838,Male,Kolkata
500839,Passenger_839,Male,Jaipur
500840,Passenger_840,Male,Chennai
500841,Passenger_841,Female,Mumbai
500842,Passenger_842,Female,Hyderabad
500843,Passenger_843,Female,Pune
500844,Passenger_844,Female,Kolkata
500845,Passenger_845,Female,Bengaluru
500846,Passenger_846,Female,Mumbai
500847,Passenger_847,Male,Delhi
500848,Passenger_848,Male,Jaipur
500849,Passenger_849,Female,Chennai
500850,Passenger_850,Male,Delhi
500851,Passenger_851,Female,Chennai
500852,Passenger_852,Male,Pune
500853,Passenger_853,Female,Mumbai
500854,Passenger_854,Male,Bengaluru
500855,Passenger_855,Male,Mumbai
500856,Passenger_856,Male,Pune
500857,Passenger_857,Male,Jaipur
500858,Passenger_858,Male,Bengaluru
500859,Passenger_859,Female,Mumbai
500860,Passenger_860,Male,Pune
500861,Passenger_861,Female,Jaipur
500862,Passenger_862,Female,Mumbai
500863,Passenger_863,Male,Bengaluru
500864,Passenger_864,Male,Chennai
500865,Passenger_865,Female,Hyderabad
500866,Passenger_866,Male,Kolkata
500867,Passenger_867,Female,Hyderabad
500868,Passenger_868,Male,Chennai
500869,Passenger_869,Male,Bengaluru
500870,Passenger_870,Male,Jaipur
500871,Passenger_871,Female,Jaipur
500872,Passenger_872,Male,Chennai
500873,Passenger_873,Female,Pune
500874,Passenger_874,Female,Hyderabad
500875,Passenger_875,Male,Hyderabad
500876,Passenger_876,Female,Pune
500877,Passenger_877,Female,Chennai
500878,Passenger_878,Male,Pune
500879,Passenger_879,Female,Mumbai
500880,Passenger_880,Female,Delhi
500881,Passenger_881,Female,Chennai
500882,Passenger_882,Male,Mumbai
500883,Passenger_883,Male,Jaipur
500884,Passenger_884,Female,Pune
500885,Passenger_885,Male,Bengaluru
500886,Passenger_886,Female,Delhi
500887,Passenger_887,Male,Jaipur
500888,Passenger_888,Male,Chennai
500889,Passenger_889,Male,Chennai
500890,Passenger_890,Female,Chennai
500891,Passenger_891,Female,Kolkata
500892,Passenger_892,Male,Chennai
500893,Passenger_893,Male,Pune
500894,Passenger_894,Female,Hyderabad
500895,Passenger_895,Male,Kolkata
500896,Passenger_896,Female,Pune
500897,Passenger_897,Female,Mumbai
500898,Passenger_898,Male,Kolkata
500899,Passenger_899,Female,Delhi
500900,Passenger_900,Male,Delhi
500901,Passenger_901,Female,Hyderabad
500902,Passenger_902,Female,Delhi
500903,Passenger_903,Male,Mumbai
500904,Passenger_904,Female,Chennai
500905,Passenger_905,Male,Kolkata
500906,Passenger_906,Male,Jaipur
500907,Passenger_907,Female,Pune
500908,Passenger_908,Female,Hyderabad
500909,Passenger_909,Male,Jaipur
500910,Passenger_910,Male,Hyderabad
500911,Passenger_911,Female,Mumbai
500912,Passenger_912,Male,Mumbai
500913,Passenger_913,Male,Mumbai
500914,Passenger_914,Female,Chennai
500915,Passenger_915,Male,Bengaluru
500916,Passenger_916,Male,Kolkata
500917,Passenger_917,Female,Mumbai
500918,Passenger_918,Female,Delhi
500919,Passenger_919,Male,Delhi
500920,Passenger_920,Male,Mumbai
500921,Passenger_921,Female,Kolkata
500922,Passenger_922,Male,Pune
500923,Passenger_923,Female,Pune
500924,Passenger_924,Male,Mumbai
500925,Passenger_925,Male,Hyderabad
500926,Passenger_926,Male,Jaipur
500927,Passenger_927,Female,Jaipur
500928,Passenger_928,Male,Kolkata
500929,Passenger_929,Female,Hyderabad
500930,Passenger_930,Male,Mumbai
500931,Passenger_931,Male,Delhi
500932,Passenger_932,Female,Kolkata
500933,Passenger_933,Female,Hyderabad
500934,Passenger_934,Female,Mumbai
500935,Passenger_935,Male,Hyderabad
500936,Passenger_936,Male,Pune
500937,Passenger_937,Male,Delhi
500938,Passenger_938,Female,Kolkata
500939,Passenger_939,Male,Jaipur
500940,Passenger_940,Female,Kolkata
500941,Passenger_941,Female,Chennai
500942,Passenger_942,Female,Delhi
500943,Passenger_943,Female,Jaipur
500944,Passenger_944,Male,Hyderabad
500945,Passenger_945,Female,Pune
500946,Passenger_946,Female,Bengaluru
500947,Passenger_947,Female,Hyderabad
500948,Passenger_948,Male,Jaipur
500949,Passenger_949,Male,Mumbai
500950,Passenger_950,Male,Jaipur
500951,Passenger_951,Male,Bengaluru
500952,Passenger_952,Male,Pune
500953,Passenger_953,Male,Kolkata
500954,Passenger_954,Female,Hyderabad
500955,Passenger_955,Female,Bengaluru
500956,Passenger_956,Male,Hyderabad
500957,Passenger_957,Male,Chennai
500958,Passenger_958,Male,Mumbai
500959,Passenger_959,Male,Jaipur
500960,Passenger_960,Male,Pune
500961,Passenger_961,Female,Jaipur
500962,Passenger_962,Male,Mumbai
500963,Passenger_963,Male,Pune
500964,Passenger_964,Female,Chennai
500965,Passenger_965,Female,Bengaluru
500966,Passenger_966,Male,Delhi
500967,Passenger_967,Male,Jaipur
500968,Passenger_968,Female,Jaipur
500969,Passenger_969,Male,Kolkata
500970,Passenger_970,Female,Hyderabad
500971,Passenger_971,Male,Hyderabad
500972,Passenger_972,Female,Kolkata
500973,Passenger_973,Female,Mumbai
500974,Passenger_974,Female,Mumbai
500975,Passenger_975,Female,Mumbai
500976,Passenger_976,Female,Pune
500977,Passenger_977,Male,Bengaluru
500978,Passenger_978,Male,Delhi
500979,Passenger_979,Male,Bengaluru
500980,Passenger_980,Male,Kolkata
500981,Passenger_981,Male,Jaipur
500982,Passenger_982,Male,Kolkata
500983,Passenger_983,Male,Chennai
500984,Passenger_984,Female,Jaipur
500985,Passenger_985,Female,Delhi
500986,Passenger_986,Female,Bengaluru
500987,Passenger_987,Female,Hyderabad
500988,Passenger_988,Male,Delhi
500989,Passenger_989,Male,Pune
500990,Passenger_990,Male,Jaipur
500991,Passenger_991,Male,Hyderabad
500992,Passenger_992,Male,Mumbai
500993,Passenger_993,Female,Chennai
500994,Passenger_994,Male,Kolkata
500995,Passenger_995,Female,Pune
500996,Passenger_996,Male,Chennai
500997,Passenger_997,Male,Mumbai
500998,Passenger_998,Female,Hyderabad
500999,Passenger_999,Female,Pune
501000,Passenger_1000,Female,Chennai
501001,Passenger_1001,Male,Bengaluru
501002,Passenger_1002,Female,Bengaluru
501003,Passenger_1003,Female,Mumbai
501004,Passenger_1004,Female,Mumbai
501005,Passenger_1005,Female,Bengaluru
501006,Passenger_1006,Female,Bengaluru
501007,Passenger_1007,Female,Chennai
501008,Passenger_1008,Male,Chennai
501009,Passenger_1009,Female,Kolkata
501010,Passenger_1010,Female,Jaipur
501011,Passenger_1011,Female,Bengaluru
501012,Passenger_1012,Female,Kolkata
501013,Passenger_1013,Male,Hyderabad
501014,Passenger_1014,Male,Chennai
501015,Passenger_1015,Male,Delhi
501016,Passenger_1016,Female,Bengaluru
501017,Passenger_1017,Male,Delhi
501018,Passenger_1018,Male,Pune
501019,Passenger_1019,Female,Hyderabad
501020,Passenger_1020,Female,Delhi
501021,Passenger_1021,Female,Mumbai
501022,Passenger_1022,Male,Pune
501023,Passenger_1023,Male,Chennai
501024,Passenger_1024,Male,Chennai
501025,Passenger_1025,Male,Pune
501026,Passenger_1026,Male,Bengaluru
501027,Passenger_1027,Female,Kolkata
501028,Passenger_1028,Male,Chennai
501029,Passenger_1029,Male,Delhi
501030,Passenger_1030,Male,Pune
501031,Passenger_1031,Female,Pune
501032,Passenger_1032,Female,Kolkata
501033,Passenger_1033,Male,Kolkata
501034,Passenger_1034,Female,Pune
501035,Passenger_1035,Female,Delhi
501036,Passenger_1036,Male,Mumbai
501037,Passenger_1037,Female,Mumbai
501038,Passenger_1038,Male,Chennai
501039,Passenger_1039,Female,Mumbai
501040,Passenger_1040,Female,Hyderabad
501041,Passenger_1041,Female,Jaipur
501042,Passenger_1042,Female,Pune
501043,Passenger_1043,Female,Bengaluru
501044,Passenger_1044,Female,Kolkata
501045,Passenger_1045,Female,Delhi
501046,Passenger_1046,Female,Kolkata
501047,Passenger_1047,Male,Mumbai
501048,Passenger_1048,Female,Kolkata
501049,Passenger_1049,Male,Jaipur
501050,Passenger_1050,Male,Pune
501051,Passenger_1051,Male,Bengaluru
501052,Passenger_1052,Female,Mumbai
501053,Passenger_1053,Male,Chennai
501054,Passenger_1054,Female,Kolkata
501055,Passenger_1055,Female,Jaipur
501056,Passenger_1056,Male,Mumbai
501057,Passenger_1057,Female,Delhi
501058,Passenger_1058,Female,Mumbai
501059,Passenger_1059,Male,Pune
501060,Passenger_1060,Female,Pune
501061,Passenger_1061,Female,Chennai
501062,Passenger_1062,Male,Hyderabad
501063,Passenger_1063,Female,Mumbai
501064,Passenger_1064,Female,Delhi
501065,Passenger_1065,Female,Kolkata
501066,Passenger_1066,Male,Hyderabad
501067,Passenger_1067,Female,Chennai
501068,Passenger_1068,Male,Chennai
501069,Passenger_1069,Female,Delhi
501070,Passenger_1070,Female,Chennai
501071,Passenger_1071,Male,Bengaluru
501072,Passenger_1072,Female,Mumbai
501073,Passenger_1073,Female,Mumbai
501074,Passenger_1074,Male,Bengaluru
501075,Passenger_1075,Female,Pune
501076,Passenger_1076,Female,Bengaluru
501077,Passenger_1077,Female,Hyderabad
501078,Passenger_1078,Female,Jaipur
501079,Passenger_1079,Female,Delhi
501080,Passenger_1080,Male,Mumbai
501081,Passenger_1081,Female,Delhi
501082,Passenger_1082,Male,Pune
501083,Passenger_1083,Female,Hyderabad
501084,Passenger_1084,Male,Jaipur
501085,Passenger_1085,Male,Chennai
501086,Passenger_1086,Male,Kolkata
501087,Passenger_1087,Male,Mumbai
501088,Passenger_1088,Male,Delhi
501089,Passenger_1089,Male,Chennai
501090,Passenger_1090,Female,Mumbai
501091,Passenger_1091,Female,Pune
501092,Passenger_1092,Male,Pune
501093,Passenger_1093,Male,Chennai
501094,Passenger_1094,Female,Mumbai
501095,Passenger_1095,Male,Pune
501096,Passenger_1096,Male,Chennai
501097,Passenger_1097,Male,Bengaluru
501098,Passenger_1098,Female,Hyderabad
501099,Passenger_1099,Male,Bengaluru
501100,Passenger_1100,Female,Pune
501101,Passenger_1101,Female,Pune
501102,Passenger_1102,Male,Hyderabad
501103,Passenger_1103,Male,Chennai
501104,Passenger_1104,Female,Delhi
501105,Passenger_1105,Male,Pune
501106,Passenger_1106,Male,Jaipur
501107,Passenger_1107,Female,Chennai
501108,Passenger_1108,Male,Delhi
501109,Passenger_1109,Male,Kolkata
501110,Passenger_1110,Male,Bengaluru
501111,Passenger_1111,Male,Hyderabad
501112,Passenger_1112,Male,Mumbai
501113,Passenger_1113,Male,Kolkata
501114,Passenger_1114,Male,Jaipur
501115,Passenger_1115,Female,Mumbai
501116,Passenger_1116,Female,Kolkata
501117,Passenger_1117,Female,Delhi
501118,Passenger_1118,Male,Delhi
501119,Passenger_1119,Female,Mumbai
501120,Passenger_1120,Female,Jaipur
501121,Passenger_1121,Female,Jaipur
501122,Passenger_1122,Female,Jaipur
501123,Passenger_1123,Female,Delhi
501124,Passenger_1124,Female,Bengaluru
501125,Passenger_1125,Female,Hyderabad
501126,Passenger_1126,Female,Hyderabad
501127,Passenger_1127,Female,Bengaluru
501128,Passenger_1128,Male,Mumbai
501129,Passenger_1129,Male,Delhi
501130,Passenger_1130,Female,Hyderabad
501131,Passenger_1131,Male,Hyderabad
501132,Passenger_1132,Female,Kolkata
501133,Passenger_1133,Male,Mumbai
501134,Passenger_1134,Female,Chennai
501135,Passenger_1135,Male,Bengaluru
501136,Passenger_1136,Female,Bengaluru
501137,Passenger_1137,Female,Hyderabad
501138,Passenger_1138,Female,Kolkata
501139,Passenger_1139,Female,Pune
501140,Passenger_1140,Female,Jaipur
501141,Passenger_1141,Male,Bengaluru
501142,Passenger_1142,Female,Mumbai
501143,Passenger_1143,Female,Chennai
501144,Passenger_1144,Female,Pune
501145,Passenger_1145,Female,Jaipur
501146,Passenger_1146,Female,Chennai
501147,Passenger_1147,Male,Chennai
501148,Passenger_1148,Male,Mumbai
501149,Passenger_1149,Female,Bengaluru
501150,Passenger_1150,Female,Mumbai
501151,Passenger_1151,Male,Bengaluru
501152,Passenger_1152,Female,Hyderabad
501153,Passenger_1153,Female,Pune
501154,Passenger_1154,Male,Hyderabad
501155,Passenger_1155,Female,Mumbai
501156,Passenger_1156,Male,Kolkata
501157,Passenger_1157,Male,Chennai
501158,Passenger_1158,Female,Kolkata
501159,Passenger_1159,Female,Hyderabad
501160,Passenger_1160,Male,Bengaluru
501161,Passenger_1161,Female,Mumbai
501162,Passenger_1162,Male,Mumbai
501163,Passenger_1163,Male,Delhi
501164,Passenger_1164,Female,Jaipur
501165,Passenger_1165,Male,Hyderabad
501166,Passenger_1166,Male,Mumbai
501167,Passenger_1167,Male,Delhi
501168,Passenger_1168,Male,Bengaluru
501169,Passenger_1169,Female,Delhi
501170,Passenger_1170,Male,Delhi
501171,Passenger_1171,Female,Pune
501172,Passenger_1172,Male,Kolkata
501173,Passenger_1173,Male,Kolkata
501174,Passenger_1174,Female,Pune
501175,Passenger_1175,Female,Delhi
501176,Passenger_1176,Female,Mumbai
501177,Passenger_1177,Female,Kolkata
501178,Passenger_1178,Female,Hyderabad
501179,Passenger_1179,Female,Jaipur
501180,Passenger_1180,Male,Hyderabad
501181,Passenger_1181,Female,Hyderabad
501182,Passenger_1182,Female,Mumbai
501183,Passenger_1183,Male,Bengaluru
501184,Passenger_1184,Female,Kolkata
501185,Passenger_1185,Male,Bengaluru
501186,Passenger_1186,Female,Kolkata
501187,Passenger_1187,Male,Pune
501188,Passenger_1188,Male,Hyderabad
501189,Passenger_1189,Female,Pune
501190,Passenger_1190,Male,Hyderabad
501191,Passenger_1191,Female,Kolkata
501192,Passenger_1192,Female,Mumbai
501193,Passenger_1193,Female,Mumbai
501194,Passenger_1194,Male,Pune
501195,Passenger_1195,Male,Mumbai
501196,Passenger_1196,Male,Bengaluru
501197,Passenger_1197,Male,Hyderabad
501198,Passenger_1198,Male,Bengaluru
501199,Passenger_1199,Female,Pune
501200,Passenger_1200,Female,Chennai
501201,Passenger_1201,Male,Jaipur
501202,Passenger_1202,Male,Kolkata
501203,Passenger_1203,Female,Hyderabad
501204,Passenger_1204,Male,Pune
501205,Passenger_1205,Male,Mumbai
501206,Passenger_1206,Female,Jaipur
501207,Passenger_1207,Male,Jaipur
501208,Passenger_1208,Female,Delhi
501209,Passenger_1209,Male,Kolkata
501210,Passenger_1210,Male,Bengaluru
501211,Passenger_1211,Male,Kolkata
501212,Passenger_1212,Female,Kolkata
501213,Passenger_1213,Female,Bengaluru
501214,Passenger_1214,Male,Hyderabad
501215,Passenger_1215,Female,Bengaluru
501216,Passenger_1216,Female,Bengaluru
501217,Passenger_1217,Male,Chennai
501218,Passenger_1218,Male,Chennai
501219,Passenger_1219,Male,Jaipur
501220,Passenger_1220,Female,Delhi
501221,Passenger_1221,Female,Pune
501222,Passenger_1222,Female,Mumbai
501223,Passenger_1223,Female,Mumbai
501224,Passenger_1224,Male,Kolkata
501225,Passenger_1225,Male,Pune
501226,Passenger_1226,Female,Bengaluru
501227,Passenger_1227,Female,Jaipur
501228,Passenger_1228,Female,Kolkata
501229,Passenger_1229,Female,Delhi
501230,Passenger_1230,Male,Bengaluru
501231,Passenger_1231,Male,Pune
501232,Passenger_1232,Female,Delhi
501233,Passenger_1233,Male,Chennai
501234,Passenger_1234,Male,Chennai
501235,Passenger_1235,Male,Jaipur
501236,Passenger_1236,Female,Delhi
501237,Passenger_1237,Male,Bengaluru
501238,Passenger_1238,Male,Hyderabad
501239,Passenger_1239,Female,Hyderabad
501240,Passenger_1240,Female,Jaipur
501241,Passenger_1241,Female,Hyderabad
501242,Passenger_1242,Male,Chennai
501243,Passenger_1243,Female,Hyderabad
501244,Passenger_1244,Male,Pune
501245,Passenger_1245,Female,Kolkata
501246,Passenger_1246,Female,Bengaluru
501247,Passenger_1247,Female,Bengaluru
501248,Passenger_1248,Female,Kolkata
501249,Passenger_1249,Male,Delhi
501250,Passenger_1250,Female,Pune
501251,Passenger_1251,Male,Chennai
501252,Passenger_1252,Male,Mumbai
501253,Passenger_1253,Male,Hyderabad
501254,Passenger_1254,Female,Delhi
501255,Passenger_1255,Female,Hyderabad
501256,Passenger_1256,Male,Mumbai
501257,Passenger_1257,Male,Jaipur
501258,Passenger_1258,Male,Pune
501259,Passenger_1259,Male,Mumbai
501260,Passenger_1260,Female,Kolkata
501261,Passenger_1261,Male,Kolkata
501262,Passenger_1262,Female,Mumbai
501263,Passenger_1263,Female,Bengaluru
501264,Passenger_1264,Male,Mumbai
501265,Passenger_1265,Female,Delhi
501266,Passenger_1266,Female,Chennai
501267,Passenger_1267,Female,Pune
501268,Passenger_1268,Female,Bengaluru
501269,Passenger_1269,Male,Chennai
501270,Passenger_1270,Male,Jaipur
501271,Passenger_1271,Male,Mumbai
501272,Passenger_1272,Male,Jaipur
501273,Passenger_1273,Female,Bengaluru
501274,Passenger_1274,Female,Pune
501275,Passenger_1275,Male,Pune
501276,Passenger_1276,Male,Chennai
501277,Passenger_1277,Male,Jaipur
501278,Passenger_1278,Female,Jaipur
501279,Passenger_1279,Female,Jaipur
501280,Passenger_1280,Female,Jaipur
501281,Passenger_1281,Female,Pune
501282,Passenger_1282,Female,Bengaluru
501283,Passenger_1283,Male,Delhi
501284,Passenger_1284,Male,Pune
501285,Passenger_1285,Female,Bengaluru
501286,Passenger_1286,Male,Bengaluru
501287,Passenger_1287,Female,Jaipur
501288,Passenger_1288,Female,Kolkata
501289,Passenger_1289,Female,Chennai
501290,Passenger_1290,Female,Hyderabad
501291,Passenger_1291,Female,Delhi
501292,Passenger_1292,Female,Hyderabad
501293,Passenger_1293,Male,Bengaluru
501294,Passenger_1294,Male,Chennai
501295,Passenger_1295,Female,Chennai
501296,Passenger_1296,Female,Bengaluru
501297,Passenger_1297,Male,Jaipur
501298,Passenger_1298,Male,Bengaluru
501299,Passenger_1299,Male,Delhi
501300,Passenger_1300,Male,Delhi
501301,Passenger_1301,Female,Pune
501302,Passenger_1302,Male,Chennai
501303,Passenger_1303,Male,Hyderabad
501304,Passenger_1304,Male,Hyderabad
501305,Passenger_1305,Male,Bengaluru
501306,Passenger_1306,Female,Mumbai
501307,Passenger_1307,Male,Delhi
501308,Passenger_1308,Male,Bengaluru
501309,Passenger_1309,Male,Chennai
501310,Passenger_1310,Female,Hyderabad
501311,Passenger_1311,Male,Chennai
501312,Passenger_1312,Female,Kolkata
501313,Passenger_1313,Male,Jaipur
501314,Passenger_1314,Male,Bengaluru
501315,Passenger_1315,Female,Bengaluru
501316,Passenger_1316,Male,Pune
501317,Passenger_1317,Male,Hyderabad
501318,Passenger_1318,Female,Hyderabad
501319,Passenger_1319,Female,Chennai
501320,Passenger_1320,Male,Bengaluru
501321,Passenger_1321,Male,Pune
501322,Passenger_1322,Female,Chennai
501323,Passenger_1323,Male,Delhi
501324,Passenger_1324,Female,Chennai
501325,Passenger_1325,Female,Kolkata
501326,Passenger_1326,Female,Pune
501327,Passenger_1327,Male,Bengaluru
501328,Passenger_1328,Male,Chennai
501329,Passenger_1329,Female,Jaipur
501330,Passenger_1330,Male,Delhi
501331,Passenger_1331,Female,Kolkata
501332,Passenger_1332,Female,Jaipur
501333,Passenger_1333,Female,Delhi
501334,Passenger_1334,Female,Chennai
501335,Passenger_1335,Female,Delhi
501336,Passenger_1336,Female,Chennai
501337,Passenger_1337,Female,Jaipur
501338,Passenger_1338,Female,Bengaluru
501339,Passenger_1339,Female,Bengaluru
501340,Passenger_1340,Female,Delhi
501341,Passenger_1341,Female,Hyderabad
501342,Passenger_1342,Female,Jaipur
501343,Passenger_1343,Male,Mumbai
501344,Passenger_1344,Male,Hyderabad
501345,Passenger_1345,Male,Kolkata
501346,Passenger_1346,Male,Jaipur
501347,Passenger_1347,Male,Jaipur
501348,Passenger_1348,Male,Hyderabad
501349,Passenger_1349,Female,Mumbai
501350,Passenger_1350,Male,Kolkata
501351,Passenger_1351,Male,Jaipur
501352,Passenger_1352,Male,Chennai
501353,Passenger_1353,Male,Mumbai
501354,Passenger_1354,Male,Delhi
501355,Passenger_1355,Female,Pune
501356,Passenger_1356,Female,Jaipur
501357,Passenger_1357,Female,Pune
501358,Passenger_1358,Female,Hyderabad
501359,Passenger_1359,Male,Bengaluru
501360,Passenger_1360,Female,Kolkata
501361,Passenger_1361,Male,Jaipur
501362,Passenger_1362,Male,Chennai
501363,Passenger_1363,Male,Hyderabad
501364,Passenger_1364,Female,Pune
501365,Passenger_1365,Male,Hyderabad
501366,Passenger_1366,Female,Hyderabad
501367,Passenger_1367,Female,Hyderabad
501368,Passenger_1368,Male,Hyderabad
501369,Passenger_1369,Male,Kolkata
501370,Passenger_1370,Female,Chennai
501371,Passenger_1371,Male,Bengaluru
501372,Passenger_1372,Female,Hyderabad
501373,Passenger_1373,Female,Chennai
501374,Passenger_1374,Male,Bengaluru
501375,Passenger_1375,Male,Delhi
501376,Passenger_1376,Male,Bengaluru
501377,Passenger_1377,Male,Chennai
501378,Passenger_1378,Female,Hyderabad
501379,Passenger_1379,Female,Kolkata
501380,Passenger_1380,Male,Pune
501381,Passenger_1381,Male,Kolkata
501382,Passenger_1382,Female,Bengaluru
501383,Passenger_1383,Male,Mumbai
501384,Passenger_1384,Male,Jaipur
501385,Passenger_1385,Female,Mumbai
501386,Passenger_1386,Male,Delhi
501387,Passenger_1387,Female,Hyderabad
501388,Passenger_1388,Male,Chennai
501389,Passenger_1389,Male,Delhi
501390,Passenger_1390,Male,Mumbai
501391,Passenger_1391,Male,Hyderabad
501392,Passenger_1392,Female,Mumbai
501393,Passenger_1393,Female,Bengaluru
501394,Passenger_1394,Female,Mumbai
501395,Passenger_1395,Female,Hyderabad
501396,Passenger_1396,Male,Jaipur
501397,Passenger_1397,Female,Pune
501398,Passenger_1398,Female,Jaipur
501399,Passenger_1399,Male,Kolkata
501400,Passenger_1400,Male,Kolkata
501401,Passenger_1401,Male,Hyderabad
501402,Passenger_1402,Male,Jaipur
501403,Passenger_1403,Male,Bengaluru
501404,Passenger_1404,Male,Chennai
501405,Passenger_1405,Female,Hyderabad
501406,Passenger_1406,Female,Kolkata
501407,Passenger_1407,Male,Jaipur
501408,Passenger_1408,Female,Mumbai
501409,Passenger_1409,Male,Kolkata
501410,Passenger_1410,Female,Bengaluru
501411,Passenger_1411,Female,Chennai
501412,Passenger_1412,Female,Kolkata
501413,Passenger_1413,Female,Hyderabad
501414,Passenger_1414,Male,Kolkata
501415,Passenger_1415,Male,Hyderabad
501416,Passenger_1416,Male,Kolkata
501417,Passenger_1417,Male,Mumbai
501418,Passenger_1418,Female,Kolkata
501419,Passenger_1419,Female,Jaipur
501420,Passenger_1420,Male,Mumbai
501421,Passenger_1421,Female,Bengaluru
501422,Passenger_1422,Female,Mumbai
501423,Passenger_1423,Male,Bengaluru
501424,Passenger_1424,Female,Delhi
501425,Passenger_1425,Male,Kolkata
501426,Passenger_1426,Female,Kolkata
501427,Passenger_1427,Female,Kolkata
501428,Passenger_1428,Male,Delhi
501429,Passenger_1429,Female,Mumbai
501430,Passenger_1430,Female,Hyderabad
501431,Passenger_1431,Female,Mumbai
501432,Passenger_1432,Male,Hyderabad
501433,Passenger_1433,Female,Pune
501434,Passenger_1434,Female,Kolkata
501435,Passenger_1435,Female,Jaipur
501436,Passenger_1436,Male,Kolkata
501437,Passenger_1437,Male,Chennai
501438,Passenger_1438,Female,Hyderabad
501439,Passenger_1439,Male,Pune
501440,Passenger_1440,Female,Kolkata
501441,Passenger_1441,Female,Delhi
501442,Passenger_1442,Female,Bengaluru
501443,Passenger_1443,Male,Hyderabad
501444,Passenger_1444,Male,Kolkata
501445,Passenger_1445,Female,Chennai
501446,Passenger_1446,Male,Chennai
501447,Passenger_1447,Female,Chennai
501448,Passenger_1448,Male,Pune
501449,Passenger_1449,Female,Mumbai
501450,Passenger_1450,Female,Jaipur
501451,Passenger_1451,Male,Chennai
501452,Passenger_1452,Female,Kolkata
501453,Passenger_1453,Male,Hyderabad
501454,Passenger_1454,Male,Chennai
501455,Passenger_1455,Female,Bengaluru
501456,Passenger_1456,Male,Hyderabad
501457,Passenger_1457,Male,Bengaluru
501458,Passenger_1458,Male,Hyderabad
501459,Passenger_1459,Male,Chennai
501460,Passenger_1460,Male,Bengaluru
501461,Passenger_1461,Female,Bengaluru
501462,Passenger_1462,Male,Mumbai
501463,Passenger_1463,Male,Delhi
501464,Passenger_1464,Female,Pune
501465,Passenger_1465,Male,Mumbai
501466,Passenger_1466,Male,Delhi
501467,Passenger_1467,Male,Jaipur
501468,Passenger_1468,Female,Chennai
501469,Passenger_1469,Male,Chennai
501470,Passenger_1470,Female,Kolkata
501471,Passenger_1471,Male,Pune
501472,Passenger_1472,Male,Bengaluru
501473,Passenger_1473,Male,Pune
501474,Passenger_1474,Male,Pune
501475,Passenger_1475,Male,Delhi
501476,Passenger_1476,Male,Kolkata
501477,Passenger_1477,Female,Chennai
501478,Passenger_1478,Female,Pune
501479,Passenger_1479,Female,Bengaluru
501480,Passenger_1480,Female,Chennai
501481,Passenger_1481,Male,Mumbai
501482,Passenger_1482,Female,Delhi
501483,Passenger_1483,Male,Hyderabad
501484,Passenger_1484,Female,Kolkata
501485,Passenger_1485,Male,Delhi
501486,Passenger_1486,Female,Delhi
501487,Passenger_1487,Female,Pune
501488,Passenger_1488,Female,Hyderabad
501489,Passenger_1489,Female,Pune
501490,Passenger_1490,Male,Hyderabad
501491,Passenger_1491,Female,Jaipur
501492,Passenger_1492,Female,Delhi
501493,Passenger_1493,Female,Bengaluru
501494,Passenger_1494,Male,Chennai
501495,Passenger_1495,Female,Pune
501496,Passenger_1496,Male,Jaipur
501497,Passenger_1497,Female,Jaipur
501498,Passenger_1498,Female,Mumbai
501499,Passenger_1499,Male,Chennai
501500,Passenger_1500,Female,Chennai
501501,Passenger_1501,Male,Jaipur
501502,Passenger_1502,Male,Chennai
501503,Passenger_1503,Female,Jaipur
501504,Passenger_1504,Female,Chennai
501505,Passenger_1505,Female,Jaipur
501506,Passenger_1506,Female,Bengaluru
501507,Passenger_1507,Male,Jaipur
501508,Passenger_1508,Female,Bengaluru
501509,Passenger_1509,Male,Kolkata
501510,Passenger_1510,Male,Kolkata
501511,Passenger_1511,Female,Pune
501512,Passenger_1512,Female,Kolkata
501513,Passenger_1513,Male,Jaipur
501514,Passenger_1514,Female,Pune
501515,Passenger_1515,Male,Mumbai
501516,Passenger_1516,Female,Bengaluru
501517,Passenger_1517,Male,Mumbai
501518,Passenger_1518,Female,Chennai
501519,Passenger_1519,Male,Chennai
501520,Passenger_1520,Female,Mumbai
501521,Passenger_1521,Male,Jaipur
501522,Passenger_1522,Female,Kolkata
501523,Passenger_1523,Male,Jaipur
501524,Passenger_1524,Female,Chennai
501525,Passenger_1525,Female,Hyderabad
501526,Passenger_1526,Female,Pune
501527,Passenger_1527,Female,Jaipur
501528,Passenger_1528,Female,Jaipur
501529,Passenger_1529,Female,Chennai
501530,Passenger_1530,Male,Kolkata
501531,Passenger_1531,Female,Hyderabad
501532,Passenger_1532,Female,Bengaluru
501533,Passenger_1533,Female,Hyderabad
501534,Passenger_1534,Male,Chennai
501535,Passenger_1535,Female,Jaipur
501536,Passenger_1536,Male,Pune
501537,Passenger_1537,Female,Jaipur
501538,Passenger_1538,Female,Kolkata
501539,Passenger_1539,Female,Pune
501540,Passenger_1540,Male,Delhi
501541,Passenger_1541,Female,Chennai
501542,Passenger_1542,Male,Chennai
501543,Passenger_1543,Male,Hyderabad
501544,Passenger_1544,Female,Kolkata
501545,Passenger_1545,Male,Delhi
501546,Passenger_1546,Female,Hyderabad
501547,Passenger_1547,Male,Kolkata
501548,Passenger_1548,Male,Bengaluru
501549,Passenger_1549,Female,Bengaluru
501550,Passenger_1550,Male,Jaipur
501551,Passenger_1551,Female,Jaipur
501552,Passenger_1552,Male,Bengaluru
501553,Passenger_1553,Female,Mumbai
501554,Passenger_1554,Male,Jaipur
501555,Passenger_1555,Female,Hyderabad
501556,Passenger_1556,Female,Hyderabad
501557,Passenger_1557,Female,Mumbai
501558,Passenger_1558,Male,Delhi
501559,Passenger_1559,Female,Chennai
501560,Passenger_1560,Female,Hyderabad
501561,Passenger_1561,Female,Hyderabad
501562,Passenger_1562,Male,Pune
501563,Passenger_1563,Female,Delhi
501564,Passenger_1564,Male,Jaipur
501565,Passenger_1565,Male,Kolkata
501566,Passenger_1566,Female,Pune
501567,Passenger_1567,Male,Chennai
501568,Passenger_1568,Female,Bengaluru
501569,Passenger_1569,Female,Kolkata
501570,Passenger_1570,Female,Pune
501571,Passenger_1571,Male,Mumbai
501572,Passenger_1572,Female,Hyderabad
501573,Passenger_1573,Male,Hyderabad
501574,Passenger_1574,Female,Jaipur
501575,Passenger_1575,Male,Chennai
501576,Passenger_1576,Male,Mumbai
501577,Passenger_1577,Male,Delhi
501578,Passenger_1578,Male,Delhi
501579,Passenger_1579,Male,Pune
501580,Passenger_1580,Male,Hyderabad
501581,Passenger_1581,Male,Bengaluru
501582,Passenger_1582,Male,Delhi
501583,Passenger_1583,Female,Jaipur
501584,Passenger_1584,Female,Mumbai
501585,Passenger_1585,Male,Mumbai
501586,Passenger_1586,Male,Delhi
501587,Passenger_1587,Female,Hyderabad
501588,Passenger_1588,Male,Delhi
501589,Passenger_1589,Female,Hyderabad
501590,Passenger_1590,Female,Kolkata
501591,Passenger_1591,Male,Bengaluru
501592,Passenger_1592,Male,Chennai
501593,Passenger_1593,Male,Pune
501594,Passenger_1594,Male,Delhi
501595,Passenger_1595,Male,Mumbai
501596,Passenger_1596,Female,Pune
501597,Passenger_1597,Female,Pune
501598,Passenger_1598,Female,Delhi
501599,Passenger_1599,Male,Kolkata
501600,Passenger_1600,Male,Bengaluru
501601,Passenger_1601,Male,Pune
501602,Passenger_1602,Male,Bengaluru
501603,Passenger_1603,Female,Mumbai
501604,Passenger_1604,Female,Pune
501605,Passenger_1605,Female,Chennai
501606,Passenger_1606,Male,Hyderabad
501607,Passenger_1607,Male,Hyderabad
501608,Passenger_1608,Female,Hyderabad
501609,Passenger_1609,Female,Pune
501610,Passenger_1610,Female,Delhi
501611,Passenger_1611,Female,Hyderabad
501612,Passenger_1612,Male,Pune
501613,Passenger_1613,Female,Chennai
501614,Passenger_1614,Male,Bengaluru
501615,Passenger_1615,Male,Hyderabad
501616,Passenger_1616,Male,Bengaluru
501617,Passenger_1617,Female,Kolkata
501618,Passenger_1618,Female,Delhi
501619,Passenger_1619,Male,Hyderabad
501620,Passenger_1620,Male,Delhi
501621,Passenger_1621,Male,Bengaluru
501622,Passenger_1622,Male,Jaipur
501623,Passenger_1623,Female,Kolkata
501624,Passenger_1624,Female,Pune
501625,Passenger_1625,Male,Hyderabad
501626,Passenger_1626,Male,Mumbai
501627,Passenger_1627,Female,Delhi
501628,Passenger_1628,Male,Kolkata
501629,Passenger_1629,Female,Delhi
501630,Passenger_1630,Male,Hyderabad
501631,Passenger_1631,Female,Delhi
501632,Passenger_1632,Female,Kolkata
501633,Passenger_1633,Female,Bengaluru
501634,Passenger_1634,Male,Hyderabad
501635,Passenger_1635,Female,Delhi
501636,Passenger_1636,Female,Pune
501637,Passenger_1637,Female,Hyderabad
501638,Passenger_1638,Female,Hyderabad
501639,Passenger_1639,Male,Mumbai
501640,Passenger_1640,Female,Delhi
501641,Passenger_1641,Female,Hyderabad
501642,Passenger_1642,Male,Chennai
501643,Passenger_1643,Female,Jaipur
501644,Passenger_1644,Female,Delhi
501645,Passenger_1645,Female,Mumbai
501646,Passenger_1646,Male,Pune
501647,Passenger_1647,Male,Jaipur
501648,Passenger_1648,Male,Chennai
501649,Passenger_1649,Female,Pune
501650,Passenger_1650,Female,Delhi
501651,Passenger_1651,Female,Chennai
501652,Passenger_1652,Female,Pune
501653,Passenger_1653,Female,Bengaluru
501654,Passenger_1654,Female,Mumbai
501655,Passenger_1655,Female,Pune
501656,Passenger_1656,Female,Jaipur
501657,Passenger_1657,Male,Delhi
501658,Passenger_1658,Female,Mumbai
501659,Passenger_1659,Female,Jaipur
501660,Passenger_1660,Male,Chennai
501661,Passenger_1661,Male,Pune
501662,Passenger_1662,Female,Mumbai
501663,Passenger_1663,Male,Delhi
501664,Passenger_1664,Female,Mumbai
501665,Passenger_1665,Female,Kolkata
501666,Passenger_1666,Female,Bengaluru
501667,Passenger_1667,Female,Jaipur
501668,Passenger_1668,Female,Delhi
501669,Passenger_1669,Male,Chennai
501670,Passenger_1670,Female,Bengaluru
501671,Passenger_1671,Female,Hyderabad
501672,Passenger_1672,Female,Hyderabad
501673,Passenger_1673,Male,Hyderabad
501674,Passenger_1674,Male,Delhi
501675,Passenger_1675,Female,Hyderabad
501676,Passenger_1676,Male,Pune
501677,Passenger_1677,Male,Pune
501678,Passenger_1678,Female,Jaipur
501679,Passenger_1679,Female,Kolkata
501680,Passenger_1680,Male,Chennai
501681,Passenger_1681,Female,Pune
501682,Passenger_1682,Male,Pune
501683,Passenger_1683,Female,Delhi
501684,Passenger_1684,Female,Bengaluru
501685,Passenger_1685,Female,Jaipur
501686,Passenger_1686,Male,Jaipur
501687,Passenger_1687,Male,Hyderabad
501688,Passenger_1688,Male,Pune
501689,Passenger_1689,Female,Mumbai
501690,Passenger_1690,Male,Kolkata
501691,Passenger_1691,Male,Bengaluru
501692,Passenger_1692,Male,Kolkata
501693,Passenger_1693,Female,Jaipur
501694,Passenger_1694,Female,Pune
501695,Passenger_1695,Female,Mumbai
501696,Passenger_1696,Female,Delhi
501697,Passenger_1697,Female,Delhi
501698,Passenger_1698,Male,Delhi
501699,Passenger_1699,Female,Chennai
501700,Passenger_1700,Male,Pune
501701,Passenger_1701,Female,Mumbai
501702,Passenger_1702,Male,Jaipur
501703,Passenger_1703,Male,Delhi
501704,Passenger_1704,Male,Chennai
501705,Passenger_1705,Male,Mumbai
501706,Passenger_1706,Female,Pune
501707,Passenger_1707,Female,Kolkata
501708,Passenger_1708,Female,Jaipur
501709,Passenger_1709,Male,Chennai
501710,Passenger_1710,Male,Pune
501711,Passenger_1711,Female,Chennai
501712,Passenger_1712,Male,Chennai
501713,Passenger_1713,Female,Pune
501714,Passenger_1714,Female,Pune
501715,Passenger_1715,Female,Bengaluru
501716,Passenger_1716,Female,Delhi
501717,Passenger_1717,Female,Pune
501718,Passenger_1718,Female,Jaipur
501719,Passenger_1719,Male,Jaipur
501720,Passenger_1720,Male,Hyderabad
501721,Passenger_1721,Male,Mumbai
501722,Passenger_1722,Male,Bengaluru
501723,Passenger_1723,Female,Delhi
501724,Passenger_1724,Male,Jaipur
501725,Passenger_1725,Female,Pune
501726,Passenger_1726,Female,Delhi
501727,Passenger_1727,Female,Delhi
501728,Passenger_1728,Male,Delhi
501729,Passenger_1729,Male,Kolkata
501730,Passenger_1730,Female,Kolkata
501731,Passenger_1731,Female,Chennai
501732,Passenger_1732,Male,Jaipur
501733,Passenger_1733,Male,Hyderabad
501734,Passenger_1734,Male,Kolkata
501735,Passenger_1735,Female,Chennai
501736,Passenger_1736,Male,Jaipur
501737,Passenger_1737,Male,Bengaluru
501738,Passenger_1738,Male,Chennai
501739,Passenger_1739,Male,Hyderabad
501740,Passenger_1740,Female,Hyderabad
501741,Passenger_1741,Female,Mumbai
501742,Passenger_1742,Male,Jaipur
501743,Passenger_1743,Male,Kolkata
501744,Passenger_1744,Female,Mumbai
501745,Passenger_1745,Female,Jaipur
501746,Passenger_1746,Male,Kolkata
501747,Passenger_1747,Female,Delhi
501748,Passenger_1748,Female,Jaipur
501749,Passenger_1749,Female,Chennai
501750,Passenger_1750,Male,Pune
501751,Passenger_1751,Female,Jaipur
501752,Passenger_1752,Male,Chennai
501753,Passenger_1753,Female,Jaipur
501754,Passenger_1754,Female,Mumbai
501755,Passenger_1755,Male,Mumbai
501756,Passenger_1756,Female,Chennai
501757,Passenger_1757,Female,Hyderabad
501758,Passenger_1758,Female,Chennai
501759,Passenger_1759,Male,Mumbai
501760,Passenger_1760,Male,Mumbai
501761,Passenger_1761,Female,Pune
501762,Passenger_1762,Male,Delhi
501763,Passenger_1763,Female,Mumbai
501764,Passenger_1764,Male,Kolkata
501765,Passenger_1765,Male,Pune
501766,Passenger_1766,Male,Bengaluru
501767,Passenger_1767,Male,Hyderabad
501768,Passenger_1768,Male,Pune
501769,Passenger_1769,Female,Kolkata
501770,Passenger_1770,Female,Hyderabad
501771,Passenger_1771,Female,Hyderabad
501772,Passenger_1772,Female,Pune
501773,Passenger_1773,Female,Pune
501774,Passenger_1774,Male,Kolkata
501775,Passenger_1775,Male,Kolkata
501776,Passenger_1776,Male,Kolkata
501777,Passenger_1777,Male,Bengaluru
501778,Passenger_1778,Female,Mumbai
501779,Passenger_1779,Male,Hyderabad
501780,Passenger_1780,Male,Delhi
501781,Passenger_1781,Male,Hyderabad
501782,Passenger_1782,Female,Bengaluru
501783,Passenger_1783,Male,Kolkata
501784,Passenger_1784,Female,Hyderabad
501785,Passenger_1785,Female,Delhi
501786,Passenger_1786,Male,Chennai
501787,Passenger_1787,Male,Kolkata
501788,Passenger_1788,Female,Hyderabad
501789,Passenger_1789,Male,Chennai
501790,Passenger_1790,Male,Delhi
501791,Passenger_1791,Male,Jaipur
501792,Passenger_1792,Female,Jaipur
501793,Passenger_1793,Male,Delhi
501794,Passenger_1794,Female,Mumbai
501795,Passenger_1795,Male,Hyderabad
501796,Passenger_1796,Male,Bengaluru
501797,Passenger_1797,Female,Jaipur
501798,Passenger_1798,Male,Kolkata
501799,Passenger_1799,Male,Hyderabad
501800,Passenger_1800,Male,Hyderabad
501801,Passenger_1801,Female,Jaipur
501802,Passenger_1802,Male,Mumbai
501803,Passenger_1803,Female,Kolkata
501804,Passenger_1804,Female,Delhi
501805,Passenger_1805,Male,Pune
501806,Passenger_1806,Female,Kolkata
501807,Passenger_1807,Male,Kolkata
501808,Passenger_1808,Female,Hyderabad
501809,Passenger_1809,Female,Kolkata
501810,Passenger_1810,Male,Kolkata
501811,Passenger_1811,Female,Bengaluru
501812,Passenger_1812,Male,Chennai
501813,Passenger_1813,Male,Kolkata
501814,Passenger_1814,Male,Jaipur
501815,Passenger_1815,Female,Pune
501816,Passenger_1816,Female,Hyderabad
501817,Passenger_1817,Female,Chennai
501818,Passenger_1818,Female,Pune
501819,Passenger_1819,Male,Delhi
501820,Passenger_1820,Female,Bengaluru
501821,Passenger_1821,Female,Chennai
501822,Passenger_1822,Male,Bengaluru
501823,Passenger_1823,Male,Delhi
501824,Passenger_1824,Male,Mumbai
501825,Passenger_1825,Male,Bengaluru
501826,Passenger_1826,Female,Kolkata
501827,Passenger_1827,Female,Hyderabad
501828,Passenger_1828,Male,Bengaluru
501829,Passenger_1829,Female,Jaipur
501830,Passenger_1830,Female,Chennai
501831,Passenger_1831,Male,Jaipur
501832,Passenger_1832,Male,Delhi
501833,Passenger_1833,Female,Jaipur
501834,Passenger_1834,Female,Jaipur
501835,Passenger_1835,Male,Hyderabad
501836,Passenger_1836,Female,Kolkata
501837,Passenger_1837,Female,Jaipur
501838,Passenger_1838,Female,Kolkata
501839,Passenger_1839,Male,Mumbai
501840,Passenger_1840,Female,Chennai
501841,Passenger_1841,Female,Pune
501842,Passenger_1842,Male,Chennai
501843,Passenger_1843,Male,Chennai
501844,Passenger_1844,Female,Pune
501845,Passenger_1845,Male,Kolkata
501846,Passenger_1846,Female,Bengaluru
501847,Passenger_1847,Female,Delhi
501848,Passenger_1848,Female,Bengaluru
501849,Passenger_1849,Female,Delhi
501850,Passenger_1850,Male,Bengaluru
501851,Passenger_1851,Male,Mumbai
501852,Passenger_1852,Male,Hyderabad
501853,Passenger_1853,Male,Delhi
501854,Passenger_1854,Male,Chennai
501855,Passenger_1855,Male,Mumbai
501856,Passenger_1856,Female,Pune
501857,Passenger_1857,Male,Bengaluru
501858,Passenger_1858,Female,Kolkata
501859,Passenger_1859,Female,Pune
501860,Passenger_1860,Female,Mumbai
501861,Passenger_1861,Male,Jaipur
501862,Passenger_1862,Male,Bengaluru
501863,Passenger_1863,Male,Kolkata
501864,Passenger_1864,Female,Pune
501865,Passenger_1865,Male,Bengaluru
501866,Passenger_1866,Female,Delhi
501867,Passenger_1867,Male,Jaipur
501868,Passenger_1868,Male,Mumbai
501869,Passenger_1869,Female,Jaipur
501870,Passenger_1870,Male,Chennai
501871,Passenger_1871,Male,Mumbai
501872,Passenger_1872,Male,Mumbai
501873,Passenger_1873,Male,Delhi
501874,Passenger_1874,Female,Pune
501875,Passenger_1875,Female,Bengaluru
501876,Passenger_1876,Male,Kolkata
501877,Passenger_1877,Male,Mumbai
501878,Passenger_1878,Female,Kolkata
501879,Passenger_1879,Male,Hyderabad
501880,Passenger_1880,Male,Bengaluru
501881,Passenger_1881,Female,Chennai
501882,Passenger_1882,Male,Jaipur
501883,Passenger_1883,Female,Hyderabad
501884,Passenger_1884,Female,Kolkata
501885,Passenger_1885,Female,Mumbai
501886,Passenger_1886,Female,Delhi
501887,Passenger_1887,Female,Hyderabad
501888,Passenger_1888,Male,Jaipur
501889,Passenger_1889,Male,Jaipur
501890,Passenger_1890,Male,Delhi
501891,Passenger_1891,Male,Kolkata
501892,Passenger_1892,Female,Kolkata
501893,Passenger_1893,Female,Jaipur
501894,Passenger_1894,Male,Hyderabad
501895,Passenger_1895,Female,Mumbai
501896,Passenger_1896,Male,Jaipur
501897,Passenger_1897,Female,Pune
501898,Passenger_1898,Male,Chennai
501899,Passenger_1899,Male,Jaipur
501900,Passenger_1900,Male,Hyderabad
501901,Passenger_1901,Female,Mumbai
501902,Passenger_1902,Female,Pune
501903,Passenger_1903,Male,Bengaluru
501904,Passenger_1904,Male,Hyderabad
501905,Passenger_1905,Female,Bengaluru
501906,Passenger_1906,Male,Pune
501907,Passenger_1907,Female,Pune
501908,Passenger_1908,Male,Mumbai
501909,Passenger_1909,Female,Bengaluru
501910,Passenger_1910,Male,Hyderabad
501911,Passenger_1911,Male,Mumbai
501912,Passenger_1912,Male,Mumbai
501913,Passenger_1913,Female,Jaipur
501914,Passenger_1914,Female,Pune
501915,Passenger_1915,Female,Kolkata
501916,Passenger_1916,Female,Delhi
501917,Passenger_1917,Male,Chennai
501918,Passenger_1918,Male,Delhi
501919,Passenger_1919,Female,Delhi
501920,Passenger_1920,Female,Chennai
501921,Passenger_1921,Male,Bengaluru
501922,Passenger_1922,Male,Chennai
501923,Passenger_1923,Female,Pune
501924,Passenger_1924,Male,Bengaluru
501925,Passenger_1925,Female,Jaipur
501926,Passenger_1926,Female,Kolkata
501927,Passenger_1927,Male,Hyderabad
501928,Passenger_1928,Male,Delhi
501929,Passenger_1929,Female,Kolkata
501930,Passenger_1930,Female,Bengaluru
501931,Passenger_1931,Male,Bengaluru
501932,Passenger_1932,Female,Jaipur
501933,Passenger_1933,Male,Pune
501934,Passenger_1934,Male,Hyderabad
501935,Passenger_1935,Female,Chennai
501936,Passenger_1936,Male,Bengaluru
501937,Passenger_1937,Female,Chennai
501938,Passenger_1938,Female,Jaipur
501939,Passenger_1939,Female,Hyderabad
501940,Passenger_1940,Female,Bengaluru
501941,Passenger_1941,Female,Bengaluru
501942,Passenger_1942,Male,Kolkata
501943,Passenger_1943,Male,Pune
501944,Passenger_1944,Female,Pune
501945,Passenger_1945,Male,Delhi
501946,Passenger_1946,Male,Kolkata
501947,Passenger_1947,Male,Jaipur
501948,Passenger_1948,Male,Pune
501949,Passenger_1949,Female,Jaipur
501950,Passenger_1950,Female,Chennai
501951,Passenger_1951,Female,Kolkata
501952,Passenger_1952,Female,Bengaluru
501953,Passenger_1953,Female,Chennai
501954,Passenger_1954,Male,Bengaluru
501955,Passenger_1955,Female,Kolkata
501956,Passenger_1956,Female,Pune
501957,Passenger_1957,Female,Bengaluru
501958,Passenger_1958,Male,Delhi
501959,Passenger_1959,Male,Chennai
501960,Passenger_1960,Female,Pune
501961,Passenger_1961,Female,Hyderabad
501962,Passenger_1962,Male,Delhi
501963,Passenger_1963,Male,Jaipur
501964,Passenger_1964,Male,Pune
501965,Passenger_1965,Male,Mumbai
501966,Passenger_1966,Male,Hyderabad
501967,Passenger_1967,Female,Hyderabad
501968,Passenger_1968,Female,Hyderabad
501969,Passenger_1969,Male,Jaipur
501970,Passenger_1970,Male,Pune
501971,Passenger_1971,Male,Kolkata
501972,Passenger_1972,Female,Hyderabad
501973,Passenger_1973,Female,Delhi
501974,Passenger_1974,Male,Delhi
501975,Passenger_1975,Male,Hyderabad
501976,Passenger_1976,Male,Pune
501977,Passenger_1977,Male,Chennai
501978,Passenger_1978,Male,Jaipur
501979,Passenger_1979,Male,Bengaluru
501980,Passenger_1980,Female,Pune
501981,Passenger_1981,Female,Pune
501982,Passenger_1982,Male,Pune
501983,Passenger_1983,Female,Delhi
501984,Passenger_1984,Female,Delhi
501985,Passenger_1985,Male,Mumbai
501986,Passenger_1986,Female,Kolkata
501987,Passenger_1987,Female,Jaipur
501988,Passenger_1988,Female,Jaipur
501989,Passenger_1989,Male,Pune
501990,Passenger_1990,Female,Mumbai
501991,Passenger_1991,Female,Delhi
501992,Passenger_1992,Female,Chennai
501993,Passenger_1993,Male,Jaipur
501994,Passenger_1994,Female,Delhi
501995,Passenger_1995,Female,Bengaluru
501996,Passenger_1996,Male,Chennai
501997,Passenger_1997,Male,Delhi
501998,Passenger_1998,Male,Delhi
501999,Passenger_1999,Female,Hyderabad
502000,Passenger_2000,Female,Pune
502001,Passenger_2001,Male,Pune
502002,Passenger_2002,Female,Kolkata
502003,Passenger_2003,Male,Mumbai
502004,Passenger_2004,Male,Kolkata
502005,Passenger_2005,Female,Jaipur
502006,Passenger_2006,Female,Hyderabad
502007,Passenger_2007,Female,Pune
502008,Passenger_2008,Female,Pune
502009,Passenger_2009,Female,Bengaluru
502010,Passenger_2010,Female,Jaipur
502011,Passenger_2011,Male,Kolkata
502012,Passenger_2012,Male,Bengaluru
502013,Passenger_2013,Female,Mumbai
502014,Passenger_2014,Male,Mumbai
502015,Passenger_2015,Female,Hyderabad
502016,Passenger_2016,Male,Jaipur
502017,Passenger_2017,Male,Mumbai
502018,Passenger_2018,Female,Bengaluru
502019,Passenger_2019,Female,Jaipur
502020,Passenger_2020,Male,Pune
502021,Passenger_2021,Male,Delhi
502022,Passenger_2022,Female,Pune
502023,Passenger_2023,Female,Bengaluru
502024,Passenger_2024,Male,Bengaluru
502025,Passenger_2025,Female,Chennai
502026,Passenger_2026,Female,Bengaluru
502027,Passenger_2027,Female,Hyderabad
502028,Passenger_2028,Male,Bengaluru
502029,Passenger_2029,Female,Jaipur
502030,Passenger_2030,Female,Pune
502031,Passenger_2031,Female,Chennai
502032,Passenger_2032,Female,Chennai
502033,Passenger_2033,Female,Mumbai
502034,Passenger_2034,Female,Kolkata
502035,Passenger_2035,Male,Hyderabad
502036,Passenger_2036,Female,Bengaluru
502037,Passenger_2037,Female,Pune
502038,Passenger_2038,Male,Bengaluru
502039,Passenger_2039,Female,Delhi
502040,Passenger_2040,Male,Jaipur
502041,Passenger_2041,Male,Pune
502042,Passenger_2042,Female,Pune
502043,Passenger_2043,Female,Jaipur
502044,Passenger_2044,Male,Jaipur
502045,Passenger_2045,Female,Delhi
502046,Passenger_2046,Female,Jaipur
502047,Passenger_2047,Male,Delhi
502048,Passenger_2048,Male,Jaipur
502049,Passenger_2049,Female,Mumbai
502050,Passenger_2050,Female,Pune
502051,Passenger_2051,Male,Jaipur
502052,Passenger_2052,Male,Delhi
502053,Passenger_2053,Female,Mumbai
502054,Passenger_2054,Male,Hyderabad
502055,Passenger_2055,Male,Delhi
502056,Passenger_2056,Female,Jaipur
502057,Passenger_2057,Male,Chennai
502058,Passenger_2058,Female,Bengaluru
502059,Passenger_2059,Male,Pune
502060,Passenger_2060,Male,Jaipur
502061,Passenger_2061,Female,Hyderabad
502062,Passenger_2062,Female,Pune
502063,Passenger_2063,Male,Hyderabad
502064,Passenger_2064,Male,Kolkata
502065,Passenger_2065,Male,Pune
502066,Passenger_2066,Female,Jaipur
502067,Passenger_2067,Male,Chennai
502068,Passenger_2068,Male,Delhi
502069,Passenger_2069,Female,Hyderabad
502070,Passenger_2070,Female,Jaipur
502071,Passenger_2071,Female,Bengaluru
502072,Passenger_2072,Male,Chennai
502073,Passenger_2073,Male,Jaipur
502074,Passenger_2074,Male,Hyderabad
502075,Passenger_2075,Female,Jaipur
502076,Passenger_2076,Female,Delhi
502077,Passenger_2077,Male,Pune
502078,Passenger_2078,Female,Hyderabad
502079,Passenger_2079,Female,Jaipur
502080,Passenger_2080,Male,Hyderabad
502081,Passenger_2081,Male,Hyderabad
502082,Passenger_2082,Female,Chennai
502083,Passenger_2083,Female,Chennai
502084,Passenger_2084,Male,Mumbai
502085,Passenger_2085,Female,Mumbai
502086,Passenger_2086,Female,Jaipur
502087,Passenger_2087,Female,Mumbai
502088,Passenger_2088,Male,Chennai
502089,Passenger_2089,Female,Hyderabad
502090,Passenger_2090,Female,Delhi
502091,Passenger_2091,Female,Pune
502092,Passenger_2092,Female,Mumbai
502093,Passenger_2093,Female,Delhi
502094,Passenger_2094,Female,Kolkata
502095,Passenger_2095,Female,Mumbai
502096,Passenger_2096,Female,Bengaluru
502097,Passenger_2097,Male,Hyderabad
502098,Passenger_2098,Female,Mumbai
502099,Passenger_2099,Male,Kolkata
502100,Passenger_2100,Female,Kolkata
502101,Passenger_2101,Male,Pune
502102,Passenger_2102,Female,Chennai
502103,Passenger_2103,Male,Jaipur
502104,Passenger_2104,Male,Kolkata
502105,Passenger_2105,Male,Mumbai
502106,Passenger_2106,Male,Delhi
502107,Passenger_2107,Female,Kolkata
502108,Passenger_2108,Male,Bengaluru
502109,Passenger_2109,Female,Mumbai
502110,Passenger_2110,Female,Bengaluru
502111,Passenger_2111,Female,Jaipur
502112,Passenger_2112,Female,Chennai
502113,Passenger_2113,Female,Kolkata
502114,Passenger_2114,Female,Bengaluru
502115,Passenger_2115,Male,Delhi
502116,Passenger_2116,Female,Bengaluru
502117,Passenger_2117,Male,Jaipur
502118,Passenger_2118,Male,Hyderabad
502119,Passenger_2119,Male,Pune
502120,Passenger_2120,Female,Pune
502121,Passenger_2121,Male,Chennai
502122,Passenger_2122,Male,Kolkata
502123,Passenger_2123,Male,Bengaluru
502124,Passenger_2124,Female,Kolkata
502125,Passenger_2125,Female,Jaipur
502126,Passenger_2126,Male,Pune
502127,Passenger_2127,Female,Delhi
502128,Passenger_2128,Female,Hyderabad
502129,Passenger_2129,Male,Jaipur
502130,Passenger_2130,Female,Mumbai
502131,Passenger_2131,Female,Pune
502132,Passenger_2132,Male,Chennai
502133,Passenger_2133,Female,Mumbai
502134,Passenger_2134,Male,Jaipur
502135,Passenger_2135,Male,Chennai
502136,Passenger_2136,Male,Mumbai
502137,Passenger_2137,Male,Kolkata
502138,Passenger_2138,Male,Hyderabad
502139,Passenger_2139,Male,Hyderabad
502140,Passenger_2140,Male,Kolkata
502141,Passenger_2141,Female,Kolkata
502142,Passenger_2142,Male,Mumbai
502143,Passenger_2143,Female,Chennai
502144,Passenger_2144,Female,Chennai
502145,Passenger_2145,Male,Kolkata
502146,Passenger_2146,Female,Mumbai
502147,Passenger_2147,Male,Jaipur
502148,Passenger_2148,Male,Delhi
502149,Passenger_2149,Male,Chennai
502150,Passenger_2150,Female,Jaipur
502151,Passenger_2151,Male,Bengaluru
502152,Passenger_2152,Female,Bengaluru
502153,Passenger_2153,Male,Mumbai
502154,Passenger_2154,Male,Mumbai
502155,Passenger_2155,Female,Mumbai
502156,Passenger_2156,Female,Chennai
502157,Passenger_2157,Male,Kolkata
502158,Passenger_2158,Female,Hyderabad
502159,Passenger_2159,Male,Chennai
502160,Passenger_2160,Female,Kolkata
502161,Passenger_2161,Female,Jaipur
502162,Passenger_2162,Male,Chennai
502163,Passenger_2163,Male,Chennai
502164,Passenger_2164,Male,Chennai
502165,Passenger_2165,Male,Chennai
502166,Passenger_2166,Male,Chennai
502167,Passenger_2167,Female,Hyderabad
502168,Passenger_2168,Female,Delhi
502169,Passenger_2169,Male,Kolkata
502170,Passenger_2170,Female,Kolkata
502171,Passenger_2171,Female,Mumbai
502172,Passenger_2172,Male,Jaipur
502173,Passenger_2173,Female,Pune
502174,Passenger_2174,Female,Pune
502175,Passenger_2175,Male,Mumbai
502176,Passenger_2176,Male,Hyderabad
502177,Passenger_2177,Male,Hyderabad
502178,Passenger_2178,Female,Chennai
502179,Passenger_2179,Male,Kolkata
502180,Passenger_2180,Female,Mumbai
502181,Passenger_2181,Female,Pune
502182,Passenger_2182,Female,Pune
502183,Passenger_2183,Male,Kolkata
502184,Passenger_2184,Female,Delhi
502185,Passenger_2185,Female,Jaipur
502186,Passenger_2186,Male,Pune
502187,Passenger_2187,Male,Pune
502188,Passenger_2188,Female,Chennai
502189,Passenger_2189,Male,Chennai
502190,Passenger_2190,Male,Pune
502191,Passenger_2191,Male,Kolkata
502192,Passenger_2192,Female,Hyderabad
502193,Passenger_2193,Female,Bengaluru
502194,Passenger_2194,Female,Pune
502195,Passenger_2195,Male,Chennai
502196,Passenger_2196,Male,Bengaluru
502197,Passenger_2197,Female,Bengaluru
502198,Passenger_2198,Female,Delhi
502199,Passenger_2199,Female,Delhi
502200,Passenger_2200,Male,Delhi
502201,Passenger_2201,Female,Hyderabad
502202,Passenger_2202,Male,Chennai
502203,Passenger_2203,Female,Delhi
502204,Passenger_2204,Male,Kolkata
502205,Passenger_2205,Female,Bengaluru
502206,Passenger_2206,Female,Mumbai
502207,Passenger_2207,Female,Jaipur
502208,Passenger_2208,Male,Jaipur
502209,Passenger_2209,Male,Pune
502210,Passenger_2210,Male,Hyderabad
502211,Passenger_2211,Male,Delhi
502212,Passenger_2212,Female,Pune
502213,Passenger_2213,Male,Mumbai
502214,Passenger_2214,Male,Delhi
502215,Passenger_2215,Female,Pune
502216,Passenger_2216,Male,Jaipur
502217,Passenger_2217,Male,Pune
502218,Passenger_2218,Male,Hyderabad
502219,Passenger_2219,Female,Pune
502220,Passenger_2220,Male,Kolkata
502221,Passenger_2221,Male,Delhi
502222,Passenger_2222,Female,Kolkata
502223,Passenger_2223,Female,Jaipur
502224,Passenger_2224,Female,Hyderabad
502225,Passenger_2225,Female,Bengaluru
502226,Passenger_2226,Female,Kolkata
502227,Passenger_2227,Male,Hyderabad
502228,Passenger_2228,Male,Hyderabad
502229,Passenger_2229,Female,Mumbai
502230,Passenger_2230,Female,Chennai
502231,Passenger_2231,Female,Jaipur
502232,Passenger_2232,Female,Kolkata
502233,Passenger_2233,Male,Jaipur
502234,Passenger_2234,Male,Hyderabad
502235,Passenger_2235,Female,Hyderabad
502236,Passenger_2236,Female,Hyderabad
502237,Passenger_2237,Female,Jaipur
502238,Passenger_2238,Male,Delhi
502239,Passenger_2239,Female,Chennai
502240,Passenger_2240,Female,Jaipur
502241,Passenger_2241,Female,Kolkata
502242,Passenger_2242,Male,Jaipur
502243,Passenger_2243,Male,Kolkata
502244,Passenger_2244,Female,Jaipur
502245,Passenger_2245,Female,Kolkata
502246,Passenger_2246,Female,Pune
502247,Passenger_2247,Male,Hyderabad
502248,Passenger_2248,Female,Kolkata
502249,Passenger_2249,Male,Jaipur
502250,Passenger_2250,Female,Hyderabad
502251,Passenger_2251,Female,Delhi
502252,Passenger_2252,Male,Kolkata
502253,Passenger_2253,Female,Chennai
502254,Passenger_2254,Female,Jaipur
502255,Passenger_2255,Female,Mumbai
502256,Passenger_2256,Female,Hyderabad
502257,Passenger_2257,Female,Hyderabad
502258,Passenger_2258,Male,Chennai
502259,Passenger_2259,Female,Chennai
502260,Passenger_2260,Male,Mumbai
502261,Passenger_2261,Female,Mumbai
502262,Passenger_2262,Male,Pune
502263,Passenger_2263,Male,Kolkata
502264,Passenger_2264,Male,Bengaluru
502265,Passenger_2265,Female,Jaipur
502266,Passenger_2266,Female,Hyderabad
502267,Passenger_2267,Female,Hyderabad
502268,Passenger_2268,Female,Pune
502269,Passenger_2269,Female,Jaipur
502270,Passenger_2270,Female,Kolkata
502271,Passenger_2271,Male,Delhi
502272,Passenger_2272,Female,Kolkata
502273,Passenger_2273,Female,Hyderabad
502274,Passenger_2274,Male,Delhi
502275,Passenger_2275,Male,Delhi
502276,Passenger_2276,Female,Delhi
502277,Passenger_2277,Male,Chennai
502278,Passenger_2278,Male,Bengaluru
502279,Passenger_2279,Male,Hyderabad
502280,Passenger_2280,Female,Hyderabad
502281,Passenger_2281,Female,Chennai
502282,Passenger_2282,Male,Delhi
502283,Passenger_2283,Male,Kolkata
502284,Passenger_2284,Female,Mumbai
502285,Passenger_2285,Female,Bengaluru
502286,Passenger_2286,Male,Kolkata
502287,Passenger_2287,Male,Pune
502288,Passenger_2288,Female,Kolkata
502289,Passenger_2289,Female,Bengaluru
502290,Passenger_2290,Female,Bengaluru
502291,Passenger_2291,Male,Chennai
502292,Passenger_2292,Female,Bengaluru
502293,Passenger_2293,Male,Delhi
502294,Passenger_2294,Female,Pune
502295,Passenger_2295,Male,Mumbai
502296,Passenger_2296,Male,Kolkata
502297,Passenger_2297,Female,Kolkata
502298,Passenger_2298,Female,Delhi
502299,Passenger_2299,Female,Chennai
502300,Passenger_2300,Male,Kolkata
502301,Passenger_2301,Female,Hyderabad
502302,Passenger_2302,Male,Pune
502303,Passenger_2303,Male,Jaipur
502304,Passenger_2304,Female,Delhi
502305,Passenger_2305,Female,Jaipur
502306,Passenger_2306,Male,Bengaluru
502307,Passenger_2307,Male,Bengaluru
502308,Passenger_2308,Male,Bengaluru
502309,Passenger_2309,Male,Bengaluru
502310,Passenger_2310,Female,Chennai
502311,Passenger_2311,Female,Mumbai
502312,Passenger_2312,Female,Pune
502313,Passenger_2313,Male,Bengaluru
502314,Passenger_2314,Female,Jaipur
502315,Passenger_2315,Male,Jaipur
502316,Passenger_2316,Female,Jaipur
502317,Passenger_2317,Female,Bengaluru
502318,Passenger_2318,Female,Mumbai
502319,Passenger_2319,Female,Delhi
502320,Passenger_2320,Female,Hyderabad
502321,Passenger_2321,Male,Delhi
502322,Passenger_2322,Female,Kolkata
502323,Passenger_2323,Male,Pune
502324,Passenger_2324,Male,Hyderabad
502325,Passenger_2325,Female,Hyderabad
502326,Passenger_2326,Male,Chennai
502327,Passenger_2327,Male,Hyderabad
502328,Passenger_2328,Female,Jaipur
502329,Passenger_2329,Male,Pune
502330,Passenger_2330,Male,Jaipur
502331,Passenger_2331,Male,Delhi
502332,Passenger_2332,Male,Bengaluru
502333,Passenger_2333,Male,Pune
502334,Passenger_2334,Male,Chennai
502335,Passenger_2335,Female,Mumbai
502336,Passenger_2336,Female,Delhi
502337,Passenger_2337,Male,Delhi
502338,Passenger_2338,Female,Mumbai
502339,Passenger_2339,Male,Delhi
502340,Passenger_2340,Male,Chennai
502341,Passenger_2341,Female,Kolkata
502342,Passenger_2342,Female,Hyderabad
502343,Passenger_2343,Female,Kolkata
502344,Passenger_2344,Male,Chennai
502345,Passenger_2345,Female,Jaipur
502346,Passenger_2346,Male,Chennai
502347,Passenger_2347,Female,Chennai
502348,Passenger_2348,Male,Jaipur
502349,Passenger_2349,Female,Pune
502350,Passenger_2350,Female,Chennai
502351,Passenger_2351,Male,Mumbai
502352,Passenger_2352,Female,Kolkata
502353,Passenger_2353,Female,Pune
502354,Passenger_2354,Male,Delhi
502355,Passenger_2355,Female,Bengaluru
502356,Passenger_2356,Female,Jaipur
502357,Passenger_2357,Female,Hyderabad
502358,Passenger_2358,Female,Bengaluru
502359,Passenger_2359,Male,Mumbai
502360,Passenger_2360,Female,Kolkata
502361,Passenger_2361,Female,Jaipur
502362,Passenger_2362,Male,Hyderabad
502363,Passenger_2363,Male,Chennai
502364,Passenger_2364,Male,Delhi
502365,Passenger_2365,Female,Hyderabad
502366,Passenger_2366,Female,Bengaluru
502367,Passenger_2367,Male,Bengaluru
502368,Passenger_2368,Male,Pune
502369,Passenger_2369,Male,Kolkata
502370,Passenger_2370,Male,Jaipur
502371,Passenger_2371,Female,Mumbai
502372,Passenger_2372,Male,Delhi
502373,Passenger_2373,Male,Mumbai
502374,Passenger_2374,Female,Pune
502375,Passenger_2375,Female,Mumbai
502376,Passenger_2376,Female,Kolkata
502377,Passenger_2377,Male,Hyderabad
502378,Passenger_2378,Male,Hyderabad
502379,Passenger_2379,Female,Delhi
502380,Passenger_2380,Female,Delhi
502381,Passenger_2381,Male,Jaipur
502382,Passenger_2382,Male,Delhi
502383,Passenger_2383,Female,Bengaluru
502384,Passenger_2384,Male,Bengaluru
502385,Passenger_2385,Male,Kolkata
502386,Passenger_2386,Male,Jaipur
502387,Passenger_2387,Male,Jaipur
502388,Passenger_2388,Male,Delhi
502389,Passenger_2389,Male,Chennai
502390,Passenger_2390,Male,Mumbai
502391,Passenger_2391,Female,Delhi
502392,Passenger_2392,Male,Chennai
502393,Passenger_2393,Female,Chennai
502394,Passenger_2394,Female,Chennai
502395,Passenger_2395,Female,Bengaluru
502396,Passenger_2396,Male,Mumbai
502397,Passenger_2397,Female,Bengaluru
502398,Passenger_2398,Male,Bengaluru
502399,Passenger_2399,Male,Mumbai
502400,Passenger_2400,Male,Mumbai
502401,Passenger_2401,Female,Hyderabad
502402,Passenger_2402,Male,Kolkata
502403,Passenger_2403,Male,Delhi
502404,Passenger_2404,Female,Chennai
502405,Passenger_2405,Male,Bengaluru
502406,Passenger_2406,Female,Kolkata
502407,Passenger_2407,Female,Bengaluru
502408,Passenger_2408,Male,Chennai
502409,Passenger_2409,Male,Bengaluru
502410,Passenger_2410,Female,Chennai
502411,Passenger_2411,Male,Pune
502412,Passenger_2412,Male,Delhi
502413,Passenger_2413,Female,Mumbai
502414,Passenger_2414,Male,Chennai
502415,Passenger_2415,Female,Jaipur
502416,Passenger_2416,Female,Mumbai
502417,Passenger_2417,Male,Kolkata
502418,Passenger_2418,Female,Mumbai
502419,Passenger_2419,Female,Jaipur
502420,Passenger_2420,Female,Bengaluru
502421,Passenger_2421,Female,Hyderabad
502422,Passenger_2422,Female,Pune
502423,Passenger_2423,Female,Chennai
502424,Passenger_2424,Male,Mumbai
502425,Passenger_2425,Female,Hyderabad
502426,Passenger_2426,Male,Hyderabad
502427,Passenger_2427,Female,Chennai
502428,Passenger_2428,Female,Hyderabad
502429,Passenger_2429,Female,Hyderabad
502430,Passenger_2430,Male,Delhi
502431,Passenger_2431,Female,Jaipur
502432,Passenger_2432,Male,Hyderabad
502433,Passenger_2433,Male,Mumbai
502434,Passenger_2434,Male,Hyderabad
502435,Passenger_2435,Female,Bengaluru
502436,Passenger_2436,Female,Kolkata
502437,Passenger_2437,Male,Delhi
502438,Passenger_2438,Female,Chennai
502439,Passenger_2439,Male,Hyderabad
502440,Passenger_2440,Female,Chennai
502441,Passenger_2441,Male,Bengaluru
502442,Passenger_2442,Female,Chennai
502443,Passenger_2443,Female,Mumbai
502444,Passenger_2444,Male,Pune
502445,Passenger_2445,Male,Chennai
502446,Passenger_2446,Male,Delhi
502447,Passenger_2447,Male,Pune
502448,Passenger_2448,Male,Jaipur
502449,Passenger_2449,Male,Bengaluru
502450,Passenger_2450,Female,Kolkata
502451,Passenger_2451,Female,Delhi
502452,Passenger_2452,Female,Pune
502453,Passenger_2453,Male,Mumbai
502454,Passenger_2454,Male,Hyderabad
502455,Passenger_2455,Female,Delhi
502456,Passenger_2456,Male,Chennai
502457,Passenger_2457,Male,Pune
502458,Passenger_2458,Male,Jaipur
502459,Passenger_2459,Female,Bengaluru
502460,Passenger_2460,Male,Mumbai
502461,Passenger_2461,Female,Chennai
502462,Passenger_2462,Male,Pune
502463,Passenger_2463,Female,Mumbai
502464,Passenger_2464,Male,Hyderabad
502465,Passenger_2465,Male,Hyderabad
502466,Passenger_2466,Male,Mumbai
502467,Passenger_2467,Male,Hyderabad
502468,Passenger_2468,Male,Mumbai
502469,Passenger_2469,Male,Pune
502470,Passenger_2470,Female,Hyderabad
502471,Passenger_2471,Female,Pune
502472,Passenger_2472,Male,Hyderabad
502473,Passenger_2473,Male,Kolkata
502474,Passenger_2474,Male,Kolkata
502475,Passenger_2475,Male,Bengaluru
502476,Passenger_2476,Male,Delhi
502477,Passenger_2477,Male,Hyderabad
502478,Passenger_2478,Female,Mumbai
502479,Passenger_2479,Male,Bengaluru
502480,Passenger_2480,Male,Mumbai
502481,Passenger_2481,Male,Pune
502482,Passenger_2482,Male,Delhi
502483,Passenger_2483,Female,Chennai
502484,Passenger_2484,Female,Pune
502485,Passenger_2485,Female,Delhi
502486,Passenger_2486,Male,Jaipur
502487,Passenger_2487,Female,Delhi
502488,Passenger_2488,Male,Bengaluru
502489,Passenger_2489,Male,Chennai
502490,Passenger_2490,Male,Pune
502491,Passenger_2491,Male,Delhi
502492,Passenger_2492,Female,Bengaluru
502493,Passenger_2493,Female,Hyderabad
502494,Passenger_2494,Female,Delhi
502495,Passenger_2495,Male,Hyderabad
502496,Passenger_2496,Female,Pune
502497,Passenger_2497,Male,Hyderabad
502498,Passenger_2498,Male,Bengaluru
502499,Passenger_2499,Female,Chennai
502500,Passenger_2500,Female,Bengaluru
502501,Passenger_2501,Female,Chennai
502502,Passenger_2502,Female,Hyderabad
502503,Passenger_2503,Male,Jaipur
502504,Passenger_2504,Female,Kolkata
502505,Passenger_2505,Female,Chennai
502506,Passenger_2506,Male,Hyderabad
502507,Passenger_2507,Female,Delhi
502508,Passenger_2508,Male,Jaipur
502509,Passenger_2509,Female,Chennai
502510,Passenger_2510,Male,Delhi
502511,Passenger_2511,Male,Hyderabad
502512,Passenger_2512,Male,Delhi
502513,Passenger_2513,Female,Bengaluru
502514,Passenger_2514,Female,Jaipur
502515,Passenger_2515,Female,Jaipur
502516,Passenger_2516,Female,Jaipur
502517,Passenger_2517,Female,Delhi
502518,Passenger_2518,Female,Delhi
502519,Passenger_2519,Female,Hyderabad
502520,Passenger_2520,Female,Pune
502521,Passenger_2521,Female,Bengaluru
502522,Passenger_2522,Female,Delhi
502523,Passenger_2523,Female,Chennai
502524,Passenger_2524,Female,Jaipur
502525,Passenger_2525,Female,Chennai
502526,Passenger_2526,Male,Hyderabad
502527,Passenger_2527,Male,Mumbai
502528,Passenger_2528,Male,Bengaluru
502529,Passenger_2529,Male,Hyderabad
502530,Passenger_2530,Female,Bengaluru
502531,Passenger_2531,Female,Hyderabad
502532,Passenger_2532,Male,Kolkata
502533,Passenger_2533,Male,Jaipur
502534,Passenger_2534,Female,Delhi
502535,Passenger_2535,Female,Kolkata
502536,Passenger_2536,Female,Pune
502537,Passenger_2537,Male,Jaipur
502538,Passenger_2538,Male,Chennai
502539,Passenger_2539,Female,Mumbai
502540,Passenger_2540,Female,Hyderabad
502541,Passenger_2541,Female,Kolkata
502542,Passenger_2542,Male,Jaipur
502543,Passenger_2543,Female,Pune
502544,Passenger_2544,Female,Bengaluru
502545,Passenger_2545,Female,Kolkata
502546,Passenger_2546,Male,Bengaluru
502547,Passenger_2547,Male,Jaipur
502548,Passenger_2548,Male,Kolkata
502549,Passenger_2549,Male,Chennai
502550,Passenger_2550,Male,Chennai
502551,Passenger_2551,Female,Hyderabad
502552,Passenger_2552,Male,Delhi
502553,Passenger_2553,Male,Bengaluru
502554,Passenger_2554,Female,Chennai
502555,Passenger_2555,Female,Chennai
502556,Passenger_2556,Female,Mumbai
502557,Passenger_2557,Male,Bengaluru
502558,Passenger_2558,Female,Chennai
502559,Passenger_2559,Male,Pune
502560,Passenger_2560,Male,Kolkata
502561,Passenger_2561,Male,Chennai
502562,Passenger_2562,Female,Jaipur
502563,Passenger_2563,Male,Pune
502564,Passenger_2564,Female,Jaipur
502565,Passenger_2565,Female,Mumbai
502566,Passenger_2566,Female,Jaipur
502567,Passenger_2567,Male,Bengaluru
502568,Passenger_2568,Female,Hyderabad
502569,Passenger_2569,Male,Jaipur
502570,Passenger_2570,Female,Hyderabad
502571,Passenger_2571,Female,Pune
502572,Passenger_2572,Female,Jaipur
502573,Passenger_2573,Male,Delhi
502574,Passenger_2574,Female,Pune
502575,Passenger_2575,Female,Hyderabad
502576,Passenger_2576,Female,Chennai
502577,Passenger_2577,Female,Bengaluru
502578,Passenger_2578,Female,Bengaluru
502579,Passenger_2579,Female,Mumbai
502580,Passenger_2580,Female,Delhi
502581,Passenger_2581,Female,Delhi
502582,Passenger_2582,Male,Bengaluru
502583,Passenger_2583,Female,Hyderabad
502584,Passenger_2584,Male,Jaipur
502585,Passenger_2585,Female,Bengaluru
502586,Passenger_2586,Male,Hyderabad
502587,Passenger_2587,Male,Jaipur
502588,Passenger_2588,Female,Chennai
502589,Passenger_2589,Female,Kolkata
502590,Passenger_2590,Male,Jaipur
502591,Passenger_2591,Male,Mumbai
502592,Passenger_2592,Male,Hyderabad
502593,Passenger_2593,Male,Jaipur
502594,Passenger_2594,Male,Delhi
502595,Passenger_2595,Female,Kolkata
502596,Passenger_2596,Female,Delhi
502597,Passenger_2597,Female,Bengaluru
502598,Passenger_2598,Female,Mumbai
502599,Passenger_2599,Male,Kolkata
502600,Passenger_2600,Male,Mumbai
502601,Passenger_2601,Male,Pune
502602,Passenger_2602,Male,Pune
502603,Passenger_2603,Female,Pune
502604,Passenger_2604,Male,Chennai
502605,Passenger_2605,Female,Pune
502606,Passenger_2606,Male,Mumbai
502607,Passenger_2607,Female,Pune
502608,Passenger_2608,Male,Delhi
502609,Passenger_2609,Female,Jaipur
502610,Passenger_2610,Female,Mumbai
502611,Passenger_2611,Male,Bengaluru
502612,Passenger_2612,Male,Kolkata
502613,Passenger_2613,Male,Delhi
502614,Passenger_2614,Male,Jaipur
502615,Passenger_2615,Female,Pune
502616,Passenger_2616,Female,Bengaluru
502617,Passenger_2617,Female,Hyderabad
502618,Passenger_2618,Female,Delhi
502619,Passenger_2619,Female,Delhi
502620,Passenger_2620,Female,Delhi
502621,Passenger_2621,Male,Chennai
502622,Passenger_2622,Female,Delhi
502623,Passenger_2623,Male,Hyderabad
502624,Passenger_2624,Male,Chennai
502625,Passenger_2625,Male,Mumbai
502626,Passenger_2626,Male,Mumbai
502627,Passenger_2627,Female,Delhi
502628,Passenger_2628,Male,Hyderabad
502629,Passenger_2629,Male,Kolkata
502630,Passenger_2630,Male,Chennai
502631,Passenger_2631,Male,Mumbai
502632,Passenger_2632,Male,Jaipur
502633,Passenger_2633,Female,Hyderabad
502634,Passenger_2634,Male,Chennai
502635,Passenger_2635,Female,Bengaluru
502636,Passenger_2636,Female,Mumbai
502637,Passenger_2637,Female,Mumbai
502638,Passenger_2638,Male,Jaipur
502639,Passenger_2639,Male,Pune
502640,Passenger_2640,Female,Mumbai
502641,Passenger_2641,Male,Jaipur
502642,Passenger_2642,Female,Bengaluru
502643,Passenger_2643,Male,Hyderabad
502644,Passenger_2644,Male,Hyderabad
502645,Passenger_2645,Female,Jaipur
502646,Passenger_2646,Male,Delhi
502647,Passenger_2647,Male,Bengaluru
502648,Passenger_2648,Male,Delhi
502649,Passenger_2649,Female,Hyderabad
502650,Passenger_2650,Female,Chennai
502651,Passenger_2651,Female,Delhi
502652,Passenger_2652,Male,Delhi
502653,Passenger_2653,Female,Delhi
502654,Passenger_2654,Male,Jaipur
502655,Passenger_2655,Male,Pune
502656,Passenger_2656,Male,Jaipur
502657,Passenger_2657,Male,Bengaluru
502658,Passenger_2658,Male,Delhi
502659,Passenger_2659,Male,Kolkata
502660,Passenger_2660,Male,Delhi
502661,Passenger_2661,Male,Mumbai
502662,Passenger_2662,Female,Bengaluru
502663,Passenger_2663,Male,Jaipur
502664,Passenger_2664,Female,Hyderabad
502665,Passenger_2665,Female,Chennai
502666,Passenger_2666,Male,Mumbai
502667,Passenger_2667,Female,Bengaluru
502668,Passenger_2668,Male,Chennai
502669,Passenger_2669,Male,Pune
502670,Passenger_2670,Male,Bengaluru
502671,Passenger_2671,Male,Chennai
502672,Passenger_2672,Male,Bengaluru
502673,Passenger_2673,Male,Delhi
502674,Passenger_2674,Female,Pune
502675,Passenger_2675,Female,Mumbai
502676,Passenger_2676,Female,Mumbai
502677,Passenger_2677,Female,Delhi
502678,Passenger_2678,Female,Pune
502679,Passenger_2679,Male,Mumbai
502680,Passenger_2680,Female,Kolkata
502681,Passenger_2681,Female,Mumbai
502682,Passenger_2682,Male,Delhi
502683,Passenger_2683,Female,Kolkata
502684,Passenger_2684,Female,Mumbai
502685,Passenger_2685,Male,Jaipur
502686,Passenger_2686,Male,Chennai
502687,Passenger_2687,Male,Mumbai
502688,Passenger_2688,Male,Bengaluru
502689,Passenger_2689,Female,Pune
502690,Passenger_2690,Male,Bengaluru
502691,Passenger_2691,Male,Jaipur
502692,Passenger_2692,Male,Chennai
502693,Passenger_2693,Male,Bengaluru
502694,Passenger_2694,Female,Delhi
502695,Passenger_2695,Male,Mumbai
502696,Passenger_2696,Male,Jaipur
502697,Passenger_2697,Male,Bengaluru
502698,Passenger_2698,Female,Jaipur
502699,Passenger_2699,Male,Delhi
502700,Passenger_2700,Female,Bengaluru
502701,Passenger_2701,Male,Jaipur
502702,Passenger_2702,Male,Chennai
502703,Passenger_2703,Female,Chennai
502704,Passenger_2704,Female,Kolkata
502705,Passenger_2705,Female,Mumbai
502706,Passenger_2706,Male,Delhi
502707,Passenger_2707,Male,Pune
502708,Passenger_2708,Female,Pune
502709,Passenger_2709,Male,Pune
502710,Passenger_2710,Female,Hyderabad
502711,Passenger_2711,Male,Bengaluru
502712,Passenger_2712,Female,Delhi
502713,Passenger_2713,Male,Delhi
502714,Passenger_2714,Female,Chennai
502715,Passenger_2715,Female,Jaipur
502716,Passenger_2716,Male,Kolkata
502717,Passenger_2717,Female,Jaipur
502718,Passenger_2718,Female,Kolkata
502719,Passenger_2719,Female,Chennai
502720,Passenger_2720,Female,Pune
502721,Passenger_2721,Male,Delhi
502722,Passenger_2722,Female,Jaipur
502723,Passenger_2723,Male,Bengaluru
502724,Passenger_2724,Female,Jaipur
502725,Passenger_2725,Male,Hyderabad
502726,Passenger_2726,Male,Pune
502727,Passenger_2727,Male,Chennai
502728,Passenger_2728,Male,Mumbai
502729,Passenger_2729,Female,Delhi
502730,Passenger_2730,Female,Bengaluru
502731,Passenger_2731,Female,Delhi
502732,Passenger_2732,Female,Mumbai
502733,Passenger_2733,Female,Jaipur
502734,Passenger_2734,Male,Jaipur
502735,Passenger_2735,Male,Jaipur
502736,Passenger_2736,Male,Chennai
502737,Passenger_2737,Male,Kolkata
502738,Passenger_2738,Female,Delhi
502739,Passenger_2739,Male,Kolkata
502740,Passenger_2740,Female,Mumbai
502741,Passenger_2741,Male,Pune
502742,Passenger_2742,Female,Pune
502743,Passenger_2743,Female,Bengaluru
502744,Passenger_2744,Male,Chennai
502745,Passenger_2745,Male,Jaipur
502746,Passenger_2746,Male,Pune
502747,Passenger_2747,Female,Chennai
502748,Passenger_2748,Male,Jaipur
502749,Passenger_2749,Male,Pune
502750,Passenger_2750,Male,Delhi
502751,Passenger_2751,Female,Chennai
502752,Passenger_2752,Female,Jaipur
502753,Passenger_2753,Female,Mumbai
502754,Passenger_2754,Male,Jaipur
502755,Passenger_2755,Male,Jaipur
502756,Passenger_2756,Male,Hyderabad
502757,Passenger_2757,Female,Hyderabad
502758,Passenger_2758,Male,Delhi
502759,Passenger_2759,Female,Hyderabad
502760,Passenger_2760,Female,Chennai
502761,Passenger_2761,Male,Bengaluru
502762,Passenger_2762,Male,Hyderabad
502763,Passenger_2763,Male,Bengaluru
502764,Passenger_2764,Female,Kolkata
502765,Passenger_2765,Female,Kolkata
502766,Passenger_2766,Female,Hyderabad
502767,Passenger_2767,Male,Hyderabad
502768,Passenger_2768,Male,Bengaluru
502769,Passenger_2769,Male,Mumbai
502770,Passenger_2770,Female,Jaipur
502771,Passenger_2771,Male,Mumbai
502772,Passenger_2772,Male,Jaipur
502773,Passenger_2773,Male,Hyderabad
502774,Passenger_2774,Female,Kolkata
502775,Passenger_2775,Male,Kolkata
502776,Passenger_2776,Male,Chennai
502777,Passenger_2777,Female,Kolkata
502778,Passenger_2778,Male,Bengaluru
502779,Passenger_2779,Male,Bengaluru
502780,Passenger_2780,Male,Bengaluru
502781,Passenger_2781,Male,Bengaluru
502782,Passenger_2782,Female,Kolkata
502783,Passenger_2783,Male,Hyderabad
502784,Passenger_2784,Female,Hyderabad
502785,Passenger_2785,Female,Delhi
502786,Passenger_2786,Male,Delhi
502787,Passenger_2787,Male,Jaipur
502788,Passenger_2788,Male,Pune
502789,Passenger_2789,Male,Mumbai
502790,Passenger_2790,Male,Chennai
502791,Passenger_2791,Female,Delhi
502792,Passenger_2792,Female,Pune
502793,Passenger_2793,Male,Chennai
502794,Passenger_2794,Female,Hyderabad
502795,Passenger_2795,Male,Bengaluru
502796,Passenger_2796,Female,Mumbai
502797,Passenger_2797,Female,Hyderabad
502798,Passenger_2798,Male,Mumbai
502799,Passenger_2799,Male,Delhi
502800,Passenger_2800,Male,Jaipur
502801,Passenger_2801,Male,Delhi
502802,Passenger_2802,Female,Chennai
502803,Passenger_2803,Female,Pune
502804,Passenger_2804,Female,Pune
502805,Passenger_2805,Female,Pune
502806,Passenger_2806,Male,Jaipur
502807,Passenger_2807,Female,Mumbai
502808,Passenger_2808,Female,Bengaluru
502809,Passenger_2809,Male,Bengaluru
502810,Passenger_2810,Male,Bengaluru
502811,Passenger_2811,Female,Jaipur
502812,Passenger_2812,Male,Bengaluru
502813,Passenger_2813,Male,Kolkata
502814,Passenger_2814,Female,Chennai
502815,Passenger_2815,Male,Mumbai
502816,Passenger_2816,Male,Delhi
502817,Passenger_2817,Male,Delhi
502818,Passenger_2818,Male,Kolkata
502819,Passenger_2819,Female,Mumbai
502820,Passenger_2820,Female,Pune
502821,Passenger_2821,Male,Hyderabad
502822,Passenger_2822,Female,Mumbai
502823,Passenger_2823,Male,Kolkata
502824,Passenger_2824,Female,Pune
502825,Passenger_2825,Female,Jaipur
502826,Passenger_2826,Female,Kolkata
502827,Passenger_2827,Female,Mumbai
502828,Passenger_2828,Female,Delhi
502829,Passenger_2829,Male,Bengaluru
502830,Passenger_2830,Female,Kolkata
502831,Passenger_2831,Female,Hyderabad
502832,Passenger_2832,Male,Jaipur
502833,Passenger_2833,Female,Chennai
502834,Passenger_2834,Female,Pune
502835,Passenger_2835,Male,Jaipur
502836,Passenger_2836,Female,Hyderabad
502837,Passenger_2837,Female,Pune
502838,Passenger_2838,Female,Kolkata
502839,Passenger_2839,Female,Chennai
502840,Passenger_2840,Male,Jaipur
502841,Passenger_2841,Male,Mumbai
502842,Passenger_2842,Male,Delhi
502843,Passenger_2843,Female,Kolkata
502844,Passenger_2844,Female,Delhi
502845,Passenger_2845,Female,Bengaluru
502846,Passenger_2846,Female,Bengaluru
502847,Passenger_2847,Female,Hyderabad
502848,Passenger_2848,Female,Chennai
502849,Passenger_2849,Female,Mumbai
502850,Passenger_2850,Male,Mumbai
502851,Passenger_2851,Female,Bengaluru
502852,Passenger_2852,Male,Hyderabad
502853,Passenger_2853,Female,Hyderabad
502854,Passenger_2854,Male,Mumbai
502855,Passenger_2855,Female,Chennai
502856,Passenger_2856,Male,Hyderabad
502857,Passenger_2857,Female,Jaipur
502858,Passenger_2858,Male,Delhi
502859,Passenger_2859,Female,Delhi
502860,Passenger_2860,Male,Jaipur
502861,Passenger_2861,Male,Bengaluru
502862,Passenger_2862,Female,Jaipur
502863,Passenger_2863,Female,Mumbai
502864,Passenger_2864,Male,Bengaluru
502865,Passenger_2865,Male,Bengaluru
502866,Passenger_2866,Male,Hyderabad
502867,Passenger_2867,Male,Hyderabad
502868,Passenger_2868,Female,Mumbai
502869,Passenger_2869,Female,Bengaluru
502870,Passenger_2870,Female,Mumbai
502871,Passenger_2871,Female,Mumbai
502872,Passenger_2872,Male,Pune
502873,Passenger_2873,Male,Jaipur
502874,Passenger_2874,Male,Hyderabad
502875,Passenger_2875,Male,Mumbai
502876,Passenger_2876,Female,Hyderabad
502877,Passenger_2877,Male,Jaipur
502878,Passenger_2878,Male,Pune
502879,Passenger_2879,Male,Jaipur
502880,Passenger_2880,Female,Pune
502881,Passenger_2881,Male,Delhi
502882,Passenger_2882,Male,Delhi
502883,Passenger_2883,Female,Chennai
502884,Passenger_2884,Male,Jaipur
502885,Passenger_2885,Male,Mumbai
502886,Passenger_2886,Male,Mumbai
502887,Passenger_2887,Male,Kolkata
502888,Passenger_2888,Male,Bengaluru
502889,Passenger_2889,Male,Pune
502890,Passenger_2890,Male,Hyderabad
502891,Passenger_2891,Male,Mumbai
502892,Passenger_2892,Female,Bengaluru
502893,Passenger_2893,Female,Chennai
502894,Passenger_2894,Male,Mumbai
502895,Passenger_2895,Male,Mumbai
502896,Passenger_2896,Female,Mumbai
502897,Passenger_2897,Female,Delhi
502898,Passenger_2898,Male,Mumbai
502899,Passenger_2899,Female,Hyderabad
502900,Passenger_2900,Male,Pune
502901,Passenger_2901,Female,Delhi
502902,Passenger_2902,Male,Delhi
502903,Passenger_2903,Female,Delhi
502904,Passenger_2904,Male,Chennai
502905,Passenger_2905,Female,Bengaluru
502906,Passenger_2906,Male,Delhi
502907,Passenger_2907,Male,Chennai
502908,Passenger_2908,Female,Mumbai
502909,Passenger_2909,Male,Jaipur
502910,Passenger_2910,Male,Mumbai
502911,Passenger_2911,Male,Hyderabad
502912,Passenger_2912,Male,Kolkata
502913,Passenger_2913,Male,Jaipur
502914,Passenger_2914,Female,Chennai
502915,Passenger_2915,Male,Hyderabad
502916,Passenger_2916,Male,Bengaluru
502917,Passenger_2917,Male,Chennai
502918,Passenger_2918,Male,Pune
502919,Passenger_2919,Female,Pune
502920,Passenger_2920,Female,Bengaluru
502921,Passenger_2921,Male,Delhi
502922,Passenger_2922,Male,Mumbai
502923,Passenger_2923,Female,Bengaluru
502924,Passenger_2924,Female,Delhi
502925,Passenger_2925,Female,Kolkata
502926,Passenger_2926,Female,Pune
502927,Passenger_2927,Male,Pune
502928,Passenger_2928,Male,Mumbai
502929,Passenger_2929,Male,Chennai
502930,Passenger_2930,Male,Mumbai
502931,Passenger_2931,Female,Pune
502932,Passenger_2932,Female,Kolkata
502933,Passenger_2933,Male,Pune
502934,Passenger_2934,Female,Delhi
502935,Passenger_2935,Female,Hyderabad
502936,Passenger_2936,Male,Pune
502937,Passenger_2937,Female,Jaipur
502938,Passenger_2938,Female,Kolkata
502939,Passenger_2939,Female,Jaipur
502940,Passenger_2940,Female,Bengaluru
502941,Passenger_2941,Male,Bengaluru
502942,Passenger_2942,Female,Hyderabad
502943,Passenger_2943,Male,Kolkata
502944,Passenger_2944,Female,Bengaluru
502945,Passenger_2945,Female,Jaipur
502946,Passenger_2946,Female,Delhi
502947,Passenger_2947,Female,Mumbai
502948,Passenger_2948,Male,Mumbai
502949,Passenger_2949,Female,Kolkata
502950,Passenger_2950,Male,Jaipur
502951,Passenger_2951,Male,Pune
502952,Passenger_2952,Female,Hyderabad
502953,Passenger_2953,Female,Hyderabad
502954,Passenger_2954,Male,Pune
502955,Passenger_2955,Female,Hyderabad
502956,Passenger_2956,Female,Jaipur
502957,Passenger_2957,Male,Hyderabad
502958,Passenger_2958,Female,Kolkata
502959,Passenger_2959,Male,Delhi
502960,Passenger_2960,Female,Pune
502961,Passenger_2961,Male,Hyderabad
502962,Passenger_2962,Female,Jaipur
502963,Passenger_2963,Female,Mumbai
502964,Passenger_2964,Female,Jaipur
502965,Passenger_2965,Female,Bengaluru
502966,Passenger_2966,Female,Delhi
502967,Passenger_2967,Female,Pune
502968,Passenger_2968,Female,Chennai
502969,Passenger_2969,Male,Chennai
502970,Passenger_2970,Male,Hyderabad
502971,Passenger_2971,Male,Delhi
502972,Passenger_2972,Male,Mumbai
502973,Passenger_2973,Male,Delhi
502974,Passenger_2974,Female,Jaipur
502975,Passenger_2975,Male,Bengaluru
502976,Passenger_2976,Female,Delhi
502977,Passenger_2977,Female,Chennai
502978,Passenger_2978,Female,Mumbai
502979,Passenger_2979,Male,Jaipur
502980,Passenger_2980,Male,Delhi
502981,Passenger_2981,Male,Bengaluru
502982,Passenger_2982,Female,Kolkata
502983,Passenger_2983,Female,Bengaluru
502984,Passenger_2984,Male,Mumbai
502985,Passenger_2985,Female,Hyderabad
502986,Passenger_2986,Female,Hyderabad
502987,Passenger_2987,Female,Pune
502988,Passenger_2988,Female,Jaipur
502989,Passenger_2989,Male,Bengaluru
502990,Passenger_2990,Female,Delhi
502991,Passenger_2991,Male,Bengaluru
502992,Passenger_2992,Female,Delhi
502993,Passenger_2993,Female,Delhi
502994,Passenger_2994,Male,Hyderabad
502995,Passenger_2995,Female,Bengaluru
502996,Passenger_2996,Female,Delhi
502997,Passenger_2997,Female,Jaipur
502998,Passenger_2998,Female,Delhi
502999,Passenger_2999,Female,Jaipur
503000,Passenger_3000,Male,Hyderabad
503001,Passenger_3001,Male,Mumbai
503002,Passenger_3002,Female,Hyderabad
503003,Passenger_3003,Male,Mumbai
503004,Passenger_3004,Male,Bengaluru
503005,Passenger_3005,Female,Chennai
503006,Passenger_3006,Female,Delhi
503007,Passenger_3007,Female,Chennai
503008,Passenger_3008,Female,Pune
503009,Passenger_3009,Male,Bengaluru
503010,Passenger_3010,Female,Pune
503011,Passenger_3011,Female,Hyderabad
503012,Passenger_3012,Male,Kolkata
503013,Passenger_3013,Female,Bengaluru
503014,Passenger_3014,Female,Chennai
503015,Passenger_3015,Female,Chennai
503016,Passenger_3016,Female,Delhi
503017,Passenger_3017,Female,Jaipur
503018,Passenger_3018,Female,Pune
503019,Passenger_3019,Female,Pune
503020,Passenger_3020,Female,Chennai
503021,Passenger_3021,Male,Delhi
503022,Passenger_3022,Male,Chennai
503023,Passenger_3023,Female,Delhi
503024,Passenger_3024,Female,Bengaluru
503025,Passenger_3025,Female,Delhi
503026,Passenger_3026,Male,Jaipur
503027,Passenger_3027,Female,Mumbai
503028,Passenger_3028,Female,Hyderabad
503029,Passenger_3029,Female,Chennai
503030,Passenger_3030,Female,Mumbai
503031,Passenger_3031,Female,Hyderabad
503032,Passenger_3032,Male,Hyderabad
503033,Passenger_3033,Female,Hyderabad
503034,Passenger_3034,Female,Bengaluru
503035,Passenger_3035,Female,Bengaluru
503036,Passenger_3036,Female,Delhi
503037,Passenger_3037,Male,Chennai
503038,Passenger_3038,Male,Pune
503039,Passenger_3039,Male,Mumbai
503040,Passenger_3040,Female,Mumbai
503041,Passenger_3041,Male,Kolkata
503042,Passenger_3042,Male,Bengaluru
503043,Passenger_3043,Female,Delhi
503044,Passenger_3044,Female,Mumbai
503045,Passenger_3045,Male,Delhi
503046,Passenger_3046,Male,Hyderabad
503047,Passenger_3047,Female,Chennai
503048,Passenger_3048,Male,Kolkata
503049,Passenger_3049,Male,Chennai
503050,Passenger_3050,Female,Chennai
503051,Passenger_3051,Female,Pune
503052,Passenger_3052,Female,Pune
503053,Passenger_3053,Male,Bengaluru
503054,Passenger_3054,Female,Bengaluru
503055,Passenger_3055,Female,Pune
503056,Passenger_3056,Male,Pune
503057,Passenger_3057,Male,Bengaluru
503058,Passenger_3058,Female,Kolkata
503059,Passenger_3059,Female,Pune
503060,Passenger_3060,Male,Jaipur
503061,Passenger_3061,Male,Hyderabad
503062,Passenger_3062,Female,Mumbai
503063,Passenger_3063,Male,Delhi
503064,Passenger_3064,Female,Mumbai
503065,Passenger_3065,Female,Mumbai
503066,Passenger_3066,Male,Jaipur
503067,Passenger_3067,Female,Kolkata
503068,Passenger_3068,Male,Mumbai
503069,Passenger_3069,Female,Kolkata
503070,Passenger_3070,Male,Hyderabad
503071,Passenger_3071,Female,Kolkata
503072,Passenger_3072,Female,Kolkata
503073,Passenger_3073,Male,Bengaluru
503074,Passenger_3074,Female,Jaipur
503075,Passenger_3075,Male,Delhi
503076,Passenger_3076,Female,Delhi
503077,Passenger_3077,Male,Hyderabad
503078,Passenger_3078,Male,Kolkata
503079,Passenger_3079,Male,Hyderabad
503080,Passenger_3080,Male,Chennai
503081,Passenger_3081,Male,Bengaluru
503082,Passenger_3082,Female,Kolkata
503083,Passenger_3083,Female,Kolkata
503084,Passenger_3084,Male,Mumbai
503085,Passenger_3085,Male,Mumbai
503086,Passenger_3086,Female,Mumbai
503087,Passenger_3087,Female,Bengaluru
503088,Passenger_3088,Male,Jaipur
503089,Passenger_3089,Female,Pune
503090,Passenger_3090,Male,Mumbai
503091,Passenger_3091,Male,Chennai
503092,Passenger_3092,Male,Jaipur
503093,Passenger_3093,Female,Chennai
503094,Passenger_3094,Female,Kolkata
503095,Passenger_3095,Male,Pune
503096,Passenger_3096,Female,Jaipur
503097,Passenger_3097,Male,Hyderabad
503098,Passenger_3098,Male,Kolkata
503099,Passenger_3099,Male,Hyderabad
503100,Passenger_3100,Male,Hyderabad
503101,Passenger_3101,Female,Chennai
503102,Passenger_3102,Male,Kolkata
503103,Passenger_3103,Female,Kolkata
503104,Passenger_3104,Male,Bengaluru
503105,Passenger_3105,Female,Jaipur
503106,Passenger_3106,Female,Jaipur
503107,Passenger_3107,Male,Pune
503108,Passenger_3108,Female,Delhi
503109,Passenger_3109,Female,Bengaluru
503110,Passenger_3110,Female,Mumbai
503111,Passenger_3111,Male,Mumbai
503112,Passenger_3112,Female,Pune
503113,Passenger_3113,Male,Mumbai
503114,Passenger_3114,Female,Mumbai
503115,Passenger_3115,Female,Pune
503116,Passenger_3116,Female,Jaipur
503117,Passenger_3117,Male,Jaipur
503118,Passenger_3118,Male,Chennai
503119,Passenger_3119,Male,Hyderabad
503120,Passenger_3120,Male,Jaipur
503121,Passenger_3121,Male,Delhi
503122,Passenger_3122,Male,Jaipur
503123,Passenger_3123,Male,Mumbai
503124,Passenger_3124,Male,Bengaluru
503125,Passenger_3125,Female,Jaipur
503126,Passenger_3126,Female,Mumbai
503127,Passenger_3127,Male,Delhi
503128,Passenger_3128,Female,Kolkata
503129,Passenger_3129,Female,Pune
503130,Passenger_3130,Male,Chennai
503131,Passenger_3131,Male,Jaipur
503132,Passenger_3132,Female,Chennai
503133,Passenger_3133,Male,Hyderabad
503134,Passenger_3134,Male,Jaipur
503135,Passenger_3135,Female,Mumbai
503136,Passenger_3136,Female,Jaipur
503137,Passenger_3137,Female,Hyderabad
503138,Passenger_3138,Male,Delhi
503139,Passenger_3139,Male,Kolkata
503140,Passenger_3140,Male,Chennai
503141,Passenger_3141,Male,Chennai
503142,Passenger_3142,Male,Delhi
503143,Passenger_3143,Female,Delhi
503144,Passenger_3144,Male,Pune
503145,Passenger_3145,Male,Kolkata
503146,Passenger_3146,Female,Mumbai
503147,Passenger_3147,Male,Jaipur
503148,Passenger_3148,Male,Chennai
503149,Passenger_3149,Male,Delhi
503150,Passenger_3150,Female,Hyderabad
503151,Passenger_3151,Female,Hyderabad
503152,Passenger_3152,Female,Delhi
503153,Passenger_3153,Female,Hyderabad
503154,Passenger_3154,Male,Bengaluru
503155,Passenger_3155,Male,Kolkata
503156,Passenger_3156,Female,Chennai
503157,Passenger_3157,Female,Mumbai
503158,Passenger_3158,Male,Kolkata
503159,Passenger_3159,Female,Pune
503160,Passenger_3160,Male,Chennai
503161,Passenger_3161,Male,Mumbai
503162,Passenger_3162,Female,Chennai
503163,Passenger_3163,Male,Pune
503164,Passenger_3164,Male,Pune
503165,Passenger_3165,Male,Kolkata
503166,Passenger_3166,Male,Jaipur
503167,Passenger_3167,Female,Delhi
503168,Passenger_3168,Male,Pune
503169,Passenger_3169,Male,Chennai
503170,Passenger_3170,Male,Chennai
503171,Passenger_3171,Male,Chennai
503172,Passenger_3172,Female,Chennai
503173,Passenger_3173,Female,Jaipur
503174,Passenger_3174,Male,Hyderabad
503175,Passenger_3175,Female,Kolkata
503176,Passenger_3176,Female,Pune
503177,Passenger_3177,Male,Bengaluru
503178,Passenger_3178,Male,Kolkata
503179,Passenger_3179,Male,Chennai
503180,Passenger_3180,Female,Mumbai
503181,Passenger_3181,Male,Kolkata
503182,Passenger_3182,Male,Bengaluru
503183,Passenger_3183,Female,Delhi
503184,Passenger_3184,Female,Chennai
503185,Passenger_3185,Female,Jaipur
503186,Passenger_3186,Female,Bengaluru
503187,Passenger_3187,Female,Mumbai
503188,Passenger_3188,Female,Bengaluru
503189,Passenger_3189,Female,Delhi
503190,Passenger_3190,Male,Pune
503191,Passenger_3191,Male,Hyderabad
503192,Passenger_3192,Female,Pune
503193,Passenger_3193,Female,Hyderabad
503194,Passenger_3194,Male,Mumbai
503195,Passenger_3195,Female,Pune
503196,Passenger_3196,Female,Pune
503197,Passenger_3197,Female,Kolkata
503198,Passenger_3198,Female,Jaipur
503199,Passenger_3199,Female,Mumbai
503200,Passenger_3200,Male,Pune
503201,Passenger_3201,Male,Mumbai
503202,Passenger_3202,Female,Hyderabad
503203,Passenger_3203,Male,Kolkata
503204,Passenger_3204,Female,Chennai
503205,Passenger_3205,Female,Pune
503206,Passenger_3206,Female,Hyderabad
503207,Passenger_3207,Female,Mumbai
503208,Passenger_3208,Female,Bengaluru
503209,Passenger_3209,Female,Pune
503210,Passenger_3210,Female,Pune
503211,Passenger_3211,Female,Hyderabad
503212,Passenger_3212,Female,Bengaluru
503213,Passenger_3213,Female,Hyderabad
503214,Passenger_3214,Male,Chennai
503215,Passenger_3215,Male,Jaipur
503216,Passenger_3216,Female,Bengaluru
503217,Passenger_3217,Male,Chennai
503218,Passenger_3218,Male,Kolkata
503219,Passenger_3219,Female,Pune
503220,Passenger_3220,Male,Delhi
503221,Passenger_3221,Female,Chennai
503222,Passenger_3222,Female,Jaipur
503223,Passenger_3223,Male,Kolkata
503224,Passenger_3224,Male,Bengaluru
503225,Passenger_3225,Male,Kolkata
503226,Passenger_3226,Female,Hyderabad
503227,Passenger_3227,Male,Pune
503228,Passenger_3228,Male,Jaipur
503229,Passenger_3229,Male,Bengaluru
503230,Passenger_3230,Female,Hyderabad
503231,Passenger_3231,Female,Pune
503232,Passenger_3232,Female,Mumbai
503233,Passenger_3233,Female,Jaipur
503234,Passenger_3234,Female,Mumbai
503235,Passenger_3235,Male,Chennai
503236,Passenger_3236,Male,Pune
503237,Passenger_3237,Female,Chennai
503238,Passenger_3238,Female,Pune
503239,Passenger_3239,Male,Pune
503240,Passenger_3240,Female,Chennai
503241,Passenger_3241,Male,Jaipur
503242,Passenger_3242,Female,Jaipur
503243,Passenger_3243,Male,Chennai
503244,Passenger_3244,Male,Pune
503245,Passenger_3245,Female,Jaipur
503246,Passenger_3246,Male,Mumbai
503247,Passenger_3247,Male,Delhi
503248,Passenger_3248,Female,Jaipur
503249,Passenger_3249,Female,Bengaluru
503250,Passenger_3250,Female,Bengaluru
503251,Passenger_3251,Male,Delhi
503252,Passenger_3252,Male,Kolkata
503253,Passenger_3253,Male,Chennai
503254,Passenger_3254,Male,Delhi
503255,Passenger_3255,Female,Mumbai
503256,Passenger_3256,Male,Bengaluru
503257,Passenger_3257,Female,Jaipur
503258,Passenger_3258,Female,Pune
503259,Passenger_3259,Female,Delhi
503260,Passenger_3260,Male,Bengaluru
503261,Passenger_3261,Female,Kolkata
503262,Passenger_3262,Male,Mumbai
503263,Passenger_3263,Male,Kolkata
503264,Passenger_3264,Female,Mumbai
503265,Passenger_3265,Female,Delhi
503266,Passenger_3266,Male,Chennai
503267,Passenger_3267,Female,Bengaluru
503268,Passenger_3268,Female,Pune
503269,Passenger_3269,Female,Delhi
503270,Passenger_3270,Male,Hyderabad
503271,Passenger_3271,Male,Bengaluru
503272,Passenger_3272,Female,Jaipur
503273,Passenger_3273,Male,Bengaluru
503274,Passenger_3274,Female,Pune
503275,Passenger_3275,Female,Hyderabad
503276,Passenger_3276,Female,Pune
503277,Passenger_3277,Female,Hyderabad
503278,Passenger_3278,Male,Kolkata
503279,Passenger_3279,Female,Chennai
503280,Passenger_3280,Male,Chennai
503281,Passenger_3281,Female,Jaipur
503282,Passenger_3282,Male,Chennai
503283,Passenger_3283,Male,Pune
503284,Passenger_3284,Male,Hyderabad
503285,Passenger_3285,Male,Pune
503286,Passenger_3286,Female,Bengaluru
503287,Passenger_3287,Female,Jaipur
503288,Passenger_3288,Female,Pune
503289,Passenger_3289,Male,Bengaluru
503290,Passenger_3290,Female,Chennai
503291,Passenger_3291,Male,Hyderabad
503292,Passenger_3292,Male,Bengaluru
503293,Passenger_3293,Female,Bengaluru
503294,Passenger_3294,Female,Mumbai
503295,Passenger_3295,Female,Hyderabad
503296,Passenger_3296,Male,Mumbai
503297,Passenger_3297,Female,Hyderabad
503298,Passenger_3298,Male,Mumbai
503299,Passenger_3299,Male,Kolkata
503300,Passenger_3300,Male,Mumbai
503301,Passenger_3301,Female,Jaipur
503302,Passenger_3302,Female,Bengaluru
503303,Passenger_3303,Male,Bengaluru
503304,Passenger_3304,Male,Hyderabad
503305,Passenger_3305,Male,Pune
503306,Passenger_3306,Female,Jaipur
503307,Passenger_3307,Male,Chennai
503308,Passenger_3308,Female,Pune
503309,Passenger_3309,Female,Bengaluru
503310,Passenger_3310,Female,Delhi
503311,Passenger_3311,Female,Pune
503312,Passenger_3312,Female,Hyderabad
503313,Passenger_3313,Female,Hyderabad
503314,Passenger_3314,Male,Delhi
503315,Passenger_3315,Male,Delhi
503316,Passenger_3316,Female,Mumbai
503317,Passenger_3317,Female,Chennai
503318,Passenger_3318,Male,Bengaluru
503319,Passenger_3319,Male,Jaipur
503320,Passenger_3320,Male,Mumbai
503321,Passenger_3321,Female,Bengaluru
503322,Passenger_3322,Female,Mumbai
503323,Passenger_3323,Male,Pune
503324,Passenger_3324,Female,Hyderabad
503325,Passenger_3325,Male,Kolkata
503326,Passenger_3326,Female,Delhi
503327,Passenger_3327,Male,Delhi
503328,Passenger_3328,Female,Kolkata
503329,Passenger_3329,Male,Jaipur
503330,Passenger_3330,Male,Bengaluru
503331,Passenger_3331,Female,Jaipur
503332,Passenger_3332,Male,Kolkata
503333,Passenger_3333,Female,Hyderabad
503334,Passenger_3334,Female,Jaipur
503335,Passenger_3335,Female,Mumbai
503336,Passenger_3336,Male,Jaipur
503337,Passenger_3337,Female,Jaipur
503338,Passenger_3338,Female,Kolkata
503339,Passenger_3339,Male,Hyderabad
503340,Passenger_3340,Male,Bengaluru
503341,Passenger_3341,Male,Chennai
503342,Passenger_3342,Female,Mumbai
503343,Passenger_3343,Male,Jaipur
503344,Passenger_3344,Female,Delhi
503345,Passenger_3345,Male,Jaipur
503346,Passenger_3346,Female,Chennai
503347,Passenger_3347,Male,Bengaluru
503348,Passenger_3348,Female,Delhi
503349,Passenger_3349,Male,Jaipur
503350,Passenger_3350,Female,Jaipur
503351,Passenger_3351,Male,Hyderabad
503352,Passenger_3352,Male,Chennai
503353,Passenger_3353,Female,Chennai
503354,Passenger_3354,Male,Mumbai
503355,Passenger_3355,Male,Delhi
503356,Passenger_3356,Female,Delhi
503357,Passenger_3357,Male,Pune
503358,Passenger_3358,Male,Bengaluru
503359,Passenger_3359,Male,Hyderabad
503360,Passenger_3360,Male,Mumbai
503361,Passenger_3361,Female,Bengaluru
503362,Passenger_3362,Female,Pune
503363,Passenger_3363,Male,Hyderabad
503364,Passenger_3364,Male,Jaipur
503365,Passenger_3365,Female,Delhi
503366,Passenger_3366,Male,Jaipur
503367,Passenger_3367,Male,Hyderabad
503368,Passenger_3368,Male,Delhi
503369,Passenger_3369,Male,Delhi
503370,Passenger_3370,Female,Pune
503371,Passenger_3371,Male,Pune
503372,Passenger_3372,Male,Bengaluru
503373,Passenger_3373,Male,Hyderabad
503374,Passenger_3374,Female,Bengaluru
503375,Passenger_3375,Male,Bengaluru
503376,Passenger_3376,Female,Jaipur
503377,Passenger_3377,Male,Chennai
503378,Passenger_3378,Female,Bengaluru
503379,Passenger_3379,Male,Chennai
503380,Passenger_3380,Male,Bengaluru
503381,Passenger_3381,Male,Chennai
503382,Passenger_3382,Male,Bengaluru
503383,Passenger_3383,Male,Mumbai
503384,Passenger_3384,Female,Mumbai
503385,Passenger_3385,Female,Pune
503386,Passenger_3386,Female,Hyderabad
503387,Passenger_3387,Female,Hyderabad
503388,Passenger_3388,Female,Hyderabad
503389,Passenger_3389,Male,Jaipur
503390,Passenger_3390,Male,Pune
503391,Passenger_3391,Female,Hyderabad
503392,Passenger_3392,Female,Kolkata
503393,Passenger_3393,Male,Mumbai
503394,Passenger_3394,Female,Kolkata
503395,Passenger_3395,Male,Chennai
503396,Passenger_3396,Female,Mumbai
503397,Passenger_3397,Female,Kolkata
503398,Passenger_3398,Male,Pune
503399,Passenger_3399,Female,Chennai
503400,Passenger_3400,Female,Delhi
503401,Passenger_3401,Female,Kolkata
503402,Passenger_3402,Male,Mumbai
503403,Passenger_3403,Male,Jaipur
503404,Passenger_3404,Male,Jaipur
503405,Passenger_3405,Male,Bengaluru
503406,Passenger_3406,Male,Bengaluru
503407,Passenger_3407,Male,Bengaluru
503408,Passenger_3408,Female,Mumbai
503409,Passenger_3409,Male,Bengaluru
503410,Passenger_3410,Male,Pune
503411,Passenger_3411,Female,Pune
503412,Passenger_3412,Female,Delhi
503413,Passenger_3413,Male,Hyderabad
503414,Passenger_3414,Male,Jaipur
503415,Passenger_3415,Male,Chennai
503416,Passenger_3416,Female,Pune
503417,Passenger_3417,Female,Hyderabad
503418,Passenger_3418,Female,Mumbai
503419,Passenger_3419,Male,Bengaluru
503420,Passenger_3420,Male,Kolkata
503421,Passenger_3421,Female,Mumbai
503422,Passenger_3422,Female,Hyderabad
503423,Passenger_3423,Female,Kolkata
503424,Passenger_3424,Female,Kolkata
503425,Passenger_3425,Female,Pune
503426,Passenger_3426,Female,Mumbai
503427,Passenger_3427,Female,Mumbai
503428,Passenger_3428,Female,Delhi
503429,Passenger_3429,Male,Hyderabad
503430,Passenger_3430,Male,Pune
503431,Passenger_3431,Male,Pune
503432,Passenger_3432,Male,Bengaluru
503433,Passenger_3433,Female,Bengaluru
503434,Passenger_3434,Female,Jaipur
503435,Passenger_3435,Male,Bengaluru
503436,Passenger_3436,Female,Delhi
503437,Passenger_3437,Female,Delhi
503438,Passenger_3438,Male,Hyderabad
503439,Passenger_3439,Female,Kolkata
503440,Passenger_3440,Male,Hyderabad
503441,Passenger_3441,Female,Pune
503442,Passenger_3442,Female,Kolkata
503443,Passenger_3443,Male,Kolkata
503444,Passenger_3444,Male,Delhi
503445,Passenger_3445,Male,Hyderabad
503446,Passenger_3446,Male,Jaipur
503447,Passenger_3447,Female,Delhi
503448,Passenger_3448,Female,Delhi
503449,Passenger_3449,Male,Kolkata
503450,Passenger_3450,Female,Kolkata
503451,Passenger_3451,Male,Bengaluru
503452,Passenger_3452,Female,Delhi
503453,Passenger_3453,Female,Bengaluru
503454,Passenger_3454,Female,Delhi
503455,Passenger_3455,Male,Kolkata
503456,Passenger_3456,Female,Jaipur
503457,Passenger_3457,Female,Bengaluru
503458,Passenger_3458,Male,Delhi
503459,Passenger_3459,Female,Jaipur
503460,Passenger_3460,Female,Jaipur
503461,Passenger_3461,Male,Jaipur
503462,Passenger_3462,Female,Hyderabad
503463,Passenger_3463,Female,Kolkata
503464,Passenger_3464,Male,Jaipur
503465,Passenger_3465,Female,Pune
503466,Passenger_3466,Female,Mumbai
503467,Passenger_3467,Male,Chennai
503468,Passenger_3468,Male,Kolkata
503469,Passenger_3469,Female,Jaipur
503470,Passenger_3470,Female,Chennai
503471,Passenger_3471,Male,Pune
503472,Passenger_3472,Female,Pune
503473,Passenger_3473,Male,Pune
503474,Passenger_3474,Male,Delhi
503475,Passenger_3475,Female,Pune
503476,Passenger_3476,Male,Delhi
503477,Passenger_3477,Female,Kolkata
503478,Passenger_3478,Male,Bengaluru
503479,Passenger_3479,Male,Kolkata
503480,Passenger_3480,Male,Hyderabad
503481,Passenger_3481,Female,Bengaluru
503482,Passenger_3482,Female,Hyderabad
503483,Passenger_3483,Male,Hyderabad
503484,Passenger_3484,Female,Hyderabad
503485,Passenger_3485,Female,Hyderabad
503486,Passenger_3486,Male,Kolkata
503487,Passenger_3487,Male,Chennai
503488,Passenger_3488,Female,Delhi
503489,Passenger_3489,Female,Chennai
503490,Passenger_3490,Male,Pune
503491,Passenger_3491,Male,Hyderabad
503492,Passenger_3492,Male,Delhi
503493,Passenger_3493,Male,Bengaluru
503494,Passenger_3494,Male,Bengaluru
503495,Passenger_3495,Female,Delhi
503496,Passenger_3496,Female,Pune
503497,Passenger_3497,Female,Hyderabad
503498,Passenger_3498,Male,Pune
503499,Passenger_3499,Female,Pune
503500,Passenger_3500,Male,Pune
503501,Passenger_3501,Female,Bengaluru
503502,Passenger_3502,Female,Mumbai
503503,Passenger_3503,Male,Delhi
503504,Passenger_3504,Male,Hyderabad
503505,Passenger_3505,Male,Kolkata
503506,Passenger_3506,Female,Kolkata
503507,Passenger_3507,Male,Kolkata
503508,Passenger_3508,Male,Hyderabad
503509,Passenger_3509,Female,Mumbai
503510,Passenger_3510,Female,Kolkata
503511,Passenger_3511,Male,Jaipur
503512,Passenger_3512,Male,Mumbai
503513,Passenger_3513,Male,Jaipur
503514,Passenger_3514,Male,Delhi
503515,Passenger_3515,Female,Jaipur
503516,Passenger_3516,Female,Jaipur
503517,Passenger_3517,Female,Chennai
503518,Passenger_3518,Male,Chennai
503519,Passenger_3519,Male,Jaipur
503520,Passenger_3520,Female,Chennai
503521,Passenger_3521,Male,Bengaluru
503522,Passenger_3522,Female,Hyderabad
503523,Passenger_3523,Male,Bengaluru
503524,Passenger_3524,Female,Chennai
503525,Passenger_3525,Female,Chennai
503526,Passenger_3526,Female,Jaipur
503527,Passenger_3527,Male,Hyderabad
503528,Passenger_3528,Male,Jaipur
503529,Passenger_3529,Male,Chennai
503530,Passenger_3530,Female,Hyderabad
503531,Passenger_3531,Female,Hyderabad
503532,Passenger_3532,Male,Mumbai
503533,Passenger_3533,Male,Chennai
503534,Passenger_3534,Female,Mumbai
503535,Passenger_3535,Female,Jaipur
503536,Passenger_3536,Female,Delhi
503537,Passenger_3537,Female,Mumbai
503538,Passenger_3538,Male,Delhi
503539,Passenger_3539,Female,Bengaluru
503540,Passenger_3540,Male,Hyderabad
503541,Passenger_3541,Female,Hyderabad
503542,Passenger_3542,Male,Pune
503543,Passenger_3543,Female,Delhi
503544,Passenger_3544,Female,Chennai
503545,Passenger_3545,Male,Jaipur
503546,Passenger_3546,Male,Chennai
503547,Passenger_3547,Male,Hyderabad
503548,Passenger_3548,Female,Pune
503549,Passenger_3549,Female,Chennai
503550,Passenger_3550,Female,Bengaluru
503551,Passenger_3551,Male,Chennai
503552,Passenger_3552,Male,Mumbai
503553,Passenger_3553,Male,Hyderabad
503554,Passenger_3554,Female,Bengaluru
503555,Passenger_3555,Female,Delhi
503556,Passenger_3556,Male,Chennai
503557,Passenger_3557,Female,Hyderabad
503558,Passenger_3558,Female,Mumbai
503559,Passenger_3559,Female,Mumbai
503560,Passenger_3560,Male,Chennai
503561,Passenger_3561,Female,Mumbai
503562,Passenger_3562,Female,Pune
503563,Passenger_3563,Male,Chennai
503564,Passenger_3564,Female,Chennai
503565,Passenger_3565,Male,Hyderabad
503566,Passenger_3566,Female,Bengaluru
503567,Passenger_3567,Female,Jaipur
503568,Passenger_3568,Male,Jaipur
503569,Passenger_3569,Female,Kolkata
503570,Passenger_3570,Female,Bengaluru
503571,Passenger_3571,Female,Mumbai
503572,Passenger_3572,Male,Hyderabad
503573,Passenger_3573,Female,Chennai
503574,Passenger_3574,Male,Pune
503575,Passenger_3575,Male,Bengaluru
503576,Passenger_3576,Male,Chennai
503577,Passenger_3577,Female,Hyderabad
503578,Passenger_3578,Male,Hyderabad
503579,Passenger_3579,Female,Pune
503580,Passenger_3580,Male,Bengaluru
503581,Passenger_3581,Male,Pune
503582,Passenger_3582,Female,Kolkata
503583,Passenger_3583,Male,Hyderabad
503584,Passenger_3584,Male,Hyderabad
503585,Passenger_3585,Female,Mumbai
503586,Passenger_3586,Male,Chennai
503587,Passenger_3587,Female,Jaipur
503588,Passenger_3588,Male,Mumbai
503589,Passenger_3589,Male,Jaipur
503590,Passenger_3590,Female,Hyderabad
503591,Passenger_3591,Male,Jaipur
503592,Passenger_3592,Female,Hyderabad
503593,Passenger_3593,Female,Chennai
503594,Passenger_3594,Female,Jaipur
503595,Passenger_3595,Female,Mumbai
503596,Passenger_3596,Male,Bengaluru
503597,Passenger_3597,Male,Jaipur
503598,Passenger_3598,Male,Hyderabad
503599,Passenger_3599,Male,Jaipur
503600,Passenger_3600,Female,Chennai
503601,Passenger_3601,Female,Chennai
503602,Passenger_3602,Female,Mumbai
503603,Passenger_3603,Female,Mumbai
503604,Passenger_3604,Male,Delhi
503605,Passenger_3605,Female,Delhi
503606,Passenger_3606,Female,Hyderabad
503607,Passenger_3607,Male,Jaipur
503608,Passenger_3608,Male,Bengaluru
503609,Passenger_3609,Female,Jaipur
503610,Passenger_3610,Male,Hyderabad
503611,Passenger_3611,Male,Chennai
503612,Passenger_3612,Male,Pune
503613,Passenger_3613,Male,Pune
503614,Passenger_3614,Male,Mumbai
503615,Passenger_3615,Male,Jaipur
503616,Passenger_3616,Male,Pune
503617,Passenger_3617,Female,Mumbai
503618,Passenger_3618,Female,Chennai
503619,Passenger_3619,Female,Mumbai
503620,Passenger_3620,Female,Delhi
503621,Passenger_3621,Male,Pune
503622,Passenger_3622,Female,Mumbai
503623,Passenger_3623,Male,Kolkata
503624,Passenger_3624,Female,Delhi
503625,Passenger_3625,Female,Mumbai
503626,Passenger_3626,Female,Hyderabad
503627,Passenger_3627,Male,Kolkata
503628,Passenger_3628,Male,Hyderabad
503629,Passenger_3629,Female,Bengaluru
503630,Passenger_3630,Male,Kolkata
503631,Passenger_3631,Female,Delhi
503632,Passenger_3632,Male,Jaipur
503633,Passenger_3633,Male,Mumbai
503634,Passenger_3634,Male,Chennai
503635,Passenger_3635,Male,Mumbai
503636,Passenger_3636,Male,Delhi
503637,Passenger_3637,Female,Mumbai
503638,Passenger_3638,Female,Hyderabad
503639,Passenger_3639,Male,Pune
503640,Passenger_3640,Female,Chennai
503641,Passenger_3641,Male,Hyderabad
503642,Passenger_3642,Female,Bengaluru
503643,Passenger_3643,Male,Bengaluru
503644,Passenger_3644,Male,Delhi
503645,Passenger_3645,Female,Hyderabad
503646,Passenger_3646,Male,Kolkata
503647,Passenger_3647,Male,Chennai
503648,Passenger_3648,Female,Bengaluru
503649,Passenger_3649,Female,Hyderabad
503650,Passenger_3650,Male,Jaipur
503651,Passenger_3651,Male,Jaipur
503652,Passenger_3652,Male,Mumbai
503653,Passenger_3653,Male,Pune
503654,Passenger_3654,Female,Hyderabad
503655,Passenger_3655,Male,Kolkata
503656,Passenger_3656,Male,Pune
503657,Passenger_3657,Female,Kolkata
503658,Passenger_3658,Female,Mumbai
503659,Passenger_3659,Male,Mumbai
503660,Passenger_3660,Male,Pune
503661,Passenger_3661,Female,Kolkata
503662,Passenger_3662,Male,Pune
503663,Passenger_3663,Male,Bengaluru
503664,Passenger_3664,Male,Chennai
503665,Passenger_3665,Male,Pune
503666,Passenger_3666,Female,Hyderabad
503667,Passenger_3667,Male,Mumbai
503668,Passenger_3668,Male,Kolkata
503669,Passenger_3669,Female,Pune
503670,Passenger_3670,Female,Chennai
503671,Passenger_3671,Female,Kolkata
503672,Passenger_3672,Male,Chennai
503673,Passenger_3673,Male,Hyderabad
503674,Passenger_3674,Female,Chennai
503675,Passenger_3675,Male,Hyderabad
503676,Passenger_3676,Female,Jaipur
503677,Passenger_3677,Female,Chennai
503678,Passenger_3678,Female,Kolkata
503679,Passenger_3679,Female,Mumbai
503680,Passenger_3680,Male,Bengaluru
503681,Passenger_3681,Male,Mumbai
503682,Passenger_3682,Female,Delhi
503683,Passenger_3683,Female,Kolkata
503684,Passenger_3684,Male,Delhi
503685,Passenger_3685,Female,Chennai
503686,Passenger_3686,Male,Hyderabad
503687,Passenger_3687,Female,Chennai
503688,Passenger_3688,Female,Delhi
503689,Passenger_3689,Male,Delhi
503690,Passenger_3690,Male,Kolkata
503691,Passenger_3691,Male,Jaipur
503692,Passenger_3692,Female,Hyderabad
503693,Passenger_3693,Male,Kolkata
503694,Passenger_3694,Male,Jaipur
503695,Passenger_3695,Male,Jaipur
503696,Passenger_3696,Male,Hyderabad
503697,Passenger_3697,Female,Mumbai
503698,Passenger_3698,Male,Chennai
503699,Passenger_3699,Male,Mumbai
503700,Passenger_3700,Female,Mumbai
503701,Passenger_3701,Male,Jaipur
503702,Passenger_3702,Female,Hyderabad
503703,Passenger_3703,Female,Hyderabad
503704,Passenger_3704,Female,Chennai
503705,Passenger_3705,Female,Kolkata
503706,Passenger_3706,Female,Chennai
503707,Passenger_3707,Male,Delhi
503708,Passenger_3708,Male,Mumbai
503709,Passenger_3709,Male,Chennai
503710,Passenger_3710,Male,Pune
503711,Passenger_3711,Male,Jaipur
503712,Passenger_3712,Female,Delhi
503713,Passenger_3713,Female,Jaipur
503714,Passenger_3714,Male,Mumbai
503715,Passenger_3715,Male,Kolkata
503716,Passenger_3716,Male,Kolkata
503717,Passenger_3717,Female,Hyderabad
503718,Passenger_3718,Male,Chennai
503719,Passenger_3719,Male,Pune
503720,Passenger_3720,Male,Pune
503721,Passenger_3721,Female,Hyderabad
503722,Passenger_3722,Female,Hyderabad
503723,Passenger_3723,Male,Kolkata
503724,Passenger_3724,Female,Pune
503725,Passenger_3725,Male,Mumbai
503726,Passenger_3726,Male,Pune
503727,Passenger_3727,Male,Pune
503728,Passenger_3728,Female,Mumbai
503729,Passenger_3729,Male,Bengaluru
503730,Passenger_3730,Male,Kolkata
503731,Passenger_3731,Male,Mumbai
503732,Passenger_3732,Female,Bengaluru
503733,Passenger_3733,Female,Mumbai
503734,Passenger_3734,Male,Kolkata
503735,Passenger_3735,Female,Bengaluru
503736,Passenger_3736,Male,Jaipur
503737,Passenger_3737,Female,Chennai
503738,Passenger_3738,Male,Kolkata
503739,Passenger_3739,Male,Bengaluru
503740,Passenger_3740,Female,Bengaluru
503741,Passenger_3741,Female,Kolkata
503742,Passenger_3742,Female,Hyderabad
503743,Passenger_3743,Male,Jaipur
503744,Passenger_3744,Male,Chennai
503745,Passenger_3745,Female,Pune
503746,Passenger_3746,Female,Chennai
503747,Passenger_3747,Female,Kolkata
503748,Passenger_3748,Male,Hyderabad
503749,Passenger_3749,Male,Pune
503750,Passenger_3750,Female,Bengaluru
503751,Passenger_3751,Male,Bengaluru
503752,Passenger_3752,Male,Bengaluru
503753,Passenger_3753,Female,Hyderabad
503754,Passenger_3754,Female,Bengaluru
503755,Passenger_3755,Male,Kolkata
503756,Passenger_3756,Female,Mumbai
503757,Passenger_3757,Female,Kolkata
503758,Passenger_3758,Male,Jaipur
503759,Passenger_3759,Male,Bengaluru
503760,Passenger_3760,Female,Mumbai
503761,Passenger_3761,Male,Bengaluru
503762,Passenger_3762,Male,Jaipur
503763,Passenger_3763,Male,Pune
503764,Passenger_3764,Female,Delhi
503765,Passenger_3765,Female,Bengaluru
503766,Passenger_3766,Female,Bengaluru
503767,Passenger_3767,Male,Pune
503768,Passenger_3768,Female,Bengaluru
503769,Passenger_3769,Male,Delhi
503770,Passenger_3770,Male,Pune
503771,Passenger_3771,Female,Delhi
503772,Passenger_3772,Male,Delhi
503773,Passenger_3773,Female,Delhi
503774,Passenger_3774,Female,Chennai
503775,Passenger_3775,Female,Kolkata
503776,Passenger_3776,Female,Hyderabad
503777,Passenger_3777,Male,Hyderabad
503778,Passenger_3778,Female,Kolkata
503779,Passenger_3779,Male,Jaipur
503780,Passenger_3780,Male,Pune
503781,Passenger_3781,Female,Chennai
503782,Passenger_3782,Female,Pune
503783,Passenger_3783,Male,Chennai
503784,Passenger_3784,Male,Delhi
503785,Passenger_3785,Male,Kolkata
503786,Passenger_3786,Female,Mumbai
503787,Passenger_3787,Male,Pune
503788,Passenger_3788,Male,Kolkata
503789,Passenger_3789,Female,Mumbai
503790,Passenger_3790,Male,Delhi
503791,Passenger_3791,Male,Pune
503792,Passenger_3792,Male,Jaipur
503793,Passenger_3793,Male,Kolkata
503794,Passenger_3794,Male,Kolkata
503795,Passenger_3795,Female,Kolkata
503796,Passenger_3796,Female,Hyderabad
503797,Passenger_3797,Female,Kolkata
503798,Passenger_3798,Male,Bengaluru
503799,Passenger_3799,Male,Kolkata
503800,Passenger_3800,Male,Pune
503801,Passenger_3801,Female,Jaipur
503802,Passenger_3802,Female,Pune
503803,Passenger_3803,Male,Pune
503804,Passenger_3804,Female,Chennai
503805,Passenger_3805,Female,Mumbai
503806,Passenger_3806,Male,Pune
503807,Passenger_3807,Female,Chennai
503808,Passenger_3808,Male,Pune
503809,Passenger_3809,Male,Pune
503810,Passenger_3810,Male,Chennai
503811,Passenger_3811,Female,Hyderabad
503812,Passenger_3812,Female,Chennai
503813,Passenger_3813,Female,Mumbai
503814,Passenger_3814,Female,Pune
503815,Passenger_3815,Male,Pune
503816,Passenger_3816,Female,Delhi
503817,Passenger_3817,Female,Pune
503818,Passenger_3818,Male,Kolkata
503819,Passenger_3819,Female,Pune
503820,Passenger_3820,Female,Delhi
503821,Passenger_3821,Male,Jaipur
503822,Passenger_3822,Male,Mumbai
503823,Passenger_3823,Female,Delhi
503824,Passenger_3824,Female,Hyderabad
503825,Passenger_3825,Male,Pune
503826,Passenger_3826,Male,Delhi
503827,Passenger_3827,Female,Mumbai
503828,Passenger_3828,Female,Pune
503829,Passenger_3829,Male,Kolkata
503830,Passenger_3830,Male,Kolkata
503831,Passenger_3831,Male,Pune
503832,Passenger_3832,Female,Chennai
503833,Passenger_3833,Female,Pune
503834,Passenger_3834,Female,Chennai
503835,Passenger_3835,Female,Hyderabad
503836,Passenger_3836,Female,Mumbai
503837,Passenger_3837,Female,Mumbai
503838,Passenger_3838,Female,Delhi
503839,Passenger_3839,Female,Pune
503840,Passenger_3840,Female,Delhi
503841,Passenger_3841,Male,Chennai
503842,Passenger_3842,Female,Pune
503843,Passenger_3843,Female,Hyderabad
503844,Passenger_3844,Male,Kolkata
503845,Passenger_3845,Female,Bengaluru
503846,Passenger_3846,Male,Hyderabad
503847,Passenger_3847,Male,Jaipur
503848,Passenger_3848,Male,Kolkata
503849,Passenger_3849,Female,Mumbai
503850,Passenger_3850,Male,Jaipur
503851,Passenger_3851,Male,Chennai
503852,Passenger_3852,Female,Mumbai
503853,Passenger_3853,Male,Delhi
503854,Passenger_3854,Male,Delhi
503855,Passenger_3855,Female,Kolkata
503856,Passenger_3856,Male,Bengaluru
503857,Passenger_3857,Female,Hyderabad
503858,Passenger_3858,Male,Delhi
503859,Passenger_3859,Female,Chennai
503860,Passenger_3860,Male,Chennai
503861,Passenger_3861,Female,Mumbai
503862,Passenger_3862,Male,Mumbai
503863,Passenger_3863,Female,Kolkata
503864,Passenger_3864,Male,Delhi
503865,Passenger_3865,Male,Kolkata
503866,Passenger_3866,Male,Bengaluru
503867,Passenger_3867,Male,Chennai
503868,Passenger_3868,Female,Bengaluru
503869,Passenger_3869,Female,Chennai
503870,Passenger_3870,Female,Bengaluru
503871,Passenger_3871,Female,Hyderabad
503872,Passenger_3872,Male,Hyderabad
503873,Passenger_3873,Female,Bengaluru
503874,Passenger_3874,Female,Pune
503875,Passenger_3875,Female,Delhi
503876,Passenger_3876,Female,Jaipur
503877,Passenger_3877,Male,Jaipur
503878,Passenger_3878,Female,Kolkata
503879,Passenger_3879,Female,Mumbai
503880,Passenger_3880,Male,Mumbai
503881,Passenger_3881,Male,Pune
503882,Passenger_3882,Female,Mumbai
503883,Passenger_3883,Male,Delhi
503884,Passenger_3884,Male,Hyderabad
503885,Passenger_3885,Female,Mumbai
503886,Passenger_3886,Female,Kolkata
503887,Passenger_3887,Female,Chennai
503888,Passenger_3888,Male,Kolkata
503889,Passenger_3889,Female,Kolkata
503890,Passenger_3890,Male,Kolkata
503891,Passenger_3891,Female,Chennai
503892,Passenger_3892,Male,Jaipur
503893,Passenger_3893,Male,Pune
503894,Passenger_3894,Female,Chennai
503895,Passenger_3895,Male,Delhi
503896,Passenger_3896,Female,Chennai
503897,Passenger_3897,Male,Bengaluru
503898,Passenger_3898,Male,Hyderabad
503899,Passenger_3899,Female,Bengaluru
503900,Passenger_3900,Female,Pune
503901,Passenger_3901,Male,Chennai
503902,Passenger_3902,Male,Pune
503903,Passenger_3903,Female,Pune
503904,Passenger_3904,Female,Kolkata
503905,Passenger_3905,Male,Pune
503906,Passenger_3906,Female,Pune
503907,Passenger_3907,Female,Chennai
503908,Passenger_3908,Male,Jaipur
503909,Passenger_3909,Male,Kolkata
503910,Passenger_3910,Male,Hyderabad
503911,Passenger_3911,Female,Mumbai
503912,Passenger_3912,Male,Pune
503913,Passenger_3913,Female,Hyderabad
503914,Passenger_3914,Male,Jaipur
503915,Passenger_3915,Male,Jaipur
503916,Passenger_3916,Female,Kolkata
503917,Passenger_3917,Female,Delhi
503918,Passenger_3918,Female,Chennai
503919,Passenger_3919,Male,Delhi
503920,Passenger_3920,Male,Kolkata
503921,Passenger_3921,Male,Pune
503922,Passenger_3922,Female,Kolkata
503923,Passenger_3923,Male,Kolkata
503924,Passenger_3924,Male,Bengaluru
503925,Passenger_3925,Male,Chennai
503926,Passenger_3926,Female,Delhi
503927,Passenger_3927,Male,Pune
503928,Passenger_3928,Male,Delhi
503929,Passenger_3929,Male,Kolkata
503930,Passenger_3930,Female,Mumbai
503931,Passenger_3931,Female,Bengaluru
503932,Passenger_3932,Female,Chennai
503933,Passenger_3933,Male,Chennai
503934,Passenger_3934,Male,Delhi
503935,Passenger_3935,Female,Hyderabad
503936,Passenger_3936,Female,Pune
503937,Passenger_3937,Female,Pune
503938,Passenger_3938,Male,Delhi
503939,Passenger_3939,Male,Hyderabad
503940,Passenger_3940,Male,Delhi
503941,Passenger_3941,Male,Hyderabad
503942,Passenger_3942,Male,Delhi
503943,Passenger_3943,Female,Mumbai
503944,Passenger_3944,Female,Delhi
503945,Passenger_3945,Male,Kolkata
503946,Passenger_3946,Female,Bengaluru
503947,Passenger_3947,Female,Jaipur
503948,Passenger_3948,Male,Jaipur
503949,Passenger_3949,Male,Jaipur
503950,Passenger_3950,Male,Kolkata
503951,Passenger_3951,Female,Bengaluru
503952,Passenger_3952,Female,Chennai
503953,Passenger_3953,Female,Hyderabad
503954,Passenger_3954,Male,Chennai
503955,Passenger_3955,Female,Chennai
503956,Passenger_3956,Female,Kolkata
503957,Passenger_3957,Male,Pune
503958,Passenger_3958,Male,Kolkata
503959,Passenger_3959,Female,Jaipur
503960,Passenger_3960,Male,Kolkata
503961,Passenger_3961,Female,Pune
503962,Passenger_3962,Female,Delhi
503963,Passenger_3963,Female,Hyderabad
503964,Passenger_3964,Female,Delhi
503965,Passenger_3965,Female,Jaipur
503966,Passenger_3966,Female,Pune
503967,Passenger_3967,Female,Bengaluru
503968,Passenger_3968,Female,Chennai
503969,Passenger_3969,Male,Chennai
503970,Passenger_3970,Male,Hyderabad
503971,Passenger_3971,Female,Chennai
503972,Passenger_3972,Female,Bengaluru
503973,Passenger_3973,Male,Mumbai
503974,Passenger_3974,Female,Chennai
503975,Passenger_3975,Female,Mumbai
503976,Passenger_3976,Female,Mumbai
503977,Passenger_3977,Female,Pune
503978,Passenger_3978,Male,Kolkata
503979,Passenger_3979,Male,Hyderabad
503980,Passenger_3980,Female,Bengaluru
503981,Passenger_3981,Female,Mumbai
503982,Passenger_3982,Female,Pune
503983,Passenger_3983,Female,Mumbai
503984,Passenger_3984,Male,Kolkata
503985,Passenger_3985,Female,Mumbai
503986,Passenger_3986,Female,Jaipur
503987,Passenger_3987,Female,Hyderabad
503988,Passenger_3988,Female,Pune
503989,Passenger_3989,Male,Delhi
503990,Passenger_3990,Male,Bengaluru
503991,Passenger_3991,Female,Bengaluru
503992,Passenger_3992,Female,Jaipur
503993,Passenger_3993,Male,Chennai
503994,Passenger_3994,Female,Kolkata
503995,Passenger_3995,Male,Pune
503996,Passenger_3996,Female,Hyderabad
503997,Passenger_3997,Male,Hyderabad
503998,Passenger_3998,Male,Bengaluru
503999,Passenger_3999,Female,Chennai
504000,Passenger_4000,Male,Hyderabad
504001,Passenger_4001,Female,Bengaluru
504002,Passenger_4002,Male,Delhi
504003,Passenger_4003,Male,Jaipur
504004,Passenger_4004,Male,Chennai
504005,Passenger_4005,Female,Pune
504006,Passenger_4006,Male,Bengaluru
504007,Passenger_4007,Male,Kolkata
504008,Passenger_4008,Male,Bengaluru
504009,Passenger_4009,Male,Kolkata
504010,Passenger_4010,Female,Jaipur
504011,Passenger_4011,Male,Mumbai
504012,Passenger_4012,Male,Delhi
504013,Passenger_4013,Female,Hyderabad
504014,Passenger_4014,Male,Pune
504015,Passenger_4015,Male,Hyderabad
504016,Passenger_4016,Female,Chennai
504017,Passenger_4017,Male,Jaipur
504018,Passenger_4018,Female,Delhi
504019,Passenger_4019,Male,Delhi
504020,Passenger_4020,Female,Kolkata
504021,Passenger_4021,Female,Chennai
504022,Passenger_4022,Female,Delhi
504023,Passenger_4023,Male,Bengaluru
504024,Passenger_4024,Male,Bengaluru
504025,Passenger_4025,Male,Kolkata
504026,Passenger_4026,Female,Chennai
504027,Passenger_4027,Female,Delhi
504028,Passenger_4028,Female,Delhi
504029,Passenger_4029,Male,Delhi
504030,Passenger_4030,Female,Bengaluru
504031,Passenger_4031,Female,Chennai
504032,Passenger_4032,Male,Mumbai
504033,Passenger_4033,Male,Delhi
504034,Passenger_4034,Female,Pune
504035,Passenger_4035,Male,Bengaluru
504036,Passenger_4036,Male,Mumbai
504037,Passenger_4037,Male,Hyderabad
504038,Passenger_4038,Male,Chennai
504039,Passenger_4039,Female,Pune
504040,Passenger_4040,Female,Kolkata
504041,Passenger_4041,Female,Jaipur
504042,Passenger_4042,Female,Bengaluru
504043,Passenger_4043,Female,Chennai
504044,Passenger_4044,Male,Chennai
504045,Passenger_4045,Male,Hyderabad
504046,Passenger_4046,Female,Delhi
504047,Passenger_4047,Male,Pune
504048,Passenger_4048,Male,Pune
504049,Passenger_4049,Male,Jaipur
504050,Passenger_4050,Female,Delhi
504051,Passenger_4051,Male,Pune
504052,Passenger_4052,Female,Delhi
504053,Passenger_4053,Female,Pune
504054,Passenger_4054,Male,Chennai
504055,Passenger_4055,Male,Bengaluru
504056,Passenger_4056,Female,Hyderabad
504057,Passenger_4057,Male,Delhi
504058,Passenger_4058,Female,Pune
504059,Passenger_4059,Female,Delhi
504060,Passenger_4060,Female,Kolkata
504061,Passenger_4061,Male,Bengaluru
504062,Passenger_4062,Male,Pune
504063,Passenger_4063,Female,Bengaluru
504064,Passenger_4064,Female,Kolkata
504065,Passenger_4065,Female,Delhi
504066,Passenger_4066,Male,Kolkata
504067,Passenger_4067,Female,Kolkata
504068,Passenger_4068,Female,Jaipur
504069,Passenger_4069,Female,Mumbai
504070,Passenger_4070,Female,Chennai
504071,Passenger_4071,Female,Pune
504072,Passenger_4072,Female,Jaipur
504073,Passenger_4073,Male,Hyderabad
504074,Passenger_4074,Female,Bengaluru
504075,Passenger_4075,Female,Jaipur
504076,Passenger_4076,Male,Chennai
504077,Passenger_4077,Male,Pune
504078,Passenger_4078,Female,Bengaluru
504079,Passenger_4079,Male,Hyderabad
504080,Passenger_4080,Female,Jaipur
504081,Passenger_4081,Female,Pune
504082,Passenger_4082,Male,Kolkata
504083,Passenger_4083,Male,Delhi
504084,Passenger_4084,Female,Kolkata
504085,Passenger_4085,Female,Kolkata
504086,Passenger_4086,Male,Mumbai
504087,Passenger_4087,Male,Kolkata
504088,Passenger_4088,Male,Jaipur
504089,Passenger_4089,Male,Mumbai
504090,Passenger_4090,Male,Jaipur
504091,Passenger_4091,Male,Chennai
504092,Passenger_4092,Male,Chennai
504093,Passenger_4093,Male,Mumbai
504094,Passenger_4094,Female,Jaipur
504095,Passenger_4095,Female,Mumbai
504096,Passenger_4096,Male,Jaipur
504097,Passenger_4097,Male,Hyderabad
504098,Passenger_4098,Female,Jaipur
504099,Passenger_4099,Female,Kolkata
504100,Passenger_4100,Male,Jaipur
504101,Passenger_4101,Female,Hyderabad
504102,Passenger_4102,Female,Bengaluru
504103,Passenger_4103,Female,Pune
504104,Passenger_4104,Male,Mumbai
504105,Passenger_4105,Female,Jaipur
504106,Passenger_4106,Male,Jaipur
504107,Passenger_4107,Male,Kolkata
504108,Passenger_4108,Female,Jaipur
504109,Passenger_4109,Female,Jaipur
504110,Passenger_4110,Male,Bengaluru
504111,Passenger_4111,Female,Bengaluru
504112,Passenger_4112,Female,Hyderabad
504113,Passenger_4113,Male,Hyderabad
504114,Passenger_4114,Male,Chennai
504115,Passenger_4115,Female,Bengaluru
504116,Passenger_4116,Female,Bengaluru
504117,Passenger_4117,Female,Bengaluru
504118,Passenger_4118,Male,Chennai
504119,Passenger_4119,Female,Delhi
504120,Passenger_4120,Female,Jaipur
504121,Passenger_4121,Female,Chennai
504122,Passenger_4122,Female,Chennai
504123,Passenger_4123,Female,Hyderabad
504124,Passenger_4124,Male,Chennai
504125,Passenger_4125,Female,Jaipur
504126,Passenger_4126,Male,Mumbai
504127,Passenger_4127,Male,Delhi
504128,Passenger_4128,Male,Kolkata
504129,Passenger_4129,Female,Pune
504130,Passenger_4130,Female,Mumbai
504131,Passenger_4131,Male,Mumbai
504132,Passenger_4132,Male,Jaipur
504133,Passenger_4133,Female,Kolkata
504134,Passenger_4134,Male,Pune
504135,Passenger_4135,Male,Hyderabad
504136,Passenger_4136,Male,Chennai
504137,Passenger_4137,Female,Mumbai
504138,Passenger_4138,Female,Kolkata
504139,Passenger_4139,Male,Hyderabad
504140,Passenger_4140,Male,Mumbai
504141,Passenger_4141,Female,Mumbai
504142,Passenger_4142,Female,Mumbai
504143,Passenger_4143,Male,Chennai
504144,Passenger_4144,Female,Delhi
504145,Passenger_4145,Male,Hyderabad
504146,Passenger_4146,Female,Kolkata
504147,Passenger_4147,Female,Kolkata
504148,Passenger_4148,Female,Bengaluru
504149,Passenger_4149,Female,Kolkata
504150,Passenger_4150,Female,Pune
504151,Passenger_4151,Male,Jaipur
504152,Passenger_4152,Female,Jaipur
504153,Passenger_4153,Male,Mumbai
504154,Passenger_4154,Female,Pune
504155,Passenger_4155,Female,Chennai
504156,Passenger_4156,Male,Kolkata
504157,Passenger_4157,Male,Jaipur
504158,Passenger_4158,Male,Pune
504159,Passenger_4159,Female,Delhi
504160,Passenger_4160,Male,Jaipur
504161,Passenger_4161,Male,Hyderabad
504162,Passenger_4162,Female,Mumbai
504163,Passenger_4163,Female,Hyderabad
504164,Passenger_4164,Male,Pune
504165,Passenger_4165,Male,Delhi
504166,Passenger_4166,Male,Pune
504167,Passenger_4167,Male,Mumbai
504168,Passenger_4168,Female,Kolkata
504169,Passenger_4169,Female,Chennai
504170,Passenger_4170,Male,Jaipur
504171,Passenger_4171,Female,Kolkata
504172,Passenger_4172,Female,Jaipur
504173,Passenger_4173,Female,Pune
504174,Passenger_4174,Female,Kolkata
504175,Passenger_4175,Male,Bengaluru
504176,Passenger_4176,Female,Mumbai
504177,Passenger_4177,Female,Hyderabad
504178,Passenger_4178,Female,Mumbai
504179,Passenger_4179,Male,Bengaluru
504180,Passenger_4180,Male,Bengaluru
504181,Passenger_4181,Male,Delhi
504182,Passenger_4182,Female,Chennai
504183,Passenger_4183,Female,Chennai
504184,Passenger_4184,Female,Pune
504185,Passenger_4185,Female,Pune
504186,Passenger_4186,Female,Delhi
504187,Passenger_4187,Male,Jaipur
504188,Passenger_4188,Male,Bengaluru
504189,Passenger_4189,Male,Hyderabad
504190,Passenger_4190,Female,Kolkata
504191,Passenger_4191,Female,Bengaluru
504192,Passenger_4192,Male,Hyderabad
504193,Passenger_4193,Female,Bengaluru
504194,Passenger_4194,Female,Delhi
504195,Passenger_4195,Female,Pune
504196,Passenger_4196,Female,Hyderabad
504197,Passenger_4197,Male,Jaipur
504198,Passenger_4198,Male,Kolkata
504199,Passenger_4199,Male,Jaipur
504200,Passenger_4200,Female,Mumbai
504201,Passenger_4201,Male,Mumbai
504202,Passenger_4202,Male,Mumbai
504203,Passenger_4203,Female,Chennai
504204,Passenger_4204,Male,Jaipur
504205,Passenger_4205,Female,Delhi
504206,Passenger_4206,Female,Chennai
504207,Passenger_4207,Male,Kolkata
504208,Passenger_4208,Female,Bengaluru
504209,Passenger_4209,Male,Jaipur
504210,Passenger_4210,Female,Jaipur
504211,Passenger_4211,Female,Hyderabad
504212,Passenger_4212,Male,Bengaluru
504213,Passenger_4213,Male,Chennai
504214,Passenger_4214,Female,Jaipur
504215,Passenger_4215,Female,Bengaluru
504216,Passenger_4216,Male,Pune
504217,Passenger_4217,Female,Delhi
504218,Passenger_4218,Male,Kolkata
504219,Passenger_4219,Male,Pune
504220,Passenger_4220,Male,Hyderabad
504221,Passenger_4221,Female,Delhi
504222,Passenger_4222,Female,Bengaluru
504223,Passenger_4223,Female,Jaipur
504224,Passenger_4224,Male,Jaipur
504225,Passenger_4225,Male,Hyderabad
504226,Passenger_4226,Male,Pune
504227,Passenger_4227,Male,Jaipur
504228,Passenger_4228,Female,Bengaluru
504229,Passenger_4229,Female,Pune
504230,Passenger_4230,Female,Pune
504231,Passenger_4231,Male,Hyderabad
504232,Passenger_4232,Male,Hyderabad
504233,Passenger_4233,Female,Hyderabad
504234,Passenger_4234,Female,Pune
504235,Passenger_4235,Male,Bengaluru
504236,Passenger_4236,Female,Chennai
504237,Passenger_4237,Female,Kolkata
504238,Passenger_4238,Female,Kolkata
504239,Passenger_4239,Male,Chennai
504240,Passenger_4240,Male,Chennai
504241,Passenger_4241,Female,Mumbai
504242,Passenger_4242,Male,Mumbai
504243,Passenger_4243,Female,Chennai
504244,Passenger_4244,Male,Kolkata
504245,Passenger_4245,Female,Jaipur
504246,Passenger_4246,Male,Chennai
504247,Passenger_4247,Male,Bengaluru
504248,Passenger_4248,Male,Kolkata
504249,Passenger_4249,Female,Mumbai
504250,Passenger_4250,Female,Jaipur
504251,Passenger_4251,Female,Delhi
504252,Passenger_4252,Female,Pune
504253,Passenger_4253,Male,Jaipur
504254,Passenger_4254,Male,Jaipur
504255,Passenger_4255,Female,Hyderabad
504256,Passenger_4256,Male,Pune
504257,Passenger_4257,Female,Delhi
504258,Passenger_4258,Female,Kolkata
504259,Passenger_4259,Female,Bengaluru
504260,Passenger_4260,Female,Mumbai
504261,Passenger_4261,Male,Chennai
504262,Passenger_4262,Female,Mumbai
504263,Passenger_4263,Female,Kolkata
504264,Passenger_4264,Male,Kolkata
504265,Passenger_4265,Male,Chennai
504266,Passenger_4266,Male,Kolkata
504267,Passenger_4267,Male,Bengaluru
504268,Passenger_4268,Female,Hyderabad
504269,Passenger_4269,Female,Delhi
504270,Passenger_4270,Female,Delhi
504271,Passenger_4271,Female,Kolkata
504272,Passenger_4272,Female,Kolkata
504273,Passenger_4273,Female,Mumbai
504274,Passenger_4274,Male,Jaipur
504275,Passenger_4275,Male,Delhi
504276,Passenger_4276,Male,Pune
504277,Passenger_4277,Female,Delhi
504278,Passenger_4278,Female,Kolkata
504279,Passenger_4279,Female,Mumbai
504280,Passenger_4280,Female,Bengaluru
504281,Passenger_4281,Female,Bengaluru
504282,Passenger_4282,Male,Chennai
504283,Passenger_4283,Male,Hyderabad
504284,Passenger_4284,Male,Pune
504285,Passenger_4285,Male,Kolkata
504286,Passenger_4286,Male,Bengaluru
504287,Passenger_4287,Male,Mumbai
504288,Passenger_4288,Female,Hyderabad
504289,Passenger_4289,Male,Delhi
504290,Passenger_4290,Female,Hyderabad
504291,Passenger_4291,Male,Chennai
504292,Passenger_4292,Male,Kolkata
504293,Passenger_4293,Female,Delhi
504294,Passenger_4294,Female,Mumbai
504295,Passenger_4295,Female,Chennai
504296,Passenger_4296,Male,Bengaluru
504297,Passenger_4297,Female,Delhi
504298,Passenger_4298,Male,Delhi
504299,Passenger_4299,Male,Kolkata
504300,Passenger_4300,Male,Jaipur
504301,Passenger_4301,Female,Delhi
504302,Passenger_4302,Female,Chennai
504303,Passenger_4303,Male,Chennai
504304,Passenger_4304,Male,Hyderabad
504305,Passenger_4305,Male,Hyderabad
504306,Passenger_4306,Male,Bengaluru
504307,Passenger_4307,Female,Jaipur
504308,Passenger_4308,Male,Mumbai
504309,Passenger_4309,Male,Kolkata
504310,Passenger_4310,Male,Jaipur
504311,Passenger_4311,Male,Kolkata
504312,Passenger_4312,Male,Mumbai
504313,Passenger_4313,Male,Delhi
504314,Passenger_4314,Male,Delhi
504315,Passenger_4315,Female,Delhi
504316,Passenger_4316,Female,Bengaluru
504317,Passenger_4317,Female,Delhi
504318,Passenger_4318,Female,Mumbai
504319,Passenger_4319,Male,Pune
504320,Passenger_4320,Male,Delhi
504321,Passenger_4321,Male,Bengaluru
504322,Passenger_4322,Male,Kolkata
504323,Passenger_4323,Male,Kolkata
504324,Passenger_4324,Female,Bengaluru
504325,Passenger_4325,Male,Hyderabad
504326,Passenger_4326,Female,Hyderabad
504327,Passenger_4327,Female,Bengaluru
504328,Passenger_4328,Male,Delhi
504329,Passenger_4329,Male,Hyderabad
504330,Passenger_4330,Male,Bengaluru
504331,Passenger_4331,Male,Delhi
504332,Passenger_4332,Male,Chennai
504333,Passenger_4333,Male,Hyderabad
504334,Passenger_4334,Female,Pune
504335,Passenger_4335,Male,Delhi
504336,Passenger_4336,Male,Chennai
504337,Passenger_4337,Male,Chennai
504338,Passenger_4338,Female,Kolkata
504339,Passenger_4339,Female,Hyderabad
504340,Passenger_4340,Male,Pune
504341,Passenger_4341,Female,Chennai
504342,Passenger_4342,Female,Chennai
504343,Passenger_4343,Male,Mumbai
504344,Passenger_4344,Male,Delhi
504345,Passenger_4345,Female,Jaipur
504346,Passenger_4346,Female,Jaipur
504347,Passenger_4347,Female,Delhi
504348,Passenger_4348,Male,Chennai
504349,Passenger_4349,Female,Pune
504350,Passenger_4350,Male,Kolkata
504351,Passenger_4351,Male,Mumbai
504352,Passenger_4352,Female,Jaipur
504353,Passenger_4353,Male,Mumbai
504354,Passenger_4354,Male,Hyderabad
504355,Passenger_4355,Male,Bengaluru
504356,Passenger_4356,Female,Chennai
504357,Passenger_4357,Male,Jaipur
504358,Passenger_4358,Male,Hyderabad
504359,Passenger_4359,Female,Chennai
504360,Passenger_4360,Female,Kolkata
504361,Passenger_4361,Male,Bengaluru
504362,Passenger_4362,Female,Jaipur
504363,Passenger_4363,Female,Mumbai
504364,Passenger_4364,Male,Jaipur
504365,Passenger_4365,Female,Delhi
504366,Passenger_4366,Female,Bengaluru
504367,Passenger_4367,Female,Pune
504368,Passenger_4368,Female,Kolkata
504369,Passenger_4369,Male,Chennai
504370,Passenger_4370,Male,Bengaluru
504371,Passenger_4371,Male,Mumbai
504372,Passenger_4372,Male,Mumbai
504373,Passenger_4373,Female,Jaipur
504374,Passenger_4374,Male,Delhi
504375,Passenger_4375,Female,Hyderabad
504376,Passenger_4376,Female,Kolkata
504377,Passenger_4377,Female,Kolkata
504378,Passenger_4378,Female,Bengaluru
504379,Passenger_4379,Female,Mumbai
504380,Passenger_4380,Male,Pune
504381,Passenger_4381,Female,Mumbai
504382,Passenger_4382,Male,Delhi
504383,Passenger_4383,Female,Hyderabad
504384,Passenger_4384,Female,Mumbai
504385,Passenger_4385,Female,Bengaluru
504386,Passenger_4386,Male,Delhi
504387,Passenger_4387,Female,Kolkata
504388,Passenger_4388,Male,Pune
504389,Passenger_4389,Female,Hyderabad
504390,Passenger_4390,Male,Pune
504391,Passenger_4391,Male,Mumbai
504392,Passenger_4392,Male,Pune
504393,Passenger_4393,Male,Kolkata
504394,Passenger_4394,Female,Bengaluru
504395,Passenger_4395,Male,Bengaluru
504396,Passenger_4396,Female,Chennai
504397,Passenger_4397,Female,Jaipur
504398,Passenger_4398,Female,Mumbai
504399,Passenger_4399,Female,Jaipur
504400,Passenger_4400,Female,Jaipur
504401,Passenger_4401,Female,Mumbai
504402,Passenger_4402,Male,Bengaluru
504403,Passenger_4403,Female,Hyderabad
504404,Passenger_4404,Female,Bengaluru
504405,Passenger_4405,Male,Hyderabad
504406,Passenger_4406,Male,Jaipur
504407,Passenger_4407,Female,Jaipur
504408,Passenger_4408,Female,Jaipur
504409,Passenger_4409,Female,Delhi
504410,Passenger_4410,Male,Delhi
504411,Passenger_4411,Male,Hyderabad
504412,Passenger_4412,Male,Delhi
504413,Passenger_4413,Female,Delhi
504414,Passenger_4414,Female,Delhi
504415,Passenger_4415,Female,Pune
504416,Passenger_4416,Male,Mumbai
504417,Passenger_4417,Female,Jaipur
504418,Passenger_4418,Male,Pune
504419,Passenger_4419,Male,Pune
504420,Passenger_4420,Male,Jaipur
504421,Passenger_4421,Male,Chennai
504422,Passenger_4422,Female,Pune
504423,Passenger_4423,Male,Mumbai
504424,Passenger_4424,Male,Delhi
504425,Passenger_4425,Male,Mumbai
504426,Passenger_4426,Female,Mumbai
504427,Passenger_4427,Male,Delhi
504428,Passenger_4428,Female,Bengaluru
504429,Passenger_4429,Female,Chennai
504430,Passenger_4430,Male,Hyderabad
504431,Passenger_4431,Male,Chennai
504432,Passenger_4432,Female,Mumbai
504433,Passenger_4433,Male,Kolkata
504434,Passenger_4434,Male,Jaipur
504435,Passenger_4435,Male,Pune
504436,Passenger_4436,Female,Mumbai
504437,Passenger_4437,Male,Bengaluru
504438,Passenger_4438,Female,Bengaluru
504439,Passenger_4439,Female,Jaipur
504440,Passenger_4440,Female,Hyderabad
504441,Passenger_4441,Male,Mumbai
504442,Passenger_4442,Female,Bengaluru
504443,Passenger_4443,Male,Delhi
504444,Passenger_4444,Female,Jaipur
504445,Passenger_4445,Male,Kolkata
504446,Passenger_4446,Male,Pune
504447,Passenger_4447,Female,Mumbai
504448,Passenger_4448,Female,Bengaluru
504449,Passenger_4449,Female,Hyderabad
504450,Passenger_4450,Male,Pune
504451,Passenger_4451,Female,Mumbai
504452,Passenger_4452,Male,Kolkata
504453,Passenger_4453,Male,Chennai
504454,Passenger_4454,Female,Kolkata
504455,Passenger_4455,Female,Hyderabad
504456,Passenger_4456,Female,Hyderabad
504457,Passenger_4457,Female,Kolkata
504458,Passenger_4458,Female,Bengaluru
504459,Passenger_4459,Male,Jaipur
504460,Passenger_4460,Male,Pune
504461,Passenger_4461,Female,Bengaluru
504462,Passenger_4462,Female,Pune
504463,Passenger_4463,Male,Delhi
504464,Passenger_4464,Female,Hyderabad
504465,Passenger_4465,Male,Mumbai
504466,Passenger_4466,Female,Mumbai
504467,Passenger_4467,Male,Pune
504468,Passenger_4468,Male,Chennai
504469,Passenger_4469,Female,Pune
504470,Passenger_4470,Male,Jaipur
504471,Passenger_4471,Male,Kolkata
504472,Passenger_4472,Female,Pune
504473,Passenger_4473,Female,Pune
504474,Passenger_4474,Female,Mumbai
504475,Passenger_4475,Male,Chennai
504476,Passenger_4476,Male,Kolkata
504477,Passenger_4477,Female,Kolkata
504478,Passenger_4478,Female,Delhi
504479,Passenger_4479,Male,Hyderabad
504480,Passenger_4480,Female,Bengaluru
504481,Passenger_4481,Female,Bengaluru
504482,Passenger_4482,Female,Mumbai
504483,Passenger_4483,Female,Mumbai
504484,Passenger_4484,Female,Kolkata
504485,Passenger_4485,Male,Delhi
504486,Passenger_4486,Female,Kolkata
504487,Passenger_4487,Female,Mumbai
504488,Passenger_4488,Male,Bengaluru
504489,Passenger_4489,Male,Kolkata
504490,Passenger_4490,Female,Mumbai
504491,Passenger_4491,Male,Jaipur
504492,Passenger_4492,Female,Delhi
504493,Passenger_4493,Female,Bengaluru
504494,Passenger_4494,Female,Hyderabad
504495,Passenger_4495,Female,Jaipur
504496,Passenger_4496,Female,Chennai
504497,Passenger_4497,Female,Kolkata
504498,Passenger_4498,Male,Kolkata
504499,Passenger_4499,Female,Kolkata
504500,Passenger_4500,Female,Mumbai
504501,Passenger_4501,Male,Pune
504502,Passenger_4502,Male,Jaipur
504503,Passenger_4503,Female,Pune
504504,Passenger_4504,Male,Jaipur
504505,Passenger_4505,Male,Kolkata
504506,Passenger_4506,Female,Mumbai
504507,Passenger_4507,Male,Delhi
504508,Passenger_4508,Male,Delhi
504509,Passenger_4509,Female,Pune
504510,Passenger_4510,Female,Kolkata
504511,Passenger_4511,Male,Delhi
504512,Passenger_4512,Male,Bengaluru
504513,Passenger_4513,Male,Jaipur
504514,Passenger_4514,Female,Pune
504515,Passenger_4515,Male,Delhi
504516,Passenger_4516,Male,Mumbai
504517,Passenger_4517,Male,Bengaluru
504518,Passenger_4518,Male,Chennai
504519,Passenger_4519,Male,Jaipur
504520,Passenger_4520,Male,Chennai
504521,Passenger_4521,Male,Kolkata
504522,Passenger_4522,Female,Pune
504523,Passenger_4523,Male,Jaipur
504524,Passenger_4524,Female,Bengaluru
504525,Passenger_4525,Female,Delhi
504526,Passenger_4526,Female,Kolkata
504527,Passenger_4527,Female,Bengaluru
504528,Passenger_4528,Male,Mumbai
504529,Passenger_4529,Female,Delhi
504530,Passenger_4530,Male,Chennai
504531,Passenger_4531,Female,Chennai
504532,Passenger_4532,Male,Bengaluru
504533,Passenger_4533,Female,Bengaluru
504534,Passenger_4534,Female,Mumbai
504535,Passenger_4535,Female,Hyderabad
504536,Passenger_4536,Female,Delhi
504537,Passenger_4537,Female,Mumbai
504538,Passenger_4538,Male,Bengaluru
504539,Passenger_4539,Female,Delhi
504540,Passenger_4540,Female,Chennai
504541,Passenger_4541,Male,Delhi
504542,Passenger_4542,Female,Jaipur
504543,Passenger_4543,Female,Jaipur
504544,Passenger_4544,Female,Chennai
504545,Passenger_4545,Male,Jaipur
504546,Passenger_4546,Female,Hyderabad
504547,Passenger_4547,Male,Chennai
504548,Passenger_4548,Male,Kolkata
504549,Passenger_4549,Male,Kolkata
504550,Passenger_4550,Male,Chennai
504551,Passenger_4551,Male,Delhi
504552,Passenger_4552,Female,Hyderabad
504553,Passenger_4553,Female,Delhi
504554,Passenger_4554,Female,Chennai
504555,Passenger_4555,Female,Mumbai
504556,Passenger_4556,Male,Hyderabad
504557,Passenger_4557,Male,Pune
504558,Passenger_4558,Male,Jaipur
504559,Passenger_4559,Male,Bengaluru
504560,Passenger_4560,Male,Chennai
504561,Passenger_4561,Male,Kolkata
504562,Passenger_4562,Female,Delhi
504563,Passenger_4563,Female,Pune
504564,Passenger_4564,Male,Bengaluru
504565,Passenger_4565,Male,Delhi
504566,Passenger_4566,Male,Mumbai
504567,Passenger_4567,Female,Jaipur
504568,Passenger_4568,Female,Pune
504569,Passenger_4569,Male,Hyderabad
504570,Passenger_4570,Male,Jaipur
504571,Passenger_4571,Female,Hyderabad
504572,Passenger_4572,Male,Pune
504573,Passenger_4573,Female,Mumbai
504574,Passenger_4574,Female,Chennai
504575,Passenger_4575,Female,Delhi
504576,Passenger_4576,Female,Kolkata
504577,Passenger_4577,Female,Delhi
504578,Passenger_4578,Male,Jaipur
504579,Passenger_4579,Male,Mumbai
504580,Passenger_4580,Male,Jaipur
504581,Passenger_4581,Male,Kolkata
504582,Passenger_4582,Male,Delhi
504583,Passenger_4583,Female,Chennai
504584,Passenger_4584,Female,Jaipur
504585,Passenger_4585,Female,Delhi
504586,Passenger_4586,Male,Hyderabad
504587,Passenger_4587,Male,Kolkata
504588,Passenger_4588,Male,Jaipur
504589,Passenger_4589,Male,Kolkata
504590,Passenger_4590,Male,Delhi
504591,Passenger_4591,Male,Delhi
504592,Passenger_4592,Male,Delhi
504593,Passenger_4593,Male,Chennai
504594,Passenger_4594,Female,Chennai
504595,Passenger_4595,Female,Mumbai
504596,Passenger_4596,Male,Delhi
504597,Passenger_4597,Male,Delhi
504598,Passenger_4598,Female,Pune
504599,Passenger_4599,Male,Mumbai
504600,Passenger_4600,Male,Mumbai
504601,Passenger_4601,Female,Kolkata
504602,Passenger_4602,Female,Jaipur
504603,Passenger_4603,Male,Kolkata
504604,Passenger_4604,Male,Bengaluru
504605,Passenger_4605,Female,Mumbai
504606,Passenger_4606,Female,Jaipur
504607,Passenger_4607,Female,Chennai
504608,Passenger_4608,Female,Chennai
504609,Passenger_4609,Female,Kolkata
504610,Passenger_4610,Male,Delhi
504611,Passenger_4611,Female,Delhi
504612,Passenger_4612,Male,Chennai
504613,Passenger_4613,Male,Kolkata
504614,Passenger_4614,Female,Kolkata
504615,Passenger_4615,Female,Pune
504616,Passenger_4616,Female,Chennai
504617,Passenger_4617,Female,Jaipur
504618,Passenger_4618,Female,Jaipur
504619,Passenger_4619,Female,Hyderabad
504620,Passenger_4620,Male,Kolkata
504621,Passenger_4621,Female,Delhi
504622,Passenger_4622,Male,Bengaluru
504623,Passenger_4623,Male,Pune
504624,Passenger_4624,Female,Delhi
504625,Passenger_4625,Male,Bengaluru
504626,Passenger_4626,Female,Bengaluru
504627,Passenger_4627,Female,Pune
504628,Passenger_4628,Female,Pune
504629,Passenger_4629,Male,Jaipur
504630,Passenger_4630,Female,Delhi
504631,Passenger_4631,Male,Delhi
504632,Passenger_4632,Male,Kolkata
504633,Passenger_4633,Female,Mumbai
504634,Passenger_4634,Male,Kolkata
504635,Passenger_4635,Female,Bengaluru
504636,Passenger_4636,Male,Bengaluru
504637,Passenger_4637,Female,Jaipur
504638,Passenger_4638,Male,Pune
504639,Passenger_4639,Male,Pune
504640,Passenger_4640,Male,Jaipur
504641,Passenger_4641,Female,Bengaluru
504642,Passenger_4642,Male,Chennai
504643,Passenger_4643,Female,Chennai
504644,Passenger_4644,Female,Mumbai
504645,Passenger_4645,Female,Mumbai
504646,Passenger_4646,Female,Jaipur
504647,Passenger_4647,Male,Jaipur
504648,Passenger_4648,Female,Pune
504649,Passenger_4649,Male,Mumbai
504650,Passenger_4650,Female,Hyderabad
504651,Passenger_4651,Female,Bengaluru
504652,Passenger_4652,Female,Mumbai
504653,Passenger_4653,Male,Mumbai
504654,Passenger_4654,Female,Kolkata
504655,Passenger_4655,Male,Hyderabad
504656,Passenger_4656,Female,Delhi
504657,Passenger_4657,Male,Bengaluru
504658,Passenger_4658,Male,Mumbai
504659,Passenger_4659,Female,Jaipur
504660,Passenger_4660,Male,Kolkata
504661,Passenger_4661,Female,Hyderabad
504662,Passenger_4662,Female,Delhi
504663,Passenger_4663,Male,Delhi
504664,Passenger_4664,Male,Bengaluru
504665,Passenger_4665,Female,Mumbai
504666,Passenger_4666,Female,Delhi
504667,Passenger_4667,Male,Jaipur
504668,Passenger_4668,Female,Kolkata
504669,Passenger_4669,Male,Chennai
504670,Passenger_4670,Female,Hyderabad
504671,Passenger_4671,Female,Delhi
504672,Passenger_4672,Female,Mumbai
504673,Passenger_4673,Female,Delhi
504674,Passenger_4674,Female,Bengaluru
504675,Passenger_4675,Male,Bengaluru
504676,Passenger_4676,Female,Delhi
504677,Passenger_4677,Female,Jaipur
504678,Passenger_4678,Male,Chennai
504679,Passenger_4679,Female,Kolkata
504680,Passenger_4680,Male,Bengaluru
504681,Passenger_4681,Male,Chennai
504682,Passenger_4682,Female,Hyderabad
504683,Passenger_4683,Female,Hyderabad
504684,Passenger_4684,Female,Pune
504685,Passenger_4685,Female,Delhi
504686,Passenger_4686,Male,Kolkata
504687,Passenger_4687,Male,Mumbai
504688,Passenger_4688,Male,Hyderabad
504689,Passenger_4689,Female,Chennai
504690,Passenger_4690,Female,Delhi
504691,Passenger_4691,Male,Delhi
504692,Passenger_4692,Female,Hyderabad
504693,Passenger_4693,Male,Chennai
504694,Passenger_4694,Female,Mumbai
504695,Passenger_4695,Male,Delhi
504696,Passenger_4696,Male,Delhi
504697,Passenger_4697,Male,Jaipur
504698,Passenger_4698,Female,Jaipur
504699,Passenger_4699,Male,Delhi
504700,Passenger_4700,Male,Mumbai
504701,Passenger_4701,Male,Chennai
504702,Passenger_4702,Male,Chennai
504703,Passenger_4703,Male,Pune
504704,Passenger_4704,Female,Mumbai
504705,Passenger_4705,Male,Jaipur
504706,Passenger_4706,Female,Pune
504707,Passenger_4707,Female,Pune
504708,Passenger_4708,Female,Mumbai
504709,Passenger_4709,Male,Jaipur
504710,Passenger_4710,Female,Jaipur
504711,Passenger_4711,Male,Mumbai
504712,Passenger_4712,Female,Delhi
504713,Passenger_4713,Male,Kolkata
504714,Passenger_4714,Female,Pune
504715,Passenger_4715,Male,Mumbai
504716,Passenger_4716,Female,Jaipur
504717,Passenger_4717,Female,Jaipur
504718,Passenger_4718,Male,Chennai
504719,Passenger_4719,Male,Bengaluru
504720,Passenger_4720,Male,Hyderabad
504721,Passenger_4721,Female,Kolkata
504722,Passenger_4722,Female,Mumbai
504723,Passenger_4723,Female,Pune
504724,Passenger_4724,Female,Jaipur
504725,Passenger_4725,Male,Hyderabad
504726,Passenger_4726,Male,Pune
504727,Passenger_4727,Female,Kolkata
504728,Passenger_4728,Female,Mumbai
504729,Passenger_4729,Male,Chennai
504730,Passenger_4730,Male,Delhi
504731,Passenger_4731,Male,Jaipur
504732,Passenger_4732,Female,Bengaluru
504733,Passenger_4733,Female,Kolkata
504734,Passenger_4734,Female,Mumbai
504735,Passenger_4735,Female,Jaipur
504736,Passenger_4736,Female,Pune
504737,Passenger_4737,Male,Chennai
504738,Passenger_4738,Male,Hyderabad
504739,Passenger_4739,Female,Pune
504740,Passenger_4740,Female,Kolkata
504741,Passenger_4741,Male,Chennai
504742,Passenger_4742,Male,Mumbai
504743,Passenger_4743,Female,Bengaluru
504744,Passenger_4744,Female,Mumbai
504745,Passenger_4745,Male,Chennai
504746,Passenger_4746,Female,Delhi
504747,Passenger_4747,Female,Kolkata
504748,Passenger_4748,Female,Pune
504749,Passenger_4749,Male,Bengaluru
504750,Passenger_4750,Male,Chennai
504751,Passenger_4751,Male,Pune
504752,Passenger_4752,Female,Kolkata
504753,Passenger_4753,Male,Mumbai
504754,Passenger_4754,Male,Kolkata
504755,Passenger_4755,Female,Hyderabad
504756,Passenger_4756,Female,Mumbai
504757,Passenger_4757,Female,Bengaluru
504758,Passenger_4758,Female,Hyderabad
504759,Passenger_4759,Male,Bengaluru
504760,Passenger_4760,Male,Chennai
504761,Passenger_4761,Male,Kolkata
504762,Passenger_4762,Female,Hyderabad
504763,Passenger_4763,Male,Hyderabad
504764,Passenger_4764,Male,Delhi
504765,Passenger_4765,Male,Pune
504766,Passenger_4766,Female,Bengaluru
504767,Passenger_4767,Male,Hyderabad
504768,Passenger_4768,Male,Chennai
504769,Passenger_4769,Male,Mumbai
504770,Passenger_4770,Male,Chennai
504771,Passenger_4771,Male,Hyderabad
504772,Passenger_4772,Female,Delhi
504773,Passenger_4773,Female,Delhi
504774,Passenger_4774,Male,Hyderabad
504775,Passenger_4775,Male,Hyderabad
504776,Passenger_4776,Male,Delhi
504777,Passenger_4777,Female,Hyderabad
504778,Passenger_4778,Female,Kolkata
504779,Passenger_4779,Female,Pune
504780,Passenger_4780,Female,Hyderabad
504781,Passenger_4781,Male,Delhi
504782,Passenger_4782,Female,Jaipur
504783,Passenger_4783,Male,Mumbai
504784,Passenger_4784,Female,Delhi
504785,Passenger_4785,Female,Bengaluru
504786,Passenger_4786,Female,Hyderabad
504787,Passenger_4787,Female,Hyderabad
504788,Passenger_4788,Female,Delhi
504789,Passenger_4789,Male,Hyderabad
504790,Passenger_4790,Male,Chennai
504791,Passenger_4791,Female,Chennai
504792,Passenger_4792,Female,Chennai
504793,Passenger_4793,Female,Chennai
504794,Passenger_4794,Male,Kolkata
504795,Passenger_4795,Male,Bengaluru
504796,Passenger_4796,Female,Mumbai
504797,Passenger_4797,Male,Bengaluru
504798,Passenger_4798,Female,Chennai
504799,Passenger_4799,Female,Jaipur
504800,Passenger_4800,Male,Mumbai
504801,Passenger_4801,Male,Jaipur
504802,Passenger_4802,Female,Mumbai
504803,Passenger_4803,Female,Delhi
504804,Passenger_4804,Female,Bengaluru
504805,Passenger_4805,Male,Delhi
504806,Passenger_4806,Male,Chennai
504807,Passenger_4807,Female,Mumbai
504808,Passenger_4808,Male,Chennai
504809,Passenger_4809,Female,Pune
504810,Passenger_4810,Female,Mumbai
504811,Passenger_4811,Female,Hyderabad
504812,Passenger_4812,Female,Chennai
504813,Passenger_4813,Male,Delhi
504814,Passenger_4814,Female,Pune
504815,Passenger_4815,Female,Jaipur
504816,Passenger_4816,Female,Kolkata
504817,Passenger_4817,Male,Delhi
504818,Passenger_4818,Female,Jaipur
504819,Passenger_4819,Male,Bengaluru
504820,Passenger_4820,Male,Delhi
504821,Passenger_4821,Female,Chennai
504822,Passenger_4822,Male,Kolkata
504823,Passenger_4823,Female,Pune
504824,Passenger_4824,Male,Jaipur
504825,Passenger_4825,Male,Bengaluru
504826,Passenger_4826,Male,Delhi
504827,Passenger_4827,Male,Kolkata
504828,Passenger_4828,Male,Mumbai
504829,Passenger_4829,Male,Mumbai
504830,Passenger_4830,Female,Pune
504831,Passenger_4831,Male,Chennai
504832,Passenger_4832,Female,Bengaluru
504833,Passenger_4833,Female,Kolkata
504834,Passenger_4834,Female,Delhi
504835,Passenger_4835,Female,Kolkata
504836,Passenger_4836,Male,Mumbai
504837,Passenger_4837,Female,Hyderabad
504838,Passenger_4838,Female,Delhi
504839,Passenger_4839,Female,Pune
504840,Passenger_4840,Female,Delhi
504841,Passenger_4841,Male,Mumbai
504842,Passenger_4842,Female,Chennai
504843,Passenger_4843,Female,Jaipur
504844,Passenger_4844,Male,Kolkata
504845,Passenger_4845,Male,Kolkata
504846,Passenger_4846,Female,Mumbai
504847,Passenger_4847,Female,Jaipur
504848,Passenger_4848,Male,Hyderabad
504849,Passenger_4849,Female,Jaipur
504850,Passenger_4850,Male,Pune
504851,Passenger_4851,Male,Mumbai
504852,Passenger_4852,Female,Hyderabad
504853,Passenger_4853,Female,Jaipur
504854,Passenger_4854,Male,Jaipur
504855,Passenger_4855,Male,Bengaluru
504856,Passenger_4856,Male,Jaipur
504857,Passenger_4857,Female,Delhi
504858,Passenger_4858,Male,Jaipur
504859,Passenger_4859,Female,Jaipur
504860,Passenger_4860,Male,Pune
504861,Passenger_4861,Male,Mumbai
504862,Passenger_4862,Male,Mumbai
504863,Passenger_4863,Male,Kolkata
504864,Passenger_4864,Female,Jaipur
504865,Passenger_4865,Female,Kolkata
504866,Passenger_4866,Male,Delhi
504867,Passenger_4867,Male,Jaipur
504868,Passenger_4868,Male,Bengaluru
504869,Passenger_4869,Male,Chennai
504870,Passenger_4870,Male,Delhi
504871,Passenger_4871,Female,Hyderabad
504872,Passenger_4872,Female,Jaipur
504873,Passenger_4873,Male,Hyderabad
504874,Passenger_4874,Female,Delhi
504875,Passenger_4875,Female,Kolkata
504876,Passenger_4876,Female,Hyderabad
504877,Passenger_4877,Female,Kolkata
504878,Passenger_4878,Female,Delhi
504879,Passenger_4879,Male,Bengaluru
504880,Passenger_4880,Male,Mumbai
504881,Passenger_4881,Female,Bengaluru
504882,Passenger_4882,Female,Delhi
504883,Passenger_4883,Female,Bengaluru
504884,Passenger_4884,Male,Pune
504885,Passenger_4885,Male,Pune
504886,Passenger_4886,Female,Jaipur
504887,Passenger_4887,Female,Delhi
504888,Passenger_4888,Male,Mumbai
504889,Passenger_4889,Male,Delhi
504890,Passenger_4890,Male,Jaipur
504891,Passenger_4891,Male,Mumbai
504892,Passenger_4892,Female,Chennai
504893,Passenger_4893,Female,Chennai
504894,Passenger_4894,Male,Pune
504895,Passenger_4895,Female,Bengaluru
504896,Passenger_4896,Female,Mumbai
504897,Passenger_4897,Female,Jaipur
504898,Passenger_4898,Female,Mumbai
504899,Passenger_4899,Male,Bengaluru
504900,Passenger_4900,Female,Jaipur
504901,Passenger_4901,Female,Bengaluru
504902,Passenger_4902,Female,Delhi
504903,Passenger_4903,Female,Pune
504904,Passenger_4904,Female,Chennai
504905,Passenger_4905,Female,Mumbai
504906,Passenger_4906,Female,Chennai
504907,Passenger_4907,Male,Jaipur
504908,Passenger_4908,Female,Chennai
504909,Passenger_4909,Female,Chennai
504910,Passenger_4910,Male,Mumbai
504911,Passenger_4911,Female,Kolkata
504912,Passenger_4912,Male,Pune
504913,Passenger_4913,Male,Bengaluru
504914,Passenger_4914,Male,Bengaluru
504915,Passenger_4915,Male,Kolkata
504916,Passenger_4916,Female,Mumbai
504917,Passenger_4917,Male,Jaipur
504918,Passenger_4918,Female,Mumbai
504919,Passenger_4919,Female,Bengaluru
504920,Passenger_4920,Female,Chennai
504921,Passenger_4921,Female,Bengaluru
504922,Passenger_4922,Male,Kolkata
504923,Passenger_4923,Female,Kolkata
504924,Passenger_4924,Male,Bengaluru
504925,Passenger_4925,Male,Pune
504926,Passenger_4926,Female,Pune
504927,Passenger_4927,Female,Chennai
504928,Passenger_4928,Male,Kolkata
504929,Passenger_4929,Male,Mumbai
504930,Passenger_4930,Male,Hyderabad
504931,Passenger_4931,Male,Delhi
504932,Passenger_4932,Female,Hyderabad
504933,Passenger_4933,Female,Mumbai
504934,Passenger_4934,Male,Pune
504935,Passenger_4935,Male,Jaipur
504936,Passenger_4936,Female,Chennai
504937,Passenger_4937,Male,Hyderabad
504938,Passenger_4938,Female,Kolkata
504939,Passenger_4939,Male,Bengaluru
504940,Passenger_4940,Female,Bengaluru
504941,Passenger_4941,Male,Hyderabad
504942,Passenger_4942,Female,Jaipur
504943,Passenger_4943,Female,Chennai
504944,Passenger_4944,Male,Chennai
504945,Passenger_4945,Female,Delhi
504946,Passenger_4946,Female,Hyderabad
504947,Passenger_4947,Female,Mumbai
504948,Passenger_4948,Male,Hyderabad
504949,Passenger_4949,Male,Jaipur
504950,Passenger_4950,Female,Bengaluru
504951,Passenger_4951,Female,Bengaluru
504952,Passenger_4952,Female,Pune
504953,Passenger_4953,Male,Kolkata
504954,Passenger_4954,Male,Mumbai
504955,Passenger_4955,Female,Jaipur
504956,Passenger_4956,Male,Jaipur
504957,Passenger_4957,Female,Bengaluru
504958,Passenger_4958,Female,Jaipur
504959,Passenger_4959,Female,Hyderabad
504960,Passenger_4960,Male,Pune
504961,Passenger_4961,Female,Mumbai
504962,Passenger_4962,Female,Hyderabad
504963,Passenger_4963,Male,Delhi
504964,Passenger_4964,Female,Kolkata
504965,Passenger_4965,Male,Kolkata
504966,Passenger_4966,Female,Hyderabad
504967,Passenger_4967,Male,Jaipur
504968,Passenger_4968,Male,Delhi
504969,Passenger_4969,Female,Mumbai
504970,Passenger_4970,Female,Bengaluru
504971,Passenger_4971,Female,Kolkata
504972,Passenger_4972,Male,Delhi
504973,Passenger_4973,Male,Pune
504974,Passenger_4974,Male,Hyderabad
504975,Passenger_4975,Male,Delhi
504976,Passenger_4976,Male,Bengaluru
504977,Passenger_4977,Male,Pune
504978,Passenger_4978,Female,Bengaluru
504979,Passenger_4979,Female,Kolkata
504980,Passenger_4980,Female,Bengaluru
504981,Passenger_4981,Male,Bengaluru
504982,Passenger_4982,Female,Kolkata
504983,Passenger_4983,Male,Delhi
504984,Passenger_4984,Female,Kolkata
504985,Passenger_4985,Male,Hyderabad
504986,Passenger_4986,Female,Bengaluru
504987,Passenger_4987,Female,Mumbai
504988,Passenger_4988,Male,Mumbai
504989,Passenger_4989,Male,Chennai
504990,Passenger_4990,Female,Delhi
504991,Passenger_4991,Male,Pune
504992,Passenger_4992,Male,Chennai
504993,Passenger_4993,Male,Delhi
504994,Passenger_4994,Female,Mumbai
504995,Passenger_4995,Male,Bengaluru
504996,Passenger_4996,Male,Delhi
504997,Passenger_4997,Male,Pune
504998,Passenger_4998,Female,Chennai
504999,Passenger_4999,Male,Mumbai
505000,Passenger_5000,Male,Bengaluru
505001,Passenger_5001,Male,Jaipur
505002,Passenger_5002,Female,Kolkata
505003,Passenger_5003,Female,Delhi
505004,Passenger_5004,Male,Mumbai
505005,Passenger_5005,Female,Chennai
505006,Passenger_5006,Male,Bengaluru
505007,Passenger_5007,Female,Mumbai
505008,Passenger_5008,Female,Kolkata
505009,Passenger_5009,Female,Pune
505010,Passenger_5010,Male,Mumbai
505011,Passenger_5011,Female,Chennai
505012,Passenger_5012,Male,Kolkata
505013,Passenger_5013,Female,Mumbai
505014,Passenger_5014,Male,Delhi
505015,Passenger_5015,Male,Pune
505016,Passenger_5016,Female,Kolkata
505017,Passenger_5017,Male,Kolkata
505018,Passenger_5018,Female,Bengaluru
505019,Passenger_5019,Male,Pune
505020,Passenger_5020,Female,Hyderabad
505021,Passenger_5021,Male,Kolkata
505022,Passenger_5022,Male,Hyderabad
505023,Passenger_5023,Female,Jaipur
505024,Passenger_5024,Male,Hyderabad
505025,Passenger_5025,Female,Mumbai
505026,Passenger_5026,Male,Bengaluru
505027,Passenger_5027,Female,Mumbai
505028,Passenger_5028,Female,Delhi
505029,Passenger_5029,Male,Hyderabad
505030,Passenger_5030,Female,Jaipur
505031,Passenger_5031,Female,Chennai
505032,Passenger_5032,Female,Hyderabad
505033,Passenger_5033,Male,Hyderabad
505034,Passenger_5034,Male,Pune
505035,Passenger_5035,Female,Jaipur
505036,Passenger_5036,Female,Bengaluru
505037,Passenger_5037,Female,Delhi
505038,Passenger_5038,Female,Pune
505039,Passenger_5039,Male,Jaipur
505040,Passenger_5040,Male,Hyderabad
505041,Passenger_5041,Male,Jaipur
505042,Passenger_5042,Female,Bengaluru
505043,Passenger_5043,Male,Kolkata
505044,Passenger_5044,Male,Bengaluru
505045,Passenger_5045,Female,Mumbai
505046,Passenger_5046,Male,Hyderabad
505047,Passenger_5047,Male,Delhi
505048,Passenger_5048,Male,Chennai
505049,Passenger_5049,Male,Chennai
505050,Passenger_5050,Male,Kolkata
505051,Passenger_5051,Male,Mumbai
505052,Passenger_5052,Male,Bengaluru
505053,Passenger_5053,Male,Bengaluru
505054,Passenger_5054,Female,Hyderabad
505055,Passenger_5055,Female,Hyderabad
505056,Passenger_5056,Male,Chennai
505057,Passenger_5057,Female,Kolkata
505058,Passenger_5058,Female,Delhi
505059,Passenger_5059,Female,Pune
505060,Passenger_5060,Male,Bengaluru
505061,Passenger_5061,Male,Delhi
505062,Passenger_5062,Female,Bengaluru
505063,Passenger_5063,Female,Chennai
505064,Passenger_5064,Female,Jaipur
505065,Passenger_5065,Male,Hyderabad
505066,Passenger_5066,Female,Mumbai
505067,Passenger_5067,Female,Chennai
505068,Passenger_5068,Male,Chennai
505069,Passenger_5069,Female,Pune
505070,Passenger_5070,Male,Jaipur
505071,Passenger_5071,Female,Hyderabad
505072,Passenger_5072,Male,Bengaluru
505073,Passenger_5073,Male,Bengaluru
505074,Passenger_5074,Male,Mumbai
505075,Passenger_5075,Male,Kolkata
505076,Passenger_5076,Male,Kolkata
505077,Passenger_5077,Female,Hyderabad
505078,Passenger_5078,Male,Delhi
505079,Passenger_5079,Female,Bengaluru
505080,Passenger_5080,Female,Hyderabad
505081,Passenger_5081,Female,Bengaluru
505082,Passenger_5082,Female,Mumbai
505083,Passenger_5083,Male,Delhi
505084,Passenger_5084,Female,Hyderabad
505085,Passenger_5085,Female,Mumbai
505086,Passenger_5086,Male,Bengaluru
505087,Passenger_5087,Female,Hyderabad
505088,Passenger_5088,Male,Kolkata
505089,Passenger_5089,Female,Hyderabad
505090,Passenger_5090,Female,Kolkata
505091,Passenger_5091,Male,Hyderabad
505092,Passenger_5092,Female,Jaipur
505093,Passenger_5093,Female,Bengaluru
505094,Passenger_5094,Male,Kolkata
505095,Passenger_5095,Female,Delhi
505096,Passenger_5096,Male,Bengaluru
505097,Passenger_5097,Female,Mumbai
505098,Passenger_5098,Female,Pune
505099,Passenger_5099,Male,Hyderabad
505100,Passenger_5100,Female,Mumbai
505101,Passenger_5101,Male,Bengaluru
505102,Passenger_5102,Female,Chennai
505103,Passenger_5103,Female,Delhi
505104,Passenger_5104,Male,Delhi
505105,Passenger_5105,Male,Pune
505106,Passenger_5106,Female,Delhi
505107,Passenger_5107,Female,Mumbai
505108,Passenger_5108,Female,Kolkata
505109,Passenger_5109,Male,Hyderabad
505110,Passenger_5110,Male,Hyderabad
505111,Passenger_5111,Male,Delhi
505112,Passenger_5112,Female,Chennai
505113,Passenger_5113,Female,Chennai
505114,Passenger_5114,Female,Hyderabad
505115,Passenger_5115,Male,Hyderabad
505116,Passenger_5116,Male,Mumbai
505117,Passenger_5117,Female,Mumbai
505118,Passenger_5118,Male,Pune
505119,Passenger_5119,Female,Chennai
505120,Passenger_5120,Female,Chennai
505121,Passenger_5121,Female,Jaipur
505122,Passenger_5122,Female,Bengaluru
505123,Passenger_5123,Female,Hyderabad
505124,Passenger_5124,Female,Bengaluru
505125,Passenger_5125,Female,Chennai
505126,Passenger_5126,Female,Chennai
505127,Passenger_5127,Female,Bengaluru
505128,Passenger_5128,Female,Hyderabad
505129,Passenger_5129,Male,Jaipur
505130,Passenger_5130,Female,Delhi
505131,Passenger_5131,Male,Bengaluru
505132,Passenger_5132,Female,Chennai
505133,Passenger_5133,Female,Bengaluru
505134,Passenger_5134,Male,Kolkata
505135,Passenger_5135,Male,Jaipur
505136,Passenger_5136,Male,Mumbai
505137,Passenger_5137,Male,Mumbai
505138,Passenger_5138,Male,Delhi
505139,Passenger_5139,Female,Bengaluru
505140,Passenger_5140,Male,Pune
505141,Passenger_5141,Male,Jaipur
505142,Passenger_5142,Female,Kolkata
505143,Passenger_5143,Male,Bengaluru
505144,Passenger_5144,Female,Chennai
505145,Passenger_5145,Male,Bengaluru
505146,Passenger_5146,Male,Kolkata
505147,Passenger_5147,Male,Chennai
505148,Passenger_5148,Male,Delhi
505149,Passenger_5149,Female,Jaipur
505150,Passenger_5150,Female,Bengaluru
505151,Passenger_5151,Female,Bengaluru
505152,Passenger_5152,Female,Hyderabad
505153,Passenger_5153,Female,Kolkata
505154,Passenger_5154,Female,Jaipur
505155,Passenger_5155,Female,Jaipur
505156,Passenger_5156,Male,Chennai
505157,Passenger_5157,Female,Hyderabad
505158,Passenger_5158,Female,Chennai
505159,Passenger_5159,Male,Hyderabad
505160,Passenger_5160,Male,Pune
505161,Passenger_5161,Male,Kolkata
505162,Passenger_5162,Female,Pune
505163,Passenger_5163,Female,Bengaluru
505164,Passenger_5164,Female,Bengaluru
505165,Passenger_5165,Male,Hyderabad
505166,Passenger_5166,Male,Mumbai
505167,Passenger_5167,Female,Hyderabad
505168,Passenger_5168,Female,Jaipur
505169,Passenger_5169,Female,Hyderabad
505170,Passenger_5170,Male,Chennai
505171,Passenger_5171,Female,Bengaluru
505172,Passenger_5172,Female,Delhi
505173,Passenger_5173,Female,Chennai
505174,Passenger_5174,Male,Delhi
505175,Passenger_5175,Male,Kolkata
505176,Passenger_5176,Female,Bengaluru
505177,Passenger_5177,Female,Jaipur
505178,Passenger_5178,Female,Bengaluru
505179,Passenger_5179,Male,Mumbai
505180,Passenger_5180,Male,Kolkata
505181,Passenger_5181,Female,Jaipur
505182,Passenger_5182,Male,Bengaluru
505183,Passenger_5183,Female,Kolkata
505184,Passenger_5184,Male,Delhi
505185,Passenger_5185,Female,Delhi
505186,Passenger_5186,Female,Jaipur
505187,Passenger_5187,Male,Kolkata
505188,Passenger_5188,Female,Chennai
505189,Passenger_5189,Female,Hyderabad
505190,Passenger_5190,Male,Chennai
505191,Passenger_5191,Male,Delhi
505192,Passenger_5192,Female,Pune
505193,Passenger_5193,Female,Delhi
505194,Passenger_5194,Male,Kolkata
505195,Passenger_5195,Female,Pune
505196,Passenger_5196,Female,Mumbai
505197,Passenger_5197,Female,Kolkata
505198,Passenger_5198,Female,Kolkata
505199,Passenger_5199,Male,Jaipur
505200,Passenger_5200,Female,Jaipur
505201,Passenger_5201,Male,Hyderabad
505202,Passenger_5202,Male,Bengaluru
505203,Passenger_5203,Female,Kolkata
505204,Passenger_5204,Female,Kolkata
505205,Passenger_5205,Female,Bengaluru
505206,Passenger_5206,Female,Pune
505207,Passenger_5207,Male,Chennai
505208,Passenger_5208,Female,Kolkata
505209,Passenger_5209,Male,Hyderabad
505210,Passenger_5210,Female,Hyderabad
505211,Passenger_5211,Male,Hyderabad
505212,Passenger_5212,Male,Bengaluru
505213,Passenger_5213,Female,Chennai
505214,Passenger_5214,Male,Pune
505215,Passenger_5215,Male,Chennai
505216,Passenger_5216,Male,Hyderabad
505217,Passenger_5217,Male,Jaipur
505218,Passenger_5218,Male,Bengaluru
505219,Passenger_5219,Male,Jaipur
505220,Passenger_5220,Female,Mumbai
505221,Passenger_5221,Male,Bengaluru
505222,Passenger_5222,Male,Pune
505223,Passenger_5223,Male,Chennai
505224,Passenger_5224,Female,Hyderabad
505225,Passenger_5225,Male,Kolkata
505226,Passenger_5226,Female,Kolkata
505227,Passenger_5227,Female,Delhi
505228,Passenger_5228,Male,Bengaluru
505229,Passenger_5229,Male,Pune
505230,Passenger_5230,Female,Kolkata
505231,Passenger_5231,Male,Mumbai
505232,Passenger_5232,Male,Delhi
505233,Passenger_5233,Male,Kolkata
505234,Passenger_5234,Female,Mumbai
505235,Passenger_5235,Male,Jaipur
505236,Passenger_5236,Male,Chennai
505237,Passenger_5237,Male,Delhi
505238,Passenger_5238,Male,Hyderabad
505239,Passenger_5239,Male,Delhi
505240,Passenger_5240,Female,Delhi
505241,Passenger_5241,Male,Bengaluru
505242,Passenger_5242,Male,Pune
505243,Passenger_5243,Female,Kolkata
505244,Passenger_5244,Female,Jaipur
505245,Passenger_5245,Female,Pune
505246,Passenger_5246,Female,Delhi
505247,Passenger_5247,Female,Bengaluru
505248,Passenger_5248,Male,Chennai
505249,Passenger_5249,Female,Mumbai
505250,Passenger_5250,Male,Bengaluru
505251,Passenger_5251,Male,Jaipur
505252,Passenger_5252,Male,Hyderabad
505253,Passenger_5253,Female,Bengaluru
505254,Passenger_5254,Female,Delhi
505255,Passenger_5255,Male,Kolkata
505256,Passenger_5256,Male,Hyderabad
505257,Passenger_5257,Female,Delhi
505258,Passenger_5258,Female,Jaipur
505259,Passenger_5259,Female,Jaipur
505260,Passenger_5260,Male,Mumbai
505261,Passenger_5261,Female,Hyderabad
505262,Passenger_5262,Female,Kolkata
505263,Passenger_5263,Female,Hyderabad
505264,Passenger_5264,Male,Mumbai
505265,Passenger_5265,Female,Delhi
505266,Passenger_5266,Female,Kolkata
505267,Passenger_5267,Female,Mumbai
505268,Passenger_5268,Female,Chennai
505269,Passenger_5269,Male,Mumbai
505270,Passenger_5270,Male,Bengaluru
505271,Passenger_5271,Male,Delhi
505272,Passenger_5272,Female,Chennai
505273,Passenger_5273,Female,Kolkata
505274,Passenger_5274,Male,Mumbai
505275,Passenger_5275,Male,Delhi
505276,Passenger_5276,Female,Bengaluru
505277,Passenger_5277,Female,Pune
505278,Passenger_5278,Female,Bengaluru
505279,Passenger_5279,Female,Mumbai
505280,Passenger_5280,Female,Mumbai
505281,Passenger_5281,Male,Pune
505282,Passenger_5282,Female,Mumbai
505283,Passenger_5283,Male,Kolkata
505284,Passenger_5284,Male,Pune
505285,Passenger_5285,Male,Pune
505286,Passenger_5286,Female,Delhi
505287,Passenger_5287,Female,Hyderabad
505288,Passenger_5288,Male,Hyderabad
505289,Passenger_5289,Female,Kolkata
505290,Passenger_5290,Female,Delhi
505291,Passenger_5291,Male,Mumbai
505292,Passenger_5292,Female,Chennai
505293,Passenger_5293,Female,Jaipur
505294,Passenger_5294,Male,Mumbai
505295,Passenger_5295,Male,Bengaluru
505296,Passenger_5296,Male,Mumbai
505297,Passenger_5297,Male,Kolkata
505298,Passenger_5298,Male,Bengaluru
505299,Passenger_5299,Male,Jaipur
505300,Passenger_5300,Male,Mumbai
505301,Passenger_5301,Male,Hyderabad
505302,Passenger_5302,Female,Bengaluru
505303,Passenger_5303,Male,Mumbai
505304,Passenger_5304,Male,Mumbai
505305,Passenger_5305,Female,Mumbai
505306,Passenger_5306,Female,Hyderabad
505307,Passenger_5307,Female,Delhi
505308,Passenger_5308,Male,Jaipur
505309,Passenger_5309,Male,Delhi
505310,Passenger_5310,Male,Jaipur
505311,Passenger_5311,Female,Bengaluru
505312,Passenger_5312,Male,Kolkata
505313,Passenger_5313,Male,Hyderabad
505314,Passenger_5314,Male,Hyderabad
505315,Passenger_5315,Female,Pune
505316,Passenger_5316,Female,Bengaluru
505317,Passenger_5317,Male,Bengaluru
505318,Passenger_5318,Male,Hyderabad
505319,Passenger_5319,Male,Bengaluru
505320,Passenger_5320,Female,Hyderabad
505321,Passenger_5321,Female,Kolkata
505322,Passenger_5322,Male,Bengaluru
505323,Passenger_5323,Female,Pune
505324,Passenger_5324,Male,Bengaluru
505325,Passenger_5325,Male,Chennai
505326,Passenger_5326,Male,Hyderabad
505327,Passenger_5327,Female,Bengaluru
505328,Passenger_5328,Female,Kolkata
505329,Passenger_5329,Male,Kolkata
505330,Passenger_5330,Female,Chennai
505331,Passenger_5331,Male,Chennai
505332,Passenger_5332,Female,Chennai
505333,Passenger_5333,Male,Delhi
505334,Passenger_5334,Male,Chennai
505335,Passenger_5335,Male,Pune
505336,Passenger_5336,Female,Delhi
505337,Passenger_5337,Male,Delhi
505338,Passenger_5338,Male,Delhi
505339,Passenger_5339,Male,Jaipur
505340,Passenger_5340,Female,Mumbai
505341,Passenger_5341,Female,Delhi
505342,Passenger_5342,Male,Bengaluru
505343,Passenger_5343,Male,Hyderabad
505344,Passenger_5344,Male,Pune
505345,Passenger_5345,Female,Mumbai
505346,Passenger_5346,Male,Mumbai
505347,Passenger_5347,Male,Kolkata
505348,Passenger_5348,Male,Kolkata
505349,Passenger_5349,Female,Jaipur
505350,Passenger_5350,Female,Hyderabad
505351,Passenger_5351,Male,Jaipur
505352,Passenger_5352,Female,Hyderabad
505353,Passenger_5353,Female,Delhi
505354,Passenger_5354,Male,Bengaluru
505355,Passenger_5355,Male,Chennai
505356,Passenger_5356,Male,Bengaluru
505357,Passenger_5357,Male,Jaipur
505358,Passenger_5358,Female,Pune
505359,Passenger_5359,Male,Pune
505360,Passenger_5360,Male,Pune
505361,Passenger_5361,Male,Delhi
505362,Passenger_5362,Female,Bengaluru
505363,Passenger_5363,Male,Jaipur
505364,Passenger_5364,Male,Delhi
505365,Passenger_5365,Male,Delhi
505366,Passenger_5366,Female,Delhi
505367,Passenger_5367,Male,Delhi
505368,Passenger_5368,Male,Kolkata
505369,Passenger_5369,Female,Chennai
505370,Passenger_5370,Female,Pune
505371,Passenger_5371,Male,Bengaluru
505372,Passenger_5372,Female,Bengaluru
505373,Passenger_5373,Female,Bengaluru
505374,Passenger_5374,Female,Pune
505375,Passenger_5375,Female,Jaipur
505376,Passenger_5376,Male,Mumbai
505377,Passenger_5377,Female,Jaipur
505378,Passenger_5378,Male,Pune
505379,Passenger_5379,Male,Chennai
505380,Passenger_5380,Female,Hyderabad
505381,Passenger_5381,Male,Jaipur
505382,Passenger_5382,Male,Hyderabad
505383,Passenger_5383,Male,Mumbai
505384,Passenger_5384,Male,Bengaluru
505385,Passenger_5385,Female,Delhi
505386,Passenger_5386,Female,Jaipur
505387,Passenger_5387,Male,Chennai
505388,Passenger_5388,Female,Jaipur
505389,Passenger_5389,Male,Pune
505390,Passenger_5390,Female,Bengaluru
505391,Passenger_5391,Female,Pune
505392,Passenger_5392,Female,Kolkata
505393,Passenger_5393,Female,Chennai
505394,Passenger_5394,Male,Bengaluru
505395,Passenger_5395,Male,Kolkata
505396,Passenger_5396,Male,Jaipur
505397,Passenger_5397,Female,Delhi
505398,Passenger_5398,Female,Pune
505399,Passenger_5399,Male,Kolkata
505400,Passenger_5400,Female,Bengaluru
505401,Passenger_5401,Female,Jaipur
505402,Passenger_5402,Male,Chennai
505403,Passenger_5403,Female,Jaipur
505404,Passenger_5404,Female,Pune
505405,Passenger_5405,Female,Delhi
505406,Passenger_5406,Female,Jaipur
505407,Passenger_5407,Male,Kolkata
505408,Passenger_5408,Female,Delhi
505409,Passenger_5409,Male,Delhi
505410,Passenger_5410,Female,Mumbai
505411,Passenger_5411,Male,Pune
505412,Passenger_5412,Male,Delhi
505413,Passenger_5413,Male,Jaipur
505414,Passenger_5414,Female,Delhi
505415,Passenger_5415,Male,Pune
505416,Passenger_5416,Female,Bengaluru
505417,Passenger_5417,Female,Mumbai
505418,Passenger_5418,Male,Hyderabad
505419,Passenger_5419,Male,Kolkata
505420,Passenger_5420,Male,Bengaluru
505421,Passenger_5421,Female,Delhi
505422,Passenger_5422,Female,Kolkata
505423,Passenger_5423,Male,Delhi
505424,Passenger_5424,Female,Kolkata
505425,Passenger_5425,Male,Bengaluru
505426,Passenger_5426,Female,Jaipur
505427,Passenger_5427,Female,Kolkata
505428,Passenger_5428,Male,Chennai
505429,Passenger_5429,Female,Mumbai
505430,Passenger_5430,Female,Pune
505431,Passenger_5431,Female,Hyderabad
505432,Passenger_5432,Female,Jaipur
505433,Passenger_5433,Male,Delhi
505434,Passenger_5434,Female,Chennai
505435,Passenger_5435,Female,Bengaluru
505436,Passenger_5436,Male,Pune
505437,Passenger_5437,Female,Bengaluru
505438,Passenger_5438,Female,Pune
505439,Passenger_5439,Male,Bengaluru
505440,Passenger_5440,Male,Chennai
505441,Passenger_5441,Female,Delhi
505442,Passenger_5442,Female,Pune
505443,Passenger_5443,Male,Mumbai
505444,Passenger_5444,Female,Bengaluru
505445,Passenger_5445,Female,Pune
505446,Passenger_5446,Female,Jaipur
505447,Passenger_5447,Male,Jaipur
505448,Passenger_5448,Female,Bengaluru
505449,Passenger_5449,Female,Mumbai
505450,Passenger_5450,Male,Pune
505451,Passenger_5451,Male,Pune
505452,Passenger_5452,Female,Mumbai
505453,Passenger_5453,Male,Hyderabad
505454,Passenger_5454,Male,Mumbai
505455,Passenger_5455,Female,Chennai
505456,Passenger_5456,Female,Kolkata
505457,Passenger_5457,Male,Delhi
505458,Passenger_5458,Female,Pune
505459,Passenger_5459,Female,Jaipur
505460,Passenger_5460,Male,Jaipur
505461,Passenger_5461,Female,Kolkata
505462,Passenger_5462,Male,Delhi
505463,Passenger_5463,Female,Bengaluru
505464,Passenger_5464,Male,Chennai
505465,Passenger_5465,Male,Hyderabad
505466,Passenger_5466,Female,Hyderabad
505467,Passenger_5467,Male,Delhi
505468,Passenger_5468,Male,Hyderabad
505469,Passenger_5469,Male,Jaipur
505470,Passenger_5470,Female,Hyderabad
505471,Passenger_5471,Female,Bengaluru
505472,Passenger_5472,Female,Mumbai
505473,Passenger_5473,Male,Delhi
505474,Passenger_5474,Female,Jaipur
505475,Passenger_5475,Female,Bengaluru
505476,Passenger_5476,Male,Pune
505477,Passenger_5477,Male,Mumbai
505478,Passenger_5478,Female,Bengaluru
505479,Passenger_5479,Female,Chennai
505480,Passenger_5480,Male,Chennai
505481,Passenger_5481,Female,Bengaluru
505482,Passenger_5482,Male,Jaipur
505483,Passenger_5483,Male,Bengaluru
505484,Passenger_5484,Male,Delhi
505485,Passenger_5485,Female,Pune
505486,Passenger_5486,Female,Pune
505487,Passenger_5487,Male,Pune
505488,Passenger_5488,Male,Jaipur
505489,Passenger_5489,Female,Pune
505490,Passenger_5490,Male,Jaipur
505491,Passenger_5491,Male,Chennai
505492,Passenger_5492,Male,Pune
505493,Passenger_5493,Male,Bengaluru
505494,Passenger_5494,Female,Kolkata
505495,Passenger_5495,Male,Pune
505496,Passenger_5496,Female,Pune
505497,Passenger_5497,Male,Delhi
505498,Passenger_5498,Female,Hyderabad
505499,Passenger_5499,Female,Chennai
505500,Passenger_5500,Male,Kolkata
505501,Passenger_5501,Male,Chennai
505502,Passenger_5502,Female,Jaipur
505503,Passenger_5503,Female,Hyderabad
505504,Passenger_5504,Male,Hyderabad
505505,Passenger_5505,Male,Hyderabad
505506,Passenger_5506,Male,Hyderabad
505507,Passenger_5507,Female,Pune
505508,Passenger_5508,Female,Pune
505509,Passenger_5509,Male,Chennai
505510,Passenger_5510,Female,Bengaluru
505511,Passenger_5511,Male,Mumbai
505512,Passenger_5512,Male,Jaipur
505513,Passenger_5513,Male,Hyderabad
505514,Passenger_5514,Female,Kolkata
505515,Passenger_5515,Female,Kolkata
505516,Passenger_5516,Female,Delhi
505517,Passenger_5517,Male,Mumbai
505518,Passenger_5518,Male,Kolkata
505519,Passenger_5519,Female,Delhi
505520,Passenger_5520,Female,Delhi
505521,Passenger_5521,Male,Kolkata
505522,Passenger_5522,Female,Jaipur
505523,Passenger_5523,Male,Bengaluru
505524,Passenger_5524,Female,Kolkata
505525,Passenger_5525,Female,Pune
505526,Passenger_5526,Male,Pune
505527,Passenger_5527,Female,Hyderabad
505528,Passenger_5528,Female,Kolkata
505529,Passenger_5529,Male,Pune
505530,Passenger_5530,Female,Delhi
505531,Passenger_5531,Male,Mumbai
505532,Passenger_5532,Male,Chennai
505533,Passenger_5533,Male,Mumbai
505534,Passenger_5534,Male,Bengaluru
505535,Passenger_5535,Male,Hyderabad
505536,Passenger_5536,Female,Jaipur
505537,Passenger_5537,Female,Chennai
505538,Passenger_5538,Female,Chennai
505539,Passenger_5539,Male,Jaipur
505540,Passenger_5540,Male,Hyderabad
505541,Passenger_5541,Female,Bengaluru
505542,Passenger_5542,Female,Hyderabad
505543,Passenger_5543,Male,Chennai
505544,Passenger_5544,Female,Kolkata
505545,Passenger_5545,Male,Mumbai
505546,Passenger_5546,Male,Jaipur
505547,Passenger_5547,Male,Hyderabad
505548,Passenger_5548,Female,Pune
505549,Passenger_5549,Female,Pune
505550,Passenger_5550,Male,Hyderabad
505551,Passenger_5551,Female,Bengaluru
505552,Passenger_5552,Male,Delhi
505553,Passenger_5553,Female,Kolkata
505554,Passenger_5554,Male,Pune
505555,Passenger_5555,Female,Kolkata
505556,Passenger_5556,Male,Chennai
505557,Passenger_5557,Female,Mumbai
505558,Passenger_5558,Female,Chennai
505559,Passenger_5559,Male,Hyderabad
505560,Passenger_5560,Female,Jaipur
505561,Passenger_5561,Male,Kolkata
505562,Passenger_5562,Male,Hyderabad
505563,Passenger_5563,Female,Pune
505564,Passenger_5564,Male,Hyderabad
505565,Passenger_5565,Male,Chennai
505566,Passenger_5566,Male,Mumbai
505567,Passenger_5567,Female,Kolkata
505568,Passenger_5568,Female,Jaipur
505569,Passenger_5569,Female,Chennai
505570,Passenger_5570,Female,Jaipur
505571,Passenger_5571,Female,Chennai
505572,Passenger_5572,Male,Pune
505573,Passenger_5573,Male,Pune
505574,Passenger_5574,Male,Jaipur
505575,Passenger_5575,Male,Jaipur
505576,Passenger_5576,Female,Jaipur
505577,Passenger_5577,Female,Jaipur
505578,Passenger_5578,Male,Chennai
505579,Passenger_5579,Female,Mumbai
505580,Passenger_5580,Male,Bengaluru
505581,Passenger_5581,Female,Kolkata
505582,Passenger_5582,Male,Mumbai
505583,Passenger_5583,Female,Chennai
505584,Passenger_5584,Male,Pune
505585,Passenger_5585,Male,Kolkata
505586,Passenger_5586,Male,Chennai
505587,Passenger_5587,Male,Hyderabad
505588,Passenger_5588,Female,Jaipur
505589,Passenger_5589,Female,Mumbai
505590,Passenger_5590,Male,Pune
505591,Passenger_5591,Male,Pune
505592,Passenger_5592,Male,Delhi
505593,Passenger_5593,Female,Pune
505594,Passenger_5594,Female,Pune
505595,Passenger_5595,Female,Pune
505596,Passenger_5596,Female,Chennai
505597,Passenger_5597,Male,Mumbai
505598,Passenger_5598,Male,Hyderabad
505599,Passenger_5599,Female,Kolkata
505600,Passenger_5600,Female,Hyderabad
505601,Passenger_5601,Female,Chennai
505602,Passenger_5602,Male,Delhi
505603,Passenger_5603,Female,Jaipur
505604,Passenger_5604,Male,Chennai
505605,Passenger_5605,Female,Delhi
505606,Passenger_5606,Female,Mumbai
505607,Passenger_5607,Female,Hyderabad
505608,Passenger_5608,Female,Delhi
505609,Passenger_5609,Female,Pune
505610,Passenger_5610,Female,Delhi
505611,Passenger_5611,Female,Chennai
505612,Passenger_5612,Female,Hyderabad
505613,Passenger_5613,Female,Bengaluru
505614,Passenger_5614,Female,Kolkata
505615,Passenger_5615,Male,Pune
505616,Passenger_5616,Female,Chennai
505617,Passenger_5617,Female,Pune
505618,Passenger_5618,Male,Jaipur
505619,Passenger_5619,Female,Hyderabad
505620,Passenger_5620,Male,Delhi
505621,Passenger_5621,Female,Chennai
505622,Passenger_5622,Female,Delhi
505623,Passenger_5623,Male,Delhi
505624,Passenger_5624,Female,Hyderabad
505625,Passenger_5625,Female,Kolkata
505626,Passenger_5626,Male,Jaipur
505627,Passenger_5627,Female,Delhi
505628,Passenger_5628,Female,Mumbai
505629,Passenger_5629,Female,Jaipur
505630,Passenger_5630,Male,Bengaluru
505631,Passenger_5631,Female,Kolkata
505632,Passenger_5632,Female,Delhi
505633,Passenger_5633,Female,Hyderabad
505634,Passenger_5634,Male,Delhi
505635,Passenger_5635,Female,Hyderabad
505636,Passenger_5636,Female,Jaipur
505637,Passenger_5637,Female,Pune
505638,Passenger_5638,Female,Mumbai
505639,Passenger_5639,Female,Hyderabad
505640,Passenger_5640,Female,Pune
505641,Passenger_5641,Female,Mumbai
505642,Passenger_5642,Female,Mumbai
505643,Passenger_5643,Male,Mumbai
505644,Passenger_5644,Male,Jaipur
505645,Passenger_5645,Male,Chennai
505646,Passenger_5646,Female,Hyderabad
505647,Passenger_5647,Male,Hyderabad
505648,Passenger_5648,Male,Pune
505649,Passenger_5649,Male,Jaipur
505650,Passenger_5650,Female,Kolkata
505651,Passenger_5651,Male,Bengaluru
505652,Passenger_5652,Female,Mumbai
505653,Passenger_5653,Male,Jaipur
505654,Passenger_5654,Male,Mumbai
505655,Passenger_5655,Male,Delhi
505656,Passenger_5656,Male,Bengaluru
505657,Passenger_5657,Male,Mumbai
505658,Passenger_5658,Male,Delhi
505659,Passenger_5659,Male,Bengaluru
505660,Passenger_5660,Female,Mumbai
505661,Passenger_5661,Female,Chennai
505662,Passenger_5662,Female,Bengaluru
505663,Passenger_5663,Male,Kolkata
505664,Passenger_5664,Male,Chennai
505665,Passenger_5665,Male,Hyderabad
505666,Passenger_5666,Female,Kolkata
505667,Passenger_5667,Female,Hyderabad
505668,Passenger_5668,Male,Kolkata
505669,Passenger_5669,Male,Mumbai
505670,Passenger_5670,Male,Mumbai
505671,Passenger_5671,Male,Jaipur
505672,Passenger_5672,Female,Kolkata
505673,Passenger_5673,Male,Hyderabad
505674,Passenger_5674,Female,Chennai
505675,Passenger_5675,Male,Pune
505676,Passenger_5676,Male,Mumbai
505677,Passenger_5677,Male,Pune
505678,Passenger_5678,Male,Pune
505679,Passenger_5679,Female,Kolkata
505680,Passenger_5680,Female,Hyderabad
505681,Passenger_5681,Female,Bengaluru
505682,Passenger_5682,Male,Jaipur
505683,Passenger_5683,Female,Kolkata
505684,Passenger_5684,Female,Delhi
505685,Passenger_5685,Male,Delhi
505686,Passenger_5686,Female,Hyderabad
505687,Passenger_5687,Female,Delhi
505688,Passenger_5688,Male,Delhi
505689,Passenger_5689,Female,Kolkata
505690,Passenger_5690,Male,Chennai
505691,Passenger_5691,Male,Jaipur
505692,Passenger_5692,Female,Hyderabad
505693,Passenger_5693,Male,Bengaluru
505694,Passenger_5694,Female,Mumbai
505695,Passenger_5695,Female,Hyderabad
505696,Passenger_5696,Female,Chennai
505697,Passenger_5697,Female,Delhi
505698,Passenger_5698,Male,Pune
505699,Passenger_5699,Male,Delhi
505700,Passenger_5700,Male,Hyderabad
505701,Passenger_5701,Female,Jaipur
505702,Passenger_5702,Male,Delhi
505703,Passenger_5703,Male,Delhi
505704,Passenger_5704,Female,Mumbai
505705,Passenger_5705,Male,Delhi
505706,Passenger_5706,Male,Mumbai
505707,Passenger_5707,Female,Jaipur
505708,Passenger_5708,Male,Bengaluru
505709,Passenger_5709,Male,Hyderabad
505710,Passenger_5710,Female,Chennai
505711,Passenger_5711,Female,Pune
505712,Passenger_5712,Male,Hyderabad
505713,Passenger_5713,Male,Mumbai
505714,Passenger_5714,Female,Kolkata
505715,Passenger_5715,Female,Jaipur
505716,Passenger_5716,Female,Delhi
505717,Passenger_5717,Male,Chennai
505718,Passenger_5718,Female,Kolkata
505719,Passenger_5719,Female,Bengaluru
505720,Passenger_5720,Male,Chennai
505721,Passenger_5721,Female,Kolkata
505722,Passenger_5722,Male,Kolkata
505723,Passenger_5723,Female,Chennai
505724,Passenger_5724,Female,Delhi
505725,Passenger_5725,Female,Bengaluru
505726,Passenger_5726,Male,Delhi
505727,Passenger_5727,Male,Hyderabad
505728,Passenger_5728,Male,Delhi
505729,Passenger_5729,Male,Mumbai
505730,Passenger_5730,Female,Chennai
505731,Passenger_5731,Male,Jaipur
505732,Passenger_5732,Male,Mumbai
505733,Passenger_5733,Male,Delhi
505734,Passenger_5734,Male,Bengaluru
505735,Passenger_5735,Female,Mumbai
505736,Passenger_5736,Male,Chennai
505737,Passenger_5737,Female,Delhi
505738,Passenger_5738,Male,Bengaluru
505739,Passenger_5739,Male,Jaipur
505740,Passenger_5740,Female,Mumbai
505741,Passenger_5741,Male,Hyderabad
505742,Passenger_5742,Female,Jaipur
505743,Passenger_5743,Male,Hyderabad
505744,Passenger_5744,Female,Mumbai
505745,Passenger_5745,Female,Chennai
505746,Passenger_5746,Male,Jaipur
505747,Passenger_5747,Female,Kolkata
505748,Passenger_5748,Male,Pune
505749,Passenger_5749,Male,Delhi
505750,Passenger_5750,Male,Kolkata
505751,Passenger_5751,Male,Mumbai
505752,Passenger_5752,Male,Kolkata
505753,Passenger_5753,Female,Jaipur
505754,Passenger_5754,Female,Pune
505755,Passenger_5755,Female,Jaipur
505756,Passenger_5756,Female,Bengaluru
505757,Passenger_5757,Female,Jaipur
505758,Passenger_5758,Female,Bengaluru
505759,Passenger_5759,Male,Kolkata
505760,Passenger_5760,Female,Delhi
505761,Passenger_5761,Female,Bengaluru
505762,Passenger_5762,Male,Kolkata
505763,Passenger_5763,Female,Pune
505764,Passenger_5764,Female,Kolkata
505765,Passenger_5765,Female,Mumbai
505766,Passenger_5766,Male,Mumbai
505767,Passenger_5767,Male,Jaipur
505768,Passenger_5768,Male,Pune
505769,Passenger_5769,Female,Mumbai
505770,Passenger_5770,Male,Mumbai
505771,Passenger_5771,Female,Hyderabad
505772,Passenger_5772,Female,Chennai
505773,Passenger_5773,Male,Delhi
505774,Passenger_5774,Female,Mumbai
505775,Passenger_5775,Female,Chennai
505776,Passenger_5776,Male,Delhi
505777,Passenger_5777,Male,Jaipur
505778,Passenger_5778,Female,Jaipur
505779,Passenger_5779,Female,Bengaluru
505780,Passenger_5780,Male,Hyderabad
505781,Passenger_5781,Female,Chennai
505782,Passenger_5782,Male,Bengaluru
505783,Passenger_5783,Male,Chennai
505784,Passenger_5784,Male,Kolkata
505785,Passenger_5785,Male,Kolkata
505786,Passenger_5786,Female,Hyderabad
505787,Passenger_5787,Male,Jaipur
505788,Passenger_5788,Female,Hyderabad
505789,Passenger_5789,Male,Bengaluru
505790,Passenger_5790,Female,Hyderabad
505791,Passenger_5791,Female,Kolkata
505792,Passenger_5792,Female,Bengaluru
505793,Passenger_5793,Male,Delhi
505794,Passenger_5794,Male,Jaipur
505795,Passenger_5795,Male,Jaipur
505796,Passenger_5796,Male,Mumbai
505797,Passenger_5797,Male,Jaipur
505798,Passenger_5798,Male,Pune
505799,Passenger_5799,Female,Kolkata
505800,Passenger_5800,Male,Mumbai
505801,Passenger_5801,Female,Kolkata
505802,Passenger_5802,Female,Bengaluru
505803,Passenger_5803,Female,Pune
505804,Passenger_5804,Female,Delhi
505805,Passenger_5805,Female,Kolkata
505806,Passenger_5806,Female,Bengaluru
505807,Passenger_5807,Female,Bengaluru
505808,Passenger_5808,Male,Pune
505809,Passenger_5809,Male,Mumbai
505810,Passenger_5810,Male,Kolkata
505811,Passenger_5811,Female,Delhi
505812,Passenger_5812,Male,Jaipur
505813,Passenger_5813,Male,Pune
505814,Passenger_5814,Female,Pune
505815,Passenger_5815,Female,Pune
505816,Passenger_5816,Female,Hyderabad
505817,Passenger_5817,Female,Pune
505818,Passenger_5818,Male,Bengaluru
505819,Passenger_5819,Male,Chennai
505820,Passenger_5820,Female,Jaipur
505821,Passenger_5821,Male,Kolkata
505822,Passenger_5822,Male,Pune
505823,Passenger_5823,Male,Delhi
505824,Passenger_5824,Male,Bengaluru
505825,Passenger_5825,Female,Delhi
505826,Passenger_5826,Female,Chennai
505827,Passenger_5827,Male,Jaipur
505828,Passenger_5828,Male,Delhi
505829,Passenger_5829,Female,Chennai
505830,Passenger_5830,Female,Delhi
505831,Passenger_5831,Male,Chennai
505832,Passenger_5832,Male,Mumbai
505833,Passenger_5833,Male,Jaipur
505834,Passenger_5834,Female,Delhi
505835,Passenger_5835,Female,Bengaluru
505836,Passenger_5836,Male,Bengaluru
505837,Passenger_5837,Male,Kolkata
505838,Passenger_5838,Male,Chennai
505839,Passenger_5839,Female,Jaipur
505840,Passenger_5840,Male,Bengaluru
505841,Passenger_5841,Female,Jaipur
505842,Passenger_5842,Male,Kolkata
505843,Passenger_5843,Male,Pune
505844,Passenger_5844,Male,Delhi
505845,Passenger_5845,Female,Kolkata
505846,Passenger_5846,Male,Jaipur
505847,Passenger_5847,Male,Kolkata
505848,Passenger_5848,Male,Delhi
505849,Passenger_5849,Female,Kolkata
505850,Passenger_5850,Male,Bengaluru
505851,Passenger_5851,Female,Delhi
505852,Passenger_5852,Female,Mumbai
505853,Passenger_5853,Female,Delhi
505854,Passenger_5854,Male,Pune
505855,Passenger_5855,Female,Chennai
505856,Passenger_5856,Male,Hyderabad
505857,Passenger_5857,Male,Bengaluru
505858,Passenger_5858,Male,Jaipur
505859,Passenger_5859,Female,Hyderabad
505860,Passenger_5860,Male,Bengaluru
505861,Passenger_5861,Female,Delhi
505862,Passenger_5862,Female,Chennai
505863,Passenger_5863,Female,Kolkata
505864,Passenger_5864,Male,Pune
505865,Passenger_5865,Male,Jaipur
505866,Passenger_5866,Male,Chennai
505867,Passenger_5867,Female,Bengaluru
505868,Passenger_5868,Male,Delhi
505869,Passenger_5869,Male,Hyderabad
505870,Passenger_5870,Male,Mumbai
505871,Passenger_5871,Female,Mumbai
505872,Passenger_5872,Female,Bengaluru
505873,Passenger_5873,Male,Delhi
505874,Passenger_5874,Female,Bengaluru
505875,Passenger_5875,Female,Jaipur
505876,Passenger_5876,Male,Kolkata
505877,Passenger_5877,Male,Pune
505878,Passenger_5878,Male,Bengaluru
505879,Passenger_5879,Male,Kolkata
505880,Passenger_5880,Female,Pune
505881,Passenger_5881,Male,Chennai
505882,Passenger_5882,Male,Bengaluru
505883,Passenger_5883,Female,Bengaluru
505884,Passenger_5884,Female,Kolkata
505885,Passenger_5885,Female,Chennai
505886,Passenger_5886,Male,Chennai
505887,Passenger_5887,Female,Bengaluru
505888,Passenger_5888,Male,Pune
505889,Passenger_5889,Female,Hyderabad
505890,Passenger_5890,Male,Chennai
505891,Passenger_5891,Male,Delhi
505892,Passenger_5892,Female,Pune
505893,Passenger_5893,Female,Jaipur
505894,Passenger_5894,Male,Delhi
505895,Passenger_5895,Female,Mumbai
505896,Passenger_5896,Female,Chennai
505897,Passenger_5897,Female,Delhi
505898,Passenger_5898,Male,Hyderabad
505899,Passenger_5899,Male,Delhi
505900,Passenger_5900,Female,Bengaluru
505901,Passenger_5901,Male,Chennai
505902,Passenger_5902,Female,Delhi
505903,Passenger_5903,Female,Kolkata
505904,Passenger_5904,Female,Hyderabad
505905,Passenger_5905,Male,Delhi
505906,Passenger_5906,Male,Kolkata
505907,Passenger_5907,Female,Delhi
505908,Passenger_5908,Female,Bengaluru
505909,Passenger_5909,Female,Chennai
505910,Passenger_5910,Male,Mumbai
505911,Passenger_5911,Male,Delhi
505912,Passenger_5912,Female,Hyderabad
505913,Passenger_5913,Male,Delhi
505914,Passenger_5914,Male,Delhi
505915,Passenger_5915,Male,Chennai
505916,Passenger_5916,Male,Delhi
505917,Passenger_5917,Female,Jaipur
505918,Passenger_5918,Female,Chennai
505919,Passenger_5919,Male,Mumbai
505920,Passenger_5920,Female,Chennai
505921,Passenger_5921,Male,Jaipur
505922,Passenger_5922,Male,Chennai
505923,Passenger_5923,Female,Chennai
505924,Passenger_5924,Male,Jaipur
505925,Passenger_5925,Male,Bengaluru
505926,Passenger_5926,Male,Mumbai
505927,Passenger_5927,Female,Delhi
505928,Passenger_5928,Male,Bengaluru
505929,Passenger_5929,Male,Bengaluru
505930,Passenger_5930,Male,Mumbai
505931,Passenger_5931,Male,Mumbai
505932,Passenger_5932,Male,Pune
505933,Passenger_5933,Male,Delhi
505934,Passenger_5934,Male,Delhi
505935,Passenger_5935,Male,Jaipur
505936,Passenger_5936,Male,Jaipur
505937,Passenger_5937,Male,Delhi
505938,Passenger_5938,Male,Mumbai
505939,Passenger_5939,Male,Pune
505940,Passenger_5940,Female,Chennai
505941,Passenger_5941,Male,Chennai
505942,Passenger_5942,Male,Hyderabad
505943,Passenger_5943,Female,Kolkata
505944,Passenger_5944,Male,Kolkata
505945,Passenger_5945,Male,Chennai
505946,Passenger_5946,Female,Kolkata
505947,Passenger_5947,Male,Hyderabad
505948,Passenger_5948,Female,Delhi
505949,Passenger_5949,Male,Jaipur
505950,Passenger_5950,Female,Mumbai
505951,Passenger_5951,Male,Jaipur
505952,Passenger_5952,Male,Jaipur
505953,Passenger_5953,Female,Chennai
505954,Passenger_5954,Male,Chennai
505955,Passenger_5955,Female,Chennai
505956,Passenger_5956,Female,Delhi
505957,Passenger_5957,Female,Delhi
505958,Passenger_5958,Female,Delhi
505959,Passenger_5959,Male,Bengaluru
505960,Passenger_5960,Female,Hyderabad
505961,Passenger_5961,Female,Jaipur
505962,Passenger_5962,Female,Kolkata
505963,Passenger_5963,Male,Kolkata
505964,Passenger_5964,Male,Delhi
505965,Passenger_5965,Male,Hyderabad
505966,Passenger_5966,Female,Hyderabad
505967,Passenger_5967,Female,Hyderabad
505968,Passenger_5968,Female,Bengaluru
505969,Passenger_5969,Male,Jaipur
505970,Passenger_5970,Male,Jaipur
505971,Passenger_5971,Female,Delhi
505972,Passenger_5972,Female,Hyderabad
505973,Passenger_5973,Female,Mumbai
505974,Passenger_5974,Female,Mumbai
505975,Passenger_5975,Male,Delhi
505976,Passenger_5976,Male,Jaipur
505977,Passenger_5977,Female,Mumbai
505978,Passenger_5978,Female,Kolkata
505979,Passenger_5979,Male,Jaipur
505980,Passenger_5980,Female,Pune
505981,Passenger_5981,Male,Kolkata
505982,Passenger_5982,Female,Kolkata
505983,Passenger_5983,Male,Delhi
505984,Passenger_5984,Male,Chennai
505985,Passenger_5985,Male,Jaipur
505986,Passenger_5986,Male,Bengaluru
505987,Passenger_5987,Male,Bengaluru
505988,Passenger_5988,Female,Pune
505989,Passenger_5989,Male,Kolkata
505990,Passenger_5990,Male,Jaipur
505991,Passenger_5991,Male,Kolkata
505992,Passenger_5992,Female,Bengaluru
505993,Passenger_5993,Male,Chennai
505994,Passenger_5994,Female,Mumbai
505995,Passenger_5995,Female,Chennai
505996,Passenger_5996,Female,Delhi
505997,Passenger_5997,Male,Hyderabad
505998,Passenger_5998,Female,Delhi
505999,Passenger_5999,Female,Chennai
506000,Passenger_6000,Male,Pune
506001,Passenger_6001,Female,Delhi
506002,Passenger_6002,Male,Pune
506003,Passenger_6003,Male,Delhi
506004,Passenger_6004,Female,Mumbai
506005,Passenger_6005,Male,Kolkata
506006,Passenger_6006,Female,Kolkata
506007,Passenger_6007,Male,Kolkata
506008,Passenger_6008,Female,Chennai
506009,Passenger_6009,Female,Mumbai
506010,Passenger_6010,Female,Chennai
506011,Passenger_6011,Male,Chennai
506012,Passenger_6012,Male,Mumbai
506013,Passenger_6013,Female,Bengaluru
506014,Passenger_6014,Female,Mumbai
506015,Passenger_6015,Male,Hyderabad
506016,Passenger_6016,Male,Hyderabad
506017,Passenger_6017,Female,Pune
506018,Passenger_6018,Male,Pune
506019,Passenger_6019,Male,Mumbai
506020,Passenger_6020,Male,Kolkata
506021,Passenger_6021,Female,Jaipur
506022,Passenger_6022,Male,Pune
506023,Passenger_6023,Female,Kolkata
506024,Passenger_6024,Female,Mumbai
506025,Passenger_6025,Female,Delhi
506026,Passenger_6026,Male,Hyderabad
506027,Passenger_6027,Male,Mumbai
506028,Passenger_6028,Female,Jaipur
506029,Passenger_6029,Male,Hyderabad
506030,Passenger_6030,Female,Bengaluru
506031,Passenger_6031,Male,Bengaluru
506032,Passenger_6032,Female,Jaipur
506033,Passenger_6033,Female,Hyderabad
506034,Passenger_6034,Male,Delhi
506035,Passenger_6035,Female,Chennai
506036,Passenger_6036,Female,Chennai
506037,Passenger_6037,Male,Pune
506038,Passenger_6038,Female,Hyderabad
506039,Passenger_6039,Female,Kolkata
506040,Passenger_6040,Female,Hyderabad
506041,Passenger_6041,Male,Delhi
506042,Passenger_6042,Female,Pune
506043,Passenger_6043,Female,Kolkata
506044,Passenger_6044,Male,Mumbai
506045,Passenger_6045,Female,Kolkata
506046,Passenger_6046,Female,Jaipur
506047,Passenger_6047,Male,Chennai
506048,Passenger_6048,Male,Kolkata
506049,Passenger_6049,Male,Chennai
506050,Passenger_6050,Female,Delhi
506051,Passenger_6051,Male,Mumbai
506052,Passenger_6052,Male,Hyderabad
506053,Passenger_6053,Female,Bengaluru
506054,Passenger_6054,Male,Bengaluru
506055,Passenger_6055,Male,Mumbai
506056,Passenger_6056,Male,Chennai
506057,Passenger_6057,Male,Kolkata
506058,Passenger_6058,Female,Delhi
506059,Passenger_6059,Male,Delhi
506060,Passenger_6060,Female,Pune
506061,Passenger_6061,Male,Chennai
506062,Passenger_6062,Male,Bengaluru
506063,Passenger_6063,Female,Chennai
506064,Passenger_6064,Male,Bengaluru
506065,Passenger_6065,Male,Kolkata
506066,Passenger_6066,Female,Chennai
506067,Passenger_6067,Female,Chennai
506068,Passenger_6068,Female,Chennai
506069,Passenger_6069,Female,Jaipur
506070,Passenger_6070,Female,Chennai
506071,Passenger_6071,Male,Delhi
506072,Passenger_6072,Female,Mumbai
506073,Passenger_6073,Female,Mumbai
506074,Passenger_6074,Male,Hyderabad
506075,Passenger_6075,Male,Bengaluru
506076,Passenger_6076,Female,Delhi
506077,Passenger_6077,Male,Jaipur
506078,Passenger_6078,Male,Mumbai
506079,Passenger_6079,Female,Kolkata
506080,Passenger_6080,Male,Chennai
506081,Passenger_6081,Male,Jaipur
506082,Passenger_6082,Female,Pune
506083,Passenger_6083,Male,Pune
506084,Passenger_6084,Male,Kolkata
506085,Passenger_6085,Male,Hyderabad
506086,Passenger_6086,Male,Jaipur
506087,Passenger_6087,Female,Bengaluru
506088,Passenger_6088,Female,Bengaluru
506089,Passenger_6089,Female,Jaipur
506090,Passenger_6090,Female,Delhi
506091,Passenger_6091,Male,Chennai
506092,Passenger_6092,Male,Mumbai
506093,Passenger_6093,Male,Chennai
506094,Passenger_6094,Male,Bengaluru
506095,Passenger_6095,Male,Jaipur
506096,Passenger_6096,Male,Pune
506097,Passenger_6097,Female,Mumbai
506098,Passenger_6098,Male,Hyderabad
506099,Passenger_6099,Female,Pune
506100,Passenger_6100,Male,Kolkata
506101,Passenger_6101,Male,Chennai
506102,Passenger_6102,Male,Delhi
506103,Passenger_6103,Male,Chennai
506104,Passenger_6104,Female,Delhi
506105,Passenger_6105,Male,Kolkata
506106,Passenger_6106,Male,Chennai
506107,Passenger_6107,Female,Hyderabad
506108,Passenger_6108,Female,Kolkata
506109,Passenger_6109,Male,Mumbai
506110,Passenger_6110,Female,Mumbai
506111,Passenger_6111,Female,Mumbai
506112,Passenger_6112,Female,Kolkata
506113,Passenger_6113,Female,Chennai
506114,Passenger_6114,Female,Pune
506115,Passenger_6115,Female,Chennai
506116,Passenger_6116,Male,Kolkata
506117,Passenger_6117,Female,Chennai
506118,Passenger_6118,Female,Bengaluru
506119,Passenger_6119,Female,Delhi
506120,Passenger_6120,Female,Chennai
506121,Passenger_6121,Male,Chennai
506122,Passenger_6122,Male,Delhi
506123,Passenger_6123,Male,Bengaluru
506124,Passenger_6124,Male,Bengaluru
506125,Passenger_6125,Male,Kolkata
506126,Passenger_6126,Female,Delhi
506127,Passenger_6127,Male,Hyderabad
506128,Passenger_6128,Female,Jaipur
506129,Passenger_6129,Male,Kolkata
506130,Passenger_6130,Male,Jaipur
506131,Passenger_6131,Male,Kolkata
506132,Passenger_6132,Female,Hyderabad
506133,Passenger_6133,Female,Chennai
506134,Passenger_6134,Male,Mumbai
506135,Passenger_6135,Female,Hyderabad
506136,Passenger_6136,Male,Delhi
506137,Passenger_6137,Male,Delhi
506138,Passenger_6138,Female,Delhi
506139,Passenger_6139,Female,Kolkata
506140,Passenger_6140,Male,Mumbai
506141,Passenger_6141,Female,Jaipur
506142,Passenger_6142,Female,Kolkata
506143,Passenger_6143,Male,Pune
506144,Passenger_6144,Male,Pune
506145,Passenger_6145,Female,Chennai
506146,Passenger_6146,Female,Hyderabad
506147,Passenger_6147,Female,Mumbai
506148,Passenger_6148,Female,Jaipur
506149,Passenger_6149,Female,Delhi
506150,Passenger_6150,Female,Bengaluru
506151,Passenger_6151,Male,Pune
506152,Passenger_6152,Male,Mumbai
506153,Passenger_6153,Male,Hyderabad
506154,Passenger_6154,Male,Kolkata
506155,Passenger_6155,Female,Kolkata
506156,Passenger_6156,Female,Kolkata
506157,Passenger_6157,Male,Delhi
506158,Passenger_6158,Male,Hyderabad
506159,Passenger_6159,Male,Kolkata
506160,Passenger_6160,Male,Bengaluru
506161,Passenger_6161,Male,Mumbai
506162,Passenger_6162,Male,Bengaluru
506163,Passenger_6163,Male,Hyderabad
506164,Passenger_6164,Female,Bengaluru
506165,Passenger_6165,Male,Delhi
506166,Passenger_6166,Male,Pune
506167,Passenger_6167,Male,Chennai
506168,Passenger_6168,Female,Pune
506169,Passenger_6169,Female,Hyderabad
506170,Passenger_6170,Female,Chennai
506171,Passenger_6171,Male,Jaipur
506172,Passenger_6172,Female,Delhi
506173,Passenger_6173,Female,Pune
506174,Passenger_6174,Male,Pune
506175,Passenger_6175,Female,Jaipur
506176,Passenger_6176,Male,Kolkata
506177,Passenger_6177,Male,Chennai
506178,Passenger_6178,Female,Mumbai
506179,Passenger_6179,Male,Chennai
506180,Passenger_6180,Male,Delhi
506181,Passenger_6181,Female,Bengaluru
506182,Passenger_6182,Male,Chennai
506183,Passenger_6183,Male,Mumbai
506184,Passenger_6184,Female,Chennai
506185,Passenger_6185,Female,Mumbai
506186,Passenger_6186,Female,Pune
506187,Passenger_6187,Female,Pune
506188,Passenger_6188,Male,Bengaluru
506189,Passenger_6189,Male,Delhi
506190,Passenger_6190,Male,Hyderabad
506191,Passenger_6191,Female,Hyderabad
506192,Passenger_6192,Female,Pune
506193,Passenger_6193,Female,Bengaluru
506194,Passenger_6194,Female,Bengaluru
506195,Passenger_6195,Female,Chennai
506196,Passenger_6196,Female,Delhi
506197,Passenger_6197,Male,Jaipur
506198,Passenger_6198,Female,Bengaluru
506199,Passenger_6199,Male,Delhi
506200,Passenger_6200,Female,Bengaluru
506201,Passenger_6201,Male,Bengaluru
506202,Passenger_6202,Male,Chennai
506203,Passenger_6203,Female,Bengaluru
506204,Passenger_6204,Female,Bengaluru
506205,Passenger_6205,Female,Chennai
506206,Passenger_6206,Female,Mumbai
506207,Passenger_6207,Male,Delhi
506208,Passenger_6208,Male,Jaipur
506209,Passenger_6209,Male,Chennai
506210,Passenger_6210,Male,Kolkata
506211,Passenger_6211,Female,Kolkata
506212,Passenger_6212,Female,Chennai
506213,Passenger_6213,Female,Jaipur
506214,Passenger_6214,Female,Hyderabad
506215,Passenger_6215,Male,Mumbai
506216,Passenger_6216,Female,Kolkata
506217,Passenger_6217,Male,Kolkata
506218,Passenger_6218,Female,Kolkata
506219,Passenger_6219,Female,Jaipur
506220,Passenger_6220,Male,Kolkata
506221,Passenger_6221,Male,Delhi
506222,Passenger_6222,Male,Pune
506223,Passenger_6223,Female,Mumbai
506224,Passenger_6224,Female,Chennai
506225,Passenger_6225,Male,Hyderabad
506226,Passenger_6226,Female,Jaipur
506227,Passenger_6227,Female,Mumbai
506228,Passenger_6228,Female,Bengaluru
506229,Passenger_6229,Female,Chennai
506230,Passenger_6230,Male,Bengaluru
506231,Passenger_6231,Male,Bengaluru
506232,Passenger_6232,Male,Hyderabad
506233,Passenger_6233,Male,Jaipur
506234,Passenger_6234,Female,Jaipur
506235,Passenger_6235,Female,Chennai
506236,Passenger_6236,Female,Delhi
506237,Passenger_6237,Male,Bengaluru
506238,Passenger_6238,Male,Mumbai
506239,Passenger_6239,Female,Kolkata
506240,Passenger_6240,Male,Chennai
506241,Passenger_6241,Male,Hyderabad
506242,Passenger_6242,Female,Bengaluru
506243,Passenger_6243,Male,Jaipur
506244,Passenger_6244,Female,Mumbai
506245,Passenger_6245,Male,Pune
506246,Passenger_6246,Male,Mumbai
506247,Passenger_6247,Male,Chennai
506248,Passenger_6248,Male,Kolkata
506249,Passenger_6249,Male,Mumbai
506250,Passenger_6250,Male,Jaipur
506251,Passenger_6251,Female,Chennai
506252,Passenger_6252,Male,Delhi
506253,Passenger_6253,Male,Mumbai
506254,Passenger_6254,Male,Mumbai
506255,Passenger_6255,Female,Mumbai
506256,Passenger_6256,Male,Chennai
506257,Passenger_6257,Male,Chennai
506258,Passenger_6258,Male,Kolkata
506259,Passenger_6259,Male,Bengaluru
506260,Passenger_6260,Female,Chennai
506261,Passenger_6261,Female,Bengaluru
506262,Passenger_6262,Female,Delhi
506263,Passenger_6263,Male,Delhi
506264,Passenger_6264,Female,Jaipur
506265,Passenger_6265,Male,Hyderabad
506266,Passenger_6266,Male,Delhi
506267,Passenger_6267,Female,Jaipur
506268,Passenger_6268,Male,Jaipur
506269,Passenger_6269,Female,Jaipur
506270,Passenger_6270,Male,Chennai
506271,Passenger_6271,Female,Bengaluru
506272,Passenger_6272,Male,Jaipur
506273,Passenger_6273,Female,Mumbai
506274,Passenger_6274,Female,Delhi
506275,Passenger_6275,Male,Bengaluru
506276,Passenger_6276,Male,Mumbai
506277,Passenger_6277,Male,Kolkata
506278,Passenger_6278,Female,Bengaluru
506279,Passenger_6279,Female,Delhi
506280,Passenger_6280,Male,Hyderabad
506281,Passenger_6281,Female,Pune
506282,Passenger_6282,Male,Jaipur
506283,Passenger_6283,Female,Pune
506284,Passenger_6284,Female,Bengaluru
506285,Passenger_6285,Male,Chennai
506286,Passenger_6286,Male,Delhi
506287,Passenger_6287,Male,Kolkata
506288,Passenger_6288,Female,Bengaluru
506289,Passenger_6289,Male,Mumbai
506290,Passenger_6290,Female,Kolkata
506291,Passenger_6291,Male,Hyderabad
506292,Passenger_6292,Male,Bengaluru
506293,Passenger_6293,Male,Pune
506294,Passenger_6294,Female,Hyderabad
506295,Passenger_6295,Male,Bengaluru
506296,Passenger_6296,Male,Pune
506297,Passenger_6297,Female,Hyderabad
506298,Passenger_6298,Female,Bengaluru
506299,Passenger_6299,Female,Kolkata
506300,Passenger_6300,Female,Mumbai
506301,Passenger_6301,Male,Delhi
506302,Passenger_6302,Male,Pune
506303,Passenger_6303,Male,Mumbai
506304,Passenger_6304,Male,Jaipur
506305,Passenger_6305,Male,Chennai
506306,Passenger_6306,Male,Mumbai
506307,Passenger_6307,Female,Pune
506308,Passenger_6308,Male,Delhi
506309,Passenger_6309,Female,Chennai
506310,Passenger_6310,Male,Mumbai
506311,Passenger_6311,Male,Mumbai
506312,Passenger_6312,Male,Delhi
506313,Passenger_6313,Male,Delhi
506314,Passenger_6314,Male,Bengaluru
506315,Passenger_6315,Male,Pune
506316,Passenger_6316,Male,Chennai
506317,Passenger_6317,Male,Bengaluru
506318,Passenger_6318,Male,Bengaluru
506319,Passenger_6319,Male,Chennai
506320,Passenger_6320,Female,Mumbai
506321,Passenger_6321,Female,Bengaluru
506322,Passenger_6322,Female,Bengaluru
506323,Passenger_6323,Female,Pune
506324,Passenger_6324,Male,Delhi
506325,Passenger_6325,Male,Delhi
506326,Passenger_6326,Female,Mumbai
506327,Passenger_6327,Male,Kolkata
506328,Passenger_6328,Female,Pune
506329,Passenger_6329,Male,Jaipur
506330,Passenger_6330,Male,Kolkata
506331,Passenger_6331,Female,Kolkata
506332,Passenger_6332,Male,Pune
506333,Passenger_6333,Male,Kolkata
506334,Passenger_6334,Female,Kolkata
506335,Passenger_6335,Female,Jaipur
506336,Passenger_6336,Male,Hyderabad
506337,Passenger_6337,Female,Kolkata
506338,Passenger_6338,Female,Chennai
506339,Passenger_6339,Male,Chennai
506340,Passenger_6340,Female,Bengaluru
506341,Passenger_6341,Male,Jaipur
506342,Passenger_6342,Male,Kolkata
506343,Passenger_6343,Male,Pune
506344,Passenger_6344,Male,Bengaluru
506345,Passenger_6345,Female,Hyderabad
506346,Passenger_6346,Female,Chennai
506347,Passenger_6347,Male,Jaipur
506348,Passenger_6348,Female,Mumbai
506349,Passenger_6349,Female,Kolkata
506350,Passenger_6350,Female,Jaipur
506351,Passenger_6351,Male,Hyderabad
506352,Passenger_6352,Female,Bengaluru
506353,Passenger_6353,Male,Pune
506354,Passenger_6354,Female,Mumbai
506355,Passenger_6355,Male,Hyderabad
506356,Passenger_6356,Female,Hyderabad
506357,Passenger_6357,Male,Delhi
506358,Passenger_6358,Female,Kolkata
506359,Passenger_6359,Male,Hyderabad
506360,Passenger_6360,Male,Kolkata
506361,Passenger_6361,Male,Kolkata
506362,Passenger_6362,Male,Pune
506363,Passenger_6363,Male,Kolkata
506364,Passenger_6364,Female,Pune
506365,Passenger_6365,Male,Delhi
506366,Passenger_6366,Male,Kolkata
506367,Passenger_6367,Male,Hyderabad
506368,Passenger_6368,Male,Delhi
506369,Passenger_6369,Female,Kolkata
506370,Passenger_6370,Female,Jaipur
506371,Passenger_6371,Male,Kolkata
506372,Passenger_6372,Female,Bengaluru
506373,Passenger_6373,Male,Hyderabad
506374,Passenger_6374,Male,Kolkata
506375,Passenger_6375,Female,Pune
506376,Passenger_6376,Female,Hyderabad
506377,Passenger_6377,Female,Delhi
506378,Passenger_6378,Male,Chennai
506379,Passenger_6379,Male,Delhi
506380,Passenger_6380,Male,Hyderabad
506381,Passenger_6381,Female,Bengaluru
506382,Passenger_6382,Female,Bengaluru
506383,Passenger_6383,Female,Pune
506384,Passenger_6384,Female,Kolkata
506385,Passenger_6385,Male,Chennai
506386,Passenger_6386,Male,Pune
506387,Passenger_6387,Male,Chennai
506388,Passenger_6388,Male,Hyderabad
506389,Passenger_6389,Female,Delhi
506390,Passenger_6390,Male,Mumbai
506391,Passenger_6391,Female,Bengaluru
506392,Passenger_6392,Female,Hyderabad
506393,Passenger_6393,Male,Jaipur
506394,Passenger_6394,Male,Hyderabad
506395,Passenger_6395,Male,Hyderabad
506396,Passenger_6396,Male,Delhi
506397,Passenger_6397,Female,Chennai
506398,Passenger_6398,Female,Hyderabad
506399,Passenger_6399,Female,Pune
506400,Passenger_6400,Female,Delhi
506401,Passenger_6401,Male,Hyderabad
506402,Passenger_6402,Male,Hyderabad
506403,Passenger_6403,Female,Kolkata
506404,Passenger_6404,Male,Bengaluru
506405,Passenger_6405,Female,Jaipur
506406,Passenger_6406,Male,Kolkata
506407,Passenger_6407,Female,Kolkata
506408,Passenger_6408,Female,Bengaluru
506409,Passenger_6409,Female,Jaipur
506410,Passenger_6410,Female,Jaipur
506411,Passenger_6411,Male,Bengaluru
506412,Passenger_6412,Female,Bengaluru
506413,Passenger_6413,Female,Bengaluru
506414,Passenger_6414,Male,Chennai
506415,Passenger_6415,Female,Mumbai
506416,Passenger_6416,Male,Delhi
506417,Passenger_6417,Male,Hyderabad
506418,Passenger_6418,Male,Pune
506419,Passenger_6419,Male,Bengaluru
506420,Passenger_6420,Male,Mumbai
506421,Passenger_6421,Male,Chennai
506422,Passenger_6422,Male,Kolkata
506423,Passenger_6423,Male,Pune
506424,Passenger_6424,Male,Jaipur
506425,Passenger_6425,Female,Mumbai
506426,Passenger_6426,Female,Bengaluru
506427,Passenger_6427,Female,Kolkata
506428,Passenger_6428,Male,Kolkata
506429,Passenger_6429,Male,Hyderabad
506430,Passenger_6430,Female,Jaipur
506431,Passenger_6431,Female,Hyderabad
506432,Passenger_6432,Female,Bengaluru
506433,Passenger_6433,Male,Bengaluru
506434,Passenger_6434,Male,Jaipur
506435,Passenger_6435,Female,Mumbai
506436,Passenger_6436,Female,Bengaluru
506437,Passenger_6437,Male,Mumbai
506438,Passenger_6438,Female,Pune
506439,Passenger_6439,Female,Mumbai
506440,Passenger_6440,Female,Hyderabad
506441,Passenger_6441,Male,Jaipur
506442,Passenger_6442,Female,Kolkata
506443,Passenger_6443,Female,Pune
506444,Passenger_6444,Male,Bengaluru
506445,Passenger_6445,Male,Kolkata
506446,Passenger_6446,Female,Pune
506447,Passenger_6447,Female,Chennai
506448,Passenger_6448,Male,Hyderabad
506449,Passenger_6449,Female,Mumbai
506450,Passenger_6450,Female,Mumbai
506451,Passenger_6451,Male,Hyderabad
506452,Passenger_6452,Male,Hyderabad
506453,Passenger_6453,Female,Bengaluru
506454,Passenger_6454,Female,Kolkata
506455,Passenger_6455,Male,Kolkata
506456,Passenger_6456,Female,Hyderabad
506457,Passenger_6457,Male,Delhi
506458,Passenger_6458,Male,Hyderabad
506459,Passenger_6459,Female,Jaipur
506460,Passenger_6460,Male,Pune
506461,Passenger_6461,Female,Bengaluru
506462,Passenger_6462,Male,Jaipur
506463,Passenger_6463,Male,Delhi
506464,Passenger_6464,Male,Hyderabad
506465,Passenger_6465,Male,Bengaluru
506466,Passenger_6466,Male,Pune
506467,Passenger_6467,Female,Kolkata
506468,Passenger_6468,Female,Kolkata
506469,Passenger_6469,Female,Pune
506470,Passenger_6470,Male,Delhi
506471,Passenger_6471,Male,Mumbai
506472,Passenger_6472,Female,Mumbai
506473,Passenger_6473,Female,Delhi
506474,Passenger_6474,Male,Pune
506475,Passenger_6475,Female,Pune
506476,Passenger_6476,Female,Chennai
506477,Passenger_6477,Female,Delhi
506478,Passenger_6478,Female,Delhi
506479,Passenger_6479,Female,Pune
506480,Passenger_6480,Male,Bengaluru
506481,Passenger_6481,Male,Mumbai
506482,Passenger_6482,Male,Bengaluru
506483,Passenger_6483,Male,Pune
506484,Passenger_6484,Male,Kolkata
506485,Passenger_6485,Male,Chennai
506486,Passenger_6486,Female,Hyderabad
506487,Passenger_6487,Male,Bengaluru
506488,Passenger_6488,Female,Chennai
506489,Passenger_6489,Male,Mumbai
506490,Passenger_6490,Male,Delhi
506491,Passenger_6491,Female,Bengaluru
506492,Passenger_6492,Male,Hyderabad
506493,Passenger_6493,Female,Delhi
506494,Passenger_6494,Male,Bengaluru
506495,Passenger_6495,Female,Delhi
506496,Passenger_6496,Female,Pune
506497,Passenger_6497,Male,Delhi
506498,Passenger_6498,Male,Hyderabad
506499,Passenger_6499,Female,Mumbai
506500,Passenger_6500,Male,Delhi
506501,Passenger_6501,Female,Chennai
506502,Passenger_6502,Female,Bengaluru
506503,Passenger_6503,Female,Kolkata
506504,Passenger_6504,Female,Jaipur
506505,Passenger_6505,Male,Pune
506506,Passenger_6506,Male,Delhi
506507,Passenger_6507,Male,Chennai
506508,Passenger_6508,Female,Pune
506509,Passenger_6509,Female,Kolkata
506510,Passenger_6510,Female,Hyderabad
506511,Passenger_6511,Male,Jaipur
506512,Passenger_6512,Female,Hyderabad
506513,Passenger_6513,Male,Pune
506514,Passenger_6514,Female,Delhi
506515,Passenger_6515,Female,Delhi
506516,Passenger_6516,Male,Mumbai
506517,Passenger_6517,Male,Hyderabad
506518,Passenger_6518,Male,Mumbai
506519,Passenger_6519,Male,Delhi
506520,Passenger_6520,Male,Pune
506521,Passenger_6521,Female,Jaipur
506522,Passenger_6522,Female,Mumbai
506523,Passenger_6523,Male,Delhi
506524,Passenger_6524,Female,Chennai
506525,Passenger_6525,Male,Jaipur
506526,Passenger_6526,Female,Bengaluru
506527,Passenger_6527,Female,Kolkata
506528,Passenger_6528,Male,Bengaluru
506529,Passenger_6529,Female,Jaipur
506530,Passenger_6530,Female,Bengaluru
506531,Passenger_6531,Male,Delhi
506532,Passenger_6532,Male,Jaipur
506533,Passenger_6533,Male,Jaipur
506534,Passenger_6534,Male,Chennai
506535,Passenger_6535,Female,Chennai
506536,Passenger_6536,Male,Mumbai
506537,Passenger_6537,Male,Jaipur
506538,Passenger_6538,Male,Chennai
506539,Passenger_6539,Female,Hyderabad
506540,Passenger_6540,Female,Delhi
506541,Passenger_6541,Female,Hyderabad
506542,Passenger_6542,Male,Mumbai
506543,Passenger_6543,Female,Pune
506544,Passenger_6544,Male,Hyderabad
506545,Passenger_6545,Male,Hyderabad
506546,Passenger_6546,Female,Jaipur
506547,Passenger_6547,Male,Jaipur
506548,Passenger_6548,Female,Chennai
506549,Passenger_6549,Male,Bengaluru
506550,Passenger_6550,Female,Kolkata
506551,Passenger_6551,Male,Bengaluru
506552,Passenger_6552,Female,Hyderabad
506553,Passenger_6553,Female,Bengaluru
506554,Passenger_6554,Male,Kolkata
506555,Passenger_6555,Male,Chennai
506556,Passenger_6556,Female,Mumbai
506557,Passenger_6557,Male,Pune
506558,Passenger_6558,Female,Hyderabad
506559,Passenger_6559,Male,Chennai
506560,Passenger_6560,Female,Jaipur
506561,Passenger_6561,Male,Jaipur
506562,Passenger_6562,Female,Pune
506563,Passenger_6563,Male,Mumbai
506564,Passenger_6564,Female,Jaipur
506565,Passenger_6565,Male,Kolkata
506566,Passenger_6566,Male,Delhi
506567,Passenger_6567,Male,Mumbai
506568,Passenger_6568,Male,Mumbai
506569,Passenger_6569,Male,Hyderabad
506570,Passenger_6570,Male,Jaipur
506571,Passenger_6571,Male,Chennai
506572,Passenger_6572,Female,Chennai
506573,Passenger_6573,Female,Kolkata
506574,Passenger_6574,Female,Chennai
506575,Passenger_6575,Female,Delhi
506576,Passenger_6576,Male,Jaipur
506577,Passenger_6577,Female,Jaipur
506578,Passenger_6578,Female,Pune
506579,Passenger_6579,Female,Kolkata
506580,Passenger_6580,Female,Hyderabad
506581,Passenger_6581,Male,Kolkata
506582,Passenger_6582,Male,Pune
506583,Passenger_6583,Male,Jaipur
506584,Passenger_6584,Female,Hyderabad
506585,Passenger_6585,Male,Pune
506586,Passenger_6586,Male,Jaipur
506587,Passenger_6587,Female,Hyderabad
506588,Passenger_6588,Female,Mumbai
506589,Passenger_6589,Male,Kolkata
506590,Passenger_6590,Male,Chennai
506591,Passenger_6591,Female,Jaipur
506592,Passenger_6592,Female,Hyderabad
506593,Passenger_6593,Male,Pune
506594,Passenger_6594,Male,Hyderabad
506595,Passenger_6595,Female,Chennai
506596,Passenger_6596,Female,Mumbai
506597,Passenger_6597,Male,Pune
506598,Passenger_6598,Female,Jaipur
506599,Passenger_6599,Male,Jaipur
506600,Passenger_6600,Male,Chennai
506601,Passenger_6601,Male,Hyderabad
506602,Passenger_6602,Female,Bengaluru
506603,Passenger_6603,Female,Kolkata
506604,Passenger_6604,Male,Pune
506605,Passenger_6605,Female,Kolkata
506606,Passenger_6606,Male,Bengaluru
506607,Passenger_6607,Female,Bengaluru
506608,Passenger_6608,Male,Chennai
506609,Passenger_6609,Male,Jaipur
506610,Passenger_6610,Male,Hyderabad
506611,Passenger_6611,Female,Delhi
506612,Passenger_6612,Male,Pune
506613,Passenger_6613,Female,Bengaluru
506614,Passenger_6614,Female,Chennai
506615,Passenger_6615,Female,Bengaluru
506616,Passenger_6616,Male,Delhi
506617,Passenger_6617,Male,Kolkata
506618,Passenger_6618,Male,Delhi
506619,Passenger_6619,Male,Chennai
506620,Passenger_6620,Female,Delhi
506621,Passenger_6621,Male,Jaipur
506622,Passenger_6622,Female,Chennai
506623,Passenger_6623,Male,Bengaluru
506624,Passenger_6624,Female,Delhi
506625,Passenger_6625,Male,Delhi
506626,Passenger_6626,Male,Chennai
506627,Passenger_6627,Female,Chennai
506628,Passenger_6628,Female,Bengaluru
506629,Passenger_6629,Male,Hyderabad
506630,Passenger_6630,Female,Bengaluru
506631,Passenger_6631,Female,Bengaluru
506632,Passenger_6632,Female,Delhi
506633,Passenger_6633,Female,Pune
506634,Passenger_6634,Male,Kolkata
506635,Passenger_6635,Female,Chennai
506636,Passenger_6636,Male,Delhi
506637,Passenger_6637,Male,Kolkata
506638,Passenger_6638,Female,Jaipur
506639,Passenger_6639,Male,Chennai
506640,Passenger_6640,Male,Delhi
506641,Passenger_6641,Female,Jaipur
506642,Passenger_6642,Male,Hyderabad
506643,Passenger_6643,Female,Jaipur
506644,Passenger_6644,Male,Jaipur
506645,Passenger_6645,Female,Mumbai
506646,Passenger_6646,Female,Chennai
506647,Passenger_6647,Male,Bengaluru
506648,Passenger_6648,Male,Jaipur
506649,Passenger_6649,Male,Mumbai
506650,Passenger_6650,Female,Delhi
506651,Passenger_6651,Female,Kolkata
506652,Passenger_6652,Female,Mumbai
506653,Passenger_6653,Male,Delhi
506654,Passenger_6654,Female,Jaipur
506655,Passenger_6655,Male,Pune
506656,Passenger_6656,Male,Delhi
506657,Passenger_6657,Female,Bengaluru
506658,Passenger_6658,Male,Delhi
506659,Passenger_6659,Female,Bengaluru
506660,Passenger_6660,Male,Delhi
506661,Passenger_6661,Male,Chennai
506662,Passenger_6662,Male,Kolkata
506663,Passenger_6663,Female,Jaipur
506664,Passenger_6664,Male,Delhi
506665,Passenger_6665,Female,Bengaluru
506666,Passenger_6666,Female,Delhi
506667,Passenger_6667,Male,Kolkata
506668,Passenger_6668,Female,Kolkata
506669,Passenger_6669,Male,Hyderabad
506670,Passenger_6670,Male,Jaipur
506671,Passenger_6671,Female,Bengaluru
506672,Passenger_6672,Female,Hyderabad
506673,Passenger_6673,Male,Pune
506674,Passenger_6674,Female,Kolkata
506675,Passenger_6675,Female,Hyderabad
506676,Passenger_6676,Female,Bengaluru
506677,Passenger_6677,Female,Mumbai
506678,Passenger_6678,Male,Delhi
506679,Passenger_6679,Male,Kolkata
506680,Passenger_6680,Male,Mumbai
506681,Passenger_6681,Female,Jaipur
506682,Passenger_6682,Male,Pune
506683,Passenger_6683,Male,Mumbai
506684,Passenger_6684,Male,Delhi
506685,Passenger_6685,Male,Pune
506686,Passenger_6686,Male,Hyderabad
506687,Passenger_6687,Male,Bengaluru
506688,Passenger_6688,Female,Pune
506689,Passenger_6689,Female,Hyderabad
506690,Passenger_6690,Male,Delhi
506691,Passenger_6691,Male,Pune
506692,Passenger_6692,Female,Bengaluru
506693,Passenger_6693,Female,Jaipur
506694,Passenger_6694,Female,Kolkata
506695,Passenger_6695,Female,Mumbai
506696,Passenger_6696,Female,Hyderabad
506697,Passenger_6697,Male,Delhi
506698,Passenger_6698,Male,Jaipur
506699,Passenger_6699,Female,Mumbai
506700,Passenger_6700,Male,Hyderabad
506701,Passenger_6701,Female,Hyderabad
506702,Passenger_6702,Female,Chennai
506703,Passenger_6703,Female,Mumbai
506704,Passenger_6704,Male,Kolkata
506705,Passenger_6705,Male,Hyderabad
506706,Passenger_6706,Male,Delhi
506707,Passenger_6707,Male,Chennai
506708,Passenger_6708,Female,Chennai
506709,Passenger_6709,Female,Bengaluru
506710,Passenger_6710,Female,Delhi
506711,Passenger_6711,Male,Hyderabad
506712,Passenger_6712,Male,Chennai
506713,Passenger_6713,Female,Delhi
506714,Passenger_6714,Female,Mumbai
506715,Passenger_6715,Female,Hyderabad
506716,Passenger_6716,Male,Hyderabad
506717,Passenger_6717,Male,Pune
506718,Passenger_6718,Female,Hyderabad
506719,Passenger_6719,Female,Kolkata
506720,Passenger_6720,Male,Mumbai
506721,Passenger_6721,Female,Bengaluru
506722,Passenger_6722,Male,Kolkata
506723,Passenger_6723,Male,Mumbai
506724,Passenger_6724,Female,Mumbai
506725,Passenger_6725,Female,Chennai
506726,Passenger_6726,Female,Bengaluru
506727,Passenger_6727,Male,Jaipur
506728,Passenger_6728,Female,Jaipur
506729,Passenger_6729,Male,Delhi
506730,Passenger_6730,Male,Chennai
506731,Passenger_6731,Female,Pune
506732,Passenger_6732,Male,Hyderabad
506733,Passenger_6733,Male,Bengaluru
506734,Passenger_6734,Female,Bengaluru
506735,Passenger_6735,Female,Chennai
506736,Passenger_6736,Male,Kolkata
506737,Passenger_6737,Female,Hyderabad
506738,Passenger_6738,Female,Pune
506739,Passenger_6739,Male,Pune
506740,Passenger_6740,Female,Delhi
506741,Passenger_6741,Female,Kolkata
506742,Passenger_6742,Male,Jaipur
506743,Passenger_6743,Female,Hyderabad
506744,Passenger_6744,Female,Delhi
506745,Passenger_6745,Female,Bengaluru
506746,Passenger_6746,Male,Pune
506747,Passenger_6747,Male,Delhi
506748,Passenger_6748,Female,Pune
506749,Passenger_6749,Female,Mumbai
506750,Passenger_6750,Female,Chennai
506751,Passenger_6751,Male,Jaipur
506752,Passenger_6752,Female,Chennai
506753,Passenger_6753,Female,Pune
506754,Passenger_6754,Male,Hyderabad
506755,Passenger_6755,Female,Delhi
506756,Passenger_6756,Female,Jaipur
506757,Passenger_6757,Female,Mumbai
506758,Passenger_6758,Male,Hyderabad
506759,Passenger_6759,Male,Mumbai
506760,Passenger_6760,Female,Mumbai
506761,Passenger_6761,Male,Bengaluru
506762,Passenger_6762,Male,Bengaluru
506763,Passenger_6763,Female,Kolkata
506764,Passenger_6764,Male,Delhi
506765,Passenger_6765,Male,Kolkata
506766,Passenger_6766,Male,Bengaluru
506767,Passenger_6767,Female,Delhi
506768,Passenger_6768,Female,Delhi
506769,Passenger_6769,Male,Pune
506770,Passenger_6770,Male,Jaipur
506771,Passenger_6771,Female,Delhi
506772,Passenger_6772,Male,Kolkata
506773,Passenger_6773,Male,Mumbai
506774,Passenger_6774,Male,Bengaluru
506775,Passenger_6775,Female,Mumbai
506776,Passenger_6776,Male,Pune
506777,Passenger_6777,Male,Hyderabad
506778,Passenger_6778,Female,Hyderabad
506779,Passenger_6779,Female,Kolkata
506780,Passenger_6780,Female,Pune
506781,Passenger_6781,Male,Chennai
506782,Passenger_6782,Female,Bengaluru
506783,Passenger_6783,Female,Delhi
506784,Passenger_6784,Female,Pune
506785,Passenger_6785,Male,Jaipur
506786,Passenger_6786,Female,Hyderabad
506787,Passenger_6787,Male,Bengaluru
506788,Passenger_6788,Male,Chennai
506789,Passenger_6789,Female,Pune
506790,Passenger_6790,Female,Bengaluru
506791,Passenger_6791,Male,Delhi
506792,Passenger_6792,Male,Bengaluru
506793,Passenger_6793,Male,Chennai
506794,Passenger_6794,Male,Jaipur
506795,Passenger_6795,Male,Chennai
506796,Passenger_6796,Female,Bengaluru
506797,Passenger_6797,Female,Jaipur
506798,Passenger_6798,Male,Hyderabad
506799,Passenger_6799,Male,Kolkata
506800,Passenger_6800,Female,Chennai
506801,Passenger_6801,Male,Kolkata
506802,Passenger_6802,Male,Chennai
506803,Passenger_6803,Male,Kolkata
506804,Passenger_6804,Male,Hyderabad
506805,Passenger_6805,Female,Jaipur
506806,Passenger_6806,Female,Pune
506807,Passenger_6807,Male,Bengaluru
506808,Passenger_6808,Male,Mumbai
506809,Passenger_6809,Female,Chennai
506810,Passenger_6810,Female,Mumbai
506811,Passenger_6811,Male,Kolkata
506812,Passenger_6812,Female,Bengaluru
506813,Passenger_6813,Female,Hyderabad
506814,Passenger_6814,Female,Hyderabad
506815,Passenger_6815,Male,Pune
506816,Passenger_6816,Male,Mumbai
506817,Passenger_6817,Female,Hyderabad
506818,Passenger_6818,Male,Pune
506819,Passenger_6819,Female,Delhi
506820,Passenger_6820,Female,Kolkata
506821,Passenger_6821,Female,Bengaluru
506822,Passenger_6822,Male,Hyderabad
506823,Passenger_6823,Female,Pune
506824,Passenger_6824,Female,Chennai
506825,Passenger_6825,Female,Hyderabad
506826,Passenger_6826,Female,Pune
506827,Passenger_6827,Female,Pune
506828,Passenger_6828,Female,Jaipur
506829,Passenger_6829,Female,Delhi
506830,Passenger_6830,Female,Hyderabad
506831,Passenger_6831,Female,Kolkata
506832,Passenger_6832,Male,Kolkata
506833,Passenger_6833,Male,Bengaluru
506834,Passenger_6834,Female,Mumbai
506835,Passenger_6835,Female,Hyderabad
506836,Passenger_6836,Female,Bengaluru
506837,Passenger_6837,Male,Delhi
506838,Passenger_6838,Female,Delhi
506839,Passenger_6839,Male,Pune
506840,Passenger_6840,Male,Chennai
506841,Passenger_6841,Male,Hyderabad
506842,Passenger_6842,Female,Kolkata
506843,Passenger_6843,Female,Pune
506844,Passenger_6844,Male,Mumbai
506845,Passenger_6845,Male,Bengaluru
506846,Passenger_6846,Female,Kolkata
506847,Passenger_6847,Male,Pune
506848,Passenger_6848,Female,Delhi
506849,Passenger_6849,Male,Kolkata
506850,Passenger_6850,Female,Mumbai
506851,Passenger_6851,Female,Chennai
506852,Passenger_6852,Male,Delhi
506853,Passenger_6853,Female,Delhi
506854,Passenger_6854,Male,Jaipur
506855,Passenger_6855,Male,Jaipur
506856,Passenger_6856,Male,Chennai
506857,Passenger_6857,Male,Hyderabad
506858,Passenger_6858,Male,Pune
506859,Passenger_6859,Male,Mumbai
506860,Passenger_6860,Female,Chennai
506861,Passenger_6861,Male,Chennai
506862,Passenger_6862,Male,Hyderabad
506863,Passenger_6863,Male,Hyderabad
506864,Passenger_6864,Male,Delhi
506865,Passenger_6865,Male,Chennai
506866,Passenger_6866,Female,Mumbai
506867,Passenger_6867,Female,Pune
506868,Passenger_6868,Female,Kolkata
506869,Passenger_6869,Female,Chennai
506870,Passenger_6870,Male,Bengaluru
506871,Passenger_6871,Female,Kolkata
506872,Passenger_6872,Female,Pune
506873,Passenger_6873,Male,Jaipur
506874,Passenger_6874,Male,Delhi
506875,Passenger_6875,Male,Pune
506876,Passenger_6876,Female,Chennai
506877,Passenger_6877,Female,Hyderabad
506878,Passenger_6878,Male,Bengaluru
506879,Passenger_6879,Male,Bengaluru
506880,Passenger_6880,Male,Chennai
506881,Passenger_6881,Male,Pune
506882,Passenger_6882,Male,Jaipur
506883,Passenger_6883,Male,Hyderabad
506884,Passenger_6884,Male,Bengaluru
506885,Passenger_6885,Female,Kolkata
506886,Passenger_6886,Male,Kolkata
506887,Passenger_6887,Male,Pune
506888,Passenger_6888,Female,Delhi
506889,Passenger_6889,Female,Kolkata
506890,Passenger_6890,Female,Mumbai
506891,Passenger_6891,Male,Jaipur
506892,Passenger_6892,Male,Bengaluru
506893,Passenger_6893,Female,Jaipur
506894,Passenger_6894,Female,Mumbai
506895,Passenger_6895,Female,Hyderabad
506896,Passenger_6896,Female,Pune
506897,Passenger_6897,Male,Chennai
506898,Passenger_6898,Male,Chennai
506899,Passenger_6899,Female,Kolkata
506900,Passenger_6900,Female,Delhi
506901,Passenger_6901,Male,Jaipur
506902,Passenger_6902,Male,Delhi
506903,Passenger_6903,Female,Delhi
506904,Passenger_6904,Female,Jaipur
506905,Passenger_6905,Female,Chennai
506906,Passenger_6906,Female,Hyderabad
506907,Passenger_6907,Female,Pune
506908,Passenger_6908,Female,Mumbai
506909,Passenger_6909,Female,Bengaluru
506910,Passenger_6910,Male,Bengaluru
506911,Passenger_6911,Female,Chennai
506912,Passenger_6912,Male,Delhi
506913,Passenger_6913,Male,Jaipur
506914,Passenger_6914,Male,Delhi
506915,Passenger_6915,Female,Delhi
506916,Passenger_6916,Male,Pune
506917,Passenger_6917,Female,Hyderabad
506918,Passenger_6918,Female,Jaipur
506919,Passenger_6919,Male,Hyderabad
506920,Passenger_6920,Female,Pune
506921,Passenger_6921,Female,Jaipur
506922,Passenger_6922,Male,Chennai
506923,Passenger_6923,Male,Delhi
506924,Passenger_6924,Male,Mumbai
506925,Passenger_6925,Male,Bengaluru
506926,Passenger_6926,Female,Hyderabad
506927,Passenger_6927,Female,Chennai
506928,Passenger_6928,Male,Bengaluru
506929,Passenger_6929,Female,Chennai
506930,Passenger_6930,Male,Chennai
506931,Passenger_6931,Male,Pune
506932,Passenger_6932,Female,Hyderabad
506933,Passenger_6933,Female,Bengaluru
506934,Passenger_6934,Male,Pune
506935,Passenger_6935,Male,Pune
506936,Passenger_6936,Male,Mumbai
506937,Passenger_6937,Male,Hyderabad
506938,Passenger_6938,Male,Hyderabad
506939,Passenger_6939,Male,Delhi
506940,Passenger_6940,Female,Mumbai
506941,Passenger_6941,Male,Mumbai
506942,Passenger_6942,Male,Kolkata
506943,Passenger_6943,Male,Mumbai
506944,Passenger_6944,Male,Hyderabad
506945,Passenger_6945,Female,Mumbai
506946,Passenger_6946,Male,Pune
506947,Passenger_6947,Female,Kolkata
506948,Passenger_6948,Male,Mumbai
506949,Passenger_6949,Female,Hyderabad
506950,Passenger_6950,Male,Kolkata
506951,Passenger_6951,Female,Pune
506952,Passenger_6952,Female,Delhi
506953,Passenger_6953,Male,Mumbai
506954,Passenger_6954,Male,Delhi
506955,Passenger_6955,Male,Chennai
506956,Passenger_6956,Female,Bengaluru
506957,Passenger_6957,Female,Hyderabad
506958,Passenger_6958,Female,Bengaluru
506959,Passenger_6959,Female,Mumbai
506960,Passenger_6960,Female,Bengaluru
506961,Passenger_6961,Male,Bengaluru
506962,Passenger_6962,Female,Jaipur
506963,Passenger_6963,Male,Kolkata
506964,Passenger_6964,Male,Bengaluru
506965,Passenger_6965,Male,Pune
506966,Passenger_6966,Male,Mumbai
506967,Passenger_6967,Female,Chennai
506968,Passenger_6968,Female,Chennai
506969,Passenger_6969,Male,Mumbai
506970,Passenger_6970,Female,Bengaluru
506971,Passenger_6971,Female,Chennai
506972,Passenger_6972,Female,Bengaluru
506973,Passenger_6973,Female,Chennai
506974,Passenger_6974,Male,Chennai
506975,Passenger_6975,Female,Hyderabad
506976,Passenger_6976,Female,Kolkata
506977,Passenger_6977,Male,Mumbai
506978,Passenger_6978,Female,Mumbai
506979,Passenger_6979,Female,Kolkata
506980,Passenger_6980,Male,Delhi
506981,Passenger_6981,Female,Chennai
506982,Passenger_6982,Male,Mumbai
506983,Passenger_6983,Female,Kolkata
506984,Passenger_6984,Male,Mumbai
506985,Passenger_6985,Male,Delhi
506986,Passenger_6986,Male,Delhi
506987,Passenger_6987,Female,Mumbai
506988,Passenger_6988,Female,Delhi
506989,Passenger_6989,Male,Chennai
506990,Passenger_6990,Male,Jaipur
506991,Passenger_6991,Female,Mumbai
506992,Passenger_6992,Female,Pune
506993,Passenger_6993,Female,Chennai
506994,Passenger_6994,Male,Bengaluru
506995,Passenger_6995,Male,Hyderabad
506996,Passenger_6996,Female,Jaipur
506997,Passenger_6997,Female,Mumbai
506998,Passenger_6998,Female,Kolkata
506999,Passenger_6999,Male,Mumbai
507000,Passenger_7000,Male,Hyderabad
507001,Passenger_7001,Male,Pune
507002,Passenger_7002,Female,Hyderabad
507003,Passenger_7003,Female,Kolkata
507004,Passenger_7004,Male,Delhi
507005,Passenger_7005,Female,Kolkata
507006,Passenger_7006,Female,Chennai
507007,Passenger_7007,Female,Bengaluru
507008,Passenger_7008,Female,Mumbai
507009,Passenger_7009,Male,Pune
507010,Passenger_7010,Male,Chennai
507011,Passenger_7011,Male,Bengaluru
507012,Passenger_7012,Male,Delhi
507013,Passenger_7013,Female,Mumbai
507014,Passenger_7014,Female,Hyderabad
507015,Passenger_7015,Male,Jaipur
507016,Passenger_7016,Female,Mumbai
507017,Passenger_7017,Female,Mumbai
507018,Passenger_7018,Male,Chennai
507019,Passenger_7019,Female,Hyderabad
507020,Passenger_7020,Female,Delhi
507021,Passenger_7021,Male,Bengaluru
507022,Passenger_7022,Male,Kolkata
507023,Passenger_7023,Female,Mumbai
507024,Passenger_7024,Male,Bengaluru
507025,Passenger_7025,Male,Bengaluru
507026,Passenger_7026,Male,Kolkata
507027,Passenger_7027,Male,Jaipur
507028,Passenger_7028,Female,Chennai
507029,Passenger_7029,Female,Kolkata
507030,Passenger_7030,Male,Kolkata
507031,Passenger_7031,Female,Chennai
507032,Passenger_7032,Male,Jaipur
507033,Passenger_7033,Male,Jaipur
507034,Passenger_7034,Female,Chennai
507035,Passenger_7035,Male,Kolkata
507036,Passenger_7036,Female,Bengaluru
507037,Passenger_7037,Female,Hyderabad
507038,Passenger_7038,Female,Kolkata
507039,Passenger_7039,Male,Delhi
507040,Passenger_7040,Male,Bengaluru
507041,Passenger_7041,Female,Jaipur
507042,Passenger_7042,Male,Delhi
507043,Passenger_7043,Male,Bengaluru
507044,Passenger_7044,Male,Hyderabad
507045,Passenger_7045,Male,Chennai
507046,Passenger_7046,Male,Chennai
507047,Passenger_7047,Female,Bengaluru
507048,Passenger_7048,Female,Delhi
507049,Passenger_7049,Male,Pune
507050,Passenger_7050,Female,Jaipur
507051,Passenger_7051,Female,Hyderabad
507052,Passenger_7052,Male,Jaipur
507053,Passenger_7053,Male,Bengaluru
507054,Passenger_7054,Female,Bengaluru
507055,Passenger_7055,Female,Chennai
507056,Passenger_7056,Male,Mumbai
507057,Passenger_7057,Female,Bengaluru
507058,Passenger_7058,Male,Hyderabad
507059,Passenger_7059,Female,Kolkata
507060,Passenger_7060,Female,Delhi
507061,Passenger_7061,Male,Chennai
507062,Passenger_7062,Female,Jaipur
507063,Passenger_7063,Female,Delhi
507064,Passenger_7064,Female,Hyderabad
507065,Passenger_7065,Male,Kolkata
507066,Passenger_7066,Male,Chennai
507067,Passenger_7067,Female,Jaipur
507068,Passenger_7068,Female,Pune
507069,Passenger_7069,Female,Pune
507070,Passenger_7070,Female,Delhi
507071,Passenger_7071,Female,Mumbai
507072,Passenger_7072,Female,Chennai
507073,Passenger_7073,Male,Jaipur
507074,Passenger_7074,Female,Delhi
507075,Passenger_7075,Female,Jaipur
507076,Passenger_7076,Female,Bengaluru
507077,Passenger_7077,Male,Kolkata
507078,Passenger_7078,Female,Delhi
507079,Passenger_7079,Female,Jaipur
507080,Passenger_7080,Female,Chennai
507081,Passenger_7081,Male,Jaipur
507082,Passenger_7082,Male,Jaipur
507083,Passenger_7083,Male,Hyderabad
507084,Passenger_7084,Female,Bengaluru
507085,Passenger_7085,Male,Hyderabad
507086,Passenger_7086,Male,Pune
507087,Passenger_7087,Male,Kolkata
507088,Passenger_7088,Female,Bengaluru
507089,Passenger_7089,Male,Pune
507090,Passenger_7090,Female,Mumbai
507091,Passenger_7091,Male,Delhi
507092,Passenger_7092,Female,Kolkata
507093,Passenger_7093,Male,Pune
507094,Passenger_7094,Female,Jaipur
507095,Passenger_7095,Male,Pune
507096,Passenger_7096,Male,Pune
507097,Passenger_7097,Male,Mumbai
507098,Passenger_7098,Male,Delhi
507099,Passenger_7099,Female,Jaipur
507100,Passenger_7100,Male,Jaipur
507101,Passenger_7101,Female,Mumbai
507102,Passenger_7102,Female,Bengaluru
507103,Passenger_7103,Female,Pune
507104,Passenger_7104,Male,Pune
507105,Passenger_7105,Female,Hyderabad
507106,Passenger_7106,Male,Hyderabad
507107,Passenger_7107,Male,Pune
507108,Passenger_7108,Male,Kolkata
507109,Passenger_7109,Male,Bengaluru
507110,Passenger_7110,Male,Bengaluru
507111,Passenger_7111,Female,Bengaluru
507112,Passenger_7112,Male,Kolkata
507113,Passenger_7113,Female,Pune
507114,Passenger_7114,Male,Mumbai
507115,Passenger_7115,Male,Pune
507116,Passenger_7116,Male,Kolkata
507117,Passenger_7117,Female,Hyderabad
507118,Passenger_7118,Male,Pune
507119,Passenger_7119,Female,Delhi
507120,Passenger_7120,Male,Mumbai
507121,Passenger_7121,Male,Bengaluru
507122,Passenger_7122,Male,Chennai
507123,Passenger_7123,Female,Bengaluru
507124,Passenger_7124,Male,Pune
507125,Passenger_7125,Female,Jaipur
507126,Passenger_7126,Female,Pune
507127,Passenger_7127,Female,Chennai
507128,Passenger_7128,Female,Jaipur
507129,Passenger_7129,Female,Chennai
507130,Passenger_7130,Male,Pune
507131,Passenger_7131,Male,Jaipur
507132,Passenger_7132,Female,Hyderabad
507133,Passenger_7133,Female,Pune
507134,Passenger_7134,Male,Pune
507135,Passenger_7135,Female,Mumbai
507136,Passenger_7136,Female,Hyderabad
507137,Passenger_7137,Male,Chennai
507138,Passenger_7138,Female,Kolkata
507139,Passenger_7139,Female,Jaipur
507140,Passenger_7140,Male,Hyderabad
507141,Passenger_7141,Female,Bengaluru
507142,Passenger_7142,Female,Jaipur
507143,Passenger_7143,Female,Pune
507144,Passenger_7144,Male,Bengaluru
507145,Passenger_7145,Male,Delhi
507146,Passenger_7146,Male,Mumbai
507147,Passenger_7147,Male,Delhi
507148,Passenger_7148,Female,Pune
507149,Passenger_7149,Female,Mumbai
507150,Passenger_7150,Female,Jaipur
507151,Passenger_7151,Female,Mumbai
507152,Passenger_7152,Male,Kolkata
507153,Passenger_7153,Female,Hyderabad
507154,Passenger_7154,Female,Jaipur
507155,Passenger_7155,Female,Mumbai
507156,Passenger_7156,Male,Delhi
507157,Passenger_7157,Male,Delhi
507158,Passenger_7158,Male,Delhi
507159,Passenger_7159,Male,Chennai
507160,Passenger_7160,Male,Delhi
507161,Passenger_7161,Female,Pune
507162,Passenger_7162,Male,Bengaluru
507163,Passenger_7163,Male,Kolkata
507164,Passenger_7164,Male,Bengaluru
507165,Passenger_7165,Male,Chennai
507166,Passenger_7166,Male,Hyderabad
507167,Passenger_7167,Female,Hyderabad
507168,Passenger_7168,Male,Bengaluru
507169,Passenger_7169,Male,Bengaluru
507170,Passenger_7170,Male,Mumbai
507171,Passenger_7171,Male,Hyderabad
507172,Passenger_7172,Female,Chennai
507173,Passenger_7173,Male,Mumbai
507174,Passenger_7174,Female,Pune
507175,Passenger_7175,Female,Kolkata
507176,Passenger_7176,Female,Chennai
507177,Passenger_7177,Male,Mumbai
507178,Passenger_7178,Female,Hyderabad
507179,Passenger_7179,Female,Kolkata
507180,Passenger_7180,Male,Kolkata
507181,Passenger_7181,Male,Pune
507182,Passenger_7182,Female,Pune
507183,Passenger_7183,Male,Mumbai
507184,Passenger_7184,Female,Delhi
507185,Passenger_7185,Female,Hyderabad
507186,Passenger_7186,Male,Chennai
507187,Passenger_7187,Male,Bengaluru
507188,Passenger_7188,Female,Pune
507189,Passenger_7189,Female,Pune
507190,Passenger_7190,Female,Chennai
507191,Passenger_7191,Male,Bengaluru
507192,Passenger_7192,Female,Bengaluru
507193,Passenger_7193,Male,Bengaluru
507194,Passenger_7194,Female,Jaipur
507195,Passenger_7195,Male,Mumbai
507196,Passenger_7196,Male,Mumbai
507197,Passenger_7197,Female,Pune
507198,Passenger_7198,Female,Pune
507199,Passenger_7199,Male,Mumbai
507200,Passenger_7200,Male,Hyderabad
507201,Passenger_7201,Female,Hyderabad
507202,Passenger_7202,Male,Delhi
507203,Passenger_7203,Female,Mumbai
507204,Passenger_7204,Female,Pune
507205,Passenger_7205,Male,Delhi
507206,Passenger_7206,Female,Kolkata
507207,Passenger_7207,Male,Mumbai
507208,Passenger_7208,Male,Pune
507209,Passenger_7209,Male,Bengaluru
507210,Passenger_7210,Male,Pune
507211,Passenger_7211,Male,Pune
507212,Passenger_7212,Male,Bengaluru
507213,Passenger_7213,Female,Delhi
507214,Passenger_7214,Male,Hyderabad
507215,Passenger_7215,Male,Mumbai
507216,Passenger_7216,Female,Bengaluru
507217,Passenger_7217,Female,Pune
507218,Passenger_7218,Female,Hyderabad
507219,Passenger_7219,Male,Bengaluru
507220,Passenger_7220,Female,Delhi
507221,Passenger_7221,Female,Kolkata
507222,Passenger_7222,Female,Bengaluru
507223,Passenger_7223,Female,Jaipur
507224,Passenger_7224,Female,Kolkata
507225,Passenger_7225,Male,Pune
507226,Passenger_7226,Male,Delhi
507227,Passenger_7227,Female,Jaipur
507228,Passenger_7228,Female,Bengaluru
507229,Passenger_7229,Male,Chennai
507230,Passenger_7230,Female,Jaipur
507231,Passenger_7231,Female,Pune
507232,Passenger_7232,Female,Hyderabad
507233,Passenger_7233,Female,Bengaluru
507234,Passenger_7234,Male,Pune
507235,Passenger_7235,Male,Kolkata
507236,Passenger_7236,Male,Delhi
507237,Passenger_7237,Male,Jaipur
507238,Passenger_7238,Male,Kolkata
507239,Passenger_7239,Male,Chennai
507240,Passenger_7240,Female,Delhi
507241,Passenger_7241,Male,Pune
507242,Passenger_7242,Female,Delhi
507243,Passenger_7243,Male,Chennai
507244,Passenger_7244,Male,Hyderabad
507245,Passenger_7245,Female,Pune
507246,Passenger_7246,Female,Bengaluru
507247,Passenger_7247,Male,Bengaluru
507248,Passenger_7248,Female,Kolkata
507249,Passenger_7249,Male,Bengaluru
507250,Passenger_7250,Male,Jaipur
507251,Passenger_7251,Female,Mumbai
507252,Passenger_7252,Female,Mumbai
507253,Passenger_7253,Female,Mumbai
507254,Passenger_7254,Male,Mumbai
507255,Passenger_7255,Female,Mumbai
507256,Passenger_7256,Male,Mumbai
507257,Passenger_7257,Male,Jaipur
507258,Passenger_7258,Male,Bengaluru
507259,Passenger_7259,Female,Delhi
507260,Passenger_7260,Male,Bengaluru
507261,Passenger_7261,Female,Mumbai
507262,Passenger_7262,Male,Chennai
507263,Passenger_7263,Female,Mumbai
507264,Passenger_7264,Female,Pune
507265,Passenger_7265,Male,Delhi
507266,Passenger_7266,Female,Chennai
507267,Passenger_7267,Female,Kolkata
507268,Passenger_7268,Female,Mumbai
507269,Passenger_7269,Male,Delhi
507270,Passenger_7270,Female,Delhi
507271,Passenger_7271,Male,Pune
507272,Passenger_7272,Female,Chennai
507273,Passenger_7273,Female,Delhi
507274,Passenger_7274,Male,Pune
507275,Passenger_7275,Male,Kolkata
507276,Passenger_7276,Male,Delhi
507277,Passenger_7277,Male,Hyderabad
507278,Passenger_7278,Female,Bengaluru
507279,Passenger_7279,Male,Jaipur
507280,Passenger_7280,Female,Jaipur
507281,Passenger_7281,Male,Pune
507282,Passenger_7282,Male,Pune
507283,Passenger_7283,Male,Hyderabad
507284,Passenger_7284,Male,Bengaluru
507285,Passenger_7285,Male,Mumbai
507286,Passenger_7286,Female,Jaipur
507287,Passenger_7287,Female,Chennai
507288,Passenger_7288,Male,Chennai
507289,Passenger_7289,Male,Kolkata
507290,Passenger_7290,Male,Chennai
507291,Passenger_7291,Female,Bengaluru
507292,Passenger_7292,Female,Chennai
507293,Passenger_7293,Male,Delhi
507294,Passenger_7294,Male,Pune
507295,Passenger_7295,Female,Pune
507296,Passenger_7296,Female,Kolkata
507297,Passenger_7297,Male,Hyderabad
507298,Passenger_7298,Male,Jaipur
507299,Passenger_7299,Female,Delhi
507300,Passenger_7300,Male,Kolkata
507301,Passenger_7301,Female,Pune
507302,Passenger_7302,Female,Jaipur
507303,Passenger_7303,Male,Mumbai
507304,Passenger_7304,Male,Hyderabad
507305,Passenger_7305,Male,Bengaluru
507306,Passenger_7306,Female,Kolkata
507307,Passenger_7307,Male,Pune
507308,Passenger_7308,Female,Kolkata
507309,Passenger_7309,Male,Chennai
507310,Passenger_7310,Male,Delhi
507311,Passenger_7311,Female,Bengaluru
507312,Passenger_7312,Female,Jaipur
507313,Passenger_7313,Male,Kolkata
507314,Passenger_7314,Male,Jaipur
507315,Passenger_7315,Male,Jaipur
507316,Passenger_7316,Male,Chennai
507317,Passenger_7317,Male,Mumbai
507318,Passenger_7318,Female,Jaipur
507319,Passenger_7319,Female,Bengaluru
507320,Passenger_7320,Female,Jaipur
507321,Passenger_7321,Male,Jaipur
507322,Passenger_7322,Male,Mumbai
507323,Passenger_7323,Female,Hyderabad
507324,Passenger_7324,Female,Delhi
507325,Passenger_7325,Female,Pune
507326,Passenger_7326,Female,Kolkata
507327,Passenger_7327,Male,Kolkata
507328,Passenger_7328,Male,Pune
507329,Passenger_7329,Male,Hyderabad
507330,Passenger_7330,Female,Chennai
507331,Passenger_7331,Female,Delhi
507332,Passenger_7332,Male,Bengaluru
507333,Passenger_7333,Male,Bengaluru
507334,Passenger_7334,Female,Jaipur
507335,Passenger_7335,Male,Chennai
507336,Passenger_7336,Male,Jaipur
507337,Passenger_7337,Male,Mumbai
507338,Passenger_7338,Female,Mumbai
507339,Passenger_7339,Female,Kolkata
507340,Passenger_7340,Female,Hyderabad
507341,Passenger_7341,Male,Hyderabad
507342,Passenger_7342,Female,Jaipur
507343,Passenger_7343,Female,Hyderabad
507344,Passenger_7344,Female,Mumbai
507345,Passenger_7345,Female,Chennai
507346,Passenger_7346,Male,Chennai
507347,Passenger_7347,Female,Delhi
507348,Passenger_7348,Female,Jaipur
507349,Passenger_7349,Female,Chennai
507350,Passenger_7350,Male,Bengaluru
507351,Passenger_7351,Male,Kolkata
507352,Passenger_7352,Female,Pune
507353,Passenger_7353,Male,Kolkata
507354,Passenger_7354,Female,Kolkata
507355,Passenger_7355,Male,Hyderabad
507356,Passenger_7356,Male,Bengaluru
507357,Passenger_7357,Male,Pune
507358,Passenger_7358,Male,Delhi
507359,Passenger_7359,Male,Jaipur
507360,Passenger_7360,Female,Delhi
507361,Passenger_7361,Male,Hyderabad
507362,Passenger_7362,Female,Bengaluru
507363,Passenger_7363,Male,Mumbai
507364,Passenger_7364,Male,Mumbai
507365,Passenger_7365,Male,Jaipur
507366,Passenger_7366,Male,Chennai
507367,Passenger_7367,Male,Mumbai
507368,Passenger_7368,Female,Delhi
507369,Passenger_7369,Female,Delhi
507370,Passenger_7370,Female,Jaipur
507371,Passenger_7371,Male,Pune
507372,Passenger_7372,Female,Bengaluru
507373,Passenger_7373,Female,Kolkata
507374,Passenger_7374,Male,Delhi
507375,Passenger_7375,Male,Mumbai
507376,Passenger_7376,Male,Pune
507377,Passenger_7377,Female,Bengaluru
507378,Passenger_7378,Male,Hyderabad
507379,Passenger_7379,Female,Hyderabad
507380,Passenger_7380,Male,Kolkata
507381,Passenger_7381,Male,Bengaluru
507382,Passenger_7382,Male,Chennai
507383,Passenger_7383,Female,Bengaluru
507384,Passenger_7384,Male,Hyderabad
507385,Passenger_7385,Male,Hyderabad
507386,Passenger_7386,Male,Mumbai
507387,Passenger_7387,Male,Jaipur
507388,Passenger_7388,Female,Hyderabad
507389,Passenger_7389,Male,Chennai
507390,Passenger_7390,Female,Bengaluru
507391,Passenger_7391,Female,Pune
507392,Passenger_7392,Female,Chennai
507393,Passenger_7393,Male,Pune
507394,Passenger_7394,Female,Bengaluru
507395,Passenger_7395,Female,Jaipur
507396,Passenger_7396,Female,Hyderabad
507397,Passenger_7397,Male,Bengaluru
507398,Passenger_7398,Female,Jaipur
507399,Passenger_7399,Male,Jaipur
507400,Passenger_7400,Female,Chennai
507401,Passenger_7401,Male,Pune
507402,Passenger_7402,Male,Hyderabad
507403,Passenger_7403,Male,Pune
507404,Passenger_7404,Female,Chennai
507405,Passenger_7405,Female,Jaipur
507406,Passenger_7406,Female,Delhi
507407,Passenger_7407,Male,Mumbai
507408,Passenger_7408,Female,Mumbai
507409,Passenger_7409,Male,Pune
507410,Passenger_7410,Female,Mumbai
507411,Passenger_7411,Female,Hyderabad
507412,Passenger_7412,Female,Bengaluru
507413,Passenger_7413,Male,Mumbai
507414,Passenger_7414,Female,Mumbai
507415,Passenger_7415,Female,Mumbai
507416,Passenger_7416,Male,Pune
507417,Passenger_7417,Female,Hyderabad
507418,Passenger_7418,Male,Delhi
507419,Passenger_7419,Female,Hyderabad
507420,Passenger_7420,Female,Delhi
507421,Passenger_7421,Male,Delhi
507422,Passenger_7422,Male,Delhi
507423,Passenger_7423,Female,Bengaluru
507424,Passenger_7424,Female,Bengaluru
507425,Passenger_7425,Male,Jaipur
507426,Passenger_7426,Male,Delhi
507427,Passenger_7427,Female,Mumbai
507428,Passenger_7428,Female,Chennai
507429,Passenger_7429,Female,Pune
507430,Passenger_7430,Male,Hyderabad
507431,Passenger_7431,Male,Kolkata
507432,Passenger_7432,Female,Kolkata
507433,Passenger_7433,Female,Delhi
507434,Passenger_7434,Male,Jaipur
507435,Passenger_7435,Male,Chennai
507436,Passenger_7436,Female,Delhi
507437,Passenger_7437,Female,Jaipur
507438,Passenger_7438,Female,Bengaluru
507439,Passenger_7439,Female,Mumbai
507440,Passenger_7440,Male,Kolkata
507441,Passenger_7441,Female,Kolkata
507442,Passenger_7442,Male,Delhi
507443,Passenger_7443,Female,Delhi
507444,Passenger_7444,Female,Jaipur
507445,Passenger_7445,Female,Hyderabad
507446,Passenger_7446,Female,Chennai
507447,Passenger_7447,Male,Chennai
507448,Passenger_7448,Male,Pune
507449,Passenger_7449,Male,Jaipur
507450,Passenger_7450,Male,Pune
507451,Passenger_7451,Male,Kolkata
507452,Passenger_7452,Female,Pune
507453,Passenger_7453,Male,Chennai
507454,Passenger_7454,Male,Delhi
507455,Passenger_7455,Male,Hyderabad
507456,Passenger_7456,Male,Kolkata
507457,Passenger_7457,Female,Jaipur
507458,Passenger_7458,Male,Hyderabad
507459,Passenger_7459,Female,Bengaluru
507460,Passenger_7460,Female,Mumbai
507461,Passenger_7461,Male,Hyderabad
507462,Passenger_7462,Male,Mumbai
507463,Passenger_7463,Female,Mumbai
507464,Passenger_7464,Male,Jaipur
507465,Passenger_7465,Female,Jaipur
507466,Passenger_7466,Male,Jaipur
507467,Passenger_7467,Female,Chennai
507468,Passenger_7468,Female,Hyderabad
507469,Passenger_7469,Male,Kolkata
507470,Passenger_7470,Male,Hyderabad
507471,Passenger_7471,Male,Kolkata
507472,Passenger_7472,Male,Pune
507473,Passenger_7473,Female,Delhi
507474,Passenger_7474,Male,Pune
507475,Passenger_7475,Female,Delhi
507476,Passenger_7476,Male,Chennai
507477,Passenger_7477,Male,Jaipur
507478,Passenger_7478,Male,Chennai
507479,Passenger_7479,Female,Pune
507480,Passenger_7480,Male,Mumbai
507481,Passenger_7481,Female,Hyderabad
507482,Passenger_7482,Female,Mumbai
507483,Passenger_7483,Female,Kolkata
507484,Passenger_7484,Female,Hyderabad
507485,Passenger_7485,Female,Delhi
507486,Passenger_7486,Female,Mumbai
507487,Passenger_7487,Female,Bengaluru
507488,Passenger_7488,Female,Pune
507489,Passenger_7489,Male,Pune
507490,Passenger_7490,Male,Kolkata
507491,Passenger_7491,Female,Delhi
507492,Passenger_7492,Male,Kolkata
507493,Passenger_7493,Male,Pune
507494,Passenger_7494,Male,Bengaluru
507495,Passenger_7495,Male,Mumbai
507496,Passenger_7496,Male,Kolkata
507497,Passenger_7497,Female,Bengaluru
507498,Passenger_7498,Female,Jaipur
507499,Passenger_7499,Male,Delhi
507500,Passenger_7500,Female,Delhi
507501,Passenger_7501,Female,Hyderabad
507502,Passenger_7502,Male,Chennai
507503,Passenger_7503,Female,Pune
507504,Passenger_7504,Male,Chennai
507505,Passenger_7505,Female,Delhi
507506,Passenger_7506,Female,Jaipur
507507,Passenger_7507,Female,Jaipur
507508,Passenger_7508,Female,Hyderabad
507509,Passenger_7509,Male,Pune
507510,Passenger_7510,Male,Jaipur
507511,Passenger_7511,Female,Jaipur
507512,Passenger_7512,Male,Pune
507513,Passenger_7513,Male,Kolkata
507514,Passenger_7514,Male,Mumbai
507515,Passenger_7515,Female,Jaipur
507516,Passenger_7516,Female,Delhi
507517,Passenger_7517,Female,Delhi
507518,Passenger_7518,Female,Bengaluru
507519,Passenger_7519,Male,Kolkata
507520,Passenger_7520,Female,Pune
507521,Passenger_7521,Female,Bengaluru
507522,Passenger_7522,Female,Jaipur
507523,Passenger_7523,Male,Chennai
507524,Passenger_7524,Female,Jaipur
507525,Passenger_7525,Male,Jaipur
507526,Passenger_7526,Male,Kolkata
507527,Passenger_7527,Female,Bengaluru
507528,Passenger_7528,Female,Hyderabad
507529,Passenger_7529,Female,Bengaluru
507530,Passenger_7530,Female,Jaipur
507531,Passenger_7531,Female,Mumbai
507532,Passenger_7532,Male,Pune
507533,Passenger_7533,Female,Mumbai
507534,Passenger_7534,Female,Pune
507535,Passenger_7535,Male,Kolkata
507536,Passenger_7536,Female,Mumbai
507537,Passenger_7537,Female,Pune
507538,Passenger_7538,Female,Pune
507539,Passenger_7539,Male,Delhi
507540,Passenger_7540,Female,Bengaluru
507541,Passenger_7541,Male,Hyderabad
507542,Passenger_7542,Female,Pune
507543,Passenger_7543,Male,Delhi
507544,Passenger_7544,Male,Bengaluru
507545,Passenger_7545,Female,Hyderabad
507546,Passenger_7546,Female,Hyderabad
507547,Passenger_7547,Female,Mumbai
507548,Passenger_7548,Male,Hyderabad
507549,Passenger_7549,Female,Delhi
507550,Passenger_7550,Female,Mumbai
507551,Passenger_7551,Male,Kolkata
507552,Passenger_7552,Male,Pune
507553,Passenger_7553,Female,Delhi
507554,Passenger_7554,Female,Jaipur
507555,Passenger_7555,Female,Hyderabad
507556,Passenger_7556,Female,Bengaluru
507557,Passenger_7557,Female,Jaipur
507558,Passenger_7558,Male,Chennai
507559,Passenger_7559,Male,Jaipur
507560,Passenger_7560,Male,Chennai
507561,Passenger_7561,Female,Mumbai
507562,Passenger_7562,Male,Chennai
507563,Passenger_7563,Male,Mumbai
507564,Passenger_7564,Male,Jaipur
507565,Passenger_7565,Male,Pune
507566,Passenger_7566,Female,Pune
507567,Passenger_7567,Male,Pune
507568,Passenger_7568,Male,Delhi
507569,Passenger_7569,Female,Pune
507570,Passenger_7570,Male,Chennai
507571,Passenger_7571,Female,Jaipur
507572,Passenger_7572,Female,Chennai
507573,Passenger_7573,Female,Pune
507574,Passenger_7574,Female,Hyderabad
507575,Passenger_7575,Male,Mumbai
507576,Passenger_7576,Female,Hyderabad
507577,Passenger_7577,Female,Pune
507578,Passenger_7578,Male,Delhi
507579,Passenger_7579,Male,Jaipur
507580,Passenger_7580,Female,Mumbai
507581,Passenger_7581,Male,Mumbai
507582,Passenger_7582,Female,Kolkata
507583,Passenger_7583,Female,Hyderabad
507584,Passenger_7584,Male,Mumbai
507585,Passenger_7585,Female,Bengaluru
507586,Passenger_7586,Male,Bengaluru
507587,Passenger_7587,Male,Mumbai
507588,Passenger_7588,Female,Pune
507589,Passenger_7589,Female,Pune
507590,Passenger_7590,Male,Mumbai
507591,Passenger_7591,Female,Chennai
507592,Passenger_7592,Male,Bengaluru
507593,Passenger_7593,Male,Kolkata
507594,Passenger_7594,Female,Chennai
507595,Passenger_7595,Male,Chennai
507596,Passenger_7596,Female,Chennai
507597,Passenger_7597,Female,Chennai
507598,Passenger_7598,Male,Chennai
507599,Passenger_7599,Male,Jaipur
507600,Passenger_7600,Male,Hyderabad
507601,Passenger_7601,Male,Chennai
507602,Passenger_7602,Female,Pune
507603,Passenger_7603,Female,Hyderabad
507604,Passenger_7604,Female,Hyderabad
507605,Passenger_7605,Male,Mumbai
507606,Passenger_7606,Female,Pune
507607,Passenger_7607,Female,Chennai
507608,Passenger_7608,Male,Delhi
507609,Passenger_7609,Female,Hyderabad
507610,Passenger_7610,Male,Pune
507611,Passenger_7611,Male,Delhi
507612,Passenger_7612,Male,Pune
507613,Passenger_7613,Male,Kolkata
507614,Passenger_7614,Male,Mumbai
507615,Passenger_7615,Male,Jaipur
507616,Passenger_7616,Male,Pune
507617,Passenger_7617,Male,Chennai
507618,Passenger_7618,Male,Kolkata
507619,Passenger_7619,Female,Chennai
507620,Passenger_7620,Male,Hyderabad
507621,Passenger_7621,Female,Chennai
507622,Passenger_7622,Male,Hyderabad
507623,Passenger_7623,Male,Pune
507624,Passenger_7624,Male,Kolkata
507625,Passenger_7625,Male,Jaipur
507626,Passenger_7626,Male,Delhi
507627,Passenger_7627,Male,Pune
507628,Passenger_7628,Male,Pune
507629,Passenger_7629,Female,Hyderabad
507630,Passenger_7630,Male,Mumbai
507631,Passenger_7631,Female,Mumbai
507632,Passenger_7632,Female,Pune
507633,Passenger_7633,Female,Pune
507634,Passenger_7634,Female,Hyderabad
507635,Passenger_7635,Female,Jaipur
507636,Passenger_7636,Male,Hyderabad
507637,Passenger_7637,Female,Kolkata
507638,Passenger_7638,Female,Hyderabad
507639,Passenger_7639,Female,Chennai
507640,Passenger_7640,Male,Jaipur
507641,Passenger_7641,Female,Mumbai
507642,Passenger_7642,Female,Hyderabad
507643,Passenger_7643,Female,Chennai
507644,Passenger_7644,Female,Pune
507645,Passenger_7645,Female,Chennai
507646,Passenger_7646,Female,Pune
507647,Passenger_7647,Male,Pune
507648,Passenger_7648,Male,Hyderabad
507649,Passenger_7649,Female,Pune
507650,Passenger_7650,Female,Delhi
507651,Passenger_7651,Male,Pune
507652,Passenger_7652,Male,Kolkata
507653,Passenger_7653,Male,Mumbai
507654,Passenger_7654,Female,Kolkata
507655,Passenger_7655,Female,Pune
507656,Passenger_7656,Female,Delhi
507657,Passenger_7657,Female,Delhi
507658,Passenger_7658,Female,Bengaluru
507659,Passenger_7659,Male,Kolkata
507660,Passenger_7660,Female,Mumbai
507661,Passenger_7661,Male,Pune
507662,Passenger_7662,Female,Mumbai
507663,Passenger_7663,Male,Mumbai
507664,Passenger_7664,Female,Kolkata
507665,Passenger_7665,Male,Delhi
507666,Passenger_7666,Male,Jaipur
507667,Passenger_7667,Male,Jaipur
507668,Passenger_7668,Female,Hyderabad
507669,Passenger_7669,Male,Bengaluru
507670,Passenger_7670,Female,Chennai
507671,Passenger_7671,Female,Delhi
507672,Passenger_7672,Male,Delhi
507673,Passenger_7673,Male,Pune
507674,Passenger_7674,Male,Chennai
507675,Passenger_7675,Female,Pune
507676,Passenger_7676,Male,Chennai
507677,Passenger_7677,Female,Bengaluru
507678,Passenger_7678,Male,Chennai
507679,Passenger_7679,Male,Pune
507680,Passenger_7680,Male,Pune
507681,Passenger_7681,Female,Pune
507682,Passenger_7682,Male,Mumbai
507683,Passenger_7683,Male,Kolkata
507684,Passenger_7684,Male,Bengaluru
507685,Passenger_7685,Female,Chennai
507686,Passenger_7686,Female,Kolkata
507687,Passenger_7687,Male,Bengaluru
507688,Passenger_7688,Male,Delhi
507689,Passenger_7689,Female,Kolkata
507690,Passenger_7690,Female,Kolkata
507691,Passenger_7691,Female,Pune
507692,Passenger_7692,Male,Bengaluru
507693,Passenger_7693,Female,Chennai
507694,Passenger_7694,Female,Delhi
507695,Passenger_7695,Female,Pune
507696,Passenger_7696,Male,Bengaluru
507697,Passenger_7697,Female,Delhi
507698,Passenger_7698,Female,Pune
507699,Passenger_7699,Male,Pune
507700,Passenger_7700,Male,Jaipur
507701,Passenger_7701,Male,Chennai
507702,Passenger_7702,Male,Jaipur
507703,Passenger_7703,Female,Pune
507704,Passenger_7704,Male,Hyderabad
507705,Passenger_7705,Male,Kolkata
507706,Passenger_7706,Female,Mumbai
507707,Passenger_7707,Male,Delhi
507708,Passenger_7708,Female,Kolkata
507709,Passenger_7709,Female,Pune
507710,Passenger_7710,Male,Bengaluru
507711,Passenger_7711,Female,Delhi
507712,Passenger_7712,Female,Delhi
507713,Passenger_7713,Female,Jaipur
507714,Passenger_7714,Male,Pune
507715,Passenger_7715,Male,Mumbai
507716,Passenger_7716,Female,Jaipur
507717,Passenger_7717,Female,Kolkata
507718,Passenger_7718,Male,Hyderabad
507719,Passenger_7719,Female,Mumbai
507720,Passenger_7720,Female,Kolkata
507721,Passenger_7721,Female,Mumbai
507722,Passenger_7722,Male,Hyderabad
507723,Passenger_7723,Male,Hyderabad
507724,Passenger_7724,Female,Kolkata
507725,Passenger_7725,Female,Hyderabad
507726,Passenger_7726,Male,Pune
507727,Passenger_7727,Female,Chennai
507728,Passenger_7728,Female,Bengaluru
507729,Passenger_7729,Female,Chennai
507730,Passenger_7730,Male,Mumbai
507731,Passenger_7731,Male,Bengaluru
507732,Passenger_7732,Female,Hyderabad
507733,Passenger_7733,Female,Jaipur
507734,Passenger_7734,Male,Chennai
507735,Passenger_7735,Male,Hyderabad
507736,Passenger_7736,Female,Kolkata
507737,Passenger_7737,Male,Delhi
507738,Passenger_7738,Male,Mumbai
507739,Passenger_7739,Male,Kolkata
507740,Passenger_7740,Male,Delhi
507741,Passenger_7741,Female,Bengaluru
507742,Passenger_7742,Male,Pune
507743,Passenger_7743,Male,Kolkata
507744,Passenger_7744,Female,Mumbai
507745,Passenger_7745,Female,Chennai
507746,Passenger_7746,Male,Mumbai
507747,Passenger_7747,Female,Hyderabad
507748,Passenger_7748,Female,Jaipur
507749,Passenger_7749,Male,Chennai
507750,Passenger_7750,Female,Mumbai
507751,Passenger_7751,Male,Delhi
507752,Passenger_7752,Male,Pune
507753,Passenger_7753,Male,Kolkata
507754,Passenger_7754,Female,Pune
507755,Passenger_7755,Female,Hyderabad
507756,Passenger_7756,Male,Kolkata
507757,Passenger_7757,Male,Jaipur
507758,Passenger_7758,Male,Delhi
507759,Passenger_7759,Male,Mumbai
507760,Passenger_7760,Male,Bengaluru
507761,Passenger_7761,Male,Chennai
507762,Passenger_7762,Female,Bengaluru
507763,Passenger_7763,Male,Bengaluru
507764,Passenger_7764,Female,Bengaluru
507765,Passenger_7765,Female,Bengaluru
507766,Passenger_7766,Female,Delhi
507767,Passenger_7767,Female,Bengaluru
507768,Passenger_7768,Female,Delhi
507769,Passenger_7769,Male,Jaipur
507770,Passenger_7770,Male,Kolkata
507771,Passenger_7771,Female,Jaipur
507772,Passenger_7772,Female,Hyderabad
507773,Passenger_7773,Female,Hyderabad
507774,Passenger_7774,Male,Hyderabad
507775,Passenger_7775,Female,Kolkata
507776,Passenger_7776,Female,Bengaluru
507777,Passenger_7777,Male,Pune
507778,Passenger_7778,Male,Mumbai
507779,Passenger_7779,Female,Chennai
507780,Passenger_7780,Male,Jaipur
507781,Passenger_7781,Male,Pune
507782,Passenger_7782,Female,Chennai
507783,Passenger_7783,Female,Jaipur
507784,Passenger_7784,Male,Pune
507785,Passenger_7785,Male,Kolkata
507786,Passenger_7786,Male,Delhi
507787,Passenger_7787,Female,Bengaluru
507788,Passenger_7788,Male,Bengaluru
507789,Passenger_7789,Female,Hyderabad
507790,Passenger_7790,Male,Bengaluru
507791,Passenger_7791,Female,Chennai
507792,Passenger_7792,Female,Bengaluru
507793,Passenger_7793,Male,Hyderabad
507794,Passenger_7794,Male,Bengaluru
507795,Passenger_7795,Male,Bengaluru
507796,Passenger_7796,Male,Delhi
507797,Passenger_7797,Female,Kolkata
507798,Passenger_7798,Male,Jaipur
507799,Passenger_7799,Male,Jaipur
507800,Passenger_7800,Male,Delhi
507801,Passenger_7801,Female,Chennai
507802,Passenger_7802,Female,Kolkata
507803,Passenger_7803,Female,Pune
507804,Passenger_7804,Male,Bengaluru
507805,Passenger_7805,Male,Delhi
507806,Passenger_7806,Female,Hyderabad
507807,Passenger_7807,Male,Jaipur
507808,Passenger_7808,Female,Bengaluru
507809,Passenger_7809,Female,Chennai
507810,Passenger_7810,Male,Jaipur
507811,Passenger_7811,Female,Hyderabad
507812,Passenger_7812,Male,Mumbai
507813,Passenger_7813,Male,Hyderabad
507814,Passenger_7814,Male,Pune
507815,Passenger_7815,Female,Kolkata
507816,Passenger_7816,Female,Chennai
507817,Passenger_7817,Male,Delhi
507818,Passenger_7818,Male,Hyderabad
507819,Passenger_7819,Female,Jaipur
507820,Passenger_7820,Female,Mumbai
507821,Passenger_7821,Male,Delhi
507822,Passenger_7822,Female,Hyderabad
507823,Passenger_7823,Female,Delhi
507824,Passenger_7824,Male,Delhi
507825,Passenger_7825,Female,Chennai
507826,Passenger_7826,Male,Chennai
507827,Passenger_7827,Male,Hyderabad
507828,Passenger_7828,Female,Chennai
507829,Passenger_7829,Female,Mumbai
507830,Passenger_7830,Female,Mumbai
507831,Passenger_7831,Female,Chennai
507832,Passenger_7832,Female,Kolkata
507833,Passenger_7833,Female,Chennai
507834,Passenger_7834,Female,Mumbai
507835,Passenger_7835,Male,Kolkata
507836,Passenger_7836,Female,Delhi
507837,Passenger_7837,Male,Chennai
507838,Passenger_7838,Female,Jaipur
507839,Passenger_7839,Male,Jaipur
507840,Passenger_7840,Male,Mumbai
507841,Passenger_7841,Female,Kolkata
507842,Passenger_7842,Male,Pune
507843,Passenger_7843,Female,Jaipur
507844,Passenger_7844,Female,Mumbai
507845,Passenger_7845,Male,Mumbai
507846,Passenger_7846,Male,Delhi
507847,Passenger_7847,Male,Pune
507848,Passenger_7848,Male,Hyderabad
507849,Passenger_7849,Female,Jaipur
507850,Passenger_7850,Male,Pune
507851,Passenger_7851,Male,Jaipur
507852,Passenger_7852,Female,Mumbai
507853,Passenger_7853,Female,Kolkata
507854,Passenger_7854,Male,Delhi
507855,Passenger_7855,Female,Kolkata
507856,Passenger_7856,Female,Jaipur
507857,Passenger_7857,Female,Bengaluru
507858,Passenger_7858,Female,Pune
507859,Passenger_7859,Female,Kolkata
507860,Passenger_7860,Male,Kolkata
507861,Passenger_7861,Male,Chennai
507862,Passenger_7862,Male,Hyderabad
507863,Passenger_7863,Female,Jaipur
507864,Passenger_7864,Male,Kolkata
507865,Passenger_7865,Male,Mumbai
507866,Passenger_7866,Female,Mumbai
507867,Passenger_7867,Female,Chennai
507868,Passenger_7868,Male,Pune
507869,Passenger_7869,Female,Bengaluru
507870,Passenger_7870,Female,Chennai
507871,Passenger_7871,Female,Kolkata
507872,Passenger_7872,Male,Delhi
507873,Passenger_7873,Male,Delhi
507874,Passenger_7874,Female,Delhi
507875,Passenger_7875,Male,Delhi
507876,Passenger_7876,Female,Bengaluru
507877,Passenger_7877,Male,Kolkata
507878,Passenger_7878,Female,Hyderabad
507879,Passenger_7879,Male,Mumbai
507880,Passenger_7880,Male,Hyderabad
507881,Passenger_7881,Female,Bengaluru
507882,Passenger_7882,Female,Hyderabad
507883,Passenger_7883,Female,Jaipur
507884,Passenger_7884,Male,Bengaluru
507885,Passenger_7885,Male,Pune
507886,Passenger_7886,Female,Delhi
507887,Passenger_7887,Female,Jaipur
507888,Passenger_7888,Female,Jaipur
507889,Passenger_7889,Male,Pune
507890,Passenger_7890,Male,Jaipur
507891,Passenger_7891,Female,Kolkata
507892,Passenger_7892,Male,Pune
507893,Passenger_7893,Female,Hyderabad
507894,Passenger_7894,Female,Bengaluru
507895,Passenger_7895,Male,Delhi
507896,Passenger_7896,Female,Chennai
507897,Passenger_7897,Female,Jaipur
507898,Passenger_7898,Male,Jaipur
507899,Passenger_7899,Female,Kolkata
507900,Passenger_7900,Male,Kolkata
507901,Passenger_7901,Female,Jaipur
507902,Passenger_7902,Male,Chennai
507903,Passenger_7903,Female,Mumbai
507904,Passenger_7904,Male,Pune
507905,Passenger_7905,Female,Delhi
507906,Passenger_7906,Female,Mumbai
507907,Passenger_7907,Male,Mumbai
507908,Passenger_7908,Female,Kolkata
507909,Passenger_7909,Female,Chennai
507910,Passenger_7910,Male,Jaipur
507911,Passenger_7911,Male,Hyderabad
507912,Passenger_7912,Female,Jaipur
507913,Passenger_7913,Female,Delhi
507914,Passenger_7914,Female,Mumbai
507915,Passenger_7915,Female,Bengaluru
507916,Passenger_7916,Female,Kolkata
507917,Passenger_7917,Female,Delhi
507918,Passenger_7918,Female,Kolkata
507919,Passenger_7919,Male,Jaipur
507920,Passenger_7920,Male,Pune
507921,Passenger_7921,Female,Jaipur
507922,Passenger_7922,Female,Chennai
507923,Passenger_7923,Female,Chennai
507924,Passenger_7924,Male,Mumbai
507925,Passenger_7925,Male,Pune
507926,Passenger_7926,Female,Chennai
507927,Passenger_7927,Male,Kolkata
507928,Passenger_7928,Female,Jaipur
507929,Passenger_7929,Female,Hyderabad
507930,Passenger_7930,Male,Mumbai
507931,Passenger_7931,Male,Pune
507932,Passenger_7932,Female,Jaipur
507933,Passenger_7933,Female,Mumbai
507934,Passenger_7934,Male,Pune
507935,Passenger_7935,Female,Mumbai
507936,Passenger_7936,Male,Mumbai
507937,Passenger_7937,Female,Kolkata
507938,Passenger_7938,Male,Pune
507939,Passenger_7939,Female,Mumbai
507940,Passenger_7940,Male,Jaipur
507941,Passenger_7941,Female,Chennai
507942,Passenger_7942,Female,Hyderabad
507943,Passenger_7943,Male,Chennai
507944,Passenger_7944,Female,Jaipur
507945,Passenger_7945,Male,Chennai
507946,Passenger_7946,Male,Bengaluru
507947,Passenger_7947,Male,Kolkata
507948,Passenger_7948,Female,Delhi
507949,Passenger_7949,Female,Bengaluru
507950,Passenger_7950,Male,Jaipur
507951,Passenger_7951,Male,Mumbai
507952,Passenger_7952,Female,Kolkata
507953,Passenger_7953,Male,Hyderabad
507954,Passenger_7954,Male,Bengaluru
507955,Passenger_7955,Female,Chennai
507956,Passenger_7956,Male,Kolkata
507957,Passenger_7957,Female,Bengaluru
507958,Passenger_7958,Female,Hyderabad
507959,Passenger_7959,Male,Bengaluru
507960,Passenger_7960,Male,Bengaluru
507961,Passenger_7961,Female,Kolkata
507962,Passenger_7962,Male,Bengaluru
507963,Passenger_7963,Female,Mumbai
507964,Passenger_7964,Male,Bengaluru
507965,Passenger_7965,Male,Kolkata
507966,Passenger_7966,Female,Kolkata
507967,Passenger_7967,Male,Chennai
507968,Passenger_7968,Female,Hyderabad
507969,Passenger_7969,Male,Pune
507970,Passenger_7970,Male,Chennai
507971,Passenger_7971,Male,Hyderabad
507972,Passenger_7972,Female,Delhi
507973,Passenger_7973,Male,Kolkata
507974,Passenger_7974,Male,Jaipur
507975,Passenger_7975,Female,Pune
507976,Passenger_7976,Male,Hyderabad
507977,Passenger_7977,Male,Jaipur
507978,Passenger_7978,Female,Pune
507979,Passenger_7979,Male,Pune
507980,Passenger_7980,Female,Bengaluru
507981,Passenger_7981,Male,Jaipur
507982,Passenger_7982,Female,Delhi
507983,Passenger_7983,Male,Delhi
507984,Passenger_7984,Female,Kolkata
507985,Passenger_7985,Male,Hyderabad
507986,Passenger_7986,Female,Jaipur
507987,Passenger_7987,Male,Bengaluru
507988,Passenger_7988,Female,Hyderabad
507989,Passenger_7989,Male,Delhi
507990,Passenger_7990,Female,Pune
507991,Passenger_7991,Male,Kolkata
507992,Passenger_7992,Male,Mumbai
507993,Passenger_7993,Female,Hyderabad
507994,Passenger_7994,Male,Mumbai
507995,Passenger_7995,Male,Bengaluru
507996,Passenger_7996,Female,Pune
507997,Passenger_7997,Female,Bengaluru
507998,Passenger_7998,Male,Mumbai
507999,Passenger_7999,Male,Delhi
508000,Passenger_8000,Male,Mumbai
508001,Passenger_8001,Female,Jaipur
508002,Passenger_8002,Male,Pune
508003,Passenger_8003,Female,Bengaluru
508004,Passenger_8004,Female,Jaipur
508005,Passenger_8005,Male,Jaipur
508006,Passenger_8006,Female,Kolkata
508007,Passenger_8007,Female,Hyderabad
508008,Passenger_8008,Male,Hyderabad
508009,Passenger_8009,Male,Bengaluru
508010,Passenger_8010,Male,Hyderabad
508011,Passenger_8011,Male,Pune
508012,Passenger_8012,Male,Hyderabad
508013,Passenger_8013,Male,Jaipur
508014,Passenger_8014,Male,Bengaluru
508015,Passenger_8015,Male,Mumbai
508016,Passenger_8016,Female,Jaipur
508017,Passenger_8017,Male,Mumbai
508018,Passenger_8018,Male,Bengaluru
508019,Passenger_8019,Male,Jaipur
508020,Passenger_8020,Female,Mumbai
508021,Passenger_8021,Male,Hyderabad
508022,Passenger_8022,Male,Jaipur
508023,Passenger_8023,Female,Pune
508024,Passenger_8024,Female,Pune
508025,Passenger_8025,Female,Pune
508026,Passenger_8026,Female,Bengaluru
508027,Passenger_8027,Female,Pune
508028,Passenger_8028,Female,Delhi
508029,Passenger_8029,Male,Kolkata
508030,Passenger_8030,Female,Mumbai
508031,Passenger_8031,Female,Delhi
508032,Passenger_8032,Female,Pune
508033,Passenger_8033,Female,Kolkata
508034,Passenger_8034,Male,Pune
508035,Passenger_8035,Female,Mumbai
508036,Passenger_8036,Male,Bengaluru
508037,Passenger_8037,Female,Bengaluru
508038,Passenger_8038,Female,Pune
508039,Passenger_8039,Female,Mumbai
508040,Passenger_8040,Male,Jaipur
508041,Passenger_8041,Male,Delhi
508042,Passenger_8042,Female,Delhi
508043,Passenger_8043,Female,Jaipur
508044,Passenger_8044,Male,Hyderabad
508045,Passenger_8045,Male,Bengaluru
508046,Passenger_8046,Female,Kolkata
508047,Passenger_8047,Female,Chennai
508048,Passenger_8048,Female,Pune
508049,Passenger_8049,Female,Chennai
508050,Passenger_8050,Male,Delhi
508051,Passenger_8051,Female,Chennai
508052,Passenger_8052,Male,Bengaluru
508053,Passenger_8053,Female,Bengaluru
508054,Passenger_8054,Male,Jaipur
508055,Passenger_8055,Male,Jaipur
508056,Passenger_8056,Female,Hyderabad
508057,Passenger_8057,Female,Hyderabad
508058,Passenger_8058,Male,Kolkata
508059,Passenger_8059,Male,Delhi
508060,Passenger_8060,Male,Chennai
508061,Passenger_8061,Female,Bengaluru
508062,Passenger_8062,Male,Bengaluru
508063,Passenger_8063,Male,Hyderabad
508064,Passenger_8064,Female,Chennai
508065,Passenger_8065,Female,Hyderabad
508066,Passenger_8066,Female,Mumbai
508067,Passenger_8067,Female,Pune
508068,Passenger_8068,Male,Delhi
508069,Passenger_8069,Female,Pune
508070,Passenger_8070,Female,Chennai
508071,Passenger_8071,Female,Pune
508072,Passenger_8072,Female,Pune
508073,Passenger_8073,Male,Pune
508074,Passenger_8074,Female,Kolkata
508075,Passenger_8075,Female,Bengaluru
508076,Passenger_8076,Male,Hyderabad
508077,Passenger_8077,Female,Jaipur
508078,Passenger_8078,Male,Bengaluru
508079,Passenger_8079,Female,Kolkata
508080,Passenger_8080,Female,Delhi
508081,Passenger_8081,Male,Bengaluru
508082,Passenger_8082,Female,Kolkata
508083,Passenger_8083,Male,Mumbai
508084,Passenger_8084,Male,Chennai
508085,Passenger_8085,Female,Jaipur
508086,Passenger_8086,Male,Hyderabad
508087,Passenger_8087,Female,Jaipur
508088,Passenger_8088,Male,Jaipur
508089,Passenger_8089,Male,Mumbai
508090,Passenger_8090,Female,Kolkata
508091,Passenger_8091,Female,Pune
508092,Passenger_8092,Female,Hyderabad
508093,Passenger_8093,Female,Jaipur
508094,Passenger_8094,Male,Delhi
508095,Passenger_8095,Male,Mumbai
508096,Passenger_8096,Female,Chennai
508097,Passenger_8097,Female,Jaipur
508098,Passenger_8098,Male,Chennai
508099,Passenger_8099,Male,Hyderabad
508100,Passenger_8100,Male,Jaipur
508101,Passenger_8101,Female,Jaipur
508102,Passenger_8102,Male,Mumbai
508103,Passenger_8103,Male,Chennai
508104,Passenger_8104,Male,Pune
508105,Passenger_8105,Male,Bengaluru
508106,Passenger_8106,Female,Delhi
508107,Passenger_8107,Female,Pune
508108,Passenger_8108,Male,Chennai
508109,Passenger_8109,Male,Delhi
508110,Passenger_8110,Male,Chennai
508111,Passenger_8111,Male,Jaipur
508112,Passenger_8112,Male,Jaipur
508113,Passenger_8113,Female,Mumbai
508114,Passenger_8114,Female,Hyderabad
508115,Passenger_8115,Male,Mumbai
508116,Passenger_8116,Male,Bengaluru
508117,Passenger_8117,Male,Mumbai
508118,Passenger_8118,Female,Chennai
508119,Passenger_8119,Male,Bengaluru
508120,Passenger_8120,Female,Pune
508121,Passenger_8121,Female,Jaipur
508122,Passenger_8122,Female,Pune
508123,Passenger_8123,Male,Pune
508124,Passenger_8124,Male,Jaipur
508125,Passenger_8125,Female,Bengaluru
508126,Passenger_8126,Male,Pune
508127,Passenger_8127,Male,Pune
508128,Passenger_8128,Female,Jaipur
508129,Passenger_8129,Female,Hyderabad
508130,Passenger_8130,Male,Pune
508131,Passenger_8131,Male,Hyderabad
508132,Passenger_8132,Male,Jaipur
508133,Passenger_8133,Female,Pune
508134,Passenger_8134,Female,Hyderabad
508135,Passenger_8135,Male,Mumbai
508136,Passenger_8136,Female,Pune
508137,Passenger_8137,Male,Chennai
508138,Passenger_8138,Female,Bengaluru
508139,Passenger_8139,Female,Kolkata
508140,Passenger_8140,Female,Pune
508141,Passenger_8141,Male,Jaipur
508142,Passenger_8142,Female,Hyderabad
508143,Passenger_8143,Male,Pune
508144,Passenger_8144,Male,Delhi
508145,Passenger_8145,Male,Delhi
508146,Passenger_8146,Female,Pune
508147,Passenger_8147,Male,Pune
508148,Passenger_8148,Male,Hyderabad
508149,Passenger_8149,Female,Bengaluru
508150,Passenger_8150,Male,Delhi
508151,Passenger_8151,Female,Jaipur
508152,Passenger_8152,Male,Kolkata
508153,Passenger_8153,Female,Bengaluru
508154,Passenger_8154,Male,Chennai
508155,Passenger_8155,Male,Hyderabad
508156,Passenger_8156,Male,Mumbai
508157,Passenger_8157,Male,Delhi
508158,Passenger_8158,Female,Pune
508159,Passenger_8159,Male,Chennai
508160,Passenger_8160,Female,Chennai
508161,Passenger_8161,Male,Chennai
508162,Passenger_8162,Male,Kolkata
508163,Passenger_8163,Male,Pune
508164,Passenger_8164,Male,Kolkata
508165,Passenger_8165,Male,Delhi
508166,Passenger_8166,Female,Jaipur
508167,Passenger_8167,Female,Kolkata
508168,Passenger_8168,Male,Bengaluru
508169,Passenger_8169,Female,Chennai
508170,Passenger_8170,Female,Mumbai
508171,Passenger_8171,Female,Mumbai
508172,Passenger_8172,Female,Bengaluru
508173,Passenger_8173,Female,Jaipur
508174,Passenger_8174,Female,Jaipur
508175,Passenger_8175,Female,Delhi
508176,Passenger_8176,Male,Delhi
508177,Passenger_8177,Female,Mumbai
508178,Passenger_8178,Female,Mumbai
508179,Passenger_8179,Female,Chennai
508180,Passenger_8180,Male,Kolkata
508181,Passenger_8181,Male,Kolkata
508182,Passenger_8182,Male,Bengaluru
508183,Passenger_8183,Male,Pune
508184,Passenger_8184,Female,Delhi
508185,Passenger_8185,Female,Jaipur
508186,Passenger_8186,Female,Kolkata
508187,Passenger_8187,Female,Hyderabad
508188,Passenger_8188,Male,Hyderabad
508189,Passenger_8189,Male,Bengaluru
508190,Passenger_8190,Female,Kolkata
508191,Passenger_8191,Female,Mumbai
508192,Passenger_8192,Male,Mumbai
508193,Passenger_8193,Female,Jaipur
508194,Passenger_8194,Female,Bengaluru
508195,Passenger_8195,Female,Jaipur
508196,Passenger_8196,Male,Delhi
508197,Passenger_8197,Female,Bengaluru
508198,Passenger_8198,Male,Mumbai
508199,Passenger_8199,Male,Mumbai
508200,Passenger_8200,Female,Hyderabad
508201,Passenger_8201,Female,Pune
508202,Passenger_8202,Female,Mumbai
508203,Passenger_8203,Male,Chennai
508204,Passenger_8204,Female,Delhi
508205,Passenger_8205,Male,Jaipur
508206,Passenger_8206,Female,Kolkata
508207,Passenger_8207,Male,Bengaluru
508208,Passenger_8208,Female,Jaipur
508209,Passenger_8209,Male,Kolkata
508210,Passenger_8210,Male,Kolkata
508211,Passenger_8211,Female,Bengaluru
508212,Passenger_8212,Male,Jaipur
508213,Passenger_8213,Male,Chennai
508214,Passenger_8214,Male,Delhi
508215,Passenger_8215,Male,Pune
508216,Passenger_8216,Male,Mumbai
508217,Passenger_8217,Female,Delhi
508218,Passenger_8218,Female,Hyderabad
508219,Passenger_8219,Male,Mumbai
508220,Passenger_8220,Male,Bengaluru
508221,Passenger_8221,Male,Jaipur
508222,Passenger_8222,Female,Pune
508223,Passenger_8223,Male,Pune
508224,Passenger_8224,Male,Delhi
508225,Passenger_8225,Female,Kolkata
508226,Passenger_8226,Female,Bengaluru
508227,Passenger_8227,Male,Bengaluru
508228,Passenger_8228,Female,Pune
508229,Passenger_8229,Male,Kolkata
508230,Passenger_8230,Female,Bengaluru
508231,Passenger_8231,Male,Bengaluru
508232,Passenger_8232,Male,Kolkata
508233,Passenger_8233,Male,Bengaluru
508234,Passenger_8234,Male,Chennai
508235,Passenger_8235,Female,Kolkata
508236,Passenger_8236,Male,Delhi
508237,Passenger_8237,Male,Chennai
508238,Passenger_8238,Female,Hyderabad
508239,Passenger_8239,Male,Kolkata
508240,Passenger_8240,Female,Hyderabad
508241,Passenger_8241,Female,Hyderabad
508242,Passenger_8242,Female,Mumbai
508243,Passenger_8243,Female,Hyderabad
508244,Passenger_8244,Female,Chennai
508245,Passenger_8245,Male,Hyderabad
508246,Passenger_8246,Female,Chennai
508247,Passenger_8247,Male,Chennai
508248,Passenger_8248,Female,Kolkata
508249,Passenger_8249,Female,Delhi
508250,Passenger_8250,Male,Chennai
508251,Passenger_8251,Male,Mumbai
508252,Passenger_8252,Male,Pune
508253,Passenger_8253,Male,Pune
508254,Passenger_8254,Female,Chennai
508255,Passenger_8255,Male,Mumbai
508256,Passenger_8256,Male,Kolkata
508257,Passenger_8257,Female,Chennai
508258,Passenger_8258,Female,Chennai
508259,Passenger_8259,Male,Bengaluru
508260,Passenger_8260,Male,Jaipur
508261,Passenger_8261,Female,Hyderabad
508262,Passenger_8262,Male,Delhi
508263,Passenger_8263,Male,Chennai
508264,Passenger_8264,Female,Kolkata
508265,Passenger_8265,Female,Pune
508266,Passenger_8266,Male,Hyderabad
508267,Passenger_8267,Female,Kolkata
508268,Passenger_8268,Male,Kolkata
508269,Passenger_8269,Male,Hyderabad
508270,Passenger_8270,Female,Chennai
508271,Passenger_8271,Female,Mumbai
508272,Passenger_8272,Female,Chennai
508273,Passenger_8273,Male,Mumbai
508274,Passenger_8274,Female,Jaipur
508275,Passenger_8275,Female,Mumbai
508276,Passenger_8276,Male,Mumbai
508277,Passenger_8277,Female,Bengaluru
508278,Passenger_8278,Male,Hyderabad
508279,Passenger_8279,Female,Kolkata
508280,Passenger_8280,Female,Mumbai
508281,Passenger_8281,Female,Mumbai
508282,Passenger_8282,Female,Hyderabad
508283,Passenger_8283,Male,Delhi
508284,Passenger_8284,Female,Jaipur
508285,Passenger_8285,Female,Hyderabad
508286,Passenger_8286,Female,Jaipur
508287,Passenger_8287,Female,Delhi
508288,Passenger_8288,Female,Pune
508289,Passenger_8289,Male,Delhi
508290,Passenger_8290,Male,Bengaluru
508291,Passenger_8291,Male,Chennai
508292,Passenger_8292,Male,Pune
508293,Passenger_8293,Female,Delhi
508294,Passenger_8294,Male,Hyderabad
508295,Passenger_8295,Female,Chennai
508296,Passenger_8296,Male,Delhi
508297,Passenger_8297,Male,Jaipur
508298,Passenger_8298,Male,Mumbai
508299,Passenger_8299,Female,Pune
508300,Passenger_8300,Female,Kolkata
508301,Passenger_8301,Male,Kolkata
508302,Passenger_8302,Male,Jaipur
508303,Passenger_8303,Female,Kolkata
508304,Passenger_8304,Female,Hyderabad
508305,Passenger_8305,Male,Pune
508306,Passenger_8306,Female,Bengaluru
508307,Passenger_8307,Female,Hyderabad
508308,Passenger_8308,Male,Kolkata
508309,Passenger_8309,Male,Bengaluru
508310,Passenger_8310,Male,Hyderabad
508311,Passenger_8311,Female,Jaipur
508312,Passenger_8312,Male,Hyderabad
508313,Passenger_8313,Female,Kolkata
508314,Passenger_8314,Male,Mumbai
508315,Passenger_8315,Female,Pune
508316,Passenger_8316,Female,Jaipur
508317,Passenger_8317,Male,Delhi
508318,Passenger_8318,Male,Mumbai
508319,Passenger_8319,Female,Delhi
508320,Passenger_8320,Male,Mumbai
508321,Passenger_8321,Male,Hyderabad
508322,Passenger_8322,Male,Delhi
508323,Passenger_8323,Male,Hyderabad
508324,Passenger_8324,Male,Kolkata
508325,Passenger_8325,Female,Delhi
508326,Passenger_8326,Female,Jaipur
508327,Passenger_8327,Female,Delhi
508328,Passenger_8328,Male,Hyderabad
508329,Passenger_8329,Male,Kolkata
508330,Passenger_8330,Female,Jaipur
508331,Passenger_8331,Female,Bengaluru
508332,Passenger_8332,Male,Kolkata
508333,Passenger_8333,Male,Hyderabad
508334,Passenger_8334,Female,Kolkata
508335,Passenger_8335,Female,Pune
508336,Passenger_8336,Female,Jaipur
508337,Passenger_8337,Male,Mumbai
508338,Passenger_8338,Female,Hyderabad
508339,Passenger_8339,Female,Pune
508340,Passenger_8340,Female,Chennai
508341,Passenger_8341,Female,Hyderabad
508342,Passenger_8342,Female,Jaipur
508343,Passenger_8343,Female,Hyderabad
508344,Passenger_8344,Female,Pune
508345,Passenger_8345,Male,Kolkata
508346,Passenger_8346,Female,Kolkata
508347,Passenger_8347,Male,Chennai
508348,Passenger_8348,Female,Hyderabad
508349,Passenger_8349,Female,Hyderabad
508350,Passenger_8350,Male,Kolkata
508351,Passenger_8351,Male,Delhi
508352,Passenger_8352,Male,Kolkata
508353,Passenger_8353,Male,Delhi
508354,Passenger_8354,Female,Pune
508355,Passenger_8355,Female,Hyderabad
508356,Passenger_8356,Male,Jaipur
508357,Passenger_8357,Male,Chennai
508358,Passenger_8358,Male,Pune
508359,Passenger_8359,Female,Hyderabad
508360,Passenger_8360,Female,Hyderabad
508361,Passenger_8361,Male,Bengaluru
508362,Passenger_8362,Male,Bengaluru
508363,Passenger_8363,Male,Chennai
508364,Passenger_8364,Female,Kolkata
508365,Passenger_8365,Female,Hyderabad
508366,Passenger_8366,Male,Bengaluru
508367,Passenger_8367,Male,Hyderabad
508368,Passenger_8368,Female,Mumbai
508369,Passenger_8369,Female,Hyderabad
508370,Passenger_8370,Female,Mumbai
508371,Passenger_8371,Male,Hyderabad
508372,Passenger_8372,Female,Mumbai
508373,Passenger_8373,Female,Chennai
508374,Passenger_8374,Male,Chennai
508375,Passenger_8375,Female,Chennai
508376,Passenger_8376,Female,Kolkata
508377,Passenger_8377,Male,Kolkata
508378,Passenger_8378,Female,Hyderabad
508379,Passenger_8379,Male,Hyderabad
508380,Passenger_8380,Female,Chennai
508381,Passenger_8381,Female,Hyderabad
508382,Passenger_8382,Male,Hyderabad
508383,Passenger_8383,Male,Jaipur
508384,Passenger_8384,Male,Pune
508385,Passenger_8385,Male,Bengaluru
508386,Passenger_8386,Female,Pune
508387,Passenger_8387,Female,Mumbai
508388,Passenger_8388,Female,Mumbai
508389,Passenger_8389,Male,Hyderabad
508390,Passenger_8390,Female,Delhi
508391,Passenger_8391,Female,Jaipur
508392,Passenger_8392,Female,Mumbai
508393,Passenger_8393,Male,Jaipur
508394,Passenger_8394,Female,Jaipur
508395,Passenger_8395,Female,Pune
508396,Passenger_8396,Male,Mumbai
508397,Passenger_8397,Male,Delhi
508398,Passenger_8398,Male,Chennai
508399,Passenger_8399,Male,Mumbai
508400,Passenger_8400,Male,Pune
508401,Passenger_8401,Male,Jaipur
508402,Passenger_8402,Female,Hyderabad
508403,Passenger_8403,Female,Kolkata
508404,Passenger_8404,Male,Mumbai
508405,Passenger_8405,Female,Kolkata
508406,Passenger_8406,Male,Bengaluru
508407,Passenger_8407,Male,Kolkata
508408,Passenger_8408,Female,Hyderabad
508409,Passenger_8409,Female,Mumbai
508410,Passenger_8410,Female,Pune
508411,Passenger_8411,Female,Chennai
508412,Passenger_8412,Female,Mumbai
508413,Passenger_8413,Male,Mumbai
508414,Passenger_8414,Male,Pune
508415,Passenger_8415,Male,Chennai
508416,Passenger_8416,Male,Kolkata
508417,Passenger_8417,Male,Hyderabad
508418,Passenger_8418,Male,Mumbai
508419,Passenger_8419,Female,Pune
508420,Passenger_8420,Female,Bengaluru
508421,Passenger_8421,Male,Kolkata
508422,Passenger_8422,Female,Kolkata
508423,Passenger_8423,Female,Kolkata
508424,Passenger_8424,Male,Kolkata
508425,Passenger_8425,Male,Bengaluru
508426,Passenger_8426,Male,Pune
508427,Passenger_8427,Female,Delhi
508428,Passenger_8428,Female,Mumbai
508429,Passenger_8429,Female,Jaipur
508430,Passenger_8430,Male,Delhi
508431,Passenger_8431,Male,Delhi
508432,Passenger_8432,Male,Mumbai
508433,Passenger_8433,Male,Mumbai
508434,Passenger_8434,Male,Jaipur
508435,Passenger_8435,Female,Delhi
508436,Passenger_8436,Female,Kolkata
508437,Passenger_8437,Male,Hyderabad
508438,Passenger_8438,Female,Mumbai
508439,Passenger_8439,Female,Bengaluru
508440,Passenger_8440,Male,Pune
508441,Passenger_8441,Male,Mumbai
508442,Passenger_8442,Male,Pune
508443,Passenger_8443,Female,Chennai
508444,Passenger_8444,Male,Chennai
508445,Passenger_8445,Female,Hyderabad
508446,Passenger_8446,Male,Bengaluru
508447,Passenger_8447,Female,Hyderabad
508448,Passenger_8448,Male,Delhi
508449,Passenger_8449,Female,Chennai
508450,Passenger_8450,Male,Chennai
508451,Passenger_8451,Male,Bengaluru
508452,Passenger_8452,Male,Chennai
508453,Passenger_8453,Male,Delhi
508454,Passenger_8454,Male,Bengaluru
508455,Passenger_8455,Female,Bengaluru
508456,Passenger_8456,Male,Kolkata
508457,Passenger_8457,Female,Jaipur
508458,Passenger_8458,Female,Bengaluru
508459,Passenger_8459,Female,Bengaluru
508460,Passenger_8460,Male,Mumbai
508461,Passenger_8461,Female,Kolkata
508462,Passenger_8462,Female,Pune
508463,Passenger_8463,Female,Hyderabad
508464,Passenger_8464,Female,Jaipur
508465,Passenger_8465,Male,Delhi
508466,Passenger_8466,Female,Jaipur
508467,Passenger_8467,Male,Chennai
508468,Passenger_8468,Female,Delhi
508469,Passenger_8469,Female,Chennai
508470,Passenger_8470,Female,Pune
508471,Passenger_8471,Male,Chennai
508472,Passenger_8472,Female,Kolkata
508473,Passenger_8473,Male,Jaipur
508474,Passenger_8474,Female,Delhi
508475,Passenger_8475,Male,Chennai
508476,Passenger_8476,Male,Delhi
508477,Passenger_8477,Female,Chennai
508478,Passenger_8478,Male,Chennai
508479,Passenger_8479,Male,Chennai
508480,Passenger_8480,Male,Jaipur
508481,Passenger_8481,Female,Jaipur
508482,Passenger_8482,Male,Mumbai
508483,Passenger_8483,Male,Delhi
508484,Passenger_8484,Female,Kolkata
508485,Passenger_8485,Male,Hyderabad
508486,Passenger_8486,Male,Hyderabad
508487,Passenger_8487,Male,Hyderabad
508488,Passenger_8488,Male,Jaipur
508489,Passenger_8489,Female,Jaipur
508490,Passenger_8490,Female,Hyderabad
508491,Passenger_8491,Female,Mumbai
508492,Passenger_8492,Male,Jaipur
508493,Passenger_8493,Male,Kolkata
508494,Passenger_8494,Male,Hyderabad
508495,Passenger_8495,Male,Delhi
508496,Passenger_8496,Male,Jaipur
508497,Passenger_8497,Female,Kolkata
508498,Passenger_8498,Male,Hyderabad
508499,Passenger_8499,Male,Bengaluru
508500,Passenger_8500,Male,Jaipur
508501,Passenger_8501,Female,Hyderabad
508502,Passenger_8502,Male,Hyderabad
508503,Passenger_8503,Male,Hyderabad
508504,Passenger_8504,Female,Pune
508505,Passenger_8505,Female,Bengaluru
508506,Passenger_8506,Male,Kolkata
508507,Passenger_8507,Female,Chennai
508508,Passenger_8508,Male,Chennai
508509,Passenger_8509,Male,Hyderabad
508510,Passenger_8510,Female,Delhi
508511,Passenger_8511,Female,Chennai
508512,Passenger_8512,Female,Delhi
508513,Passenger_8513,Male,Kolkata
508514,Passenger_8514,Female,Kolkata
508515,Passenger_8515,Female,Delhi
508516,Passenger_8516,Male,Jaipur
508517,Passenger_8517,Male,Delhi
508518,Passenger_8518,Male,Delhi
508519,Passenger_8519,Female,Chennai
508520,Passenger_8520,Male,Pune
508521,Passenger_8521,Female,Hyderabad
508522,Passenger_8522,Female,Jaipur
508523,Passenger_8523,Male,Chennai
508524,Passenger_8524,Male,Hyderabad
508525,Passenger_8525,Male,Bengaluru
508526,Passenger_8526,Male,Chennai
508527,Passenger_8527,Female,Kolkata
508528,Passenger_8528,Female,Mumbai
508529,Passenger_8529,Male,Kolkata
508530,Passenger_8530,Female,Pune
508531,Passenger_8531,Male,Pune
508532,Passenger_8532,Female,Pune
508533,Passenger_8533,Female,Bengaluru
508534,Passenger_8534,Female,Kolkata
508535,Passenger_8535,Male,Chennai
508536,Passenger_8536,Male,Chennai
508537,Passenger_8537,Male,Delhi
508538,Passenger_8538,Male,Delhi
508539,Passenger_8539,Female,Chennai
508540,Passenger_8540,Male,Pune
508541,Passenger_8541,Female,Delhi
508542,Passenger_8542,Female,Delhi
508543,Passenger_8543,Female,Kolkata
508544,Passenger_8544,Male,Pune
508545,Passenger_8545,Male,Hyderabad
508546,Passenger_8546,Female,Pune
508547,Passenger_8547,Male,Delhi
508548,Passenger_8548,Male,Chennai
508549,Passenger_8549,Female,Delhi
508550,Passenger_8550,Female,Delhi
508551,Passenger_8551,Female,Pune
508552,Passenger_8552,Male,Chennai
508553,Passenger_8553,Female,Jaipur
508554,Passenger_8554,Male,Delhi
508555,Passenger_8555,Male,Pune
508556,Passenger_8556,Female,Jaipur
508557,Passenger_8557,Male,Chennai
508558,Passenger_8558,Female,Delhi
508559,Passenger_8559,Female,Mumbai
508560,Passenger_8560,Male,Bengaluru
508561,Passenger_8561,Male,Bengaluru
508562,Passenger_8562,Male,Delhi
508563,Passenger_8563,Female,Chennai
508564,Passenger_8564,Male,Bengaluru
508565,Passenger_8565,Male,Delhi
508566,Passenger_8566,Female,Hyderabad
508567,Passenger_8567,Male,Bengaluru
508568,Passenger_8568,Female,Jaipur
508569,Passenger_8569,Female,Bengaluru
508570,Passenger_8570,Female,Hyderabad
508571,Passenger_8571,Female,Kolkata
508572,Passenger_8572,Female,Kolkata
508573,Passenger_8573,Male,Delhi
508574,Passenger_8574,Male,Chennai
508575,Passenger_8575,Female,Bengaluru
508576,Passenger_8576,Male,Jaipur
508577,Passenger_8577,Female,Jaipur
508578,Passenger_8578,Male,Jaipur
508579,Passenger_8579,Female,Mumbai
508580,Passenger_8580,Male,Bengaluru
508581,Passenger_8581,Female,Bengaluru
508582,Passenger_8582,Male,Jaipur
508583,Passenger_8583,Male,Kolkata
508584,Passenger_8584,Female,Pune
508585,Passenger_8585,Female,Jaipur
508586,Passenger_8586,Female,Bengaluru
508587,Passenger_8587,Female,Mumbai
508588,Passenger_8588,Female,Kolkata
508589,Passenger_8589,Female,Kolkata
508590,Passenger_8590,Female,Mumbai
508591,Passenger_8591,Male,Delhi
508592,Passenger_8592,Male,Kolkata
508593,Passenger_8593,Male,Pune
508594,Passenger_8594,Female,Kolkata
508595,Passenger_8595,Female,Hyderabad
508596,Passenger_8596,Male,Jaipur
508597,Passenger_8597,Female,Hyderabad
508598,Passenger_8598,Female,Chennai
508599,Passenger_8599,Male,Chennai
508600,Passenger_8600,Female,Pune
508601,Passenger_8601,Male,Pune
508602,Passenger_8602,Female,Pune
508603,Passenger_8603,Female,Pune
508604,Passenger_8604,Male,Jaipur
508605,Passenger_8605,Female,Mumbai
508606,Passenger_8606,Male,Chennai
508607,Passenger_8607,Male,Hyderabad
508608,Passenger_8608,Male,Jaipur
508609,Passenger_8609,Male,Delhi
508610,Passenger_8610,Female,Hyderabad
508611,Passenger_8611,Female,Jaipur
508612,Passenger_8612,Male,Bengaluru
508613,Passenger_8613,Female,Kolkata
508614,Passenger_8614,Female,Chennai
508615,Passenger_8615,Male,Hyderabad
508616,Passenger_8616,Female,Hyderabad
508617,Passenger_8617,Male,Pune
508618,Passenger_8618,Female,Chennai
508619,Passenger_8619,Female,Mumbai
508620,Passenger_8620,Female,Kolkata
508621,Passenger_8621,Male,Delhi
508622,Passenger_8622,Male,Bengaluru
508623,Passenger_8623,Male,Mumbai
508624,Passenger_8624,Male,Mumbai
508625,Passenger_8625,Female,Bengaluru
508626,Passenger_8626,Female,Hyderabad
508627,Passenger_8627,Female,Pune
508628,Passenger_8628,Male,Mumbai
508629,Passenger_8629,Female,Hyderabad
508630,Passenger_8630,Male,Kolkata
508631,Passenger_8631,Male,Bengaluru
508632,Passenger_8632,Male,Chennai
508633,Passenger_8633,Female,Jaipur
508634,Passenger_8634,Male,Mumbai
508635,Passenger_8635,Male,Kolkata
508636,Passenger_8636,Male,Pune
508637,Passenger_8637,Female,Kolkata
508638,Passenger_8638,Male,Kolkata
508639,Passenger_8639,Female,Kolkata
508640,Passenger_8640,Male,Hyderabad
508641,Passenger_8641,Female,Jaipur
508642,Passenger_8642,Female,Delhi
508643,Passenger_8643,Male,Bengaluru
508644,Passenger_8644,Female,Jaipur
508645,Passenger_8645,Female,Delhi
508646,Passenger_8646,Male,Mumbai
508647,Passenger_8647,Male,Kolkata
508648,Passenger_8648,Female,Jaipur
508649,Passenger_8649,Male,Chennai
508650,Passenger_8650,Male,Mumbai
508651,Passenger_8651,Male,Delhi
508652,Passenger_8652,Female,Hyderabad
508653,Passenger_8653,Male,Chennai
508654,Passenger_8654,Female,Mumbai
508655,Passenger_8655,Female,Pune
508656,Passenger_8656,Female,Jaipur
508657,Passenger_8657,Female,Chennai
508658,Passenger_8658,Male,Hyderabad
508659,Passenger_8659,Female,Chennai
508660,Passenger_8660,Female,Chennai
508661,Passenger_8661,Male,Delhi
508662,Passenger_8662,Female,Bengaluru
508663,Passenger_8663,Male,Kolkata
508664,Passenger_8664,Female,Mumbai
508665,Passenger_8665,Female,Pune
508666,Passenger_8666,Female,Mumbai
508667,Passenger_8667,Female,Delhi
508668,Passenger_8668,Male,Delhi
508669,Passenger_8669,Female,Delhi
508670,Passenger_8670,Male,Mumbai
508671,Passenger_8671,Male,Hyderabad
508672,Passenger_8672,Female,Jaipur
508673,Passenger_8673,Female,Bengaluru
508674,Passenger_8674,Female,Pune
508675,Passenger_8675,Male,Delhi
508676,Passenger_8676,Male,Kolkata
508677,Passenger_8677,Female,Bengaluru
508678,Passenger_8678,Female,Pune
508679,Passenger_8679,Male,Mumbai
508680,Passenger_8680,Male,Delhi
508681,Passenger_8681,Male,Delhi
508682,Passenger_8682,Male,Hyderabad
508683,Passenger_8683,Male,Hyderabad
508684,Passenger_8684,Female,Mumbai
508685,Passenger_8685,Female,Chennai
508686,Passenger_8686,Male,Mumbai
508687,Passenger_8687,Male,Pune
508688,Passenger_8688,Male,Pune
508689,Passenger_8689,Male,Jaipur
508690,Passenger_8690,Female,Jaipur
508691,Passenger_8691,Male,Bengaluru
508692,Passenger_8692,Female,Delhi
508693,Passenger_8693,Male,Jaipur
508694,Passenger_8694,Male,Pune
508695,Passenger_8695,Male,Pune
508696,Passenger_8696,Female,Chennai
508697,Passenger_8697,Female,Bengaluru
508698,Passenger_8698,Female,Jaipur
508699,Passenger_8699,Male,Hyderabad
508700,Passenger_8700,Male,Hyderabad
508701,Passenger_8701,Female,Delhi
508702,Passenger_8702,Female,Pune
508703,Passenger_8703,Female,Jaipur
508704,Passenger_8704,Female,Bengaluru
508705,Passenger_8705,Male,Delhi
508706,Passenger_8706,Female,Delhi
508707,Passenger_8707,Male,Bengaluru
508708,Passenger_8708,Male,Mumbai
508709,Passenger_8709,Female,Delhi
508710,Passenger_8710,Female,Bengaluru
508711,Passenger_8711,Male,Bengaluru
508712,Passenger_8712,Male,Hyderabad
508713,Passenger_8713,Male,Hyderabad
508714,Passenger_8714,Male,Delhi
508715,Passenger_8715,Male,Chennai
508716,Passenger_8716,Female,Kolkata
508717,Passenger_8717,Male,Hyderabad
508718,Passenger_8718,Female,Delhi
508719,Passenger_8719,Male,Chennai
508720,Passenger_8720,Female,Jaipur
508721,Passenger_8721,Female,Mumbai
508722,Passenger_8722,Female,Hyderabad
508723,Passenger_8723,Female,Jaipur
508724,Passenger_8724,Male,Delhi
508725,Passenger_8725,Female,Kolkata
508726,Passenger_8726,Female,Kolkata
508727,Passenger_8727,Male,Mumbai
508728,Passenger_8728,Female,Chennai
508729,Passenger_8729,Female,Jaipur
508730,Passenger_8730,Male,Hyderabad
508731,Passenger_8731,Male,Kolkata
508732,Passenger_8732,Male,Delhi
508733,Passenger_8733,Male,Hyderabad
508734,Passenger_8734,Male,Kolkata
508735,Passenger_8735,Female,Jaipur
508736,Passenger_8736,Female,Bengaluru
508737,Passenger_8737,Female,Pune
508738,Passenger_8738,Male,Mumbai
508739,Passenger_8739,Male,Pune
508740,Passenger_8740,Female,Mumbai
508741,Passenger_8741,Female,Bengaluru
508742,Passenger_8742,Female,Pune
508743,Passenger_8743,Female,Mumbai
508744,Passenger_8744,Male,Jaipur
508745,Passenger_8745,Male,Pune
508746,Passenger_8746,Female,Hyderabad
508747,Passenger_8747,Female,Jaipur
508748,Passenger_8748,Female,Bengaluru
508749,Passenger_8749,Female,Jaipur
508750,Passenger_8750,Male,Jaipur
508751,Passenger_8751,Female,Delhi
508752,Passenger_8752,Male,Jaipur
508753,Passenger_8753,Female,Chennai
508754,Passenger_8754,Male,Chennai
508755,Passenger_8755,Female,Delhi
508756,Passenger_8756,Male,Mumbai
508757,Passenger_8757,Male,Bengaluru
508758,Passenger_8758,Male,Bengaluru
508759,Passenger_8759,Female,Kolkata
508760,Passenger_8760,Male,Jaipur
508761,Passenger_8761,Male,Chennai
508762,Passenger_8762,Male,Chennai
508763,Passenger_8763,Female,Pune
508764,Passenger_8764,Male,Hyderabad
508765,Passenger_8765,Male,Jaipur
508766,Passenger_8766,Female,Bengaluru
508767,Passenger_8767,Male,Bengaluru
508768,Passenger_8768,Female,Kolkata
508769,Passenger_8769,Male,Pune
508770,Passenger_8770,Male,Delhi
508771,Passenger_8771,Male,Kolkata
508772,Passenger_8772,Female,Kolkata
508773,Passenger_8773,Male,Delhi
508774,Passenger_8774,Female,Chennai
508775,Passenger_8775,Male,Jaipur
508776,Passenger_8776,Female,Kolkata
508777,Passenger_8777,Female,Hyderabad
508778,Passenger_8778,Female,Bengaluru
508779,Passenger_8779,Female,Bengaluru
508780,Passenger_8780,Female,Bengaluru
508781,Passenger_8781,Female,Pune
508782,Passenger_8782,Female,Mumbai
508783,Passenger_8783,Female,Delhi
508784,Passenger_8784,Female,Delhi
508785,Passenger_8785,Female,Kolkata
508786,Passenger_8786,Male,Mumbai
508787,Passenger_8787,Male,Bengaluru
508788,Passenger_8788,Male,Kolkata
508789,Passenger_8789,Male,Jaipur
508790,Passenger_8790,Male,Bengaluru
508791,Passenger_8791,Female,Pune
508792,Passenger_8792,Female,Delhi
508793,Passenger_8793,Female,Hyderabad
508794,Passenger_8794,Male,Mumbai
508795,Passenger_8795,Male,Mumbai
508796,Passenger_8796,Female,Bengaluru
508797,Passenger_8797,Female,Bengaluru
508798,Passenger_8798,Female,Hyderabad
508799,Passenger_8799,Female,Kolkata
508800,Passenger_8800,Male,Bengaluru
508801,Passenger_8801,Female,Jaipur
508802,Passenger_8802,Female,Jaipur
508803,Passenger_8803,Male,Delhi
508804,Passenger_8804,Male,Chennai
508805,Passenger_8805,Male,Pune
508806,Passenger_8806,Male,Mumbai
508807,Passenger_8807,Female,Bengaluru
508808,Passenger_8808,Male,Chennai
508809,Passenger_8809,Female,Mumbai
508810,Passenger_8810,Female,Hyderabad
508811,Passenger_8811,Female,Pune
508812,Passenger_8812,Female,Bengaluru
508813,Passenger_8813,Male,Mumbai
508814,Passenger_8814,Female,Delhi
508815,Passenger_8815,Female,Bengaluru
508816,Passenger_8816,Male,Hyderabad
508817,Passenger_8817,Male,Bengaluru
508818,Passenger_8818,Female,Bengaluru
508819,Passenger_8819,Male,Hyderabad
508820,Passenger_8820,Female,Mumbai
508821,Passenger_8821,Male,Pune
508822,Passenger_8822,Female,Hyderabad
508823,Passenger_8823,Male,Delhi
508824,Passenger_8824,Female,Kolkata
508825,Passenger_8825,Male,Mumbai
508826,Passenger_8826,Male,Pune
508827,Passenger_8827,Female,Hyderabad
508828,Passenger_8828,Female,Pune
508829,Passenger_8829,Male,Jaipur
508830,Passenger_8830,Male,Delhi
508831,Passenger_8831,Female,Pune
508832,Passenger_8832,Male,Bengaluru
508833,Passenger_8833,Male,Mumbai
508834,Passenger_8834,Male,Kolkata
508835,Passenger_8835,Female,Chennai
508836,Passenger_8836,Male,Pune
508837,Passenger_8837,Male,Chennai
508838,Passenger_8838,Female,Hyderabad
508839,Passenger_8839,Male,Chennai
508840,Passenger_8840,Male,Hyderabad
508841,Passenger_8841,Female,Jaipur
508842,Passenger_8842,Female,Kolkata
508843,Passenger_8843,Female,Chennai
508844,Passenger_8844,Female,Mumbai
508845,Passenger_8845,Female,Pune
508846,Passenger_8846,Female,Delhi
508847,Passenger_8847,Male,Delhi
508848,Passenger_8848,Male,Chennai
508849,Passenger_8849,Male,Delhi
508850,Passenger_8850,Female,Jaipur
508851,Passenger_8851,Female,Jaipur
508852,Passenger_8852,Male,Delhi
508853,Passenger_8853,Female,Hyderabad
508854,Passenger_8854,Female,Jaipur
508855,Passenger_8855,Female,Pune
508856,Passenger_8856,Male,Delhi
508857,Passenger_8857,Female,Bengaluru
508858,Passenger_8858,Male,Pune
508859,Passenger_8859,Female,Bengaluru
508860,Passenger_8860,Male,Mumbai
508861,Passenger_8861,Female,Delhi
508862,Passenger_8862,Male,Hyderabad
508863,Passenger_8863,Male,Chennai
508864,Passenger_8864,Female,Bengaluru
508865,Passenger_8865,Female,Hyderabad
508866,Passenger_8866,Male,Mumbai
508867,Passenger_8867,Female,Chennai
508868,Passenger_8868,Male,Bengaluru
508869,Passenger_8869,Male,Chennai
508870,Passenger_8870,Male,Hyderabad
508871,Passenger_8871,Male,Bengaluru
508872,Passenger_8872,Male,Chennai
508873,Passenger_8873,Female,Kolkata
508874,Passenger_8874,Female,Hyderabad
508875,Passenger_8875,Female,Jaipur
508876,Passenger_8876,Female,Jaipur
508877,Passenger_8877,Male,Hyderabad
508878,Passenger_8878,Female,Pune
508879,Passenger_8879,Male,Chennai
508880,Passenger_8880,Female,Hyderabad
508881,Passenger_8881,Female,Hyderabad
508882,Passenger_8882,Male,Delhi
508883,Passenger_8883,Male,Chennai
508884,Passenger_8884,Male,Pune
508885,Passenger_8885,Female,Mumbai
508886,Passenger_8886,Female,Delhi
508887,Passenger_8887,Male,Hyderabad
508888,Passenger_8888,Male,Pune
508889,Passenger_8889,Female,Mumbai
508890,Passenger_8890,Female,Jaipur
508891,Passenger_8891,Male,Chennai
508892,Passenger_8892,Female,Mumbai
508893,Passenger_8893,Male,Pune
508894,Passenger_8894,Female,Kolkata
508895,Passenger_8895,Male,Bengaluru
508896,Passenger_8896,Male,Pune
508897,Passenger_8897,Male,Jaipur
508898,Passenger_8898,Female,Delhi
508899,Passenger_8899,Male,Bengaluru
508900,Passenger_8900,Male,Pune
508901,Passenger_8901,Female,Mumbai
508902,Passenger_8902,Male,Jaipur
508903,Passenger_8903,Male,Delhi
508904,Passenger_8904,Female,Kolkata
508905,Passenger_8905,Male,Mumbai
508906,Passenger_8906,Female,Pune
508907,Passenger_8907,Female,Jaipur
508908,Passenger_8908,Female,Delhi
508909,Passenger_8909,Female,Bengaluru
508910,Passenger_8910,Male,Chennai
508911,Passenger_8911,Male,Jaipur
508912,Passenger_8912,Female,Delhi
508913,Passenger_8913,Female,Jaipur
508914,Passenger_8914,Female,Jaipur
508915,Passenger_8915,Female,Delhi
508916,Passenger_8916,Female,Mumbai
508917,Passenger_8917,Female,Mumbai
508918,Passenger_8918,Male,Hyderabad
508919,Passenger_8919,Female,Delhi
508920,Passenger_8920,Male,Jaipur
508921,Passenger_8921,Female,Kolkata
508922,Passenger_8922,Male,Pune
508923,Passenger_8923,Male,Delhi
508924,Passenger_8924,Female,Chennai
508925,Passenger_8925,Female,Bengaluru
508926,Passenger_8926,Male,Pune
508927,Passenger_8927,Female,Chennai
508928,Passenger_8928,Female,Jaipur
508929,Passenger_8929,Male,Mumbai
508930,Passenger_8930,Male,Jaipur
508931,Passenger_8931,Female,Chennai
508932,Passenger_8932,Female,Pune
508933,Passenger_8933,Male,Kolkata
508934,Passenger_8934,Female,Chennai
508935,Passenger_8935,Female,Pune
508936,Passenger_8936,Female,Bengaluru
508937,Passenger_8937,Male,Pune
508938,Passenger_8938,Female,Delhi
508939,Passenger_8939,Male,Chennai
508940,Passenger_8940,Male,Delhi
508941,Passenger_8941,Female,Hyderabad
508942,Passenger_8942,Female,Jaipur
508943,Passenger_8943,Male,Mumbai
508944,Passenger_8944,Female,Kolkata
508945,Passenger_8945,Male,Kolkata
508946,Passenger_8946,Male,Bengaluru
508947,Passenger_8947,Male,Mumbai
508948,Passenger_8948,Female,Hyderabad
508949,Passenger_8949,Male,Pune
508950,Passenger_8950,Female,Mumbai
508951,Passenger_8951,Female,Bengaluru
508952,Passenger_8952,Male,Pune
508953,Passenger_8953,Female,Delhi
508954,Passenger_8954,Male,Jaipur
508955,Passenger_8955,Female,Pune
508956,Passenger_8956,Male,Hyderabad
508957,Passenger_8957,Male,Chennai
508958,Passenger_8958,Female,Pune
508959,Passenger_8959,Female,Delhi
508960,Passenger_8960,Male,Delhi
508961,Passenger_8961,Male,Jaipur
508962,Passenger_8962,Female,Jaipur
508963,Passenger_8963,Female,Pune
508964,Passenger_8964,Female,Mumbai
508965,Passenger_8965,Male,Jaipur
508966,Passenger_8966,Male,Jaipur
508967,Passenger_8967,Female,Jaipur
508968,Passenger_8968,Male,Pune
508969,Passenger_8969,Female,Delhi
508970,Passenger_8970,Male,Bengaluru
508971,Passenger_8971,Male,Jaipur
508972,Passenger_8972,Male,Chennai
508973,Passenger_8973,Female,Jaipur
508974,Passenger_8974,Male,Delhi
508975,Passenger_8975,Male,Mumbai
508976,Passenger_8976,Male,Pune
508977,Passenger_8977,Female,Bengaluru
508978,Passenger_8978,Female,Jaipur
508979,Passenger_8979,Male,Hyderabad
508980,Passenger_8980,Female,Delhi
508981,Passenger_8981,Male,Jaipur
508982,Passenger_8982,Female,Jaipur
508983,Passenger_8983,Male,Delhi
508984,Passenger_8984,Male,Pune
508985,Passenger_8985,Male,Chennai
508986,Passenger_8986,Female,Pune
508987,Passenger_8987,Male,Jaipur
508988,Passenger_8988,Male,Delhi
508989,Passenger_8989,Male,Jaipur
508990,Passenger_8990,Female,Kolkata
508991,Passenger_8991,Female,Chennai
508992,Passenger_8992,Female,Jaipur
508993,Passenger_8993,Male,Hyderabad
508994,Passenger_8994,Male,Bengaluru
508995,Passenger_8995,Male,Chennai
508996,Passenger_8996,Female,Chennai
508997,Passenger_8997,Female,Jaipur
508998,Passenger_8998,Male,Jaipur
508999,Passenger_8999,Male,Hyderabad
509000,Passenger_9000,Male,Delhi
509001,Passenger_9001,Female,Kolkata
509002,Passenger_9002,Male,Mumbai
509003,Passenger_9003,Female,Delhi
509004,Passenger_9004,Male,Delhi
509005,Passenger_9005,Male,Delhi
509006,Passenger_9006,Female,Delhi
509007,Passenger_9007,Male,Delhi
509008,Passenger_9008,Male,Mumbai
509009,Passenger_9009,Male,Delhi
509010,Passenger_9010,Male,Mumbai
509011,Passenger_9011,Female,Delhi
509012,Passenger_9012,Female,Bengaluru
509013,Passenger_9013,Female,Chennai
509014,Passenger_9014,Male,Chennai
509015,Passenger_9015,Male,Chennai
509016,Passenger_9016,Male,Delhi
509017,Passenger_9017,Female,Pune
509018,Passenger_9018,Female,Chennai
509019,Passenger_9019,Male,Pune
509020,Passenger_9020,Female,Pune
509021,Passenger_9021,Female,Jaipur
509022,Passenger_9022,Male,Bengaluru
509023,Passenger_9023,Male,Mumbai
509024,Passenger_9024,Female,Bengaluru
509025,Passenger_9025,Female,Bengaluru
509026,Passenger_9026,Male,Mumbai
509027,Passenger_9027,Female,Mumbai
509028,Passenger_9028,Male,Chennai
509029,Passenger_9029,Female,Hyderabad
509030,Passenger_9030,Female,Bengaluru
509031,Passenger_9031,Male,Pune
509032,Passenger_9032,Female,Jaipur
509033,Passenger_9033,Female,Mumbai
509034,Passenger_9034,Female,Hyderabad
509035,Passenger_9035,Male,Kolkata
509036,Passenger_9036,Female,Mumbai
509037,Passenger_9037,Male,Delhi
509038,Passenger_9038,Female,Delhi
509039,Passenger_9039,Male,Mumbai
509040,Passenger_9040,Female,Hyderabad
509041,Passenger_9041,Female,Chennai
509042,Passenger_9042,Male,Pune
509043,Passenger_9043,Male,Mumbai
509044,Passenger_9044,Male,Pune
509045,Passenger_9045,Female,Mumbai
509046,Passenger_9046,Female,Pune
509047,Passenger_9047,Male,Delhi
509048,Passenger_9048,Male,Hyderabad
509049,Passenger_9049,Female,Hyderabad
509050,Passenger_9050,Male,Bengaluru
509051,Passenger_9051,Male,Bengaluru
509052,Passenger_9052,Female,Delhi
509053,Passenger_9053,Female,Delhi
509054,Passenger_9054,Male,Jaipur
509055,Passenger_9055,Male,Kolkata
509056,Passenger_9056,Male,Bengaluru
509057,Passenger_9057,Female,Bengaluru
509058,Passenger_9058,Male,Jaipur
509059,Passenger_9059,Female,Kolkata
509060,Passenger_9060,Female,Delhi
509061,Passenger_9061,Male,Chennai
509062,Passenger_9062,Female,Bengaluru
509063,Passenger_9063,Female,Pune
509064,Passenger_9064,Male,Hyderabad
509065,Passenger_9065,Male,Delhi
509066,Passenger_9066,Male,Jaipur
509067,Passenger_9067,Male,Kolkata
509068,Passenger_9068,Female,Chennai
509069,Passenger_9069,Male,Chennai
509070,Passenger_9070,Female,Delhi
509071,Passenger_9071,Female,Kolkata
509072,Passenger_9072,Male,Pune
509073,Passenger_9073,Female,Kolkata
509074,Passenger_9074,Female,Hyderabad
509075,Passenger_9075,Male,Bengaluru
509076,Passenger_9076,Female,Jaipur
509077,Passenger_9077,Female,Pune
509078,Passenger_9078,Male,Mumbai
509079,Passenger_9079,Female,Hyderabad
509080,Passenger_9080,Male,Chennai
509081,Passenger_9081,Male,Jaipur
509082,Passenger_9082,Female,Pune
509083,Passenger_9083,Male,Hyderabad
509084,Passenger_9084,Female,Delhi
509085,Passenger_9085,Female,Hyderabad
509086,Passenger_9086,Male,Chennai
509087,Passenger_9087,Female,Bengaluru
509088,Passenger_9088,Male,Hyderabad
509089,Passenger_9089,Female,Mumbai
509090,Passenger_9090,Female,Delhi
509091,Passenger_9091,Female,Jaipur
509092,Passenger_9092,Female,Kolkata
509093,Passenger_9093,Male,Chennai
509094,Passenger_9094,Male,Bengaluru
509095,Passenger_9095,Female,Delhi
509096,Passenger_9096,Female,Hyderabad
509097,Passenger_9097,Male,Mumbai
509098,Passenger_9098,Male,Chennai
509099,Passenger_9099,Female,Delhi
509100,Passenger_9100,Female,Jaipur
509101,Passenger_9101,Male,Pune
509102,Passenger_9102,Male,Jaipur
509103,Passenger_9103,Female,Pune
509104,Passenger_9104,Male,Delhi
509105,Passenger_9105,Female,Bengaluru
509106,Passenger_9106,Female,Bengaluru
509107,Passenger_9107,Female,Chennai
509108,Passenger_9108,Female,Kolkata
509109,Passenger_9109,Male,Kolkata
509110,Passenger_9110,Male,Mumbai
509111,Passenger_9111,Female,Pune
509112,Passenger_9112,Male,Bengaluru
509113,Passenger_9113,Male,Delhi
509114,Passenger_9114,Female,Kolkata
509115,Passenger_9115,Male,Pune
509116,Passenger_9116,Female,Pune
509117,Passenger_9117,Female,Kolkata
509118,Passenger_9118,Female,Chennai
509119,Passenger_9119,Female,Jaipur
509120,Passenger_9120,Female,Pune
509121,Passenger_9121,Female,Jaipur
509122,Passenger_9122,Male,Chennai
509123,Passenger_9123,Male,Jaipur
509124,Passenger_9124,Male,Kolkata
509125,Passenger_9125,Female,Jaipur
509126,Passenger_9126,Male,Pune
509127,Passenger_9127,Female,Kolkata
509128,Passenger_9128,Female,Mumbai
509129,Passenger_9129,Male,Delhi
509130,Passenger_9130,Female,Delhi
509131,Passenger_9131,Male,Pune
509132,Passenger_9132,Female,Delhi
509133,Passenger_9133,Male,Jaipur
509134,Passenger_9134,Male,Hyderabad
509135,Passenger_9135,Male,Pune
509136,Passenger_9136,Female,Kolkata
509137,Passenger_9137,Male,Chennai
509138,Passenger_9138,Female,Mumbai
509139,Passenger_9139,Female,Kolkata
509140,Passenger_9140,Male,Kolkata
509141,Passenger_9141,Female,Hyderabad
509142,Passenger_9142,Male,Kolkata
509143,Passenger_9143,Male,Hyderabad
509144,Passenger_9144,Female,Delhi
509145,Passenger_9145,Male,Pune
509146,Passenger_9146,Male,Pune
509147,Passenger_9147,Female,Kolkata
509148,Passenger_9148,Male,Pune
509149,Passenger_9149,Male,Jaipur
509150,Passenger_9150,Female,Hyderabad
509151,Passenger_9151,Female,Chennai
509152,Passenger_9152,Male,Hyderabad
509153,Passenger_9153,Female,Jaipur
509154,Passenger_9154,Female,Bengaluru
509155,Passenger_9155,Male,Pune
509156,Passenger_9156,Female,Delhi
509157,Passenger_9157,Female,Mumbai
509158,Passenger_9158,Female,Mumbai
509159,Passenger_9159,Male,Jaipur
509160,Passenger_9160,Female,Delhi
509161,Passenger_9161,Male,Chennai
509162,Passenger_9162,Female,Delhi
509163,Passenger_9163,Male,Bengaluru
509164,Passenger_9164,Female,Bengaluru
509165,Passenger_9165,Female,Jaipur
509166,Passenger_9166,Male,Jaipur
509167,Passenger_9167,Male,Kolkata
509168,Passenger_9168,Male,Hyderabad
509169,Passenger_9169,Male,Bengaluru
509170,Passenger_9170,Female,Delhi
509171,Passenger_9171,Male,Chennai
509172,Passenger_9172,Male,Hyderabad
509173,Passenger_9173,Female,Delhi
509174,Passenger_9174,Male,Jaipur
509175,Passenger_9175,Male,Kolkata
509176,Passenger_9176,Female,Hyderabad
509177,Passenger_9177,Female,Pune
509178,Passenger_9178,Female,Delhi
509179,Passenger_9179,Male,Chennai
509180,Passenger_9180,Male,Hyderabad
509181,Passenger_9181,Male,Delhi
509182,Passenger_9182,Female,Bengaluru
509183,Passenger_9183,Male,Bengaluru
509184,Passenger_9184,Male,Mumbai
509185,Passenger_9185,Male,Hyderabad
509186,Passenger_9186,Female,Delhi
509187,Passenger_9187,Male,Hyderabad
509188,Passenger_9188,Male,Kolkata
509189,Passenger_9189,Female,Jaipur
509190,Passenger_9190,Female,Pune
509191,Passenger_9191,Male,Delhi
509192,Passenger_9192,Male,Delhi
509193,Passenger_9193,Female,Kolkata
509194,Passenger_9194,Male,Kolkata
509195,Passenger_9195,Female,Chennai
509196,Passenger_9196,Male,Pune
509197,Passenger_9197,Male,Bengaluru
509198,Passenger_9198,Female,Kolkata
509199,Passenger_9199,Female,Kolkata
509200,Passenger_9200,Female,Hyderabad
509201,Passenger_9201,Female,Jaipur
509202,Passenger_9202,Female,Bengaluru
509203,Passenger_9203,Male,Chennai
509204,Passenger_9204,Male,Pune
509205,Passenger_9205,Female,Kolkata
509206,Passenger_9206,Female,Jaipur
509207,Passenger_9207,Male,Jaipur
509208,Passenger_9208,Female,Bengaluru
509209,Passenger_9209,Female,Delhi
509210,Passenger_9210,Female,Kolkata
509211,Passenger_9211,Female,Kolkata
509212,Passenger_9212,Male,Chennai
509213,Passenger_9213,Male,Chennai
509214,Passenger_9214,Female,Mumbai
509215,Passenger_9215,Male,Chennai
509216,Passenger_9216,Female,Bengaluru
509217,Passenger_9217,Male,Pune
509218,Passenger_9218,Female,Kolkata
509219,Passenger_9219,Female,Hyderabad
509220,Passenger_9220,Male,Bengaluru
509221,Passenger_9221,Female,Kolkata
509222,Passenger_9222,Female,Chennai
509223,Passenger_9223,Female,Chennai
509224,Passenger_9224,Female,Pune
509225,Passenger_9225,Female,Pune
509226,Passenger_9226,Male,Kolkata
509227,Passenger_9227,Female,Pune
509228,Passenger_9228,Male,Bengaluru
509229,Passenger_9229,Female,Bengaluru
509230,Passenger_9230,Female,Delhi
509231,Passenger_9231,Male,Jaipur
509232,Passenger_9232,Male,Mumbai
509233,Passenger_9233,Male,Hyderabad
509234,Passenger_9234,Male,Hyderabad
509235,Passenger_9235,Male,Jaipur
509236,Passenger_9236,Female,Jaipur
509237,Passenger_9237,Male,Delhi
509238,Passenger_9238,Male,Mumbai
509239,Passenger_9239,Male,Hyderabad
509240,Passenger_9240,Male,Mumbai
509241,Passenger_9241,Female,Jaipur
509242,Passenger_9242,Male,Jaipur
509243,Passenger_9243,Female,Jaipur
509244,Passenger_9244,Female,Jaipur
509245,Passenger_9245,Female,Bengaluru
509246,Passenger_9246,Female,Jaipur
509247,Passenger_9247,Male,Hyderabad
509248,Passenger_9248,Female,Kolkata
509249,Passenger_9249,Female,Delhi
509250,Passenger_9250,Female,Bengaluru
509251,Passenger_9251,Female,Delhi
509252,Passenger_9252,Female,Delhi
509253,Passenger_9253,Female,Mumbai
509254,Passenger_9254,Male,Chennai
509255,Passenger_9255,Female,Mumbai
509256,Passenger_9256,Male,Hyderabad
509257,Passenger_9257,Female,Hyderabad
509258,Passenger_9258,Female,Kolkata
509259,Passenger_9259,Male,Hyderabad
509260,Passenger_9260,Female,Pune
509261,Passenger_9261,Male,Bengaluru
509262,Passenger_9262,Female,Jaipur
509263,Passenger_9263,Male,Kolkata
509264,Passenger_9264,Male,Kolkata
509265,Passenger_9265,Female,Chennai
509266,Passenger_9266,Male,Mumbai
509267,Passenger_9267,Female,Hyderabad
509268,Passenger_9268,Male,Kolkata
509269,Passenger_9269,Male,Delhi
509270,Passenger_9270,Male,Pune
509271,Passenger_9271,Male,Mumbai
509272,Passenger_9272,Male,Jaipur
509273,Passenger_9273,Male,Chennai
509274,Passenger_9274,Male,Chennai
509275,Passenger_9275,Female,Kolkata
509276,Passenger_9276,Male,Kolkata
509277,Passenger_9277,Male,Jaipur
509278,Passenger_9278,Female,Mumbai
509279,Passenger_9279,Female,Hyderabad
509280,Passenger_9280,Female,Hyderabad
509281,Passenger_9281,Female,Bengaluru
509282,Passenger_9282,Male,Bengaluru
509283,Passenger_9283,Male,Mumbai
509284,Passenger_9284,Female,Pune
509285,Passenger_9285,Male,Bengaluru
509286,Passenger_9286,Male,Delhi
509287,Passenger_9287,Female,Kolkata
509288,Passenger_9288,Female,Jaipur
509289,Passenger_9289,Female,Jaipur
509290,Passenger_9290,Female,Delhi
509291,Passenger_9291,Female,Chennai
509292,Passenger_9292,Male,Jaipur
509293,Passenger_9293,Male,Chennai
509294,Passenger_9294,Male,Kolkata
509295,Passenger_9295,Male,Mumbai
509296,Passenger_9296,Female,Pune
509297,Passenger_9297,Female,Bengaluru
509298,Passenger_9298,Male,Bengaluru
509299,Passenger_9299,Female,Bengaluru
509300,Passenger_9300,Female,Chennai
509301,Passenger_9301,Female,Bengaluru
509302,Passenger_9302,Female,Kolkata
509303,Passenger_9303,Female,Hyderabad
509304,Passenger_9304,Male,Pune
509305,Passenger_9305,Female,Hyderabad
509306,Passenger_9306,Female,Kolkata
509307,Passenger_9307,Male,Pune
509308,Passenger_9308,Female,Jaipur
509309,Passenger_9309,Female,Delhi
509310,Passenger_9310,Male,Jaipur
509311,Passenger_9311,Male,Delhi
509312,Passenger_9312,Female,Chennai
509313,Passenger_9313,Male,Pune
509314,Passenger_9314,Female,Pune
509315,Passenger_9315,Male,Mumbai
509316,Passenger_9316,Male,Delhi
509317,Passenger_9317,Male,Delhi
509318,Passenger_9318,Female,Jaipur
509319,Passenger_9319,Female,Hyderabad
509320,Passenger_9320,Female,Delhi
509321,Passenger_9321,Female,Chennai
509322,Passenger_9322,Male,Chennai
509323,Passenger_9323,Female,Mumbai
509324,Passenger_9324,Female,Jaipur
509325,Passenger_9325,Female,Jaipur
509326,Passenger_9326,Male,Pune
509327,Passenger_9327,Female,Chennai
509328,Passenger_9328,Female,Hyderabad
509329,Passenger_9329,Male,Mumbai
509330,Passenger_9330,Female,Jaipur
509331,Passenger_9331,Male,Jaipur
509332,Passenger_9332,Female,Mumbai
509333,Passenger_9333,Female,Chennai
509334,Passenger_9334,Female,Mumbai
509335,Passenger_9335,Female,Chennai
509336,Passenger_9336,Male,Delhi
509337,Passenger_9337,Male,Delhi
509338,Passenger_9338,Female,Jaipur
509339,Passenger_9339,Male,Jaipur
509340,Passenger_9340,Female,Chennai
509341,Passenger_9341,Male,Pune
509342,Passenger_9342,Female,Hyderabad
509343,Passenger_9343,Male,Hyderabad
509344,Passenger_9344,Female,Kolkata
509345,Passenger_9345,Male,Jaipur
509346,Passenger_9346,Male,Hyderabad
509347,Passenger_9347,Female,Mumbai
509348,Passenger_9348,Female,Kolkata
509349,Passenger_9349,Female,Chennai
509350,Passenger_9350,Female,Chennai
509351,Passenger_9351,Female,Mumbai
509352,Passenger_9352,Male,Bengaluru
509353,Passenger_9353,Female,Bengaluru
509354,Passenger_9354,Male,Bengaluru
509355,Passenger_9355,Male,Hyderabad
509356,Passenger_9356,Female,Mumbai
509357,Passenger_9357,Female,Kolkata
509358,Passenger_9358,Female,Bengaluru
509359,Passenger_9359,Female,Kolkata
509360,Passenger_9360,Female,Hyderabad
509361,Passenger_9361,Male,Mumbai
509362,Passenger_9362,Male,Hyderabad
509363,Passenger_9363,Male,Chennai
509364,Passenger_9364,Female,Chennai
509365,Passenger_9365,Female,Bengaluru
509366,Passenger_9366,Male,Chennai
509367,Passenger_9367,Female,Mumbai
509368,Passenger_9368,Female,Chennai
509369,Passenger_9369,Female,Kolkata
509370,Passenger_9370,Female,Bengaluru
509371,Passenger_9371,Female,Hyderabad
509372,Passenger_9372,Male,Mumbai
509373,Passenger_9373,Male,Jaipur
509374,Passenger_9374,Female,Pune
509375,Passenger_9375,Female,Pune
509376,Passenger_9376,Male,Delhi
509377,Passenger_9377,Male,Chennai
509378,Passenger_9378,Female,Delhi
509379,Passenger_9379,Female,Bengaluru
509380,Passenger_9380,Male,Pune
509381,Passenger_9381,Male,Chennai
509382,Passenger_9382,Female,Mumbai
509383,Passenger_9383,Female,Pune
509384,Passenger_9384,Male,Kolkata
509385,Passenger_9385,Female,Kolkata
509386,Passenger_9386,Male,Bengaluru
509387,Passenger_9387,Male,Kolkata
509388,Passenger_9388,Male,Hyderabad
509389,Passenger_9389,Female,Chennai
509390,Passenger_9390,Male,Mumbai
509391,Passenger_9391,Female,Bengaluru
509392,Passenger_9392,Male,Chennai
509393,Passenger_9393,Female,Hyderabad
509394,Passenger_9394,Male,Chennai
509395,Passenger_9395,Male,Jaipur
509396,Passenger_9396,Male,Pune
509397,Passenger_9397,Female,Mumbai
509398,Passenger_9398,Male,Chennai
509399,Passenger_9399,Female,Jaipur
509400,Passenger_9400,Female,Hyderabad
509401,Passenger_9401,Female,Mumbai
509402,Passenger_9402,Female,Kolkata
509403,Passenger_9403,Female,Pune
509404,Passenger_9404,Male,Pune
509405,Passenger_9405,Female,Mumbai
509406,Passenger_9406,Male,Hyderabad
509407,Passenger_9407,Female,Chennai
509408,Passenger_9408,Female,Jaipur
509409,Passenger_9409,Male,Kolkata
509410,Passenger_9410,Female,Delhi
509411,Passenger_9411,Female,Bengaluru
509412,Passenger_9412,Male,Chennai
509413,Passenger_9413,Female,Kolkata
509414,Passenger_9414,Female,Chennai
509415,Passenger_9415,Female,Bengaluru
509416,Passenger_9416,Male,Chennai
509417,Passenger_9417,Female,Bengaluru
509418,Passenger_9418,Female,Pune
509419,Passenger_9419,Male,Mumbai
509420,Passenger_9420,Male,Bengaluru
509421,Passenger_9421,Male,Bengaluru
509422,Passenger_9422,Female,Chennai
509423,Passenger_9423,Female,Hyderabad
509424,Passenger_9424,Male,Chennai
509425,Passenger_9425,Female,Jaipur
509426,Passenger_9426,Male,Bengaluru
509427,Passenger_9427,Female,Mumbai
509428,Passenger_9428,Male,Mumbai
509429,Passenger_9429,Female,Mumbai
509430,Passenger_9430,Female,Bengaluru
509431,Passenger_9431,Female,Pune
509432,Passenger_9432,Male,Bengaluru
509433,Passenger_9433,Male,Chennai
509434,Passenger_9434,Female,Kolkata
509435,Passenger_9435,Male,Hyderabad
509436,Passenger_9436,Female,Bengaluru
509437,Passenger_9437,Male,Delhi
509438,Passenger_9438,Male,Mumbai
509439,Passenger_9439,Female,Pune
509440,Passenger_9440,Female,Jaipur
509441,Passenger_9441,Male,Chennai
509442,Passenger_9442,Male,Pune
509443,Passenger_9443,Female,Chennai
509444,Passenger_9444,Female,Chennai
509445,Passenger_9445,Male,Bengaluru
509446,Passenger_9446,Female,Mumbai
509447,Passenger_9447,Female,Mumbai
509448,Passenger_9448,Male,Delhi
509449,Passenger_9449,Male,Pune
509450,Passenger_9450,Female,Kolkata
509451,Passenger_9451,Male,Pune
509452,Passenger_9452,Male,Hyderabad
509453,Passenger_9453,Female,Kolkata
509454,Passenger_9454,Male,Jaipur
509455,Passenger_9455,Female,Bengaluru
509456,Passenger_9456,Female,Bengaluru
509457,Passenger_9457,Male,Bengaluru
509458,Passenger_9458,Female,Pune
509459,Passenger_9459,Male,Jaipur
509460,Passenger_9460,Male,Pune
509461,Passenger_9461,Female,Hyderabad
509462,Passenger_9462,Male,Kolkata
509463,Passenger_9463,Male,Delhi
509464,Passenger_9464,Female,Hyderabad
509465,Passenger_9465,Female,Chennai
509466,Passenger_9466,Female,Bengaluru
509467,Passenger_9467,Female,Kolkata
509468,Passenger_9468,Male,Jaipur
509469,Passenger_9469,Female,Chennai
509470,Passenger_9470,Male,Jaipur
509471,Passenger_9471,Female,Bengaluru
509472,Passenger_9472,Female,Delhi
509473,Passenger_9473,Female,Jaipur
509474,Passenger_9474,Male,Jaipur
509475,Passenger_9475,Male,Chennai
509476,Passenger_9476,Female,Hyderabad
509477,Passenger_9477,Female,Chennai
509478,Passenger_9478,Male,Mumbai
509479,Passenger_9479,Male,Pune
509480,Passenger_9480,Male,Mumbai
509481,Passenger_9481,Male,Chennai
509482,Passenger_9482,Male,Jaipur
509483,Passenger_9483,Male,Mumbai
509484,Passenger_9484,Male,Kolkata
509485,Passenger_9485,Male,Kolkata
509486,Passenger_9486,Female,Chennai
509487,Passenger_9487,Female,Delhi
509488,Passenger_9488,Male,Jaipur
509489,Passenger_9489,Male,Kolkata
509490,Passenger_9490,Male,Bengaluru
509491,Passenger_9491,Male,Chennai
509492,Passenger_9492,Male,Kolkata
509493,Passenger_9493,Male,Hyderabad
509494,Passenger_9494,Male,Hyderabad
509495,Passenger_9495,Female,Hyderabad
509496,Passenger_9496,Female,Delhi
509497,Passenger_9497,Male,Pune
509498,Passenger_9498,Female,Hyderabad
509499,Passenger_9499,Male,Mumbai
509500,Passenger_9500,Male,Pune
509501,Passenger_9501,Female,Delhi
509502,Passenger_9502,Female,Pune
509503,Passenger_9503,Male,Hyderabad
509504,Passenger_9504,Female,Kolkata
509505,Passenger_9505,Male,Jaipur
509506,Passenger_9506,Female,Chennai
509507,Passenger_9507,Male,Chennai
509508,Passenger_9508,Male,Hyderabad
509509,Passenger_9509,Female,Jaipur
509510,Passenger_9510,Male,Jaipur
509511,Passenger_9511,Male,Kolkata
509512,Passenger_9512,Male,Chennai
509513,Passenger_9513,Male,Chennai
509514,Passenger_9514,Male,Hyderabad
509515,Passenger_9515,Female,Mumbai
509516,Passenger_9516,Male,Mumbai
509517,Passenger_9517,Male,Kolkata
509518,Passenger_9518,Female,Delhi
509519,Passenger_9519,Male,Mumbai
509520,Passenger_9520,Female,Mumbai
509521,Passenger_9521,Female,Chennai
509522,Passenger_9522,Female,Bengaluru
509523,Passenger_9523,Male,Hyderabad
509524,Passenger_9524,Female,Hyderabad
509525,Passenger_9525,Female,Delhi
509526,Passenger_9526,Male,Kolkata
509527,Passenger_9527,Male,Jaipur
509528,Passenger_9528,Male,Mumbai
509529,Passenger_9529,Male,Jaipur
509530,Passenger_9530,Male,Chennai
509531,Passenger_9531,Male,Delhi
509532,Passenger_9532,Female,Jaipur
509533,Passenger_9533,Male,Bengaluru
509534,Passenger_9534,Male,Mumbai
509535,Passenger_9535,Female,Jaipur
509536,Passenger_9536,Female,Hyderabad
509537,Passenger_9537,Male,Jaipur
509538,Passenger_9538,Male,Chennai
509539,Passenger_9539,Male,Pune
509540,Passenger_9540,Male,Jaipur
509541,Passenger_9541,Female,Chennai
509542,Passenger_9542,Male,Jaipur
509543,Passenger_9543,Male,Bengaluru
509544,Passenger_9544,Female,Hyderabad
509545,Passenger_9545,Female,Kolkata
509546,Passenger_9546,Male,Kolkata
509547,Passenger_9547,Male,Delhi
509548,Passenger_9548,Male,Chennai
509549,Passenger_9549,Female,Hyderabad
509550,Passenger_9550,Female,Chennai
509551,Passenger_9551,Female,Kolkata
509552,Passenger_9552,Female,Jaipur
509553,Passenger_9553,Female,Jaipur
509554,Passenger_9554,Female,Pune
509555,Passenger_9555,Female,Bengaluru
509556,Passenger_9556,Male,Bengaluru
509557,Passenger_9557,Female,Pune
509558,Passenger_9558,Female,Pune
509559,Passenger_9559,Female,Mumbai
509560,Passenger_9560,Female,Jaipur
509561,Passenger_9561,Male,Delhi
509562,Passenger_9562,Male,Pune
509563,Passenger_9563,Male,Bengaluru
509564,Passenger_9564,Male,Delhi
509565,Passenger_9565,Male,Kolkata
509566,Passenger_9566,Male,Mumbai
509567,Passenger_9567,Male,Mumbai
509568,Passenger_9568,Female,Hyderabad
509569,Passenger_9569,Male,Jaipur
509570,Passenger_9570,Female,Kolkata
509571,Passenger_9571,Female,Delhi
509572,Passenger_9572,Male,Kolkata
509573,Passenger_9573,Male,Mumbai
509574,Passenger_9574,Male,Mumbai
509575,Passenger_9575,Female,Bengaluru
509576,Passenger_9576,Male,Delhi
509577,Passenger_9577,Female,Hyderabad
509578,Passenger_9578,Male,Kolkata
509579,Passenger_9579,Male,Jaipur
509580,Passenger_9580,Male,Jaipur
509581,Passenger_9581,Female,Chennai
509582,Passenger_9582,Male,Bengaluru
509583,Passenger_9583,Female,Delhi
509584,Passenger_9584,Female,Hyderabad
509585,Passenger_9585,Male,Bengaluru
509586,Passenger_9586,Female,Mumbai
509587,Passenger_9587,Female,Delhi
509588,Passenger_9588,Female,Jaipur
509589,Passenger_9589,Male,Delhi
509590,Passenger_9590,Male,Pune
509591,Passenger_9591,Female,Hyderabad
509592,Passenger_9592,Male,Pune
509593,Passenger_9593,Female,Kolkata
509594,Passenger_9594,Female,Bengaluru
509595,Passenger_9595,Male,Bengaluru
509596,Passenger_9596,Male,Delhi
509597,Passenger_9597,Male,Pune
509598,Passenger_9598,Male,Mumbai
509599,Passenger_9599,Female,Delhi
509600,Passenger_9600,Female,Chennai
509601,Passenger_9601,Female,Jaipur
509602,Passenger_9602,Female,Jaipur
509603,Passenger_9603,Female,Jaipur
509604,Passenger_9604,Male,Bengaluru
509605,Passenger_9605,Male,Jaipur
509606,Passenger_9606,Female,Jaipur
509607,Passenger_9607,Male,Pune
509608,Passenger_9608,Female,Hyderabad
509609,Passenger_9609,Female,Delhi
509610,Passenger_9610,Male,Jaipur
509611,Passenger_9611,Female,Bengaluru
509612,Passenger_9612,Male,Jaipur
509613,Passenger_9613,Male,Hyderabad
509614,Passenger_9614,Male,Bengaluru
509615,Passenger_9615,Female,Jaipur
509616,Passenger_9616,Male,Delhi
509617,Passenger_9617,Male,Chennai
509618,Passenger_9618,Male,Hyderabad
509619,Passenger_9619,Male,Mumbai
509620,Passenger_9620,Male,Jaipur
509621,Passenger_9621,Female,Hyderabad
509622,Passenger_9622,Female,Delhi
509623,Passenger_9623,Female,Delhi
509624,Passenger_9624,Female,Mumbai
509625,Passenger_9625,Female,Hyderabad
509626,Passenger_9626,Male,Mumbai
509627,Passenger_9627,Male,Hyderabad
509628,Passenger_9628,Female,Hyderabad
509629,Passenger_9629,Male,Jaipur
509630,Passenger_9630,Female,Chennai
509631,Passenger_9631,Female,Pune
509632,Passenger_9632,Female,Pune
509633,Passenger_9633,Female,Mumbai
509634,Passenger_9634,Female,Mumbai
509635,Passenger_9635,Male,Delhi
509636,Passenger_9636,Male,Pune
509637,Passenger_9637,Male,Mumbai
509638,Passenger_9638,Female,Mumbai
509639,Passenger_9639,Male,Hyderabad
509640,Passenger_9640,Female,Kolkata
509641,Passenger_9641,Female,Mumbai
509642,Passenger_9642,Male,Chennai
509643,Passenger_9643,Male,Jaipur
509644,Passenger_9644,Male,Chennai
509645,Passenger_9645,Female,Pune
509646,Passenger_9646,Female,Bengaluru
509647,Passenger_9647,Male,Mumbai
509648,Passenger_9648,Male,Chennai
509649,Passenger_9649,Male,Bengaluru
509650,Passenger_9650,Male,Kolkata
509651,Passenger_9651,Male,Kolkata
509652,Passenger_9652,Male,Chennai
509653,Passenger_9653,Male,Kolkata
509654,Passenger_9654,Female,Delhi
509655,Passenger_9655,Male,Delhi
509656,Passenger_9656,Male,Hyderabad
509657,Passenger_9657,Female,Hyderabad
509658,Passenger_9658,Female,Hyderabad
509659,Passenger_9659,Female,Hyderabad
509660,Passenger_9660,Female,Chennai
509661,Passenger_9661,Female,Mumbai
509662,Passenger_9662,Female,Hyderabad
509663,Passenger_9663,Male,Bengaluru
509664,Passenger_9664,Male,Chennai
509665,Passenger_9665,Female,Jaipur
509666,Passenger_9666,Male,Bengaluru
509667,Passenger_9667,Male,Hyderabad
509668,Passenger_9668,Female,Delhi
509669,Passenger_9669,Female,Bengaluru
509670,Passenger_9670,Female,Pune
509671,Passenger_9671,Male,Bengaluru
509672,Passenger_9672,Male,Chennai
509673,Passenger_9673,Male,Chennai
509674,Passenger_9674,Male,Hyderabad
509675,Passenger_9675,Male,Bengaluru
509676,Passenger_9676,Female,Chennai
509677,Passenger_9677,Female,Pune
509678,Passenger_9678,Female,Mumbai
509679,Passenger_9679,Female,Kolkata
509680,Passenger_9680,Female,Hyderabad
509681,Passenger_9681,Female,Mumbai
509682,Passenger_9682,Male,Mumbai
509683,Passenger_9683,Male,Jaipur
509684,Passenger_9684,Male,Delhi
509685,Passenger_9685,Male,Delhi
509686,Passenger_9686,Female,Kolkata
509687,Passenger_9687,Female,Bengaluru
509688,Passenger_9688,Male,Chennai
509689,Passenger_9689,Female,Kolkata
509690,Passenger_9690,Male,Mumbai
509691,Passenger_9691,Male,Bengaluru
509692,Passenger_9692,Female,Bengaluru
509693,Passenger_9693,Female,Mumbai
509694,Passenger_9694,Female,Bengaluru
509695,Passenger_9695,Female,Bengaluru
509696,Passenger_9696,Male,Bengaluru
509697,Passenger_9697,Female,Hyderabad
509698,Passenger_9698,Female,Chennai
509699,Passenger_9699,Male,Kolkata
509700,Passenger_9700,Female,Delhi
509701,Passenger_9701,Male,Delhi
509702,Passenger_9702,Female,Pune
509703,Passenger_9703,Male,Bengaluru
509704,Passenger_9704,Female,Bengaluru
509705,Passenger_9705,Male,Hyderabad
509706,Passenger_9706,Female,Chennai
509707,Passenger_9707,Female,Mumbai
509708,Passenger_9708,Male,Mumbai
509709,Passenger_9709,Female,Pune
509710,Passenger_9710,Male,Hyderabad
509711,Passenger_9711,Male,Pune
509712,Passenger_9712,Male,Hyderabad
509713,Passenger_9713,Female,Hyderabad
509714,Passenger_9714,Male,Pune
509715,Passenger_9715,Female,Bengaluru
509716,Passenger_9716,Male,Mumbai
509717,Passenger_9717,Male,Hyderabad
509718,Passenger_9718,Male,Hyderabad
509719,Passenger_9719,Male,Pune
509720,Passenger_9720,Female,Jaipur
509721,Passenger_9721,Female,Bengaluru
509722,Passenger_9722,Female,Mumbai
509723,Passenger_9723,Male,Pune
509724,Passenger_9724,Male,Kolkata
509725,Passenger_9725,Female,Pune
509726,Passenger_9726,Female,Jaipur
509727,Passenger_9727,Male,Delhi
509728,Passenger_9728,Female,Bengaluru
509729,Passenger_9729,Female,Hyderabad
509730,Passenger_9730,Female,Delhi
509731,Passenger_9731,Female,Bengaluru
509732,Passenger_9732,Male,Jaipur
509733,Passenger_9733,Male,Mumbai
509734,Passenger_9734,Female,Hyderabad
509735,Passenger_9735,Female,Jaipur
509736,Passenger_9736,Male,Chennai
509737,Passenger_9737,Female,Bengaluru
509738,Passenger_9738,Female,Kolkata
509739,Passenger_9739,Male,Kolkata
509740,Passenger_9740,Male,Mumbai
509741,Passenger_9741,Female,Hyderabad
509742,Passenger_9742,Male,Mumbai
509743,Passenger_9743,Female,Delhi
509744,Passenger_9744,Male,Delhi
509745,Passenger_9745,Male,Kolkata
509746,Passenger_9746,Female,Delhi
509747,Passenger_9747,Male,Kolkata
509748,Passenger_9748,Female,Jaipur
509749,Passenger_9749,Male,Chennai
509750,Passenger_9750,Male,Pune
509751,Passenger_9751,Male,Delhi
509752,Passenger_9752,Male,Bengaluru
509753,Passenger_9753,Female,Mumbai
509754,Passenger_9754,Female,Jaipur
509755,Passenger_9755,Female,Mumbai
509756,Passenger_9756,Male,Kolkata
509757,Passenger_9757,Female,Hyderabad
509758,Passenger_9758,Male,Jaipur
509759,Passenger_9759,Female,Jaipur
509760,Passenger_9760,Female,Bengaluru
509761,Passenger_9761,Female,Delhi
509762,Passenger_9762,Female,Kolkata
509763,Passenger_9763,Male,Hyderabad
509764,Passenger_9764,Female,Jaipur
509765,Passenger_9765,Female,Chennai
509766,Passenger_9766,Male,Pune
509767,Passenger_9767,Female,Pune
509768,Passenger_9768,Female,Bengaluru
509769,Passenger_9769,Female,Pune
509770,Passenger_9770,Female,Pune
509771,Passenger_9771,Male,Hyderabad
509772,Passenger_9772,Female,Mumbai
509773,Passenger_9773,Female,Pune
509774,Passenger_9774,Female,Hyderabad
509775,Passenger_9775,Male,Delhi
509776,Passenger_9776,Male,Hyderabad
509777,Passenger_9777,Male,Jaipur
509778,Passenger_9778,Female,Delhi
509779,Passenger_9779,Male,Delhi
509780,Passenger_9780,Female,Delhi
509781,Passenger_9781,Female,Bengaluru
509782,Passenger_9782,Male,Jaipur
509783,Passenger_9783,Male,Kolkata
509784,Passenger_9784,Female,Hyderabad
509785,Passenger_9785,Male,Hyderabad
509786,Passenger_9786,Male,Bengaluru
509787,Passenger_9787,Male,Chennai
509788,Passenger_9788,Female,Pune
509789,Passenger_9789,Female,Chennai
509790,Passenger_9790,Male,Delhi
509791,Passenger_9791,Male,Pune
509792,Passenger_9792,Female,Pune
509793,Passenger_9793,Female,Jaipur
509794,Passenger_9794,Male,Bengaluru
509795,Passenger_9795,Female,Kolkata
509796,Passenger_9796,Male,Chennai
509797,Passenger_9797,Male,Kolkata
509798,Passenger_9798,Female,Bengaluru
509799,Passenger_9799,Male,Pune
509800,Passenger_9800,Male,Mumbai
509801,Passenger_9801,Male,Mumbai
509802,Passenger_9802,Male,Pune
509803,Passenger_9803,Female,Chennai
509804,Passenger_9804,Male,Jaipur
509805,Passenger_9805,Female,Hyderabad
509806,Passenger_9806,Female,Mumbai
509807,Passenger_9807,Male,Delhi
509808,Passenger_9808,Male,Delhi
509809,Passenger_9809,Male,Chennai
509810,Passenger_9810,Male,Pune
509811,Passenger_9811,Female,Bengaluru
509812,Passenger_9812,Male,Mumbai
509813,Passenger_9813,Male,Kolkata
509814,Passenger_9814,Female,Hyderabad
509815,Passenger_9815,Female,Mumbai
509816,Passenger_9816,Male,Mumbai
509817,Passenger_9817,Male,Delhi
509818,Passenger_9818,Male,Bengaluru
509819,Passenger_9819,Female,Bengaluru
509820,Passenger_9820,Male,Bengaluru
509821,Passenger_9821,Male,Mumbai
509822,Passenger_9822,Female,Delhi
509823,Passenger_9823,Female,Chennai
509824,Passenger_9824,Female,Hyderabad
509825,Passenger_9825,Female,Chennai
509826,Passenger_9826,Female,Kolkata
509827,Passenger_9827,Male,Chennai
509828,Passenger_9828,Female,Hyderabad
509829,Passenger_9829,Male,Pune
509830,Passenger_9830,Female,Chennai
509831,Passenger_9831,Female,Bengaluru
509832,Passenger_9832,Female,Delhi
509833,Passenger_9833,Female,Pune
509834,Passenger_9834,Male,Kolkata
509835,Passenger_9835,Male,Delhi
509836,Passenger_9836,Female,Chennai
509837,Passenger_9837,Male,Hyderabad
509838,Passenger_9838,Male,Kolkata
509839,Passenger_9839,Male,Kolkata
509840,Passenger_9840,Male,Jaipur
509841,Passenger_9841,Male,Bengaluru
509842,Passenger_9842,Male,Chennai
509843,Passenger_9843,Female,Bengaluru
509844,Passenger_9844,Male,Hyderabad
509845,Passenger_9845,Male,Chennai
509846,Passenger_9846,Female,Delhi
509847,Passenger_9847,Female,Jaipur
509848,Passenger_9848,Female,Chennai
509849,Passenger_9849,Male,Bengaluru
509850,Passenger_9850,Female,Jaipur
509851,Passenger_9851,Male,Hyderabad
509852,Passenger_9852,Female,Bengaluru
509853,Passenger_9853,Female,Delhi
509854,Passenger_9854,Female,Kolkata
509855,Passenger_9855,Male,Kolkata
509856,Passenger_9856,Male,Pune
509857,Passenger_9857,Male,Pune
509858,Passenger_9858,Female,Chennai
509859,Passenger_9859,Female,Chennai
509860,Passenger_9860,Male,Jaipur
509861,Passenger_9861,Male,Hyderabad
509862,Passenger_9862,Male,Chennai
509863,Passenger_9863,Female,Delhi
509864,Passenger_9864,Female,Mumbai
509865,Passenger_9865,Female,Bengaluru
509866,Passenger_9866,Male,Pune
509867,Passenger_9867,Male,Bengaluru
509868,Passenger_9868,Male,Bengaluru
509869,Passenger_9869,Female,Kolkata
509870,Passenger_9870,Male,Kolkata
509871,Passenger_9871,Female,Kolkata
509872,Passenger_9872,Male,Kolkata
509873,Passenger_9873,Male,Delhi
509874,Passenger_9874,Female,Kolkata
509875,Passenger_9875,Female,Jaipur
509876,Passenger_9876,Female,Delhi
509877,Passenger_9877,Female,Pune
509878,Passenger_9878,Female,Delhi
509879,Passenger_9879,Female,Hyderabad
509880,Passenger_9880,Male,Kolkata
509881,Passenger_9881,Male,Kolkata
509882,Passenger_9882,Female,Mumbai
509883,Passenger_9883,Male,Jaipur
509884,Passenger_9884,Female,Delhi
509885,Passenger_9885,Female,Kolkata
509886,Passenger_9886,Male,Bengaluru
509887,Passenger_9887,Female,Bengaluru
509888,Passenger_9888,Female,Chennai
509889,Passenger_9889,Female,Delhi
509890,Passenger_9890,Female,Delhi
509891,Passenger_9891,Male,Pune
509892,Passenger_9892,Female,Bengaluru
509893,Passenger_9893,Male,Hyderabad
509894,Passenger_9894,Female,Jaipur
509895,Passenger_9895,Male,Hyderabad
509896,Passenger_9896,Male,Hyderabad
509897,Passenger_9897,Female,Pune
509898,Passenger_9898,Female,Kolkata
509899,Passenger_9899,Female,Bengaluru
509900,Passenger_9900,Male,Bengaluru
509901,Passenger_9901,Female,Jaipur
509902,Passenger_9902,Female,Delhi
509903,Passenger_9903,Male,Chennai
509904,Passenger_9904,Male,Pune
509905,Passenger_9905,Female,Pune
509906,Passenger_9906,Male,Chennai
509907,Passenger_9907,Female,Kolkata
509908,Passenger_9908,Male,Pune
509909,Passenger_9909,Male,Hyderabad
509910,Passenger_9910,Male,Jaipur
509911,Passenger_9911,Male,Pune
509912,Passenger_9912,Male,Delhi
509913,Passenger_9913,Male,Chennai
509914,Passenger_9914,Male,Delhi
509915,Passenger_9915,Male,Mumbai
509916,Passenger_9916,Female,Mumbai
509917,Passenger_9917,Male,Bengaluru
509918,Passenger_9918,Male,Chennai
509919,Passenger_9919,Female,Pune
509920,Passenger_9920,Male,Chennai
509921,Passenger_9921,Female,Jaipur
509922,Passenger_9922,Female,Hyderabad
509923,Passenger_9923,Male,Chennai
509924,Passenger_9924,Male,Pune
509925,Passenger_9925,Male,Mumbai
509926,Passenger_9926,Female,Delhi
509927,Passenger_9927,Male,Delhi
509928,Passenger_9928,Female,Chennai
509929,Passenger_9929,Male,Bengaluru
509930,Passenger_9930,Male,Chennai
509931,Passenger_9931,Female,Kolkata
509932,Passenger_9932,Male,Pune
509933,Passenger_9933,Female,Hyderabad
509934,Passenger_9934,Female,Jaipur
509935,Passenger_9935,Female,Mumbai
509936,Passenger_9936,Male,Chennai
509937,Passenger_9937,Female,Hyderabad
509938,Passenger_9938,Male,Jaipur
509939,Passenger_9939,Male,Kolkata
509940,Passenger_9940,Female,Hyderabad
509941,Passenger_9941,Male,Kolkata
509942,Passenger_9942,Male,Bengaluru
509943,Passenger_9943,Female,Chennai
509944,Passenger_9944,Male,Pune
509945,Passenger_9945,Female,Chennai
509946,Passenger_9946,Female,Mumbai
509947,Passenger_9947,Male,Jaipur
509948,Passenger_9948,Female,Delhi
509949,Passenger_9949,Female,Kolkata
509950,Passenger_9950,Female,Jaipur
509951,Passenger_9951,Female,Jaipur
509952,Passenger_9952,Female,Mumbai
509953,Passenger_9953,Male,Delhi
509954,Passenger_9954,Female,Bengaluru
509955,Passenger_9955,Male,Mumbai
509956,Passenger_9956,Female,Bengaluru
509957,Passenger_9957,Male,Delhi
509958,Passenger_9958,Female,Pune
509959,Passenger_9959,Male,Kolkata
509960,Passenger_9960,Female,Delhi
509961,Passenger_9961,Female,Mumbai
509962,Passenger_9962,Female,Bengaluru
509963,Passenger_9963,Male,Delhi
509964,Passenger_9964,Male,Kolkata
509965,Passenger_9965,Male,Kolkata
509966,Passenger_9966,Female,Jaipur
509967,Passenger_9967,Female,Jaipur
509968,Passenger_9968,Male,Delhi
509969,Passenger_9969,Male,Pune
509970,Passenger_9970,Female,Bengaluru
509971,Passenger_9971,Female,Bengaluru
509972,Passenger_9972,Female,Hyderabad
509973,Passenger_9973,Male,Kolkata
509974,Passenger_9974,Female,Mumbai
509975,Passenger_9975,Male,Kolkata
509976,Passenger_9976,Male,Mumbai
509977,Passenger_9977,Male,Chennai
509978,Passenger_9978,Female,Kolkata
509979,Passenger_9979,Female,Mumbai
509980,Passenger_9980,Male,Delhi
509981,Passenger_9981,Female,Mumbai
509982,Passenger_9982,Female,Delhi
509983,Passenger_9983,Female,Chennai
509984,Passenger_9984,Female,Hyderabad
509985,Passenger_9985,Female,Jaipur
509986,Passenger_9986,Male,Kolkata
509987,Passenger_9987,Male,Jaipur
509988,Passenger_9988,Male,Mumbai
509989,Passenger_9989,Male,Jaipur
509990,Passenger_9990,Female,Kolkata
509991,Passenger_9991,Female,Jaipur
509992,Passenger_9992,Female,Delhi
509993,Passenger_9993,Female,Jaipur
509994,Passenger_9994,Female,Delhi
509995,Passenger_9995,Male,Jaipur
509996,Passenger_9996,Male,Jaipur
509997,Passenger_9997,Female,Jaipur
509998,Passenger_9998,Male,Kolkata
509999,Passenger_9999,Female,Pune
510000,Passenger_10000,Female,Mumbai
